2026-08-12T00:04:30+00:00 NOTICE Email "new_order" for order #81422 not sent: email type is disabled CONTEXT: {"email_type":"new_order","status":"disabled","recipient":"Admin_Madrasmilk","order":81422}
2026-08-12T00:04:30+00:00 NOTICE Email "customer_processing_order" for order #81422 not sent: email type is disabled CONTEXT: {"email_type":"customer_processing_order","status":"disabled","recipient":"vdprasad2010","order":81422}
2026-08-12T02:31:35+00:00 INFO Email "customer_new_account" for user #1612 sent CONTEXT: {"email_type":"customer_new_account","status":"sent","recipient":"Videla Kiran","user":1612}
2026-08-12T02:34:24+00:00 NOTICE Email "customer_note" for order #81430 not sent: email type is disabled CONTEXT: {"email_type":"customer_note","status":"disabled","recipient":"venkatramshravankumar","order":81430}
2026-08-12T02:34:43+00:00 NOTICE Email "new_order" for order #81429 not sent: email type is disabled CONTEXT: {"email_type":"new_order","status":"disabled","recipient":"Admin_Madrasmilk","order":81429}
2026-08-12T02:34:43+00:00 NOTICE Email "customer_processing_order" for order #81429 not sent: email type is disabled CONTEXT: {"email_type":"customer_processing_order","status":"disabled","recipient":"sangeetharanganath","order":81429}
2026-08-12T02:48:59+00:00 INFO Email "customer_new_account" for user #1613 sent CONTEXT: {"email_type":"customer_new_account","status":"sent","recipient":"Vidhya Sukumaran","user":1613}
2026-08-12T03:00:45+00:00 NOTICE Email "new_order" for order #81431 not sent: email type is disabled CONTEXT: {"email_type":"new_order","status":"disabled","recipient":"Admin_Madrasmilk","order":81431}
2026-08-12T03:00:45+00:00 NOTICE Email "customer_processing_order" for order #81431 not sent: email type is disabled CONTEXT: {"email_type":"customer_processing_order","status":"disabled","recipient":"vjhaver","order":81431}
2026-08-12T03:01:16+00:00 NOTICE Email "new_order" for order #81432 not sent: email type is disabled CONTEXT: {"email_type":"new_order","status":"disabled","recipient":"Admin_Madrasmilk","order":81432}
2026-08-12T03:01:16+00:00 NOTICE Email "customer_processing_order" for order #81432 not sent: email type is disabled CONTEXT: {"email_type":"customer_processing_order","status":"disabled","recipient":"Aritra Pan","order":81432}
2026-08-12T03:17:01+00:00 NOTICE Email "new_order" for order #81433 not sent: email type is disabled CONTEXT: {"email_type":"new_order","status":"disabled","recipient":"Admin_Madrasmilk","order":81433}
2026-08-12T03:17:01+00:00 NOTICE Email "customer_processing_order" for order #81433 not sent: email type is disabled CONTEXT: {"email_type":"customer_processing_order","status":"disabled","recipient":"tanya.ganesan04","order":81433}
2026-08-12T03:56:45+00:00 NOTICE Email "customer_note" for order #81434 not sent: email type is disabled CONTEXT: {"email_type":"customer_note","status":"disabled","recipient":"t_kart","order":81434}
2026-08-12T04:01:24+00:00 INFO Email "wps_wswp_wallet_credit" for user #668 sent CONTEXT: {"email_type":"wps_wswp_wallet_credit","status":"sent","recipient":"ramarama56","user":668}
2026-08-12T04:14:02+00:00 INFO Email "customer_reset_password" for user #661 sent CONTEXT: {"email_type":"customer_reset_password","status":"sent","recipient":"ks.adityan","user":661}
2026-08-12T04:19:07+00:00 NOTICE Email "new_order" for order #81436 not sent: email type is disabled CONTEXT: {"email_type":"new_order","status":"disabled","recipient":"Admin_Madrasmilk","order":81436}
2026-08-12T04:19:07+00:00 NOTICE Email "customer_processing_order" for order #81436 not sent: email type is disabled CONTEXT: {"email_type":"customer_processing_order","status":"disabled","recipient":"uthara_m","order":81436}
2026-08-12T04:22:04+00:00 NOTICE Email "new_order" for order #81437 not sent: email type is disabled CONTEXT: {"email_type":"new_order","status":"disabled","recipient":"Admin_Madrasmilk","order":81437}
2026-08-12T04:22:04+00:00 NOTICE Email "customer_processing_order" for order #81437 not sent: email type is disabled CONTEXT: {"email_type":"customer_processing_order","status":"disabled","recipient":"ks.adityan","order":81437}
2026-08-12T04:35:19+00:00 NOTICE Email "new_order" for order #81439 not sent: email type is disabled CONTEXT: {"email_type":"new_order","status":"disabled","recipient":"Admin_Madrasmilk","order":81439}
2026-08-12T04:35:19+00:00 NOTICE Email "customer_processing_order" for order #81439 not sent: email type is disabled CONTEXT: {"email_type":"customer_processing_order","status":"disabled","recipient":"tanya.ganesan04","order":81439}
2026-08-12T05:15:35+00:00 NOTICE Email "customer_note" for order #80226 not sent: email type is disabled CONTEXT: {"email_type":"customer_note","status":"disabled","recipient":"venkatramshravankumar","order":80226}
2026-08-12T05:15:56+00:00 NOTICE Email "customer_note" for order #81440 not sent: email type is disabled CONTEXT: {"email_type":"customer_note","status":"disabled","recipient":"nav_dita","order":81440}
2026-08-12T05:16:01+00:00 NOTICE Email "customer_note" for order #81440 not sent: email type is disabled CONTEXT: {"email_type":"customer_note","status":"disabled","recipient":"nav_dita","order":81440}
2026-08-12T05:20:57+00:00 NOTICE Email "customer_note" for order #81440 not sent: email type is disabled CONTEXT: {"email_type":"customer_note","status":"disabled","recipient":"nav_dita","order":81440}
2026-08-12T05:21:02+00:00 NOTICE Email "customer_note" for order #81440 not sent: email type is disabled CONTEXT: {"email_type":"customer_note","status":"disabled","recipient":"nav_dita","order":81440}
2026-08-12T05:38:11+00:00 NOTICE Email "customer_note" for order #58594 not sent: email type is disabled CONTEXT: {"email_type":"customer_note","status":"disabled","recipient":"anand183","order":58594}
2026-08-12T06:06:54+00:00 NOTICE Email "new_order" for order #81441 not sent: email type is disabled CONTEXT: {"email_type":"new_order","status":"disabled","recipient":"Admin_Madrasmilk","order":81441}
2026-08-12T06:06:54+00:00 NOTICE Email "customer_processing_order" for order #81441 not sent: email type is disabled CONTEXT: {"email_type":"customer_processing_order","status":"disabled","recipient":"sagar loka","order":81441}
2026-08-12T06:34:42+00:00 NOTICE Email "new_order" for order #81442 not sent: email type is disabled CONTEXT: {"email_type":"new_order","status":"disabled","recipient":"Admin_Madrasmilk","order":81442}
2026-08-12T06:34:42+00:00 NOTICE Email "customer_processing_order" for order #81442 not sent: email type is disabled CONTEXT: {"email_type":"customer_processing_order","status":"disabled","recipient":"shreesekar","order":81442}
2026-08-12T06:41:10+00:00 NOTICE Email "customer_note" for order #81443 not sent: email type is disabled CONTEXT: {"email_type":"customer_note","status":"disabled","recipient":"arathianan","order":81443}
2026-08-12T06:41:16+00:00 NOTICE Email "customer_note" for order #81444 not sent: email type is disabled CONTEXT: {"email_type":"customer_note","status":"disabled","recipient":"aram2k4","order":81444}
2026-08-12T06:42:50+00:00 NOTICE Email "customer_note" for order #81445 not sent: email type is disabled CONTEXT: {"email_type":"customer_note","status":"disabled","recipient":"g.poorni24","order":81445}
2026-08-12T06:42:56+00:00 NOTICE Email "customer_note" for order #81446 not sent: email type is disabled CONTEXT: {"email_type":"customer_note","status":"disabled","recipient":"puaravind","order":81446}
2026-08-12T06:44:20+00:00 NOTICE Email "customer_note" for order #81447 not sent: email type is disabled CONTEXT: {"email_type":"customer_note","status":"disabled","recipient":"soori007","order":81447}
2026-08-12T06:44:27+00:00 NOTICE Email "customer_note" for order #81448 not sent: email type is disabled CONTEXT: {"email_type":"customer_note","status":"disabled","recipient":"hariharan.t","order":81448}
2026-08-12T06:45:43+00:00 NOTICE Email "customer_note" for order #81449 not sent: email type is disabled CONTEXT: {"email_type":"customer_note","status":"disabled","recipient":"pappu.divs","order":81449}
2026-08-12T06:45:49+00:00 NOTICE Email "customer_note" for order #81450 not sent: email type is disabled CONTEXT: {"email_type":"customer_note","status":"disabled","recipient":"pappu.divs","order":81450}
2026-08-12T06:47:32+00:00 NOTICE Email "customer_note" for order #81451 not sent: email type is disabled CONTEXT: {"email_type":"customer_note","status":"disabled","recipient":"srinivas6rao","order":81451}
2026-08-12T06:47:39+00:00 NOTICE Email "customer_note" for order #81452 not sent: email type is disabled CONTEXT: {"email_type":"customer_note","status":"disabled","recipient":"sameerkumar.vn","order":81452}
2026-08-12T06:48:54+00:00 NOTICE Email "customer_note" for order #81453 not sent: email type is disabled CONTEXT: {"email_type":"customer_note","status":"disabled","recipient":"sameerkumar.vn","order":81453}
2026-08-12T06:49:00+00:00 NOTICE Email "customer_note" for order #81454 not sent: email type is disabled CONTEXT: {"email_type":"customer_note","status":"disabled","recipient":"sandyraja","order":81454}
2026-08-12T06:50:36+00:00 NOTICE Email "customer_note" for order #81455 not sent: email type is disabled CONTEXT: {"email_type":"customer_note","status":"disabled","recipient":"r.gauthamraj","order":81455}
2026-08-12T06:50:41+00:00 NOTICE Email "customer_note" for order #81456 not sent: email type is disabled CONTEXT: {"email_type":"customer_note","status":"disabled","recipient":"dineshbaskaran","order":81456}
2026-08-12T06:50:47+00:00 NOTICE Email "customer_note" for order #81457 not sent: email type is disabled CONTEXT: {"email_type":"customer_note","status":"disabled","recipient":"ankita.nair07","order":81457}
2026-08-12T06:52:21+00:00 NOTICE Email "customer_note" for order #81458 not sent: email type is disabled CONTEXT: {"email_type":"customer_note","status":"disabled","recipient":"kannan_s11","order":81458}
2026-08-12T06:53:36+00:00 NOTICE Email "customer_note" for order #81459 not sent: email type is disabled CONTEXT: {"email_type":"customer_note","status":"disabled","recipient":"caguptha2017","order":81459}
2026-08-12T06:53:42+00:00 NOTICE Email "customer_note" for order #81460 not sent: email type is disabled CONTEXT: {"email_type":"customer_note","status":"disabled","recipient":"aarthi.ksr","order":81460}
2026-08-12T06:53:48+00:00 NOTICE Email "customer_note" for order #81461 not sent: email type is disabled CONTEXT: {"email_type":"customer_note","status":"disabled","recipient":"meerasampath47","order":81461}
2026-08-12T06:55:42+00:00 NOTICE Email "customer_note" for order #81462 not sent: email type is disabled CONTEXT: {"email_type":"customer_note","status":"disabled","recipient":"ganesan.adv","order":81462}
2026-08-12T06:55:48+00:00 NOTICE Email "customer_note" for order #81463 not sent: email type is disabled CONTEXT: {"email_type":"customer_note","status":"disabled","recipient":"alphonsejacintha","order":81463}
2026-08-12T06:56:54+00:00 NOTICE Email "customer_note" for order #81464 not sent: email type is disabled CONTEXT: {"email_type":"customer_note","status":"disabled","recipient":"wejai4ever","order":81464}
2026-08-12T06:57:00+00:00 NOTICE Email "customer_note" for order #81465 not sent: email type is disabled CONTEXT: {"email_type":"customer_note","status":"disabled","recipient":"nagarjunagarige","order":81465}
2026-08-12T06:58:38+00:00 NOTICE Email "customer_note" for order #81466 not sent: email type is disabled CONTEXT: {"email_type":"customer_note","status":"disabled","recipient":"ravishankarns","order":81466}
2026-08-12T06:58:44+00:00 NOTICE Email "customer_note" for order #81467 not sent: email type is disabled CONTEXT: {"email_type":"customer_note","status":"disabled","recipient":"mayam60","order":81467}
2026-08-12T07:00:39+00:00 NOTICE Email "customer_note" for order #81468 not sent: email type is disabled CONTEXT: {"email_type":"customer_note","status":"disabled","recipient":"jothivisvanathan","order":81468}
2026-08-12T07:00:45+00:00 NOTICE Email "customer_note" for order #81469 not sent: email type is disabled CONTEXT: {"email_type":"customer_note","status":"disabled","recipient":"dhanas_ga","order":81469}
2026-08-12T07:01:51+00:00 NOTICE Email "customer_note" for order #81470 not sent: email type is disabled CONTEXT: {"email_type":"customer_note","status":"disabled","recipient":"shubhamsolanki163","order":81470}
2026-08-12T07:05:13+00:00 NOTICE Email "customer_note" for order #81471 not sent: email type is disabled CONTEXT: {"email_type":"customer_note","status":"disabled","recipient":"gurajada.tripura","order":81471}
2026-08-12T07:06:42+00:00 NOTICE Email "customer_note" for order #81472 not sent: email type is disabled CONTEXT: {"email_type":"customer_note","status":"disabled","recipient":"moshina.dharshini","order":81472}
2026-08-12T07:06:47+00:00 NOTICE Email "customer_note" for order #81473 not sent: email type is disabled CONTEXT: {"email_type":"customer_note","status":"disabled","recipient":"balachandar.chinta","order":81473}
2026-08-12T07:06:53+00:00 NOTICE Email "customer_note" for order #81474 not sent: email type is disabled CONTEXT: {"email_type":"customer_note","status":"disabled","recipient":"kamal.virk006","order":81474}
2026-08-12T07:08:42+00:00 NOTICE Email "customer_note" for order #81475 not sent: email type is disabled CONTEXT: {"email_type":"customer_note","status":"disabled","recipient":"ggs1975","order":81475}
2026-08-12T07:08:48+00:00 NOTICE Email "customer_note" for order #81476 not sent: email type is disabled CONTEXT: {"email_type":"customer_note","status":"disabled","recipient":"imranziya11","order":81476}
2026-08-12T07:10:00+00:00 NOTICE Email "customer_note" for order #81477 not sent: email type is disabled CONTEXT: {"email_type":"customer_note","status":"disabled","recipient":"chittharasai","order":81477}
2026-08-12T07:11:35+00:00 NOTICE Email "customer_note" for order #81478 not sent: email type is disabled CONTEXT: {"email_type":"customer_note","status":"disabled","recipient":"charumathi18","order":81478}
2026-08-12T07:11:41+00:00 NOTICE Email "customer_note" for order #81479 not sent: email type is disabled CONTEXT: {"email_type":"customer_note","status":"disabled","recipient":"meghavikram","order":81479}
2026-08-12T07:27:41+00:00 NOTICE Email "customer_note" for order #81480 not sent: email type is disabled CONTEXT: {"email_type":"customer_note","status":"disabled","recipient":"rviji.1092","order":81480}
2026-08-12T08:27:45+00:00 NOTICE Email "customer_note" for order #81482 not sent: email type is disabled CONTEXT: {"email_type":"customer_note","status":"disabled","recipient":"meerasampath47","order":81482}
2026-08-12T09:18:07+00:00 INFO Email "cancelled_subscription" for order #58922 sent CONTEXT: {"email_type":"cancelled_subscription","status":"sent","recipient":"Admin_Madrasmilk","order":58922}
2026-08-12T09:39:35+00:00 NOTICE Email "customer_note" for order #81487 not sent: email type is disabled CONTEXT: {"email_type":"customer_note","status":"disabled","recipient":"babudasvgp","order":81487}
2026-08-12T09:44:10+00:00 INFO Email "customer_partially_refunded_order" for order #81483 sent CONTEXT: {"email_type":"customer_partially_refunded_order","status":"sent","recipient":"ramesh.vanaparthi3","order":81483}
2026-08-12T09:44:48+00:00 NOTICE Email "new_order" for order #81483 not sent: email type is disabled CONTEXT: {"email_type":"new_order","status":"disabled","recipient":"Admin_Madrasmilk","order":81483}
2026-08-12T09:44:48+00:00 NOTICE Email "customer_processing_order" for order #81483 not sent: email type is disabled CONTEXT: {"email_type":"customer_processing_order","status":"disabled","recipient":"ramesh.vanaparthi3","order":81483}
2026-08-12T09:48:36+00:00 NOTICE Email "customer_note" for order #81491 not sent: email type is disabled CONTEXT: {"email_type":"customer_note","status":"disabled","recipient":"rigin.raj","order":81491}
2026-08-12T09:49:09+00:00 INFO Email "customer_refunded_order" for order #81483 sent CONTEXT: {"email_type":"customer_refunded_order","status":"sent","recipient":"ramesh.vanaparthi3","order":81483}
2026-08-12T09:49:24+00:00 INFO Email "cancelled_subscription" for order #81484 sent CONTEXT: {"email_type":"cancelled_subscription","status":"sent","recipient":"Admin_Madrasmilk","order":81484}
2026-08-12T09:49:24+00:00 NOTICE Email "cancelled_order" for order #81483 not sent: email type is disabled CONTEXT: {"email_type":"cancelled_order","status":"disabled","recipient":"Admin_Madrasmilk","order":81483}
2026-08-12T09:49:24+00:00 NOTICE Email "customer_cancelled_order" for order #81483 not sent: email type is disabled CONTEXT: {"email_type":"customer_cancelled_order","status":"disabled","recipient":"ramesh.vanaparthi3","order":81483}
2026-08-12T09:50:27+00:00 NOTICE Email "customer_note" for order #81493 not sent: email type is disabled CONTEXT: {"email_type":"customer_note","status":"disabled","recipient":"shwethabalaji.asbs","order":81493}
2026-08-12T10:00:35+00:00 NOTICE Email "customer_note" for order #81494 not sent: email type is disabled CONTEXT: {"email_type":"customer_note","status":"disabled","recipient":"sr.ranjani.24","order":81494}
2026-08-12T10:02:09+00:00 INFO Email "customer_partially_refunded_order" for order #81416 sent CONTEXT: {"email_type":"customer_partially_refunded_order","status":"sent","recipient":"logi.sekar","order":81416}
2026-08-12T10:09:03+00:00 NOTICE Email "customer_note" for order #81496 not sent: email type is disabled CONTEXT: {"email_type":"customer_note","status":"disabled","recipient":"geethaj175","order":81496}
2026-08-12T10:12:23+00:00 INFO Email "customer_refunded_order" for order #81445 sent CONTEXT: {"email_type":"customer_refunded_order","status":"sent","recipient":"g.poorni24","order":81445}
2026-08-12T10:22:14+00:00 INFO Email "customer_refunded_order" for order #81464 sent CONTEXT: {"email_type":"customer_refunded_order","status":"sent","recipient":"wejai4ever","order":81464}
2026-08-12T10:22:35+00:00 NOTICE Email "customer_note" for order #81502 not sent: email type is disabled CONTEXT: {"email_type":"customer_note","status":"disabled","recipient":"ashokkhumar","order":81502}
2026-08-12T10:22:59+00:00 NOTICE Email "new_order" for order #81500 not sent: email type is disabled CONTEXT: {"email_type":"new_order","status":"disabled","recipient":"Admin_Madrasmilk","order":81500}
2026-08-12T10:22:59+00:00 NOTICE Email "customer_processing_order" for order #81500 not sent: email type is disabled CONTEXT: {"email_type":"customer_processing_order","status":"disabled","recipient":"nyolapriya","order":81500}
2026-08-12T10:23:29+00:00 INFO Email "customer_refunded_order" for order #81468 sent CONTEXT: {"email_type":"customer_refunded_order","status":"sent","recipient":"jothivisvanathan","order":81468}
2026-08-12T10:25:03+00:00 INFO Email "customer_refunded_order" for order #76884 sent CONTEXT: {"email_type":"customer_refunded_order","status":"sent","recipient":"rgiridharan2007","order":76884}
2026-08-12T10:25:22+00:00 NOTICE Email "customer_note" for order #81505 not sent: email type is disabled CONTEXT: {"email_type":"customer_note","status":"disabled","recipient":"srksrk","order":81505}
2026-08-12T10:25:27+00:00 NOTICE Email "customer_note" for order #81505 not sent: email type is disabled CONTEXT: {"email_type":"customer_note","status":"disabled","recipient":"srksrk","order":81505}
2026-08-12T10:25:32+00:00 NOTICE Email "customer_note" for order #81505 not sent: email type is disabled CONTEXT: {"email_type":"customer_note","status":"disabled","recipient":"srksrk","order":81505}
2026-08-12T10:25:36+00:00 NOTICE Email "customer_note" for order #81505 not sent: email type is disabled CONTEXT: {"email_type":"customer_note","status":"disabled","recipient":"srksrk","order":81505}
2026-08-12T10:25:51+00:00 INFO Email "customer_refunded_order" for order #77528 sent CONTEXT: {"email_type":"customer_refunded_order","status":"sent","recipient":"rgiridharan2007","order":77528}
2026-08-12T10:26:16+00:00 NOTICE Email "new_order" for order #81505 not sent: email type is disabled CONTEXT: {"email_type":"new_order","status":"disabled","recipient":"Admin_Madrasmilk","order":81505}
2026-08-12T10:26:16+00:00 NOTICE Email "customer_processing_order" for order #81505 not sent: email type is disabled CONTEXT: {"email_type":"customer_processing_order","status":"disabled","recipient":"srksrk","order":81505}
2026-08-12T10:27:47+00:00 NOTICE Email "customer_note" for order #81507 not sent: email type is disabled CONTEXT: {"email_type":"customer_note","status":"disabled","recipient":"rohit.anand.patnaik60022161","order":81507}
2026-08-12T10:33:36+00:00 NOTICE Email "customer_note" for order #81508 not sent: email type is disabled CONTEXT: {"email_type":"customer_note","status":"disabled","recipient":"couscapric","order":81508}
2026-08-12T10:35:40+00:00 NOTICE Email "customer_note" for order #81509 not sent: email type is disabled CONTEXT: {"email_type":"customer_note","status":"disabled","recipient":"couscapric","order":81509}
2026-08-12T10:37:43+00:00 NOTICE Email "customer_note" for order #81510 not sent: email type is disabled CONTEXT: {"email_type":"customer_note","status":"disabled","recipient":"couscapric","order":81510}
2026-08-12T10:45:18+00:00 INFO Email "customer_new_account" for user #1614 sent CONTEXT: {"email_type":"customer_new_account","status":"sent","recipient":"anushpala.kamineni","user":1614}
2026-08-12T10:46:00+00:00 NOTICE Email "new_order" for order #81513 not sent: email type is disabled CONTEXT: {"email_type":"new_order","status":"disabled","recipient":"Admin_Madrasmilk","order":81513}
2026-08-12T10:46:00+00:00 NOTICE Email "customer_processing_order" for order #81513 not sent: email type is disabled CONTEXT: {"email_type":"customer_processing_order","status":"disabled","recipient":"anushpala.kamineni","order":81513}
2026-08-12T10:46:10+00:00 NOTICE Email "new_order" for order #81512 not sent: email type is disabled CONTEXT: {"email_type":"new_order","status":"disabled","recipient":"Admin_Madrasmilk","order":81512}
2026-08-12T10:46:10+00:00 NOTICE Email "customer_processing_order" for order #81512 not sent: email type is disabled CONTEXT: {"email_type":"customer_processing_order","status":"disabled","recipient":"kishorebheema","order":81512}
2026-08-12T10:46:11+00:00 NOTICE Email "customer_note" for order #81515 not sent: email type is disabled CONTEXT: {"email_type":"customer_note","status":"disabled","recipient":"abhir019","order":81515}
2026-08-12T10:47:44+00:00 NOTICE Email "customer_note" for order #81516 not sent: email type is disabled CONTEXT: {"email_type":"customer_note","status":"disabled","recipient":"Bhavesh Maisuria","order":81516}
2026-08-12T10:48:23+00:00 INFO Email "customer_refunded_order" for order #76178 sent CONTEXT: {"email_type":"customer_refunded_order","status":"sent","recipient":"aafreen124","order":76178}
2026-08-12T10:57:03+00:00 NOTICE Email "customer_note" for order #81518 not sent: email type is disabled CONTEXT: {"email_type":"customer_note","status":"disabled","recipient":"thaseenphysio","order":81518}
2026-08-12T10:58:07+00:00 NOTICE Email "new_order" for order #81511 not sent: email type is disabled CONTEXT: {"email_type":"new_order","status":"disabled","recipient":"Admin_Madrasmilk","order":81511}
2026-08-12T10:58:07+00:00 NOTICE Email "customer_processing_order" for order #81511 not sent: email type is disabled CONTEXT: {"email_type":"customer_processing_order","status":"disabled","recipient":"siddarth01","order":81511}
2026-08-12T10:59:14+00:00 NOTICE Email "customer_note" for order #81519 not sent: email type is disabled CONTEXT: {"email_type":"customer_note","status":"disabled","recipient":"devitholkappiar","order":81519}
2026-08-12T11:00:49+00:00 NOTICE Email "customer_completed_order" for order #80946 not sent: email type is disabled CONTEXT: {"email_type":"customer_completed_order","status":"disabled","recipient":"tincysarasolomon","order":80946}
2026-08-12T11:00:50+00:00 NOTICE Email "customer_completed_order" for order #80953 not sent: email type is disabled CONTEXT: {"email_type":"customer_completed_order","status":"disabled","recipient":"mr.khadeerahmed","order":80953}
2026-08-12T11:00:52+00:00 NOTICE Email "customer_completed_order" for order #76137 not sent: email type is disabled CONTEXT: {"email_type":"customer_completed_order","status":"disabled","recipient":"raghuldeepak1991","order":76137}
2026-08-12T11:00:52+00:00 NOTICE Email "customer_completed_order" for order #76136 not sent: email type is disabled CONTEXT: {"email_type":"customer_completed_order","status":"disabled","recipient":"aafreen124","order":76136}
2026-08-12T11:00:52+00:00 NOTICE Email "customer_completed_order" for order #76135 not sent: email type is disabled CONTEXT: {"email_type":"customer_completed_order","status":"disabled","recipient":"karthik.thandapani","order":76135}
2026-08-12T11:00:52+00:00 NOTICE Email "customer_completed_order" for order #76134 not sent: email type is disabled CONTEXT: {"email_type":"customer_completed_order","status":"disabled","recipient":"santhosh9841662691","order":76134}
2026-08-12T11:00:52+00:00 NOTICE Email "customer_completed_order" for order #76133 not sent: email type is disabled CONTEXT: {"email_type":"customer_completed_order","status":"disabled","recipient":"laddhadmonika","order":76133}
2026-08-12T11:00:52+00:00 NOTICE Email "customer_completed_order" for order #76132 not sent: email type is disabled CONTEXT: {"email_type":"customer_completed_order","status":"disabled","recipient":"jaysh_vijay","order":76132}
2026-08-12T11:00:52+00:00 NOTICE Email "customer_completed_order" for order #76131 not sent: email type is disabled CONTEXT: {"email_type":"customer_completed_order","status":"disabled","recipient":"poojareddy684","order":76131}
2026-08-12T11:00:52+00:00 NOTICE Email "customer_completed_order" for order #76130 not sent: email type is disabled CONTEXT: {"email_type":"customer_completed_order","status":"disabled","recipient":"eswar06","order":76130}
2026-08-12T11:00:52+00:00 NOTICE Email "customer_completed_order" for order #76129 not sent: email type is disabled CONTEXT: {"email_type":"customer_completed_order","status":"disabled","recipient":"caguptha2017","order":76129}
2026-08-12T11:00:52+00:00 NOTICE Email "customer_completed_order" for order #76128 not sent: email type is disabled CONTEXT: {"email_type":"customer_completed_order","status":"disabled","recipient":"sshalu2109","order":76128}
2026-08-12T11:00:52+00:00 NOTICE Email "customer_completed_order" for order #76127 not sent: email type is disabled CONTEXT: {"email_type":"customer_completed_order","status":"disabled","recipient":"rosanuru","order":76127}
2026-08-12T11:00:52+00:00 NOTICE Email "customer_completed_order" for order #76126 not sent: email type is disabled CONTEXT: {"email_type":"customer_completed_order","status":"disabled","recipient":"rosanuru","order":76126}
2026-08-12T11:00:52+00:00 NOTICE Email "customer_completed_order" for order #76125 not sent: email type is disabled CONTEXT: {"email_type":"customer_completed_order","status":"disabled","recipient":"gogul.1603","order":76125}
2026-08-12T11:00:52+00:00 NOTICE Email "customer_completed_order" for order #76124 not sent: email type is disabled CONTEXT: {"email_type":"customer_completed_order","status":"disabled","recipient":"anushadoraiswamy","order":76124}
2026-08-12T11:00:52+00:00 NOTICE Email "customer_completed_order" for order #76123 not sent: email type is disabled CONTEXT: {"email_type":"customer_completed_order","status":"disabled","recipient":"anushadoraiswamy","order":76123}
2026-08-12T11:00:52+00:00 NOTICE Email "customer_completed_order" for order #76122 not sent: email type is disabled CONTEXT: {"email_type":"customer_completed_order","status":"disabled","recipient":"sandyraja","order":76122}
2026-08-12T11:00:52+00:00 NOTICE Email "customer_completed_order" for order #76121 not sent: email type is disabled CONTEXT: {"email_type":"customer_completed_order","status":"disabled","recipient":"jhanani.montessori","order":76121}
2026-08-12T11:00:53+00:00 NOTICE Email "customer_completed_order" for order #76120 not sent: email type is disabled CONTEXT: {"email_type":"customer_completed_order","status":"disabled","recipient":"jhanani.montessori","order":76120}
2026-08-12T11:00:53+00:00 NOTICE Email "customer_completed_order" for order #76119 not sent: email type is disabled CONTEXT: {"email_type":"customer_completed_order","status":"disabled","recipient":"shivanilank1312","order":76119}
2026-08-12T11:00:53+00:00 NOTICE Email "customer_completed_order" for order #76118 not sent: email type is disabled CONTEXT: {"email_type":"customer_completed_order","status":"disabled","recipient":"tandonamit75","order":76118}
2026-08-12T11:00:53+00:00 NOTICE Email "customer_completed_order" for order #76116 not sent: email type is disabled CONTEXT: {"email_type":"customer_completed_order","status":"disabled","recipient":"mr.khadeerahmed","order":76116}
2026-08-12T11:00:53+00:00 NOTICE Email "customer_completed_order" for order #76114 not sent: email type is disabled CONTEXT: {"email_type":"customer_completed_order","status":"disabled","recipient":"shopping.sivasuganya","order":76114}
2026-08-12T11:00:53+00:00 NOTICE Email "customer_completed_order" for order #76113 not sent: email type is disabled CONTEXT: {"email_type":"customer_completed_order","status":"disabled","recipient":"harin5000","order":76113}
2026-08-12T11:00:56+00:00 NOTICE Email "customer_completed_order" for order #81111 not sent: email type is disabled CONTEXT: {"email_type":"customer_completed_order","status":"disabled","recipient":"Aarush Khan","order":81111}
2026-08-12T11:00:58+00:00 NOTICE Email "customer_completed_order" for order #81155 not sent: email type is disabled CONTEXT: {"email_type":"customer_completed_order","status":"disabled","recipient":"revathivel","order":81155}
2026-08-12T11:01:02+00:00 NOTICE Email "customer_completed_order" for order #81250 not sent: email type is disabled CONTEXT: {"email_type":"customer_completed_order","status":"disabled","recipient":"rmchuchitra","order":81250}
2026-08-12T11:06:36+00:00 NOTICE Email "new_order" for order #81426 not sent: email type is disabled CONTEXT: {"email_type":"new_order","status":"disabled","recipient":"Admin_Madrasmilk","order":81426}
2026-08-12T11:06:36+00:00 NOTICE Email "customer_processing_order" for order #81426 not sent: email type is disabled CONTEXT: {"email_type":"customer_processing_order","status":"disabled","recipient":"saimah24","order":81426}
2026-08-12T11:12:13+00:00 NOTICE Email "customer_note" for order #81523 not sent: email type is disabled CONTEXT: {"email_type":"customer_note","status":"disabled","recipient":"jaysh_vijay","order":81523}
2026-08-12T11:12:16+00:00 NOTICE Email "new_order" for order #81522 not sent: email type is disabled CONTEXT: {"email_type":"new_order","status":"disabled","recipient":"Admin_Madrasmilk","order":81522}
2026-08-12T11:12:16+00:00 NOTICE Email "customer_processing_order" for order #81522 not sent: email type is disabled CONTEXT: {"email_type":"customer_processing_order","status":"disabled","recipient":"ganapathy196603santhi","order":81522}
2026-08-12T11:15:45+00:00 INFO Email "customer_refunded_order" for order #81472 sent CONTEXT: {"email_type":"customer_refunded_order","status":"sent","recipient":"moshina.dharshini","order":81472}
2026-08-12T11:20:38+00:00 NOTICE Email "customer_note" for order #81525 not sent: email type is disabled CONTEXT: {"email_type":"customer_note","status":"disabled","recipient":"sureshkumarl_ece","order":81525}
2026-08-12T11:20:44+00:00 NOTICE Email "customer_note" for order #81526 not sent: email type is disabled CONTEXT: {"email_type":"customer_note","status":"disabled","recipient":"nagarjunagarige","order":81526}
2026-08-12T11:21:53+00:00 NOTICE Email "new_order" for order #81527 not sent: email type is disabled CONTEXT: {"email_type":"new_order","status":"disabled","recipient":"Admin_Madrasmilk","order":81527}
2026-08-12T11:21:53+00:00 NOTICE Email "customer_processing_order" for order #81527 not sent: email type is disabled CONTEXT: {"email_type":"customer_processing_order","status":"disabled","recipient":"devaprasad.ash","order":81527}
2026-08-12T11:26:41+00:00 NOTICE Email "customer_note" for order #81528 not sent: email type is disabled CONTEXT: {"email_type":"customer_note","status":"disabled","recipient":"thiagarajan.krishnaraj","order":81528}
2026-08-12T11:30:43+00:00 NOTICE Email "customer_note" for order #81529 not sent: email type is disabled CONTEXT: {"email_type":"customer_note","status":"disabled","recipient":"kmmdis","order":81529}
2026-08-12T11:30:49+00:00 NOTICE Email "customer_note" for order #81530 not sent: email type is disabled CONTEXT: {"email_type":"customer_note","status":"disabled","recipient":"swaroop.sistla","order":81530}
2026-08-12T11:34:21+00:00 NOTICE Email "customer_note" for order #81532 not sent: email type is disabled CONTEXT: {"email_type":"customer_note","status":"disabled","recipient":"thomas_dason2002","order":81532}
2026-08-12T11:35:39+00:00 NOTICE Email "customer_note" for order #81533 not sent: email type is disabled CONTEXT: {"email_type":"customer_note","status":"disabled","recipient":"ravishankar","order":81533}
2026-08-12T11:35:45+00:00 NOTICE Email "customer_note" for order #81534 not sent: email type is disabled CONTEXT: {"email_type":"customer_note","status":"disabled","recipient":"ravishankar","order":81534}
2026-08-12T11:37:33+00:00 NOTICE Email "customer_note" for order #81535 not sent: email type is disabled CONTEXT: {"email_type":"customer_note","status":"disabled","recipient":"shreesekar","order":81535}
2026-08-12T11:37:38+00:00 NOTICE Email "customer_note" for order #81536 not sent: email type is disabled CONTEXT: {"email_type":"customer_note","status":"disabled","recipient":"nalinikumar","order":81536}
2026-08-12T11:38:37+00:00 NOTICE Email "customer_note" for order #81537 not sent: email type is disabled CONTEXT: {"email_type":"customer_note","status":"disabled","recipient":"anand_ranjani","order":81537}
2026-08-12T11:38:43+00:00 NOTICE Email "customer_note" for order #81538 not sent: email type is disabled CONTEXT: {"email_type":"customer_note","status":"disabled","recipient":"itchingtowrite","order":81538}
2026-08-12T11:38:48+00:00 NOTICE Email "customer_note" for order #81539 not sent: email type is disabled CONTEXT: {"email_type":"customer_note","status":"disabled","recipient":"pdotadir","order":81539}
2026-08-12T11:40:39+00:00 NOTICE Email "customer_note" for order #81540 not sent: email type is disabled CONTEXT: {"email_type":"customer_note","status":"disabled","recipient":"nithin153","order":81540}
2026-08-12T11:41:50+00:00 NOTICE Email "customer_note" for order #81541 not sent: email type is disabled CONTEXT: {"email_type":"customer_note","status":"disabled","recipient":"senthil.m7479","order":81541}
2026-08-12T11:41:55+00:00 NOTICE Email "customer_note" for order #81542 not sent: email type is disabled CONTEXT: {"email_type":"customer_note","status":"disabled","recipient":"sriram_venkataraman","order":81542}
2026-08-12T11:43:35+00:00 NOTICE Email "customer_note" for order #81543 not sent: email type is disabled CONTEXT: {"email_type":"customer_note","status":"disabled","recipient":"baggubhargav","order":81543}
2026-08-12T11:43:41+00:00 NOTICE Email "customer_note" for order #81544 not sent: email type is disabled CONTEXT: {"email_type":"customer_note","status":"disabled","recipient":"abinaya.kannazhagan","order":81544}
2026-08-12T11:45:09+00:00 NOTICE Email "customer_note" for order #81545 not sent: email type is disabled CONTEXT: {"email_type":"customer_note","status":"disabled","recipient":"anic.vijay","order":81545}
2026-08-12T11:45:15+00:00 NOTICE Email "customer_note" for order #81546 not sent: email type is disabled CONTEXT: {"email_type":"customer_note","status":"disabled","recipient":"kvghome1","order":81546}
2026-08-12T11:46:40+00:00 NOTICE Email "customer_note" for order #81547 not sent: email type is disabled CONTEXT: {"email_type":"customer_note","status":"disabled","recipient":"rajalakshmi.nr","order":81547}
2026-08-12T11:46:46+00:00 NOTICE Email "customer_note" for order #81548 not sent: email type is disabled CONTEXT: {"email_type":"customer_note","status":"disabled","recipient":"uppili45","order":81548}
2026-08-12T11:48:15+00:00 NOTICE Email "customer_note" for order #81549 not sent: email type is disabled CONTEXT: {"email_type":"customer_note","status":"disabled","recipient":"pooranyk","order":81549}
2026-08-12T11:48:21+00:00 NOTICE Email "customer_note" for order #81550 not sent: email type is disabled CONTEXT: {"email_type":"customer_note","status":"disabled","recipient":"parithi_kasi","order":81550}
2026-08-12T11:48:33+00:00 NOTICE Email "customer_note" for order #58870 not sent: email type is disabled CONTEXT: {"email_type":"customer_note","status":"disabled","recipient":"rpathy","order":58870}
2026-08-12T11:49:36+00:00 NOTICE Email "customer_note" for order #81551 not sent: email type is disabled CONTEXT: {"email_type":"customer_note","status":"disabled","recipient":"spkarri","order":81551}
2026-08-12T11:51:32+00:00 NOTICE Email "customer_note" for order #81552 not sent: email type is disabled CONTEXT: {"email_type":"customer_note","status":"disabled","recipient":"raji.mulpuri","order":81552}
2026-08-12T11:51:37+00:00 NOTICE Email "customer_note" for order #81553 not sent: email type is disabled CONTEXT: {"email_type":"customer_note","status":"disabled","recipient":"raji.mulpuri","order":81553}
2026-08-12T11:51:43+00:00 NOTICE Email "customer_note" for order #81554 not sent: email type is disabled CONTEXT: {"email_type":"customer_note","status":"disabled","recipient":"pree25","order":81554}
2026-08-12T11:52:35+00:00 NOTICE Email "customer_note" for order #81555 not sent: email type is disabled CONTEXT: {"email_type":"customer_note","status":"disabled","recipient":"victoryprathiba2006","order":81555}
2026-08-12T11:52:41+00:00 NOTICE Email "customer_note" for order #81556 not sent: email type is disabled CONTEXT: {"email_type":"customer_note","status":"disabled","recipient":"gau2am","order":81556}
2026-08-12T11:54:30+00:00 NOTICE Email "cancelled_order" for order #76754 not sent: email type is disabled CONTEXT: {"email_type":"cancelled_order","status":"disabled","recipient":"Admin_Madrasmilk","order":76754}
2026-08-12T11:54:30+00:00 NOTICE Email "customer_cancelled_order" for order #76754 not sent: email type is disabled CONTEXT: {"email_type":"customer_cancelled_order","status":"disabled","recipient":"rajeswari.sivam","order":76754}
2026-08-12T11:54:35+00:00 NOTICE Email "customer_note" for order #81557 not sent: email type is disabled CONTEXT: {"email_type":"customer_note","status":"disabled","recipient":"anjana.damu","order":81557}
2026-08-12T11:54:40+00:00 NOTICE Email "customer_note" for order #81558 not sent: email type is disabled CONTEXT: {"email_type":"customer_note","status":"disabled","recipient":"senthil.kumar.ma","order":81558}
2026-08-12T11:54:46+00:00 NOTICE Email "customer_note" for order #81559 not sent: email type is disabled CONTEXT: {"email_type":"customer_note","status":"disabled","recipient":"amuthukumaran","order":81559}
2026-08-12T11:55:50+00:00 NOTICE Email "customer_note" for order #81560 not sent: email type is disabled CONTEXT: {"email_type":"customer_note","status":"disabled","recipient":"sangeetha.deiveegarajan","order":81560}
2026-08-12T11:55:55+00:00 NOTICE Email "customer_note" for order #81561 not sent: email type is disabled CONTEXT: {"email_type":"customer_note","status":"disabled","recipient":"renukaseshadhri","order":81561}
2026-08-12T11:57:38+00:00 NOTICE Email "customer_note" for order #81562 not sent: email type is disabled CONTEXT: {"email_type":"customer_note","status":"disabled","recipient":"sandhya5565","order":81562}
2026-08-12T11:57:44+00:00 NOTICE Email "customer_note" for order #81564 not sent: email type is disabled CONTEXT: {"email_type":"customer_note","status":"disabled","recipient":"jsridhar00","order":81564}
2026-08-12T11:57:46+00:00 INFO Email "customer_refunded_order" for order #81462 sent CONTEXT: {"email_type":"customer_refunded_order","status":"sent","recipient":"ganesan.adv","order":81462}
2026-08-12T11:58:48+00:00 NOTICE Email "customer_note" for order #58675 not sent: email type is disabled CONTEXT: {"email_type":"customer_note","status":"disabled","recipient":"sandhiyamadanagopal","order":58675}
2026-08-12T11:58:56+00:00 NOTICE Email "customer_note" for order #81565 not sent: email type is disabled CONTEXT: {"email_type":"customer_note","status":"disabled","recipient":"mali","order":81565}
2026-08-12T11:59:02+00:00 NOTICE Email "customer_note" for order #81566 not sent: email type is disabled CONTEXT: {"email_type":"customer_note","status":"disabled","recipient":"priyag2730","order":81566}
2026-08-12T11:59:07+00:00 NOTICE Email "customer_note" for order #81567 not sent: email type is disabled CONTEXT: {"email_type":"customer_note","status":"disabled","recipient":"giddisathish","order":81567}
2026-08-12T12:00:43+00:00 NOTICE Email "customer_note" for order #81568 not sent: email type is disabled CONTEXT: {"email_type":"customer_note","status":"disabled","recipient":"hemirami","order":81568}
2026-08-12T12:00:48+00:00 NOTICE Email "customer_note" for order #81569 not sent: email type is disabled CONTEXT: {"email_type":"customer_note","status":"disabled","recipient":"arunt2511","order":81569}
2026-08-12T12:00:53+00:00 NOTICE Email "customer_note" for order #81570 not sent: email type is disabled CONTEXT: {"email_type":"customer_note","status":"disabled","recipient":"bhuulax","order":81570}
2026-08-12T12:02:38+00:00 NOTICE Email "customer_note" for order #81571 not sent: email type is disabled CONTEXT: {"email_type":"customer_note","status":"disabled","recipient":"ramadamu","order":81571}
2026-08-12T12:02:45+00:00 NOTICE Email "customer_note" for order #81572 not sent: email type is disabled CONTEXT: {"email_type":"customer_note","status":"disabled","recipient":"vinujoshua","order":81572}
2026-08-12T12:03:38+00:00 NOTICE Email "cancelled_order" for order #76372 not sent: email type is disabled CONTEXT: {"email_type":"cancelled_order","status":"disabled","recipient":"Admin_Madrasmilk","order":76372}
2026-08-12T12:03:38+00:00 NOTICE Email "customer_cancelled_order" for order #76372 not sent: email type is disabled CONTEXT: {"email_type":"customer_cancelled_order","status":"disabled","recipient":"lolme123","order":76372}
2026-08-12T12:03:38+00:00 NOTICE Email "cancelled_order" for order #77031 not sent: email type is disabled CONTEXT: {"email_type":"cancelled_order","status":"disabled","recipient":"Admin_Madrasmilk","order":77031}
2026-08-12T12:03:38+00:00 NOTICE Email "customer_cancelled_order" for order #77031 not sent: email type is disabled CONTEXT: {"email_type":"customer_cancelled_order","status":"disabled","recipient":"lolme123","order":77031}
2026-08-12T12:03:39+00:00 NOTICE Email "cancelled_order" for order #80892 not sent: email type is disabled CONTEXT: {"email_type":"cancelled_order","status":"disabled","recipient":"Admin_Madrasmilk","order":80892}
2026-08-12T12:03:39+00:00 NOTICE Email "customer_cancelled_order" for order #80892 not sent: email type is disabled CONTEXT: {"email_type":"customer_cancelled_order","status":"disabled","recipient":"lolme123","order":80892}
2026-08-12T12:04:40+00:00 NOTICE Email "customer_note" for order #81573 not sent: email type is disabled CONTEXT: {"email_type":"customer_note","status":"disabled","recipient":"amalirayan","order":81573}
2026-08-12T12:06:43+00:00 NOTICE Email "customer_note" for order #81574 not sent: email type is disabled CONTEXT: {"email_type":"customer_note","status":"disabled","recipient":"revathivel","order":81574}
2026-08-12T12:07:59+00:00 INFO Email "cancelled_subscription" for order #81424 sent CONTEXT: {"email_type":"cancelled_subscription","status":"sent","recipient":"Admin_Madrasmilk","order":81424}
2026-08-12T12:08:41+00:00 NOTICE Email "customer_note" for order #81575 not sent: email type is disabled CONTEXT: {"email_type":"customer_note","status":"disabled","recipient":"sudhagar21","order":81575}
2026-08-12T12:08:47+00:00 NOTICE Email "customer_note" for order #81576 not sent: email type is disabled CONTEXT: {"email_type":"customer_note","status":"disabled","recipient":"muralidharan.go","order":81576}
2026-08-12T12:08:52+00:00 NOTICE Email "customer_note" for order #81577 not sent: email type is disabled CONTEXT: {"email_type":"customer_note","status":"disabled","recipient":"raknas50","order":81577}
2026-08-12T12:10:37+00:00 NOTICE Email "customer_note" for order #81578 not sent: email type is disabled CONTEXT: {"email_type":"customer_note","status":"disabled","recipient":"raknas50","order":81578}
2026-08-12T12:10:43+00:00 NOTICE Email "customer_note" for order #81579 not sent: email type is disabled CONTEXT: {"email_type":"customer_note","status":"disabled","recipient":"patapallasrinivas","order":81579}
2026-08-12T12:14:36+00:00 NOTICE Email "customer_note" for order #81580 not sent: email type is disabled CONTEXT: {"email_type":"customer_note","status":"disabled","recipient":"sripradhas","order":81580}
2026-08-12T12:14:42+00:00 NOTICE Email "customer_note" for order #81581 not sent: email type is disabled CONTEXT: {"email_type":"customer_note","status":"disabled","recipient":"sripradhas","order":81581}
2026-08-12T12:15:40+00:00 INFO Email "customer_refunded_order" for order #80833 sent CONTEXT: {"email_type":"customer_refunded_order","status":"sent","recipient":"dhanas_ga","order":80833}
2026-08-12T12:16:39+00:00 INFO Email "customer_refunded_order" for order #80237 sent CONTEXT: {"email_type":"customer_refunded_order","status":"sent","recipient":"dhanas_ga","order":80237}
2026-08-12T12:16:39+00:00 NOTICE Email "customer_note" for order #81584 not sent: email type is disabled CONTEXT: {"email_type":"customer_note","status":"disabled","recipient":"aarthisrin","order":81584}
2026-08-12T12:16:46+00:00 NOTICE Email "customer_note" for order #81585 not sent: email type is disabled CONTEXT: {"email_type":"customer_note","status":"disabled","recipient":"shomprabu","order":81585}
2026-08-12T12:17:43+00:00 NOTICE Email "customer_note" for order #81586 not sent: email type is disabled CONTEXT: {"email_type":"customer_note","status":"disabled","recipient":"arjunp3000","order":81586}
2026-08-12T12:17:48+00:00 INFO Email "customer_refunded_order" for order #77927 sent CONTEXT: {"email_type":"customer_refunded_order","status":"sent","recipient":"dhanas_ga","order":77927}
2026-08-12T12:17:50+00:00 NOTICE Email "customer_note" for order #81588 not sent: email type is disabled CONTEXT: {"email_type":"customer_note","status":"disabled","recipient":"meena.radhakrishnan","order":81588}
2026-08-12T12:18:18+00:00 INFO Email "customer_refunded_order" for order #77245 sent CONTEXT: {"email_type":"customer_refunded_order","status":"sent","recipient":"dhanas_ga","order":77245}
2026-08-12T12:19:36+00:00 NOTICE Email "customer_note" for order #81590 not sent: email type is disabled CONTEXT: {"email_type":"customer_note","status":"disabled","recipient":"vasan","order":81590}
2026-08-12T12:19:42+00:00 NOTICE Email "customer_note" for order #81591 not sent: email type is disabled CONTEXT: {"email_type":"customer_note","status":"disabled","recipient":"rcharumathi","order":81591}
2026-08-12T12:21:35+00:00 NOTICE Email "customer_note" for order #81592 not sent: email type is disabled CONTEXT: {"email_type":"customer_note","status":"disabled","recipient":"raga.12345","order":81592}
2026-08-12T12:21:41+00:00 NOTICE Email "customer_note" for order #81593 not sent: email type is disabled CONTEXT: {"email_type":"customer_note","status":"disabled","recipient":"teja.cdtvs","order":81593}
2026-08-12T12:22:41+00:00 INFO Email "customer_partially_refunded_order" for order #81485 sent CONTEXT: {"email_type":"customer_partially_refunded_order","status":"sent","recipient":"vjjaleel","order":81485}
2026-08-12T12:22:41+00:00 NOTICE Email "new_order" for order #81485 not sent: email type is disabled CONTEXT: {"email_type":"new_order","status":"disabled","recipient":"Admin_Madrasmilk","order":81485}
2026-08-12T12:22:41+00:00 NOTICE Email "customer_processing_order" for order #81485 not sent: email type is disabled CONTEXT: {"email_type":"customer_processing_order","status":"disabled","recipient":"vjjaleel","order":81485}
2026-08-12T12:23:02+00:00 NOTICE Email "customer_note" for order #81595 not sent: email type is disabled CONTEXT: {"email_type":"customer_note","status":"disabled","recipient":"shomprabu","order":81595}
2026-08-12T12:23:08+00:00 NOTICE Email "customer_note" for order #81596 not sent: email type is disabled CONTEXT: {"email_type":"customer_note","status":"disabled","recipient":"sunil","order":81596}
2026-08-12T12:25:07+00:00 NOTICE Email "customer_note" for order #81597 not sent: email type is disabled CONTEXT: {"email_type":"customer_note","status":"disabled","recipient":"santhipriya.mohan","order":81597}
2026-08-12T12:26:13+00:00 NOTICE Email "customer_note" for order #81598 not sent: email type is disabled CONTEXT: {"email_type":"customer_note","status":"disabled","recipient":"sd.nisarahmed","order":81598}
2026-08-12T12:27:12+00:00 NOTICE Email "new_order" for order #81497 not sent: email type is disabled CONTEXT: {"email_type":"new_order","status":"disabled","recipient":"Admin_Madrasmilk","order":81497}
2026-08-12T12:27:12+00:00 NOTICE Email "customer_processing_order" for order #81497 not sent: email type is disabled CONTEXT: {"email_type":"customer_processing_order","status":"disabled","recipient":"ravikiranalam","order":81497}
2026-08-12T12:27:36+00:00 NOTICE Email "customer_note" for order #81599 not sent: email type is disabled CONTEXT: {"email_type":"customer_note","status":"disabled","recipient":"iluvgold6","order":81599}
2026-08-12T12:29:35+00:00 NOTICE Email "customer_note" for order #81600 not sent: email type is disabled CONTEXT: {"email_type":"customer_note","status":"disabled","recipient":"nanditha.sivaramakrishnan","order":81600}
2026-08-12T12:29:40+00:00 NOTICE Email "customer_note" for order #81601 not sent: email type is disabled CONTEXT: {"email_type":"customer_note","status":"disabled","recipient":"vijikrish85","order":81601}
2026-08-12T12:29:46+00:00 NOTICE Email "customer_note" for order #81602 not sent: email type is disabled CONTEXT: {"email_type":"customer_note","status":"disabled","recipient":"mrsananthavalli","order":81602}
2026-08-12T12:31:36+00:00 NOTICE Email "customer_note" for order #81603 not sent: email type is disabled CONTEXT: {"email_type":"customer_note","status":"disabled","recipient":"mrsananthavalli","order":81603}
2026-08-12T12:31:42+00:00 NOTICE Email "customer_note" for order #81604 not sent: email type is disabled CONTEXT: {"email_type":"customer_note","status":"disabled","recipient":"sudhanshu.shukla86","order":81604}
2026-08-12T12:32:48+00:00 NOTICE Email "customer_note" for order #81605 not sent: email type is disabled CONTEXT: {"email_type":"customer_note","status":"disabled","recipient":"febinar","order":81605}
2026-08-12T12:34:55+00:00 NOTICE Email "customer_note" for order #81606 not sent: email type is disabled CONTEXT: {"email_type":"customer_note","status":"disabled","recipient":"squareofgold","order":81606}
2026-08-12T12:35:01+00:00 NOTICE Email "customer_note" for order #81607 not sent: email type is disabled CONTEXT: {"email_type":"customer_note","status":"disabled","recipient":"anushb6","order":81607}
2026-08-12T12:36:42+00:00 NOTICE Email "customer_note" for order #81608 not sent: email type is disabled CONTEXT: {"email_type":"customer_note","status":"disabled","recipient":"anushb6","order":81608}
2026-08-12T12:38:37+00:00 NOTICE Email "customer_note" for order #81610 not sent: email type is disabled CONTEXT: {"email_type":"customer_note","status":"disabled","recipient":"kumaralagappan","order":81610}
2026-08-12T12:38:43+00:00 NOTICE Email "customer_note" for order #81611 not sent: email type is disabled CONTEXT: {"email_type":"customer_note","status":"disabled","recipient":"meenatom","order":81611}
2026-08-12T12:39:45+00:00 NOTICE Email "customer_note" for order #81609 not sent: email type is disabled CONTEXT: {"email_type":"customer_note","status":"disabled","recipient":"guest","order":81609}
2026-08-12T12:39:59+00:00 NOTICE Email "new_order" for order #81609 not sent: email type is disabled CONTEXT: {"email_type":"new_order","status":"disabled","recipient":"Admin_Madrasmilk","order":81609}
2026-08-12T12:39:59+00:00 NOTICE Email "customer_processing_order" for order #81609 not sent: email type is disabled CONTEXT: {"email_type":"customer_processing_order","status":"disabled","recipient":"viswa22","order":81609}
2026-08-12T12:40:10+00:00 NOTICE Email "customer_note" for order #81612 not sent: email type is disabled CONTEXT: {"email_type":"customer_note","status":"disabled","recipient":"anishamn","order":81612}
2026-08-12T12:40:16+00:00 NOTICE Email "customer_note" for order #81613 not sent: email type is disabled CONTEXT: {"email_type":"customer_note","status":"disabled","recipient":"psdvpraju","order":81613}
2026-08-12T12:41:40+00:00 NOTICE Email "customer_note" for order #81614 not sent: email type is disabled CONTEXT: {"email_type":"customer_note","status":"disabled","recipient":"ramyabashyam298","order":81614}
2026-08-12T12:41:45+00:00 NOTICE Email "customer_note" for order #81615 not sent: email type is disabled CONTEXT: {"email_type":"customer_note","status":"disabled","recipient":"gary3889","order":81615}
2026-08-12T12:45:08+00:00 NOTICE Email "customer_note" for order #81616 not sent: email type is disabled CONTEXT: {"email_type":"customer_note","status":"disabled","recipient":"ragulrajamani","order":81616}
2026-08-12T12:45:14+00:00 NOTICE Email "customer_note" for order #81617 not sent: email type is disabled CONTEXT: {"email_type":"customer_note","status":"disabled","recipient":"nrrlatha","order":81617}
2026-08-12T12:46:39+00:00 NOTICE Email "customer_note" for order #81618 not sent: email type is disabled CONTEXT: {"email_type":"customer_note","status":"disabled","recipient":"prasannadevi.1989","order":81618}
2026-08-12T12:48:48+00:00 NOTICE Email "customer_note" for order #81619 not sent: email type is disabled CONTEXT: {"email_type":"customer_note","status":"disabled","recipient":"jayshreethaker1","order":81619}
2026-08-12T12:48:54+00:00 NOTICE Email "customer_note" for order #81620 not sent: email type is disabled CONTEXT: {"email_type":"customer_note","status":"disabled","recipient":"dinesh.kmurthy","order":81620}
2026-08-12T12:50:05+00:00 NOTICE Email "customer_note" for order #81621 not sent: email type is disabled CONTEXT: {"email_type":"customer_note","status":"disabled","recipient":"sainikamini045","order":81621}
2026-08-12T12:50:11+00:00 NOTICE Email "customer_note" for order #81622 not sent: email type is disabled CONTEXT: {"email_type":"customer_note","status":"disabled","recipient":"bhradv73","order":81622}
2026-08-12T12:51:37+00:00 NOTICE Email "customer_note" for order #81623 not sent: email type is disabled CONTEXT: {"email_type":"customer_note","status":"disabled","recipient":"sinhaarun59","order":81623}
2026-08-12T12:51:43+00:00 NOTICE Email "customer_note" for order #81624 not sent: email type is disabled CONTEXT: {"email_type":"customer_note","status":"disabled","recipient":"ra.ramesh1963","order":81624}
2026-08-12T12:53:52+00:00 NOTICE Email "customer_note" for order #81625 not sent: email type is disabled CONTEXT: {"email_type":"customer_note","status":"disabled","recipient":"dhyaneshwarganesh","order":81625}
2026-08-12T12:55:51+00:00 NOTICE Email "customer_note" for order #81626 not sent: email type is disabled CONTEXT: {"email_type":"customer_note","status":"disabled","recipient":"vinitha_jpr","order":81626}
2026-08-12T12:55:57+00:00 NOTICE Email "customer_note" for order #81627 not sent: email type is disabled CONTEXT: {"email_type":"customer_note","status":"disabled","recipient":"ums.susmitha","order":81627}
2026-08-12T12:57:26+00:00 NOTICE Email "customer_note" for order #81628 not sent: email type is disabled CONTEXT: {"email_type":"customer_note","status":"disabled","recipient":"nathanveer","order":81628}
2026-08-12T12:57:33+00:00 NOTICE Email "customer_note" for order #81629 not sent: email type is disabled CONTEXT: {"email_type":"customer_note","status":"disabled","recipient":"shopping.sivasuganya","order":81629}
2026-08-12T12:58:00+00:00 NOTICE Email "customer_note" for order #81513 not sent: email type is disabled CONTEXT: {"email_type":"customer_note","status":"disabled","recipient":"anushpala.kamineni","order":81513}
2026-08-12T12:58:40+00:00 NOTICE Email "customer_note" for order #81630 not sent: email type is disabled CONTEXT: {"email_type":"customer_note","status":"disabled","recipient":"captainharisd","order":81630}
2026-08-12T12:58:45+00:00 NOTICE Email "customer_note" for order #81631 not sent: email type is disabled CONTEXT: {"email_type":"customer_note","status":"disabled","recipient":"priyankaravisankar26","order":81631}
2026-08-12T13:00:36+00:00 NOTICE Email "customer_note" for order #81632 not sent: email type is disabled CONTEXT: {"email_type":"customer_note","status":"disabled","recipient":"mathangi.gaj","order":81632}
2026-08-12T13:00:42+00:00 NOTICE Email "customer_note" for order #81633 not sent: email type is disabled CONTEXT: {"email_type":"customer_note","status":"disabled","recipient":"sashi.santhosh","order":81633}
2026-08-12T13:01:49+00:00 NOTICE Email "customer_note" for order #81634 not sent: email type is disabled CONTEXT: {"email_type":"customer_note","status":"disabled","recipient":"muralicbe83","order":81634}
2026-08-12T13:01:56+00:00 NOTICE Email "customer_note" for order #81635 not sent: email type is disabled CONTEXT: {"email_type":"customer_note","status":"disabled","recipient":"vanajhari","order":81635}
2026-08-12T13:03:55+00:00 NOTICE Email "customer_note" for order #81636 not sent: email type is disabled CONTEXT: {"email_type":"customer_note","status":"disabled","recipient":"sdibrahim.asi","order":81636}
2026-08-12T13:04:01+00:00 NOTICE Email "customer_note" for order #81637 not sent: email type is disabled CONTEXT: {"email_type":"customer_note","status":"disabled","recipient":"subhanainar","order":81637}
2026-08-12T13:04:06+00:00 NOTICE Email "customer_note" for order #81638 not sent: email type is disabled CONTEXT: {"email_type":"customer_note","status":"disabled","recipient":"emiljoshva","order":81638}
2026-08-12T13:05:41+00:00 NOTICE Email "customer_note" for order #81639 not sent: email type is disabled CONTEXT: {"email_type":"customer_note","status":"disabled","recipient":"spavithrasundar","order":81639}
2026-08-12T13:05:47+00:00 NOTICE Email "customer_note" for order #81640 not sent: email type is disabled CONTEXT: {"email_type":"customer_note","status":"disabled","recipient":"maheshvangala","order":81640}
2026-08-12T13:06:59+00:00 NOTICE Email "customer_note" for order #81641 not sent: email type is disabled CONTEXT: {"email_type":"customer_note","status":"disabled","recipient":"kaliyaperumal","order":81641}
2026-08-12T13:07:05+00:00 NOTICE Email "customer_note" for order #81642 not sent: email type is disabled CONTEXT: {"email_type":"customer_note","status":"disabled","recipient":"jayendra.panchapakesan","order":81642}
2026-08-12T13:08:36+00:00 NOTICE Email "customer_note" for order #81643 not sent: email type is disabled CONTEXT: {"email_type":"customer_note","status":"disabled","recipient":"sul.rahman","order":81643}
2026-08-12T13:08:42+00:00 NOTICE Email "customer_note" for order #81644 not sent: email type is disabled CONTEXT: {"email_type":"customer_note","status":"disabled","recipient":"ramarama56","order":81644}
2026-08-12T13:10:42+00:00 NOTICE Email "customer_note" for order #81645 not sent: email type is disabled CONTEXT: {"email_type":"customer_note","status":"disabled","recipient":"nanduparekh777","order":81645}
2026-08-12T13:10:47+00:00 NOTICE Email "customer_note" for order #81646 not sent: email type is disabled CONTEXT: {"email_type":"customer_note","status":"disabled","recipient":"sri","order":81646}
2026-08-12T13:10:53+00:00 NOTICE Email "customer_note" for order #81647 not sent: email type is disabled CONTEXT: {"email_type":"customer_note","status":"disabled","recipient":"anushadoraiswamy","order":81647}
2026-08-12T13:10:58+00:00 NOTICE Email "customer_note" for order #81648 not sent: email type is disabled CONTEXT: {"email_type":"customer_note","status":"disabled","recipient":"chuvi2009","order":81648}
2026-08-12T13:11:50+00:00 INFO Email "wps_wswp_wallet_credit" for user #541 sent CONTEXT: {"email_type":"wps_wswp_wallet_credit","status":"sent","recipient":"prasannadevi.1989","user":541}
2026-08-12T13:12:22+00:00 NOTICE Email "customer_note" for order #81649 not sent: email type is disabled CONTEXT: {"email_type":"customer_note","status":"disabled","recipient":"chitvanp","order":81649}
2026-08-12T13:12:28+00:00 NOTICE Email "customer_note" for order #81650 not sent: email type is disabled CONTEXT: {"email_type":"customer_note","status":"disabled","recipient":"sharmilakrishnan","order":81650}
2026-08-12T13:12:33+00:00 NOTICE Email "customer_note" for order #81651 not sent: email type is disabled CONTEXT: {"email_type":"customer_note","status":"disabled","recipient":"reshmi.ganapathy","order":81651}
2026-08-12T13:13:57+00:00 NOTICE Email "customer_note" for order #81654 not sent: email type is disabled CONTEXT: {"email_type":"customer_note","status":"disabled","recipient":"navya.kari34","order":81654}
2026-08-12T13:14:03+00:00 NOTICE Email "customer_note" for order #81655 not sent: email type is disabled CONTEXT: {"email_type":"customer_note","status":"disabled","recipient":"senthil4117","order":81655}
2026-08-12T13:15:36+00:00 NOTICE Email "customer_note" for order #81656 not sent: email type is disabled CONTEXT: {"email_type":"customer_note","status":"disabled","recipient":"vinay","order":81656}
2026-08-12T13:15:42+00:00 NOTICE Email "customer_note" for order #81657 not sent: email type is disabled CONTEXT: {"email_type":"customer_note","status":"disabled","recipient":"mailmekarthic","order":81657}
2026-08-12T13:15:47+00:00 NOTICE Email "customer_note" for order #81658 not sent: email type is disabled CONTEXT: {"email_type":"customer_note","status":"disabled","recipient":"nikenahar","order":81658}
2026-08-12T13:17:39+00:00 NOTICE Email "customer_note" for order #81659 not sent: email type is disabled CONTEXT: {"email_type":"customer_note","status":"disabled","recipient":"adishah85","order":81659}
2026-08-12T13:17:45+00:00 NOTICE Email "customer_note" for order #81660 not sent: email type is disabled CONTEXT: {"email_type":"customer_note","status":"disabled","recipient":"sshalu2109","order":81660}
2026-08-12T13:18:45+00:00 NOTICE Email "customer_note" for order #81661 not sent: email type is disabled CONTEXT: {"email_type":"customer_note","status":"disabled","recipient":"venuthan1105","order":81661}
2026-08-12T13:18:51+00:00 NOTICE Email "customer_note" for order #81662 not sent: email type is disabled CONTEXT: {"email_type":"customer_note","status":"disabled","recipient":"karthiknaga89","order":81662}
2026-08-12T13:20:35+00:00 NOTICE Email "customer_note" for order #81663 not sent: email type is disabled CONTEXT: {"email_type":"customer_note","status":"disabled","recipient":"neethu0214","order":81663}
2026-08-12T13:20:41+00:00 NOTICE Email "customer_note" for order #81664 not sent: email type is disabled CONTEXT: {"email_type":"customer_note","status":"disabled","recipient":"spaan05","order":81664}
2026-08-12T13:22:01+00:00 NOTICE Email "customer_note" for order #81665 not sent: email type is disabled CONTEXT: {"email_type":"customer_note","status":"disabled","recipient":"umaspriya","order":81665}
2026-08-12T13:22:06+00:00 NOTICE Email "customer_note" for order #81666 not sent: email type is disabled CONTEXT: {"email_type":"customer_note","status":"disabled","recipient":"naziamodak","order":81666}
2026-08-12T13:22:12+00:00 NOTICE Email "customer_note" for order #81667 not sent: email type is disabled CONTEXT: {"email_type":"customer_note","status":"disabled","recipient":"jeyanthinagu","order":81667}
2026-08-12T13:23:34+00:00 NOTICE Email "customer_note" for order #81668 not sent: email type is disabled CONTEXT: {"email_type":"customer_note","status":"disabled","recipient":"simplymoda.noopur","order":81668}
2026-08-12T13:23:40+00:00 NOTICE Email "customer_note" for order #81669 not sent: email type is disabled CONTEXT: {"email_type":"customer_note","status":"disabled","recipient":"saha7188","order":81669}
2026-08-12T13:25:46+00:00 NOTICE Email "customer_note" for order #81670 not sent: email type is disabled CONTEXT: {"email_type":"customer_note","status":"disabled","recipient":"ankitabetala.2014","order":81670}
2026-08-12T13:25:52+00:00 NOTICE Email "customer_note" for order #81671 not sent: email type is disabled CONTEXT: {"email_type":"customer_note","status":"disabled","recipient":"kalpanakarthikaug22","order":81671}
2026-08-12T13:27:26+00:00 NOTICE Email "customer_note" for order #81672 not sent: email type is disabled CONTEXT: {"email_type":"customer_note","status":"disabled","recipient":"drlakshmibaskar","order":81672}
2026-08-12T13:27:32+00:00 NOTICE Email "customer_note" for order #81673 not sent: email type is disabled CONTEXT: {"email_type":"customer_note","status":"disabled","recipient":"helina06","order":81673}
2026-08-12T13:28:45+00:00 NOTICE Email "customer_note" for order #81674 not sent: email type is disabled CONTEXT: {"email_type":"customer_note","status":"disabled","recipient":"claramleonard89","order":81674}
2026-08-12T13:28:50+00:00 NOTICE Email "customer_note" for order #81675 not sent: email type is disabled CONTEXT: {"email_type":"customer_note","status":"disabled","recipient":"ranishan","order":81675}
2026-08-12T13:28:55+00:00 NOTICE Email "customer_note" for order #81676 not sent: email type is disabled CONTEXT: {"email_type":"customer_note","status":"disabled","recipient":"susilastephenraj","order":81676}
2026-08-12T13:30:43+00:00 NOTICE Email "customer_note" for order #81677 not sent: email type is disabled CONTEXT: {"email_type":"customer_note","status":"disabled","recipient":"siddarth01","order":81677}
2026-08-12T13:30:48+00:00 NOTICE Email "customer_note" for order #81678 not sent: email type is disabled CONTEXT: {"email_type":"customer_note","status":"disabled","recipient":"deepiga09","order":81678}
2026-08-12T13:30:54+00:00 NOTICE Email "customer_note" for order #81679 not sent: email type is disabled CONTEXT: {"email_type":"customer_note","status":"disabled","recipient":"priyas.2800","order":81679}
2026-08-12T13:32:05+00:00 NOTICE Email "customer_note" for order #81680 not sent: email type is disabled CONTEXT: {"email_type":"customer_note","status":"disabled","recipient":"docpriti","order":81680}
2026-08-12T13:32:11+00:00 NOTICE Email "customer_note" for order #81681 not sent: email type is disabled CONTEXT: {"email_type":"customer_note","status":"disabled","recipient":"docpriti","order":81681}
2026-08-12T13:33:37+00:00 NOTICE Email "customer_note" for order #81682 not sent: email type is disabled CONTEXT: {"email_type":"customer_note","status":"disabled","recipient":"ksprem1215","order":81682}
2026-08-12T13:33:42+00:00 NOTICE Email "customer_note" for order #81683 not sent: email type is disabled CONTEXT: {"email_type":"customer_note","status":"disabled","recipient":"akilasaravankumar","order":81683}
2026-08-12T13:33:48+00:00 NOTICE Email "customer_note" for order #81684 not sent: email type is disabled CONTEXT: {"email_type":"customer_note","status":"disabled","recipient":"phanibalusu3","order":81684}
2026-08-12T13:33:54+00:00 NOTICE Email "customer_note" for order #81685 not sent: email type is disabled CONTEXT: {"email_type":"customer_note","status":"disabled","recipient":"sanjaytathed","order":81685}
2026-08-12T13:33:59+00:00 NOTICE Email "customer_note" for order #81686 not sent: email type is disabled CONTEXT: {"email_type":"customer_note","status":"disabled","recipient":"rbkgayathri","order":81686}
2026-08-12T13:34:23+00:00 NOTICE Email "customer_note" for order #81687 not sent: email type is disabled CONTEXT: {"email_type":"customer_note","status":"disabled","recipient":"jsamar24","order":81687}
2026-08-12T13:34:28+00:00 NOTICE Email "customer_note" for order #81688 not sent: email type is disabled CONTEXT: {"email_type":"customer_note","status":"disabled","recipient":"balakrishnaharaiharian","order":81688}
2026-08-12T13:34:34+00:00 NOTICE Email "customer_note" for order #81689 not sent: email type is disabled CONTEXT: {"email_type":"customer_note","status":"disabled","recipient":"lavaledshiva17","order":81689}
2026-08-12T13:34:51+00:00 NOTICE Email "customer_note" for order #81690 not sent: email type is disabled CONTEXT: {"email_type":"customer_note","status":"disabled","recipient":"satish1982","order":81690}
2026-08-12T13:34:57+00:00 NOTICE Email "customer_note" for order #81691 not sent: email type is disabled CONTEXT: {"email_type":"customer_note","status":"disabled","recipient":"rajalakshmi.email","order":81691}
2026-08-12T13:35:03+00:00 NOTICE Email "customer_note" for order #81692 not sent: email type is disabled CONTEXT: {"email_type":"customer_note","status":"disabled","recipient":"rajalakshmi.email","order":81692}
2026-08-12T13:35:20+00:00 NOTICE Email "customer_note" for order #81693 not sent: email type is disabled CONTEXT: {"email_type":"customer_note","status":"disabled","recipient":"varadhanmanibala20","order":81693}
2026-08-12T13:35:26+00:00 NOTICE Email "customer_note" for order #81694 not sent: email type is disabled CONTEXT: {"email_type":"customer_note","status":"disabled","recipient":"sindhushanker","order":81694}
2026-08-12T13:36:07+00:00 INFO Email "customer_new_account" for user #1615 sent CONTEXT: {"email_type":"customer_new_account","status":"sent","recipient":"Dinesh Kumar","user":1615}
2026-08-12T13:37:21+00:00 NOTICE Email "customer_note" for order #81695 not sent: email type is disabled CONTEXT: {"email_type":"customer_note","status":"disabled","recipient":"sudhakumar5577","order":81695}
2026-08-12T13:37:27+00:00 NOTICE Email "customer_note" for order #81696 not sent: email type is disabled CONTEXT: {"email_type":"customer_note","status":"disabled","recipient":"drmani76","order":81696}
2026-08-12T13:39:14+00:00 NOTICE Email "new_order" for order #81697 not sent: email type is disabled CONTEXT: {"email_type":"new_order","status":"disabled","recipient":"Admin_Madrasmilk","order":81697}
2026-08-12T13:39:14+00:00 NOTICE Email "customer_processing_order" for order #81697 not sent: email type is disabled CONTEXT: {"email_type":"customer_processing_order","status":"disabled","recipient":"Dinesh Kumar","order":81697}
2026-08-12T13:39:21+00:00 NOTICE Email "customer_note" for order #81698 not sent: email type is disabled CONTEXT: {"email_type":"customer_note","status":"disabled","recipient":"vchamundeswari1999","order":81698}
2026-08-12T13:39:27+00:00 NOTICE Email "customer_note" for order #81699 not sent: email type is disabled CONTEXT: {"email_type":"customer_note","status":"disabled","recipient":"dab3344.3344","order":81699}
2026-08-12T13:42:10+00:00 NOTICE Email "customer_note" for order #81700 not sent: email type is disabled CONTEXT: {"email_type":"customer_note","status":"disabled","recipient":"shravan.bangaru2022","order":81700}
2026-08-12T13:42:16+00:00 NOTICE Email "customer_note" for order #81701 not sent: email type is disabled CONTEXT: {"email_type":"customer_note","status":"disabled","recipient":"jyothireddyganuthula","order":81701}
2026-08-12T13:43:30+00:00 NOTICE Email "customer_note" for order #81702 not sent: email type is disabled CONTEXT: {"email_type":"customer_note","status":"disabled","recipient":"rushilbothra4","order":81702}
2026-08-12T13:43:36+00:00 NOTICE Email "customer_note" for order #81703 not sent: email type is disabled CONTEXT: {"email_type":"customer_note","status":"disabled","recipient":"ravisankar_k2000","order":81703}
2026-08-12T13:44:48+00:00 NOTICE Email "customer_note" for order #81704 not sent: email type is disabled CONTEXT: {"email_type":"customer_note","status":"disabled","recipient":"vp.doss28","order":81704}
2026-08-12T13:46:47+00:00 NOTICE Email "customer_note" for order #81705 not sent: email type is disabled CONTEXT: {"email_type":"customer_note","status":"disabled","recipient":"k46105012","order":81705}
2026-08-12T13:46:54+00:00 NOTICE Email "customer_note" for order #81706 not sent: email type is disabled CONTEXT: {"email_type":"customer_note","status":"disabled","recipient":"kedsca2503","order":81706}
2026-08-12T13:49:10+00:00 NOTICE Email "customer_note" for order #81707 not sent: email type is disabled CONTEXT: {"email_type":"customer_note","status":"disabled","recipient":"viji.kirthi","order":81707}
2026-08-12T13:49:15+00:00 NOTICE Email "customer_note" for order #81708 not sent: email type is disabled CONTEXT: {"email_type":"customer_note","status":"disabled","recipient":"koushikrishna07","order":81708}
2026-08-12T13:50:14+00:00 NOTICE Email "customer_note" for order #81709 not sent: email type is disabled CONTEXT: {"email_type":"customer_note","status":"disabled","recipient":"arunba2991","order":81709}
2026-08-12T13:50:19+00:00 NOTICE Email "customer_note" for order #81710 not sent: email type is disabled CONTEXT: {"email_type":"customer_note","status":"disabled","recipient":"shwethabalaji.asbs","order":81710}
2026-08-12T13:52:17+00:00 NOTICE Email "customer_note" for order #81711 not sent: email type is disabled CONTEXT: {"email_type":"customer_note","status":"disabled","recipient":"rishubjj","order":81711}
2026-08-12T13:52:22+00:00 NOTICE Email "customer_note" for order #81712 not sent: email type is disabled CONTEXT: {"email_type":"customer_note","status":"disabled","recipient":"iamnitheeshck","order":81712}
2026-08-12T13:52:27+00:00 NOTICE Email "customer_note" for order #81713 not sent: email type is disabled CONTEXT: {"email_type":"customer_note","status":"disabled","recipient":"umarsalaluddin","order":81713}
2026-08-12T13:54:05+00:00 NOTICE Email "customer_note" for order #81714 not sent: email type is disabled CONTEXT: {"email_type":"customer_note","status":"disabled","recipient":"aranarjun007","order":81714}
2026-08-12T13:54:10+00:00 NOTICE Email "customer_note" for order #81715 not sent: email type is disabled CONTEXT: {"email_type":"customer_note","status":"disabled","recipient":"shayanareddy","order":81715}
2026-08-12T13:56:17+00:00 NOTICE Email "customer_note" for order #81716 not sent: email type is disabled CONTEXT: {"email_type":"customer_note","status":"disabled","recipient":"jalaj.sm","order":81716}
2026-08-12T13:56:23+00:00 NOTICE Email "customer_note" for order #81717 not sent: email type is disabled CONTEXT: {"email_type":"customer_note","status":"disabled","recipient":"hayiamarvind","order":81717}
2026-08-12T13:57:32+00:00 NOTICE Email "customer_note" for order #81718 not sent: email type is disabled CONTEXT: {"email_type":"customer_note","status":"disabled","recipient":"sidharthan4594","order":81718}
2026-08-12T13:57:38+00:00 NOTICE Email "customer_note" for order #81719 not sent: email type is disabled CONTEXT: {"email_type":"customer_note","status":"disabled","recipient":"cpamma","order":81719}
2026-08-12T14:00:01+00:00 NOTICE Email "customer_note" for order #81720 not sent: email type is disabled CONTEXT: {"email_type":"customer_note","status":"disabled","recipient":"vishnupriya.krishna","order":81720}
2026-08-12T14:00:07+00:00 NOTICE Email "customer_note" for order #81721 not sent: email type is disabled CONTEXT: {"email_type":"customer_note","status":"disabled","recipient":"sel.shan2","order":81721}
2026-08-12T14:01:32+00:00 NOTICE Email "customer_note" for order #81722 not sent: email type is disabled CONTEXT: {"email_type":"customer_note","status":"disabled","recipient":"indigoyuva","order":81722}
2026-08-12T14:01:38+00:00 NOTICE Email "customer_note" for order #81723 not sent: email type is disabled CONTEXT: {"email_type":"customer_note","status":"disabled","recipient":"jenydarling2897","order":81723}
2026-08-12T14:04:01+00:00 NOTICE Email "customer_note" for order #81724 not sent: email type is disabled CONTEXT: {"email_type":"customer_note","status":"disabled","recipient":"accounts","order":81724}
2026-08-12T14:05:28+00:00 INFO Email "customer_new_account" for user #1616 sent CONTEXT: {"email_type":"customer_new_account","status":"sent","recipient":"Deepika","user":1616}
2026-08-12T14:05:46+00:00 NOTICE Email "customer_note" for order #81725 not sent: email type is disabled CONTEXT: {"email_type":"customer_note","status":"disabled","recipient":"hemadricpc","order":81725}
2026-08-12T14:05:52+00:00 NOTICE Email "customer_note" for order #81726 not sent: email type is disabled CONTEXT: {"email_type":"customer_note","status":"disabled","recipient":"ilakkiyaasp","order":81726}
2026-08-12T14:07:40+00:00 NOTICE Email "customer_note" for order #81727 not sent: email type is disabled CONTEXT: {"email_type":"customer_note","status":"disabled","recipient":"syedmushtaqahmed","order":81727}
2026-08-12T14:09:40+00:00 NOTICE Email "customer_note" for order #81728 not sent: email type is disabled CONTEXT: {"email_type":"customer_note","status":"disabled","recipient":"nambibiz","order":81728}
2026-08-12T14:09:46+00:00 NOTICE Email "customer_note" for order #81729 not sent: email type is disabled CONTEXT: {"email_type":"customer_note","status":"disabled","recipient":"9444925093","order":81729}
2026-08-12T14:11:28+00:00 NOTICE Email "customer_note" for order #81730 not sent: email type is disabled CONTEXT: {"email_type":"customer_note","status":"disabled","recipient":"lalithapatnaik15","order":81730}
2026-08-12T14:12:36+00:00 NOTICE Email "customer_note" for order #81731 not sent: email type is disabled CONTEXT: {"email_type":"customer_note","status":"disabled","recipient":"chalam666","order":81731}
2026-08-12T14:15:11+00:00 NOTICE Email "customer_note" for order #81733 not sent: email type is disabled CONTEXT: {"email_type":"customer_note","status":"disabled","recipient":"vikramhari2001","order":81733}
2026-08-12T14:15:17+00:00 NOTICE Email "customer_note" for order #81734 not sent: email type is disabled CONTEXT: {"email_type":"customer_note","status":"disabled","recipient":"ravkumrs","order":81734}
2026-08-12T14:17:29+00:00 NOTICE Email "customer_note" for order #81736 not sent: email type is disabled CONTEXT: {"email_type":"customer_note","status":"disabled","recipient":"prathyusadam","order":81736}
2026-08-12T14:17:35+00:00 NOTICE Email "customer_note" for order #81737 not sent: email type is disabled CONTEXT: {"email_type":"customer_note","status":"disabled","recipient":"amurali65","order":81737}
2026-08-12T14:19:30+00:00 NOTICE Email "customer_note" for order #81738 not sent: email type is disabled CONTEXT: {"email_type":"customer_note","status":"disabled","recipient":"sridhar_a_hll","order":81738}
2026-08-12T14:19:35+00:00 NOTICE Email "customer_note" for order #81739 not sent: email type is disabled CONTEXT: {"email_type":"customer_note","status":"disabled","recipient":"mohankishore80","order":81739}
2026-08-12T14:21:32+00:00 NOTICE Email "customer_note" for order #81740 not sent: email type is disabled CONTEXT: {"email_type":"customer_note","status":"disabled","recipient":"jananifootball","order":81740}
2026-08-12T14:21:37+00:00 NOTICE Email "customer_note" for order #81741 not sent: email type is disabled CONTEXT: {"email_type":"customer_note","status":"disabled","recipient":"Sidharth test","order":81741}
2026-08-12T14:23:32+00:00 NOTICE Email "customer_note" for order #81742 not sent: email type is disabled CONTEXT: {"email_type":"customer_note","status":"disabled","recipient":"sanjaytathed","order":81742}
2026-08-12T14:23:38+00:00 NOTICE Email "customer_note" for order #81743 not sent: email type is disabled CONTEXT: {"email_type":"customer_note","status":"disabled","recipient":"lnair01","order":81743}
2026-08-12T14:27:35+00:00 NOTICE Email "customer_note" for order #81744 not sent: email type is disabled CONTEXT: {"email_type":"customer_note","status":"disabled","recipient":"an.sid2212","order":81744}
2026-08-12T14:27:41+00:00 NOTICE Email "customer_note" for order #81745 not sent: email type is disabled CONTEXT: {"email_type":"customer_note","status":"disabled","recipient":"an.sid2212","order":81745}
2026-08-12T14:29:08+00:00 NOTICE Email "customer_note" for order #81746 not sent: email type is disabled CONTEXT: {"email_type":"customer_note","status":"disabled","recipient":"poducipriya","order":81746}
2026-08-12T14:29:14+00:00 NOTICE Email "customer_note" for order #81747 not sent: email type is disabled CONTEXT: {"email_type":"customer_note","status":"disabled","recipient":"9514140417","order":81747}
2026-08-12T14:30:45+00:00 NOTICE Email "customer_note" for order #81748 not sent: email type is disabled CONTEXT: {"email_type":"customer_note","status":"disabled","recipient":"ayisha03","order":81748}
2026-08-12T14:31:02+00:00 INFO Email "customer_refunded_order" for order #81564 sent CONTEXT: {"email_type":"customer_refunded_order","status":"sent","recipient":"jsridhar00","order":81564}
2026-08-12T14:32:29+00:00 NOTICE Email "customer_note" for order #81750 not sent: email type is disabled CONTEXT: {"email_type":"customer_note","status":"disabled","recipient":"nmk369","order":81750}
2026-08-12T14:32:35+00:00 NOTICE Email "customer_note" for order #81751 not sent: email type is disabled CONTEXT: {"email_type":"customer_note","status":"disabled","recipient":"9444925093","order":81751}
2026-08-12T14:33:43+00:00 NOTICE Email "customer_note" for order #81752 not sent: email type is disabled CONTEXT: {"email_type":"customer_note","status":"disabled","recipient":"ashok.muthana","order":81752}
2026-08-12T14:33:48+00:00 NOTICE Email "customer_note" for order #81753 not sent: email type is disabled CONTEXT: {"email_type":"customer_note","status":"disabled","recipient":"ravikiranalam","order":81753}
2026-08-12T14:33:53+00:00 NOTICE Email "customer_note" for order #81754 not sent: email type is disabled CONTEXT: {"email_type":"customer_note","status":"disabled","recipient":"8355.akashr","order":81754}
2026-08-12T14:35:49+00:00 NOTICE Email "customer_note" for order #81755 not sent: email type is disabled CONTEXT: {"email_type":"customer_note","status":"disabled","recipient":"Mahendar.s","order":81755}
2026-08-12T14:35:55+00:00 NOTICE Email "customer_note" for order #81756 not sent: email type is disabled CONTEXT: {"email_type":"customer_note","status":"disabled","recipient":"sreevidhyaselvarajan","order":81756}
2026-08-12T14:37:19+00:00 NOTICE Email "customer_note" for order #81757 not sent: email type is disabled CONTEXT: {"email_type":"customer_note","status":"disabled","recipient":"sel.shan2","order":81757}
2026-08-12T14:37:25+00:00 NOTICE Email "customer_note" for order #81758 not sent: email type is disabled CONTEXT: {"email_type":"customer_note","status":"disabled","recipient":"sridhar_a_hll","order":81758}
2026-08-12T14:40:39+00:00 INFO Email "cancelled_subscription" for order #81761 sent CONTEXT: {"email_type":"cancelled_subscription","status":"sent","recipient":"Admin_Madrasmilk","order":81761}
2026-08-12T14:41:45+00:00 INFO Email "customer_new_account" for user #1617 sent CONTEXT: {"email_type":"customer_new_account","status":"sent","recipient":"Goutham","user":1617}
2026-08-12T14:43:09+00:00 INFO Email "cancelled_subscription" for order #81764 sent CONTEXT: {"email_type":"cancelled_subscription","status":"sent","recipient":"Admin_Madrasmilk","order":81764}
2026-08-12T14:49:55+00:00 NOTICE Email "customer_note" for order #81766 not sent: email type is disabled CONTEXT: {"email_type":"customer_note","status":"disabled","recipient":"rohinirvarma","order":81766}
2026-08-12T14:51:56+00:00 NOTICE Email "customer_note" for order #81767 not sent: email type is disabled CONTEXT: {"email_type":"customer_note","status":"disabled","recipient":"tanugaur","order":81767}
2026-08-12T14:52:02+00:00 NOTICE Email "customer_note" for order #81768 not sent: email type is disabled CONTEXT: {"email_type":"customer_note","status":"disabled","recipient":"tanugaur","order":81768}
2026-08-12T14:55:50+00:00 INFO Email "customer_new_account" for user #1618 sent CONTEXT: {"email_type":"customer_new_account","status":"sent","recipient":"Aravind Kesavan","user":1618}
2026-08-12T14:56:35+00:00 NOTICE Email "customer_note" for order #81771 not sent: email type is disabled CONTEXT: {"email_type":"customer_note","status":"disabled","recipient":"joanjeroline","order":81771}
2026-08-12T14:56:40+00:00 NOTICE Email "customer_note" for order #81772 not sent: email type is disabled CONTEXT: {"email_type":"customer_note","status":"disabled","recipient":"balajinikhila","order":81772}
2026-08-12T14:57:46+00:00 NOTICE Email "customer_note" for order #81773 not sent: email type is disabled CONTEXT: {"email_type":"customer_note","status":"disabled","recipient":"getvichu2000","order":81773}
2026-08-12T14:57:52+00:00 NOTICE Email "customer_note" for order #81774 not sent: email type is disabled CONTEXT: {"email_type":"customer_note","status":"disabled","recipient":"sndas108","order":81774}
2026-08-12T15:12:13+00:00 NOTICE Email "customer_note" for order #81777 not sent: email type is disabled CONTEXT: {"email_type":"customer_note","status":"disabled","recipient":"durgasivakumar","order":81777}
2026-08-12T15:14:14+00:00 NOTICE Email "customer_note" for order #81778 not sent: email type is disabled CONTEXT: {"email_type":"customer_note","status":"disabled","recipient":"nals1428","order":81778}
2026-08-12T15:14:20+00:00 NOTICE Email "customer_note" for order #81779 not sent: email type is disabled CONTEXT: {"email_type":"customer_note","status":"disabled","recipient":"indu_pandurangan","order":81779}
2026-08-12T15:16:15+00:00 NOTICE Email "customer_note" for order #81780 not sent: email type is disabled CONTEXT: {"email_type":"customer_note","status":"disabled","recipient":"vaikarthi","order":81780}
2026-08-12T15:17:46+00:00 NOTICE Email "customer_note" for order #81781 not sent: email type is disabled CONTEXT: {"email_type":"customer_note","status":"disabled","recipient":"kantsrik","order":81781}
2026-08-12T15:19:47+00:00 NOTICE Email "customer_note" for order #81782 not sent: email type is disabled CONTEXT: {"email_type":"customer_note","status":"disabled","recipient":"sndas108","order":81782}
2026-08-12T15:20:55+00:00 NOTICE Email "customer_note" for order #81784 not sent: email type is disabled CONTEXT: {"email_type":"customer_note","status":"disabled","recipient":"drnarenkarthik","order":81784}
2026-08-12T15:21:01+00:00 NOTICE Email "customer_note" for order #81785 not sent: email type is disabled CONTEXT: {"email_type":"customer_note","status":"disabled","recipient":"sujata_raman","order":81785}
2026-08-12T15:22:36+00:00 NOTICE Email "customer_note" for order #81786 not sent: email type is disabled CONTEXT: {"email_type":"customer_note","status":"disabled","recipient":"rtdhinakar","order":81786}
2026-08-12T15:22:42+00:00 NOTICE Email "customer_note" for order #81787 not sent: email type is disabled CONTEXT: {"email_type":"customer_note","status":"disabled","recipient":"shivanilank1312","order":81787}
2026-08-12T15:24:09+00:00 NOTICE Email "customer_note" for order #81788 not sent: email type is disabled CONTEXT: {"email_type":"customer_note","status":"disabled","recipient":"gotosurya","order":81788}
2026-08-12T15:24:15+00:00 NOTICE Email "customer_note" for order #81789 not sent: email type is disabled CONTEXT: {"email_type":"customer_note","status":"disabled","recipient":"gotosurya","order":81789}
2026-08-12T15:25:35+00:00 NOTICE Email "customer_note" for order #81790 not sent: email type is disabled CONTEXT: {"email_type":"customer_note","status":"disabled","recipient":"saipadmarajen","order":81790}
2026-08-12T15:27:35+00:00 NOTICE Email "customer_note" for order #81791 not sent: email type is disabled CONTEXT: {"email_type":"customer_note","status":"disabled","recipient":"ssmanister","order":81791}
2026-08-12T15:27:41+00:00 NOTICE Email "customer_note" for order #81792 not sent: email type is disabled CONTEXT: {"email_type":"customer_note","status":"disabled","recipient":"kpraneeth","order":81792}
2026-08-12T15:28:39+00:00 NOTICE Email "customer_note" for order #81794 not sent: email type is disabled CONTEXT: {"email_type":"customer_note","status":"disabled","recipient":"giri.ramamoorthy","order":81794}
2026-08-12T15:28:44+00:00 NOTICE Email "customer_note" for order #81795 not sent: email type is disabled CONTEXT: {"email_type":"customer_note","status":"disabled","recipient":"maha.prakrti","order":81795}
2026-08-12T15:29:58+00:00 INFO Email "customer_refunded_order" for order #81456 sent CONTEXT: {"email_type":"customer_refunded_order","status":"sent","recipient":"dineshbaskaran","order":81456}
2026-08-12T15:30:38+00:00 NOTICE Email "customer_note" for order #81797 not sent: email type is disabled CONTEXT: {"email_type":"customer_note","status":"disabled","recipient":"gayatrid17","order":81797}
2026-08-12T15:30:45+00:00 NOTICE Email "customer_note" for order #81798 not sent: email type is disabled CONTEXT: {"email_type":"customer_note","status":"disabled","recipient":"harin5000","order":81798}
2026-08-12T15:31:50+00:00 NOTICE Email "customer_note" for order #81799 not sent: email type is disabled CONTEXT: {"email_type":"customer_note","status":"disabled","recipient":"anushajinadas","order":81799}
2026-08-12T15:31:55+00:00 NOTICE Email "customer_note" for order #81800 not sent: email type is disabled CONTEXT: {"email_type":"customer_note","status":"disabled","recipient":"ganes.s","order":81800}
2026-08-12T15:33:36+00:00 NOTICE Email "customer_note" for order #81801 not sent: email type is disabled CONTEXT: {"email_type":"customer_note","status":"disabled","recipient":"shankar.b1987","order":81801}
2026-08-12T15:33:51+00:00 INFO Email "customer_refunded_order" for order #81125 sent CONTEXT: {"email_type":"customer_refunded_order","status":"sent","recipient":"prathyusadam","order":81125}
2026-08-12T15:35:04+00:00 NOTICE Email "customer_note" for order #81803 not sent: email type is disabled CONTEXT: {"email_type":"customer_note","status":"disabled","recipient":"aparna.saravananj","order":81803}
2026-08-12T15:36:41+00:00 NOTICE Email "customer_note" for order #81806 not sent: email type is disabled CONTEXT: {"email_type":"customer_note","status":"disabled","recipient":"asokachelliah","order":81806}
2026-08-12T15:36:46+00:00 NOTICE Email "customer_note" for order #81807 not sent: email type is disabled CONTEXT: {"email_type":"customer_note","status":"disabled","recipient":"ranjithjegan","order":81807}
2026-08-12T15:36:52+00:00 NOTICE Email "customer_note" for order #81808 not sent: email type is disabled CONTEXT: {"email_type":"customer_note","status":"disabled","recipient":"rosanuru","order":81808}
2026-08-12T15:36:56+00:00 INFO Email "customer_refunded_order" for order #81805 sent CONTEXT: {"email_type":"customer_refunded_order","status":"sent","recipient":"naveen.durai92","order":81805}
2026-08-12T15:38:09+00:00 NOTICE Email "customer_note" for order #81810 not sent: email type is disabled CONTEXT: {"email_type":"customer_note","status":"disabled","recipient":"thirumal.valavan","order":81810}
2026-08-12T15:38:14+00:00 NOTICE Email "customer_note" for order #81811 not sent: email type is disabled CONTEXT: {"email_type":"customer_note","status":"disabled","recipient":"arunivf","order":81811}
2026-08-12T15:38:19+00:00 NOTICE Email "customer_note" for order #81812 not sent: email type is disabled CONTEXT: {"email_type":"customer_note","status":"disabled","recipient":"tpkiruthika","order":81812}
2026-08-12T15:41:33+00:00 NOTICE Email "customer_note" for order #81814 not sent: email type is disabled CONTEXT: {"email_type":"customer_note","status":"disabled","recipient":"rshankar79","order":81814}
2026-08-12T15:41:38+00:00 NOTICE Email "customer_note" for order #81815 not sent: email type is disabled CONTEXT: {"email_type":"customer_note","status":"disabled","recipient":"sviji24","order":81815}
2026-08-12T15:42:36+00:00 NOTICE Email "customer_note" for order #81817 not sent: email type is disabled CONTEXT: {"email_type":"customer_note","status":"disabled","recipient":"subhra.hindu","order":81817}
2026-08-12T15:42:42+00:00 NOTICE Email "customer_note" for order #81818 not sent: email type is disabled CONTEXT: {"email_type":"customer_note","status":"disabled","recipient":"rajeswa2","order":81818}
2026-08-12T15:42:47+00:00 NOTICE Email "customer_note" for order #81819 not sent: email type is disabled CONTEXT: {"email_type":"customer_note","status":"disabled","recipient":"rajeswa2","order":81819}
2026-08-12T15:44:37+00:00 NOTICE Email "customer_note" for order #81820 not sent: email type is disabled CONTEXT: {"email_type":"customer_note","status":"disabled","recipient":"rrnath72","order":81820}
2026-08-12T15:44:43+00:00 NOTICE Email "customer_note" for order #81821 not sent: email type is disabled CONTEXT: {"email_type":"customer_note","status":"disabled","recipient":"sankar.nx","order":81821}
2026-08-12T15:44:48+00:00 NOTICE Email "customer_note" for order #81822 not sent: email type is disabled CONTEXT: {"email_type":"customer_note","status":"disabled","recipient":"jenibanancy","order":81822}
2026-08-12T15:46:36+00:00 NOTICE Email "customer_note" for order #81823 not sent: email type is disabled CONTEXT: {"email_type":"customer_note","status":"disabled","recipient":"mail2anantha","order":81823}
2026-08-12T15:46:41+00:00 NOTICE Email "customer_note" for order #81824 not sent: email type is disabled CONTEXT: {"email_type":"customer_note","status":"disabled","recipient":"r.sasankan","order":81824}
2026-08-12T15:46:46+00:00 NOTICE Email "customer_note" for order #81825 not sent: email type is disabled CONTEXT: {"email_type":"customer_note","status":"disabled","recipient":"lakshmiwai","order":81825}
2026-08-12T15:48:38+00:00 NOTICE Email "customer_note" for order #81826 not sent: email type is disabled CONTEXT: {"email_type":"customer_note","status":"disabled","recipient":"lakshmipunna","order":81826}
2026-08-12T15:48:44+00:00 NOTICE Email "customer_note" for order #81827 not sent: email type is disabled CONTEXT: {"email_type":"customer_note","status":"disabled","recipient":"ssreddy","order":81827}
2026-08-12T15:48:49+00:00 NOTICE Email "customer_note" for order #81828 not sent: email type is disabled CONTEXT: {"email_type":"customer_note","status":"disabled","recipient":"nspriya14","order":81828}
2026-08-12T15:50:02+00:00 NOTICE Email "customer_note" for order #81829 not sent: email type is disabled CONTEXT: {"email_type":"customer_note","status":"disabled","recipient":"rajani.seshadri","order":81829}
2026-08-12T15:50:08+00:00 NOTICE Email "customer_note" for order #81830 not sent: email type is disabled CONTEXT: {"email_type":"customer_note","status":"disabled","recipient":"kannan.m84","order":81830}
2026-08-12T15:51:35+00:00 NOTICE Email "customer_note" for order #81831 not sent: email type is disabled CONTEXT: {"email_type":"customer_note","status":"disabled","recipient":"kannan.m84","order":81831}
2026-08-12T15:51:40+00:00 NOTICE Email "customer_note" for order #81832 not sent: email type is disabled CONTEXT: {"email_type":"customer_note","status":"disabled","recipient":"sujathasathyanarayanan","order":81832}
2026-08-12T15:51:45+00:00 NOTICE Email "customer_note" for order #81833 not sent: email type is disabled CONTEXT: {"email_type":"customer_note","status":"disabled","recipient":"krish2407","order":81833}
2026-08-12T15:53:22+00:00 NOTICE Email "customer_note" for order #81835 not sent: email type is disabled CONTEXT: {"email_type":"customer_note","status":"disabled","recipient":"rvsbell","order":81835}
2026-08-12T15:53:27+00:00 NOTICE Email "customer_note" for order #81836 not sent: email type is disabled CONTEXT: {"email_type":"customer_note","status":"disabled","recipient":"ravishankarpv23","order":81836}
2026-08-12T15:54:35+00:00 NOTICE Email "customer_note" for order #81837 not sent: email type is disabled CONTEXT: {"email_type":"customer_note","status":"disabled","recipient":"sugu4u","order":81837}
2026-08-12T15:54:41+00:00 NOTICE Email "customer_note" for order #81838 not sent: email type is disabled CONTEXT: {"email_type":"customer_note","status":"disabled","recipient":"v.vandhana17","order":81838}
2026-08-12T15:54:46+00:00 NOTICE Email "customer_note" for order #81839 not sent: email type is disabled CONTEXT: {"email_type":"customer_note","status":"disabled","recipient":"bmanjudevi","order":81839}
2026-08-12T15:55:26+00:00 INFO Email "customer_refunded_order" for order #81784 sent CONTEXT: {"email_type":"customer_refunded_order","status":"sent","recipient":"drnarenkarthik","order":81784}
2026-08-12T15:56:49+00:00 NOTICE Email "customer_note" for order #81841 not sent: email type is disabled CONTEXT: {"email_type":"customer_note","status":"disabled","recipient":"rkarthikeyan1511","order":81841}
2026-08-12T15:56:55+00:00 NOTICE Email "customer_note" for order #81842 not sent: email type is disabled CONTEXT: {"email_type":"customer_note","status":"disabled","recipient":"adline.jeni","order":81842}
2026-08-12T15:57:52+00:00 NOTICE Email "customer_note" for order #81843 not sent: email type is disabled CONTEXT: {"email_type":"customer_note","status":"disabled","recipient":"suganyagopuk","order":81843}
2026-08-12T15:57:57+00:00 NOTICE Email "customer_note" for order #81845 not sent: email type is disabled CONTEXT: {"email_type":"customer_note","status":"disabled","recipient":"tanzary","order":81845}
2026-08-12T15:58:00+00:00 INFO Email "customer_refunded_order" for order #81465 sent CONTEXT: {"email_type":"customer_refunded_order","status":"sent","recipient":"nagarjunagarige","order":81465}
2026-08-12T15:58:03+00:00 NOTICE Email "customer_note" for order #81846 not sent: email type is disabled CONTEXT: {"email_type":"customer_note","status":"disabled","recipient":"jayshree_kannan","order":81846}
2026-08-12T15:58:38+00:00 NOTICE Email "customer_note" for order #81847 not sent: email type is disabled CONTEXT: {"email_type":"customer_note","status":"disabled","recipient":"nyolapriya","order":81847}
2026-08-12T15:58:45+00:00 NOTICE Email "customer_note" for order #81848 not sent: email type is disabled CONTEXT: {"email_type":"customer_note","status":"disabled","recipient":"krishnan.gnv","order":81848}
2026-08-12T15:59:57+00:00 NOTICE Email "customer_note" for order #81849 not sent: email type is disabled CONTEXT: {"email_type":"customer_note","status":"disabled","recipient":"karthikkoti","order":81849}
2026-08-12T16:00:03+00:00 NOTICE Email "customer_note" for order #81850 not sent: email type is disabled CONTEXT: {"email_type":"customer_note","status":"disabled","recipient":"viddhari","order":81850}
2026-08-12T16:00:48+00:00 INFO Email "customer_refunded_order" for order #81452 sent CONTEXT: {"email_type":"customer_refunded_order","status":"sent","recipient":"sameerkumar.vn","order":81452}
2026-08-12T16:01:35+00:00 NOTICE Email "customer_note" for order #81852 not sent: email type is disabled CONTEXT: {"email_type":"customer_note","status":"disabled","recipient":"rviji.1092","order":81852}
2026-08-12T16:01:41+00:00 NOTICE Email "customer_note" for order #81853 not sent: email type is disabled CONTEXT: {"email_type":"customer_note","status":"disabled","recipient":"karthikonline","order":81853}
2026-08-12T16:01:46+00:00 NOTICE Email "customer_note" for order #81854 not sent: email type is disabled CONTEXT: {"email_type":"customer_note","status":"disabled","recipient":"smriti166","order":81854}
2026-08-12T16:03:07+00:00 NOTICE Email "customer_note" for order #81856 not sent: email type is disabled CONTEXT: {"email_type":"customer_note","status":"disabled","recipient":"anuranjan","order":81856}
2026-08-12T16:03:13+00:00 NOTICE Email "customer_note" for order #81857 not sent: email type is disabled CONTEXT: {"email_type":"customer_note","status":"disabled","recipient":"renga.devarajan","order":81857}
2026-08-12T16:03:19+00:00 NOTICE Email "customer_note" for order #81858 not sent: email type is disabled CONTEXT: {"email_type":"customer_note","status":"disabled","recipient":"ravilochananiyengar","order":81858}
2026-08-12T16:03:43+00:00 INFO Email "customer_refunded_order" for order #81529 sent CONTEXT: {"email_type":"customer_refunded_order","status":"sent","recipient":"kmmdis","order":81529}
2026-08-12T16:04:35+00:00 NOTICE Email "customer_note" for order #81860 not sent: email type is disabled CONTEXT: {"email_type":"customer_note","status":"disabled","recipient":"ashval81","order":81860}
2026-08-12T16:04:41+00:00 NOTICE Email "customer_note" for order #81861 not sent: email type is disabled CONTEXT: {"email_type":"customer_note","status":"disabled","recipient":"mohideen.aai","order":81861}
2026-08-12T16:06:17+00:00 NOTICE Email "customer_note" for order #81862 not sent: email type is disabled CONTEXT: {"email_type":"customer_note","status":"disabled","recipient":"mrinal1.618","order":81862}
2026-08-12T16:06:24+00:00 NOTICE Email "customer_note" for order #81863 not sent: email type is disabled CONTEXT: {"email_type":"customer_note","status":"disabled","recipient":"srinowin","order":81863}
2026-08-12T16:07:21+00:00 INFO Email "cancelled_subscription" for order #58897 sent CONTEXT: {"email_type":"cancelled_subscription","status":"sent","recipient":"Admin_Madrasmilk","order":58897}
2026-08-12T16:07:39+00:00 NOTICE Email "customer_note" for order #81864 not sent: email type is disabled CONTEXT: {"email_type":"customer_note","status":"disabled","recipient":"nmn.gceb","order":81864}
2026-08-12T16:07:45+00:00 NOTICE Email "customer_note" for order #81865 not sent: email type is disabled CONTEXT: {"email_type":"customer_note","status":"disabled","recipient":"gramyanataraj","order":81865}
2026-08-12T16:07:50+00:00 NOTICE Email "customer_note" for order #81866 not sent: email type is disabled CONTEXT: {"email_type":"customer_note","status":"disabled","recipient":"gowrisubha.s","order":81866}
2026-08-12T16:09:23+00:00 NOTICE Email "customer_note" for order #81867 not sent: email type is disabled CONTEXT: {"email_type":"customer_note","status":"disabled","recipient":"anand183","order":81867}
2026-08-12T16:09:28+00:00 NOTICE Email "customer_note" for order #81868 not sent: email type is disabled CONTEXT: {"email_type":"customer_note","status":"disabled","recipient":"viswa22","order":81868}
2026-08-12T16:10:36+00:00 NOTICE Email "customer_note" for order #81869 not sent: email type is disabled CONTEXT: {"email_type":"customer_note","status":"disabled","recipient":"guest","order":81869}
2026-08-12T16:12:27+00:00 NOTICE Email "customer_note" for order #81871 not sent: email type is disabled CONTEXT: {"email_type":"customer_note","status":"disabled","recipient":"vanithasridhar80","order":81871}
2026-08-12T16:12:42+00:00 NOTICE Email "customer_note" for order #81870 not sent: email type is disabled CONTEXT: {"email_type":"customer_note","status":"disabled","recipient":"guest","order":81870}
2026-08-12T16:13:19+00:00 NOTICE Email "customer_note" for order #81872 not sent: email type is disabled CONTEXT: {"email_type":"customer_note","status":"disabled","recipient":"kripamrajani","order":81872}
2026-08-12T16:13:26+00:00 NOTICE Email "new_order" for order #81872 not sent: email type is disabled CONTEXT: {"email_type":"new_order","status":"disabled","recipient":"Admin_Madrasmilk","order":81872}
2026-08-12T16:13:26+00:00 NOTICE Email "customer_processing_order" for order #81872 not sent: email type is disabled CONTEXT: {"email_type":"customer_processing_order","status":"disabled","recipient":"kripamrajani","order":81872}
2026-08-12T16:13:39+00:00 NOTICE Email "customer_note" for order #81873 not sent: email type is disabled CONTEXT: {"email_type":"customer_note","status":"disabled","recipient":"priyaraghupathy","order":81873}
2026-08-12T16:13:45+00:00 NOTICE Email "customer_note" for order #81874 not sent: email type is disabled CONTEXT: {"email_type":"customer_note","status":"disabled","recipient":"hemavarthini","order":81874}
2026-08-12T16:15:36+00:00 NOTICE Email "customer_note" for order #81875 not sent: email type is disabled CONTEXT: {"email_type":"customer_note","status":"disabled","recipient":"jothikumarkanagaraj","order":81875}
2026-08-12T16:15:45+00:00 INFO Email "failed_order" for order #81875 sent CONTEXT: {"email_type":"failed_order","status":"sent","recipient":"Admin_Madrasmilk","order":81875}
2026-08-12T16:15:46+00:00 NOTICE Email "customer_note" for order #81876 not sent: email type is disabled CONTEXT: {"email_type":"customer_note","status":"disabled","recipient":"sansik26","order":81876}
2026-08-12T16:16:51+00:00 NOTICE Email "customer_note" for order #81877 not sent: email type is disabled CONTEXT: {"email_type":"customer_note","status":"disabled","recipient":"dsuriyadeepan","order":81877}
2026-08-12T16:16:57+00:00 NOTICE Email "customer_note" for order #81878 not sent: email type is disabled CONTEXT: {"email_type":"customer_note","status":"disabled","recipient":"santasudan","order":81878}
2026-08-12T16:17:06+00:00 INFO Email "failed_order" for order #81878 sent CONTEXT: {"email_type":"failed_order","status":"sent","recipient":"Admin_Madrasmilk","order":81878}
2026-08-12T16:18:37+00:00 NOTICE Email "customer_note" for order #81879 not sent: email type is disabled CONTEXT: {"email_type":"customer_note","status":"disabled","recipient":"vardhini.kalyanaraman","order":81879}
2026-08-12T16:18:43+00:00 NOTICE Email "customer_note" for order #81880 not sent: email type is disabled CONTEXT: {"email_type":"customer_note","status":"disabled","recipient":"hemavarthini","order":81880}
2026-08-12T16:20:27+00:00 NOTICE Email "customer_note" for order #81881 not sent: email type is disabled CONTEXT: {"email_type":"customer_note","status":"disabled","recipient":"srksrk","order":81881}
2026-08-12T16:20:32+00:00 NOTICE Email "customer_note" for order #81882 not sent: email type is disabled CONTEXT: {"email_type":"customer_note","status":"disabled","recipient":"lssanadi","order":81882}
2026-08-12T16:21:35+00:00 NOTICE Email "customer_note" for order #81883 not sent: email type is disabled CONTEXT: {"email_type":"customer_note","status":"disabled","recipient":"thanupillai","order":81883}
2026-08-12T16:21:40+00:00 NOTICE Email "customer_note" for order #81884 not sent: email type is disabled CONTEXT: {"email_type":"customer_note","status":"disabled","recipient":"sayeebrindharanga","order":81884}
2026-08-12T16:23:48+00:00 NOTICE Email "customer_note" for order #81885 not sent: email type is disabled CONTEXT: {"email_type":"customer_note","status":"disabled","recipient":"manjuyes77","order":81885}
2026-08-12T16:23:55+00:00 NOTICE Email "customer_note" for order #81886 not sent: email type is disabled CONTEXT: {"email_type":"customer_note","status":"disabled","recipient":"smadhu","order":81886}
2026-08-12T16:25:07+00:00 NOTICE Email "customer_note" for order #81887 not sent: email type is disabled CONTEXT: {"email_type":"customer_note","status":"disabled","recipient":"mounikayerasani1989","order":81887}
2026-08-12T16:25:12+00:00 NOTICE Email "customer_note" for order #81888 not sent: email type is disabled CONTEXT: {"email_type":"customer_note","status":"disabled","recipient":"laddhadmonika","order":81888}
2026-08-12T16:26:34+00:00 NOTICE Email "customer_note" for order #81889 not sent: email type is disabled CONTEXT: {"email_type":"customer_note","status":"disabled","recipient":"anand_ranjani","order":81889}
2026-08-12T16:26:40+00:00 NOTICE Email "customer_note" for order #81890 not sent: email type is disabled CONTEXT: {"email_type":"customer_note","status":"disabled","recipient":"mala.maneck","order":81890}
2026-08-12T16:26:46+00:00 NOTICE Email "customer_note" for order #81891 not sent: email type is disabled CONTEXT: {"email_type":"customer_note","status":"disabled","recipient":"raj","order":81891}
2026-08-12T16:26:46+00:00 NOTICE Email "customer_note" for order #81892 not sent: email type is disabled CONTEXT: {"email_type":"customer_note","status":"disabled","recipient":"nanadba17","order":81892}
2026-08-12T16:26:52+00:00 NOTICE Email "customer_note" for order #81893 not sent: email type is disabled CONTEXT: {"email_type":"customer_note","status":"disabled","recipient":"shanthichandrasekar","order":81893}
2026-08-12T16:26:57+00:00 NOTICE Email "customer_note" for order #81894 not sent: email type is disabled CONTEXT: {"email_type":"customer_note","status":"disabled","recipient":"vidhyashrre","order":81894}
2026-08-12T16:27:03+00:00 NOTICE Email "customer_note" for order #81895 not sent: email type is disabled CONTEXT: {"email_type":"customer_note","status":"disabled","recipient":"pork_gee","order":81895}
2026-08-12T16:27:09+00:00 NOTICE Email "customer_note" for order #81896 not sent: email type is disabled CONTEXT: {"email_type":"customer_note","status":"disabled","recipient":"pooranyk","order":81896}
2026-08-12T16:27:14+00:00 NOTICE Email "customer_note" for order #81897 not sent: email type is disabled CONTEXT: {"email_type":"customer_note","status":"disabled","recipient":"bhatt1999","order":81897}
2026-08-12T16:27:20+00:00 NOTICE Email "customer_note" for order #81898 not sent: email type is disabled CONTEXT: {"email_type":"customer_note","status":"disabled","recipient":"bhatt1999","order":81898}
2026-08-12T16:27:25+00:00 NOTICE Email "customer_note" for order #81899 not sent: email type is disabled CONTEXT: {"email_type":"customer_note","status":"disabled","recipient":"cm.krishna","order":81899}
2026-08-12T16:27:30+00:00 NOTICE Email "customer_note" for order #81900 not sent: email type is disabled CONTEXT: {"email_type":"customer_note","status":"disabled","recipient":"sukanv","order":81900}
2026-08-12T16:27:36+00:00 NOTICE Email "customer_note" for order #81901 not sent: email type is disabled CONTEXT: {"email_type":"customer_note","status":"disabled","recipient":"sukanv","order":81901}
2026-08-12T16:27:57+00:00 NOTICE Email "customer_note" for order #81902 not sent: email type is disabled CONTEXT: {"email_type":"customer_note","status":"disabled","recipient":"nanadba17","order":81902}
2026-08-12T16:28:03+00:00 NOTICE Email "customer_note" for order #81903 not sent: email type is disabled CONTEXT: {"email_type":"customer_note","status":"disabled","recipient":"svardhan51","order":81903}
2026-08-12T16:29:58+00:00 NOTICE Email "customer_note" for order #81904 not sent: email type is disabled CONTEXT: {"email_type":"customer_note","status":"disabled","recipient":"sureshship","order":81904}
2026-08-12T16:30:04+00:00 NOTICE Email "customer_note" for order #81905 not sent: email type is disabled CONTEXT: {"email_type":"customer_note","status":"disabled","recipient":"drsguru","order":81905}
2026-08-12T16:31:20+00:00 NOTICE Email "customer_note" for order #81906 not sent: email type is disabled CONTEXT: {"email_type":"customer_note","status":"disabled","recipient":"drgitasankaran","order":81906}
2026-08-12T16:31:26+00:00 NOTICE Email "customer_note" for order #81907 not sent: email type is disabled CONTEXT: {"email_type":"customer_note","status":"disabled","recipient":"srik.varad","order":81907}
2026-08-12T16:34:34+00:00 NOTICE Email "customer_note" for order #81908 not sent: email type is disabled CONTEXT: {"email_type":"customer_note","status":"disabled","recipient":"namanaresh","order":81908}
2026-08-12T16:34:36+00:00 NOTICE Email "customer_note" for order #81909 not sent: email type is disabled CONTEXT: {"email_type":"customer_note","status":"disabled","recipient":"aradhanagopinath","order":81909}
2026-08-12T16:34:40+00:00 NOTICE Email "customer_note" for order #81910 not sent: email type is disabled CONTEXT: {"email_type":"customer_note","status":"disabled","recipient":"subathra.venkatesh","order":81910}
2026-08-12T16:34:42+00:00 NOTICE Email "customer_note" for order #81911 not sent: email type is disabled CONTEXT: {"email_type":"customer_note","status":"disabled","recipient":"kti377","order":81911}
2026-08-12T16:34:48+00:00 NOTICE Email "customer_note" for order #81912 not sent: email type is disabled CONTEXT: {"email_type":"customer_note","status":"disabled","recipient":"karthik.vv","order":81912}
2026-08-12T16:34:54+00:00 NOTICE Email "customer_note" for order #81913 not sent: email type is disabled CONTEXT: {"email_type":"customer_note","status":"disabled","recipient":"durgasivakumar","order":81913}
2026-08-12T16:34:59+00:00 NOTICE Email "customer_note" for order #81914 not sent: email type is disabled CONTEXT: {"email_type":"customer_note","status":"disabled","recipient":"jaanu23ravi","order":81914}
2026-08-12T16:35:06+00:00 NOTICE Email "customer_note" for order #81915 not sent: email type is disabled CONTEXT: {"email_type":"customer_note","status":"disabled","recipient":"laksminarasiman","order":81915}
2026-08-12T16:35:11+00:00 NOTICE Email "customer_note" for order #81916 not sent: email type is disabled CONTEXT: {"email_type":"customer_note","status":"disabled","recipient":"kannusamy","order":81916}
2026-08-12T16:35:17+00:00 NOTICE Email "customer_note" for order #81917 not sent: email type is disabled CONTEXT: {"email_type":"customer_note","status":"disabled","recipient":"kantsrik","order":81917}
2026-08-12T16:35:23+00:00 NOTICE Email "customer_note" for order #81918 not sent: email type is disabled CONTEXT: {"email_type":"customer_note","status":"disabled","recipient":"preethi.kashyap","order":81918}
2026-08-12T16:35:29+00:00 NOTICE Email "customer_note" for order #81919 not sent: email type is disabled CONTEXT: {"email_type":"customer_note","status":"disabled","recipient":"mr.khadeerahmed","order":81919}
2026-08-12T16:36:35+00:00 NOTICE Email "customer_note" for order #81920 not sent: email type is disabled CONTEXT: {"email_type":"customer_note","status":"disabled","recipient":"deepikanagasamy","order":81920}
2026-08-12T16:36:40+00:00 NOTICE Email "customer_note" for order #81921 not sent: email type is disabled CONTEXT: {"email_type":"customer_note","status":"disabled","recipient":"deepikanagasamy","order":81921}
2026-08-12T16:36:46+00:00 NOTICE Email "customer_note" for order #81922 not sent: email type is disabled CONTEXT: {"email_type":"customer_note","status":"disabled","recipient":"joechris.j","order":81922}
2026-08-12T16:38:35+00:00 NOTICE Email "customer_note" for order #81923 not sent: email type is disabled CONTEXT: {"email_type":"customer_note","status":"disabled","recipient":"bindu.kakani","order":81923}
2026-08-12T16:38:41+00:00 NOTICE Email "customer_note" for order #81924 not sent: email type is disabled CONTEXT: {"email_type":"customer_note","status":"disabled","recipient":"radhika.sakhuja","order":81924}
2026-08-12T16:38:47+00:00 NOTICE Email "customer_note" for order #81925 not sent: email type is disabled CONTEXT: {"email_type":"customer_note","status":"disabled","recipient":"umail2janet","order":81925}
2026-08-12T16:40:52+00:00 NOTICE Email "customer_note" for order #81926 not sent: email type is disabled CONTEXT: {"email_type":"customer_note","status":"disabled","recipient":"peerkhan","order":81926}
2026-08-12T16:40:58+00:00 NOTICE Email "customer_note" for order #81927 not sent: email type is disabled CONTEXT: {"email_type":"customer_note","status":"disabled","recipient":"tandonamit75","order":81927}
2026-08-12T16:41:39+00:00 NOTICE Email "customer_note" for order #81928 not sent: email type is disabled CONTEXT: {"email_type":"customer_note","status":"disabled","recipient":"srininsv","order":81928}
2026-08-12T16:41:44+00:00 NOTICE Email "customer_note" for order #81929 not sent: email type is disabled CONTEXT: {"email_type":"customer_note","status":"disabled","recipient":"krish2407","order":81929}
2026-08-12T16:41:50+00:00 NOTICE Email "customer_note" for order #81930 not sent: email type is disabled CONTEXT: {"email_type":"customer_note","status":"disabled","recipient":"ntsaran81","order":81930}
2026-08-12T16:41:56+00:00 NOTICE Email "customer_note" for order #81931 not sent: email type is disabled CONTEXT: {"email_type":"customer_note","status":"disabled","recipient":"t_kart","order":81931}
2026-08-12T16:42:01+00:00 NOTICE Email "customer_note" for order #81932 not sent: email type is disabled CONTEXT: {"email_type":"customer_note","status":"disabled","recipient":"vidhyavenkatesh","order":81932}
2026-08-12T16:42:07+00:00 NOTICE Email "customer_note" for order #81933 not sent: email type is disabled CONTEXT: {"email_type":"customer_note","status":"disabled","recipient":"amby85","order":81933}
2026-08-12T16:42:12+00:00 NOTICE Email "customer_note" for order #81934 not sent: email type is disabled CONTEXT: {"email_type":"customer_note","status":"disabled","recipient":"grandmastervasu","order":81934}
2026-08-12T16:42:13+00:00 NOTICE Email "customer_note" for order #81935 not sent: email type is disabled CONTEXT: {"email_type":"customer_note","status":"disabled","recipient":"priyaraghupathy","order":81935}
2026-08-12T16:42:18+00:00 NOTICE Email "customer_note" for order #81936 not sent: email type is disabled CONTEXT: {"email_type":"customer_note","status":"disabled","recipient":"rosanuru","order":81936}
2026-08-12T16:42:19+00:00 NOTICE Email "customer_note" for order #81937 not sent: email type is disabled CONTEXT: {"email_type":"customer_note","status":"disabled","recipient":"rajanvp","order":81937}
2026-08-12T16:42:23+00:00 NOTICE Email "customer_note" for order #81938 not sent: email type is disabled CONTEXT: {"email_type":"customer_note","status":"disabled","recipient":"udaymetha","order":81938}
2026-08-12T16:42:29+00:00 NOTICE Email "customer_note" for order #81939 not sent: email type is disabled CONTEXT: {"email_type":"customer_note","status":"disabled","recipient":"sunanda.undamatla","order":81939}
2026-08-12T16:43:38+00:00 NOTICE Email "customer_note" for order #81940 not sent: email type is disabled CONTEXT: {"email_type":"customer_note","status":"disabled","recipient":"vannitha.s","order":81940}
2026-08-12T16:43:39+00:00 NOTICE Email "customer_note" for order #81941 not sent: email type is disabled CONTEXT: {"email_type":"customer_note","status":"disabled","recipient":"pritam.reddyn","order":81941}
2026-08-12T16:43:44+00:00 NOTICE Email "customer_note" for order #81942 not sent: email type is disabled CONTEXT: {"email_type":"customer_note","status":"disabled","recipient":"kkpgreetsu","order":81942}
2026-08-12T16:43:44+00:00 NOTICE Email "customer_note" for order #81943 not sent: email type is disabled CONTEXT: {"email_type":"customer_note","status":"disabled","recipient":"mpjyoti","order":81943}
2026-08-12T16:43:49+00:00 NOTICE Email "customer_note" for order #81944 not sent: email type is disabled CONTEXT: {"email_type":"customer_note","status":"disabled","recipient":"bobbycmathews","order":81944}
2026-08-12T16:43:50+00:00 NOTICE Email "customer_note" for order #81945 not sent: email type is disabled CONTEXT: {"email_type":"customer_note","status":"disabled","recipient":"sangeetharanganath","order":81945}
2026-08-12T16:43:56+00:00 NOTICE Email "customer_note" for order #81946 not sent: email type is disabled CONTEXT: {"email_type":"customer_note","status":"disabled","recipient":"jayashree.ramesh70","order":81946}
2026-08-12T16:44:01+00:00 NOTICE Email "customer_note" for order #81947 not sent: email type is disabled CONTEXT: {"email_type":"customer_note","status":"disabled","recipient":"raviraghav","order":81947}
2026-08-12T16:44:07+00:00 NOTICE Email "customer_note" for order #81948 not sent: email type is disabled CONTEXT: {"email_type":"customer_note","status":"disabled","recipient":"anand183","order":81948}
2026-08-12T16:44:13+00:00 NOTICE Email "customer_note" for order #81949 not sent: email type is disabled CONTEXT: {"email_type":"customer_note","status":"disabled","recipient":"karthi.bala","order":81949}
2026-08-12T16:44:19+00:00 NOTICE Email "customer_note" for order #81950 not sent: email type is disabled CONTEXT: {"email_type":"customer_note","status":"disabled","recipient":"a2osriramadesikan","order":81950}
2026-08-12T16:44:24+00:00 NOTICE Email "customer_note" for order #81951 not sent: email type is disabled CONTEXT: {"email_type":"customer_note","status":"disabled","recipient":"saranya.amudhan","order":81951}
2026-08-12T16:44:29+00:00 NOTICE Email "customer_note" for order #81952 not sent: email type is disabled CONTEXT: {"email_type":"customer_note","status":"disabled","recipient":"abhir019","order":81952}
2026-08-12T16:45:29+00:00 NOTICE Email "customer_note" for order #81953 not sent: email type is disabled CONTEXT: {"email_type":"customer_note","status":"disabled","recipient":"skannanv","order":81953}
2026-08-12T16:45:35+00:00 NOTICE Email "customer_note" for order #81954 not sent: email type is disabled CONTEXT: {"email_type":"customer_note","status":"disabled","recipient":"ashok.infodrive","order":81954}
2026-08-12T16:46:41+00:00 NOTICE Email "customer_note" for order #81955 not sent: email type is disabled CONTEXT: {"email_type":"customer_note","status":"disabled","recipient":"padmasini.bashyam","order":81955}
2026-08-12T16:47:29+00:00 NOTICE Email "customer_note" for order #81956 not sent: email type is disabled CONTEXT: {"email_type":"customer_note","status":"disabled","recipient":"smadhu","order":81956}
2026-08-12T16:47:34+00:00 NOTICE Email "customer_note" for order #81957 not sent: email type is disabled CONTEXT: {"email_type":"customer_note","status":"disabled","recipient":"prakashb2k03","order":81957}
2026-08-12T16:47:40+00:00 NOTICE Email "customer_note" for order #81958 not sent: email type is disabled CONTEXT: {"email_type":"customer_note","status":"disabled","recipient":"lavanat","order":81958}
2026-08-12T16:47:46+00:00 NOTICE Email "customer_note" for order #81959 not sent: email type is disabled CONTEXT: {"email_type":"customer_note","status":"disabled","recipient":"merlia.shaukath","order":81959}
2026-08-12T16:47:51+00:00 NOTICE Email "customer_note" for order #81960 not sent: email type is disabled CONTEXT: {"email_type":"customer_note","status":"disabled","recipient":"kashefa5819","order":81960}
2026-08-12T16:47:57+00:00 NOTICE Email "customer_note" for order #81961 not sent: email type is disabled CONTEXT: {"email_type":"customer_note","status":"disabled","recipient":"ardramana89","order":81961}
2026-08-12T16:48:03+00:00 NOTICE Email "customer_note" for order #81962 not sent: email type is disabled CONTEXT: {"email_type":"customer_note","status":"disabled","recipient":"muthunarayanang","order":81962}
2026-08-12T16:48:08+00:00 NOTICE Email "customer_note" for order #81963 not sent: email type is disabled CONTEXT: {"email_type":"customer_note","status":"disabled","recipient":"navnath.j84","order":81963}
2026-08-12T16:48:14+00:00 NOTICE Email "customer_note" for order #81964 not sent: email type is disabled CONTEXT: {"email_type":"customer_note","status":"disabled","recipient":"miryala.pranahitha","order":81964}
2026-08-12T16:48:19+00:00 NOTICE Email "customer_note" for order #81965 not sent: email type is disabled CONTEXT: {"email_type":"customer_note","status":"disabled","recipient":"rakhi27","order":81965}
2026-08-12T16:48:48+00:00 NOTICE Email "customer_note" for order #81966 not sent: email type is disabled CONTEXT: {"email_type":"customer_note","status":"disabled","recipient":"vaishnavi.kandala","order":81966}
2026-08-12T16:48:54+00:00 NOTICE Email "customer_note" for order #81967 not sent: email type is disabled CONTEXT: {"email_type":"customer_note","status":"disabled","recipient":"dndmi","order":81967}
2026-08-12T16:49:59+00:00 NOTICE Email "customer_note" for order #81968 not sent: email type is disabled CONTEXT: {"email_type":"customer_note","status":"disabled","recipient":"elisha.ebenezer","order":81968}
2026-08-12T16:50:04+00:00 NOTICE Email "customer_note" for order #81969 not sent: email type is disabled CONTEXT: {"email_type":"customer_note","status":"disabled","recipient":"mahendiran9889","order":81969}
2026-08-12T16:50:10+00:00 NOTICE Email "customer_note" for order #81970 not sent: email type is disabled CONTEXT: {"email_type":"customer_note","status":"disabled","recipient":"pujaquiet","order":81970}
2026-08-12T16:50:29+00:00 INFO Email "customer_new_account" for user #1619 sent CONTEXT: {"email_type":"customer_new_account","status":"sent","recipient":"N Madhavi","user":1619}
2026-08-12T16:51:23+00:00 INFO Email "wps_wswp_wallet_credit" for user #126 sent CONTEXT: {"email_type":"wps_wswp_wallet_credit","status":"sent","recipient":"karthik.vv","user":126}
2026-08-12T16:52:07+00:00 NOTICE Email "customer_note" for order #81971 not sent: email type is disabled CONTEXT: {"email_type":"customer_note","status":"disabled","recipient":"madhumathic","order":81971}
2026-08-12T16:52:13+00:00 NOTICE Email "customer_note" for order #81972 not sent: email type is disabled CONTEXT: {"email_type":"customer_note","status":"disabled","recipient":"deepakhraj","order":81972}
2026-08-12T16:52:22+00:00 INFO Email "failed_order" for order #81972 sent CONTEXT: {"email_type":"failed_order","status":"sent","recipient":"Admin_Madrasmilk","order":81972}
2026-08-12T16:52:54+00:00 NOTICE Email "customer_note" for order #81973 not sent: email type is disabled CONTEXT: {"email_type":"customer_note","status":"disabled","recipient":"sucharita.anand2","order":81973}
2026-08-12T16:52:59+00:00 NOTICE Email "customer_note" for order #81974 not sent: email type is disabled CONTEXT: {"email_type":"customer_note","status":"disabled","recipient":"capt.6516ansari","order":81974}
2026-08-12T16:54:35+00:00 NOTICE Email "customer_note" for order #81975 not sent: email type is disabled CONTEXT: {"email_type":"customer_note","status":"disabled","recipient":"shanky.viswanathan","order":81975}
2026-08-12T16:54:40+00:00 NOTICE Email "customer_note" for order #81976 not sent: email type is disabled CONTEXT: {"email_type":"customer_note","status":"disabled","recipient":"sivaranjani2282","order":81976}
2026-08-12T16:54:46+00:00 NOTICE Email "customer_note" for order #81977 not sent: email type is disabled CONTEXT: {"email_type":"customer_note","status":"disabled","recipient":"swathu20","order":81977}
2026-08-12T16:56:16+00:00 NOTICE Email "customer_note" for order #81978 not sent: email type is disabled CONTEXT: {"email_type":"customer_note","status":"disabled","recipient":"khkarthick","order":81978}
2026-08-12T16:56:22+00:00 NOTICE Email "customer_note" for order #81979 not sent: email type is disabled CONTEXT: {"email_type":"customer_note","status":"disabled","recipient":"eksamy.subscribe","order":81979}
2026-08-12T16:56:48+00:00 NOTICE Email "customer_note" for order #81980 not sent: email type is disabled CONTEXT: {"email_type":"customer_note","status":"disabled","recipient":"jayalakshmi_kumaresan","order":81980}
2026-08-12T16:56:53+00:00 NOTICE Email "customer_note" for order #81981 not sent: email type is disabled CONTEXT: {"email_type":"customer_note","status":"disabled","recipient":"avrroshini2007","order":81981}
2026-08-12T16:56:59+00:00 NOTICE Email "customer_note" for order #81982 not sent: email type is disabled CONTEXT: {"email_type":"customer_note","status":"disabled","recipient":"kannammalknp","order":81982}
2026-08-12T16:57:04+00:00 NOTICE Email "customer_note" for order #81983 not sent: email type is disabled CONTEXT: {"email_type":"customer_note","status":"disabled","recipient":"karthik.thandapani","order":81983}
2026-08-12T16:57:10+00:00 NOTICE Email "customer_note" for order #81984 not sent: email type is disabled CONTEXT: {"email_type":"customer_note","status":"disabled","recipient":"danishs764","order":81984}
2026-08-12T16:57:15+00:00 NOTICE Email "customer_note" for order #81985 not sent: email type is disabled CONTEXT: {"email_type":"customer_note","status":"disabled","recipient":"krishhants","order":81985}
2026-08-12T16:57:20+00:00 NOTICE Email "customer_note" for order #81986 not sent: email type is disabled CONTEXT: {"email_type":"customer_note","status":"disabled","recipient":"krishnagseshadri","order":81986}
2026-08-12T16:57:26+00:00 NOTICE Email "customer_note" for order #81987 not sent: email type is disabled CONTEXT: {"email_type":"customer_note","status":"disabled","recipient":"krishnagseshadri","order":81987}
2026-08-12T16:57:28+00:00 NOTICE Email "customer_note" for order #81988 not sent: email type is disabled CONTEXT: {"email_type":"customer_note","status":"disabled","recipient":"gayviji","order":81988}
2026-08-12T16:57:31+00:00 NOTICE Email "customer_note" for order #81989 not sent: email type is disabled CONTEXT: {"email_type":"customer_note","status":"disabled","recipient":"raghavan512000","order":81989}
2026-08-12T16:57:33+00:00 NOTICE Email "customer_note" for order #81990 not sent: email type is disabled CONTEXT: {"email_type":"customer_note","status":"disabled","recipient":"vaishnavi.kandala","order":81990}
2026-08-12T16:57:39+00:00 NOTICE Email "customer_note" for order #81991 not sent: email type is disabled CONTEXT: {"email_type":"customer_note","status":"disabled","recipient":"monicaevangeline","order":81991}
2026-08-12T16:58:40+00:00 NOTICE Email "customer_note" for order #81992 not sent: email type is disabled CONTEXT: {"email_type":"customer_note","status":"disabled","recipient":"tanya.ganesan04","order":81992}
2026-08-12T16:58:45+00:00 NOTICE Email "customer_note" for order #81993 not sent: email type is disabled CONTEXT: {"email_type":"customer_note","status":"disabled","recipient":"nithyaprimrose","order":81993}
2026-08-12T16:58:50+00:00 NOTICE Email "customer_note" for order #81994 not sent: email type is disabled CONTEXT: {"email_type":"customer_note","status":"disabled","recipient":"mail2parthig","order":81994}
2026-08-12T16:58:56+00:00 NOTICE Email "customer_note" for order #81995 not sent: email type is disabled CONTEXT: {"email_type":"customer_note","status":"disabled","recipient":"agatha.ryazhl","order":81995}
2026-08-12T16:59:01+00:00 NOTICE Email "customer_note" for order #81996 not sent: email type is disabled CONTEXT: {"email_type":"customer_note","status":"disabled","recipient":"agatha.ryazhl","order":81996}
2026-08-12T16:59:06+00:00 NOTICE Email "customer_note" for order #81997 not sent: email type is disabled CONTEXT: {"email_type":"customer_note","status":"disabled","recipient":"suganyaindia","order":81997}
2026-08-12T16:59:12+00:00 NOTICE Email "customer_note" for order #81998 not sent: email type is disabled CONTEXT: {"email_type":"customer_note","status":"disabled","recipient":"durgaa.v","order":81998}
2026-08-12T16:59:17+00:00 NOTICE Email "customer_note" for order #81999 not sent: email type is disabled CONTEXT: {"email_type":"customer_note","status":"disabled","recipient":"vasanthnc","order":81999}
2026-08-12T16:59:23+00:00 NOTICE Email "customer_note" for order #82000 not sent: email type is disabled CONTEXT: {"email_type":"customer_note","status":"disabled","recipient":"flamingotravels2010","order":82000}
2026-08-12T16:59:27+00:00 NOTICE Email "customer_note" for order #82001 not sent: email type is disabled CONTEXT: {"email_type":"customer_note","status":"disabled","recipient":"syed.wasim4567","order":82001}
2026-08-12T16:59:33+00:00 NOTICE Email "customer_note" for order #82002 not sent: email type is disabled CONTEXT: {"email_type":"customer_note","status":"disabled","recipient":"viveksundar","order":82002}
2026-08-12T16:59:38+00:00 NOTICE Email "customer_note" for order #82003 not sent: email type is disabled CONTEXT: {"email_type":"customer_note","status":"disabled","recipient":"vanisidz","order":82003}
2026-08-12T17:00:37+00:00 NOTICE Email "customer_note" for order #82004 not sent: email type is disabled CONTEXT: {"email_type":"customer_note","status":"disabled","recipient":"gunasekaran.babu","order":82004}
2026-08-12T17:00:39+00:00 NOTICE Email "customer_note" for order #82005 not sent: email type is disabled CONTEXT: {"email_type":"customer_note","status":"disabled","recipient":"vani.vj","order":82005}
2026-08-12T17:00:42+00:00 NOTICE Email "customer_note" for order #82006 not sent: email type is disabled CONTEXT: {"email_type":"customer_note","status":"disabled","recipient":"poovarna","order":82006}
2026-08-12T17:00:45+00:00 NOTICE Email "customer_note" for order #82007 not sent: email type is disabled CONTEXT: {"email_type":"customer_note","status":"disabled","recipient":"vsimpson","order":82007}
2026-08-12T17:00:48+00:00 NOTICE Email "customer_note" for order #82008 not sent: email type is disabled CONTEXT: {"email_type":"customer_note","status":"disabled","recipient":"venkateshsuba","order":82008}
2026-08-12T17:00:50+00:00 NOTICE Email "customer_note" for order #82009 not sent: email type is disabled CONTEXT: {"email_type":"customer_note","status":"disabled","recipient":"pathu02","order":82009}
2026-08-12T17:00:56+00:00 NOTICE Email "customer_note" for order #82010 not sent: email type is disabled CONTEXT: {"email_type":"customer_note","status":"disabled","recipient":"deepkamalverma28","order":82010}
2026-08-12T17:01:02+00:00 NOTICE Email "customer_note" for order #82011 not sent: email type is disabled CONTEXT: {"email_type":"customer_note","status":"disabled","recipient":"suneelsunsoft","order":82011}
2026-08-12T17:01:08+00:00 NOTICE Email "customer_note" for order #82012 not sent: email type is disabled CONTEXT: {"email_type":"customer_note","status":"disabled","recipient":"suneelsunsoft","order":82012}
2026-08-12T17:01:14+00:00 NOTICE Email "customer_note" for order #82013 not sent: email type is disabled CONTEXT: {"email_type":"customer_note","status":"disabled","recipient":"jhanani.montessori","order":82013}
2026-08-12T17:01:19+00:00 NOTICE Email "customer_note" for order #82014 not sent: email type is disabled CONTEXT: {"email_type":"customer_note","status":"disabled","recipient":"aishwarya4a","order":82014}
2026-08-12T17:01:26+00:00 NOTICE Email "customer_note" for order #82015 not sent: email type is disabled CONTEXT: {"email_type":"customer_note","status":"disabled","recipient":"monishakannusamy","order":82015}
2026-08-12T17:01:31+00:00 NOTICE Email "customer_note" for order #82016 not sent: email type is disabled CONTEXT: {"email_type":"customer_note","status":"disabled","recipient":"poba99ads","order":82016}
2026-08-12T17:01:56+00:00 NOTICE Email "customer_note" for order #82017 not sent: email type is disabled CONTEXT: {"email_type":"customer_note","status":"disabled","recipient":"shankark313","order":82017}
2026-08-12T17:02:02+00:00 NOTICE Email "customer_note" for order #82018 not sent: email type is disabled CONTEXT: {"email_type":"customer_note","status":"disabled","recipient":"swathi270391","order":82018}
2026-08-12T17:02:08+00:00 NOTICE Email "customer_note" for order #82019 not sent: email type is disabled CONTEXT: {"email_type":"customer_note","status":"disabled","recipient":"ramsarun1","order":82019}
2026-08-12T17:02:13+00:00 NOTICE Email "customer_note" for order #82020 not sent: email type is disabled CONTEXT: {"email_type":"customer_note","status":"disabled","recipient":"jayanthi.hari","order":82020}
2026-08-12T17:02:19+00:00 NOTICE Email "customer_note" for order #82021 not sent: email type is disabled CONTEXT: {"email_type":"customer_note","status":"disabled","recipient":"aprajita_sapra","order":82021}
2026-08-12T17:02:25+00:00 NOTICE Email "customer_note" for order #82022 not sent: email type is disabled CONTEXT: {"email_type":"customer_note","status":"disabled","recipient":"rithvikmahendhiran","order":82022}
2026-08-12T17:02:31+00:00 NOTICE Email "customer_note" for order #82023 not sent: email type is disabled CONTEXT: {"email_type":"customer_note","status":"disabled","recipient":"leorajkumars","order":82023}
2026-08-12T17:02:36+00:00 NOTICE Email "customer_note" for order #82024 not sent: email type is disabled CONTEXT: {"email_type":"customer_note","status":"disabled","recipient":"ganapathy196603santhi","order":82024}
2026-08-12T17:02:41+00:00 NOTICE Email "customer_note" for order #82025 not sent: email type is disabled CONTEXT: {"email_type":"customer_note","status":"disabled","recipient":"gasiveshvarshan","order":82025}
2026-08-12T17:02:47+00:00 NOTICE Email "customer_note" for order #82026 not sent: email type is disabled CONTEXT: {"email_type":"customer_note","status":"disabled","recipient":"mahamariappan","order":82026}
2026-08-12T17:04:26+00:00 NOTICE Email "customer_note" for order #82027 not sent: email type is disabled CONTEXT: {"email_type":"customer_note","status":"disabled","recipient":"itsmalai","order":82027}
2026-08-12T17:04:32+00:00 NOTICE Email "customer_note" for order #82028 not sent: email type is disabled CONTEXT: {"email_type":"customer_note","status":"disabled","recipient":"vijisudhakar2008","order":82028}
2026-08-12T17:04:37+00:00 NOTICE Email "customer_note" for order #82029 not sent: email type is disabled CONTEXT: {"email_type":"customer_note","status":"disabled","recipient":"yuva1177","order":82029}
2026-08-12T17:04:43+00:00 NOTICE Email "customer_note" for order #82030 not sent: email type is disabled CONTEXT: {"email_type":"customer_note","status":"disabled","recipient":"meenatchi1995","order":82030}
2026-08-12T17:04:48+00:00 NOTICE Email "customer_note" for order #82031 not sent: email type is disabled CONTEXT: {"email_type":"customer_note","status":"disabled","recipient":"pipestressuser","order":82031}
2026-08-12T17:04:53+00:00 NOTICE Email "customer_note" for order #82032 not sent: email type is disabled CONTEXT: {"email_type":"customer_note","status":"disabled","recipient":"rderive","order":82032}
2026-08-12T17:04:59+00:00 NOTICE Email "customer_note" for order #82033 not sent: email type is disabled CONTEXT: {"email_type":"customer_note","status":"disabled","recipient":"nishabetala04","order":82033}
2026-08-12T17:05:05+00:00 NOTICE Email "customer_note" for order #82034 not sent: email type is disabled CONTEXT: {"email_type":"customer_note","status":"disabled","recipient":"jananiram3011","order":82034}
2026-08-12T17:05:11+00:00 NOTICE Email "customer_note" for order #82035 not sent: email type is disabled CONTEXT: {"email_type":"customer_note","status":"disabled","recipient":"Mohan","order":82035}
2026-08-12T17:11:12+00:00 NOTICE Email "new_order" for order #81769 not sent: email type is disabled CONTEXT: {"email_type":"new_order","status":"disabled","recipient":"Admin_Madrasmilk","order":81769}
2026-08-12T17:11:12+00:00 NOTICE Email "customer_processing_order" for order #81769 not sent: email type is disabled CONTEXT: {"email_type":"customer_processing_order","status":"disabled","recipient":"swaroop.sistla","order":81769}
2026-08-12T17:11:12+00:00 NOTICE Email "new_order" for order #81775 not sent: email type is disabled CONTEXT: {"email_type":"new_order","status":"disabled","recipient":"Admin_Madrasmilk","order":81775}
2026-08-12T17:11:12+00:00 NOTICE Email "customer_processing_order" for order #81775 not sent: email type is disabled CONTEXT: {"email_type":"customer_processing_order","status":"disabled","recipient":"pape.julia","order":81775}
2026-08-12T17:16:28+00:00 NOTICE Email "new_order" for order #81652 not sent: email type is disabled CONTEXT: {"email_type":"new_order","status":"disabled","recipient":"Admin_Madrasmilk","order":81652}
2026-08-12T17:16:28+00:00 NOTICE Email "customer_processing_order" for order #81652 not sent: email type is disabled CONTEXT: {"email_type":"customer_processing_order","status":"disabled","recipient":"rishubjj","order":81652}
2026-08-12T17:16:31+00:00 NOTICE Email "new_order" for order #81735 not sent: email type is disabled CONTEXT: {"email_type":"new_order","status":"disabled","recipient":"Admin_Madrasmilk","order":81735}
2026-08-12T17:16:31+00:00 NOTICE Email "customer_processing_order" for order #81735 not sent: email type is disabled CONTEXT: {"email_type":"customer_processing_order","status":"disabled","recipient":"Deepika","order":81735}
2026-08-12T17:17:12+00:00 INFO Email "wps_wswp_wallet_credit" for user #124 sent CONTEXT: {"email_type":"wps_wswp_wallet_credit","status":"sent","recipient":"aradhanagopinath","user":124}
2026-08-12T17:40:13+00:00 INFO Email "wps_wswp_wallet_credit" for user #538 sent CONTEXT: {"email_type":"wps_wswp_wallet_credit","status":"sent","recipient":"psdvpraju","user":538}
2026-08-12T18:03:51+00:00 NOTICE Email "customer_completed_order" for order #80809 not sent: email type is disabled CONTEXT: {"email_type":"customer_completed_order","status":"disabled","recipient":"scisenthil","order":80809}
2026-08-12T18:03:51+00:00 NOTICE Email "customer_completed_order" for order #80811 not sent: email type is disabled CONTEXT: {"email_type":"customer_completed_order","status":"disabled","recipient":"logi.sekar","order":80811}
2026-08-12T18:03:51+00:00 NOTICE Email "customer_completed_order" for order #80814 not sent: email type is disabled CONTEXT: {"email_type":"customer_completed_order","status":"disabled","recipient":"shwethabalaji.asbs","order":80814}
2026-08-12T18:03:51+00:00 NOTICE Email "customer_completed_order" for order #80817 not sent: email type is disabled CONTEXT: {"email_type":"customer_completed_order","status":"disabled","recipient":"t_kart","order":80817}
2026-08-12T18:03:51+00:00 NOTICE Email "customer_completed_order" for order #80820 not sent: email type is disabled CONTEXT: {"email_type":"customer_completed_order","status":"disabled","recipient":"squareofgold","order":80820}
2026-08-12T18:03:52+00:00 NOTICE Email "customer_completed_order" for order #80849 not sent: email type is disabled CONTEXT: {"email_type":"customer_completed_order","status":"disabled","recipient":"Meenakshi A","order":80849}
2026-08-12T18:03:52+00:00 NOTICE Email "customer_completed_order" for order #80851 not sent: email type is disabled CONTEXT: {"email_type":"customer_completed_order","status":"disabled","recipient":"Cherishma reddy","order":80851}
2026-08-12T18:03:52+00:00 NOTICE Email "customer_completed_order" for order #80853 not sent: email type is disabled CONTEXT: {"email_type":"customer_completed_order","status":"disabled","recipient":"babudasvgp","order":80853}
2026-08-12T18:03:53+00:00 NOTICE Email "customer_completed_order" for order #80855 not sent: email type is disabled CONTEXT: {"email_type":"customer_completed_order","status":"disabled","recipient":"kshreyaas","order":80855}
2026-08-12T18:03:53+00:00 NOTICE Email "customer_completed_order" for order #80857 not sent: email type is disabled CONTEXT: {"email_type":"customer_completed_order","status":"disabled","recipient":"anil.kumar","order":80857}
2026-08-12T18:03:53+00:00 NOTICE Email "customer_completed_order" for order #80860 not sent: email type is disabled CONTEXT: {"email_type":"customer_completed_order","status":"disabled","recipient":"sandyraja","order":80860}
2026-08-12T18:03:53+00:00 NOTICE Email "customer_completed_order" for order #80862 not sent: email type is disabled CONTEXT: {"email_type":"customer_completed_order","status":"disabled","recipient":"sr.ranjani.24","order":80862}
2026-08-12T18:03:53+00:00 NOTICE Email "customer_completed_order" for order #80865 not sent: email type is disabled CONTEXT: {"email_type":"customer_completed_order","status":"disabled","recipient":"geethaj175","order":80865}
2026-08-12T18:03:53+00:00 NOTICE Email "customer_completed_order" for order #80868 not sent: email type is disabled CONTEXT: {"email_type":"customer_completed_order","status":"disabled","recipient":"ashokkhumar","order":80868}
2026-08-12T18:03:53+00:00 NOTICE Email "customer_completed_order" for order #80869 not sent: email type is disabled CONTEXT: {"email_type":"customer_completed_order","status":"disabled","recipient":"rohit.anand.patnaik60022161","order":80869}
2026-08-12T18:03:53+00:00 NOTICE Email "customer_completed_order" for order #80871 not sent: email type is disabled CONTEXT: {"email_type":"customer_completed_order","status":"disabled","recipient":"couscapric","order":80871}
2026-08-12T18:03:53+00:00 NOTICE Email "customer_completed_order" for order #80874 not sent: email type is disabled CONTEXT: {"email_type":"customer_completed_order","status":"disabled","recipient":"couscapric","order":80874}
2026-08-12T18:03:53+00:00 NOTICE Email "customer_completed_order" for order #80876 not sent: email type is disabled CONTEXT: {"email_type":"customer_completed_order","status":"disabled","recipient":"couscapric","order":80876}
2026-08-12T18:03:53+00:00 NOTICE Email "customer_completed_order" for order #80880 not sent: email type is disabled CONTEXT: {"email_type":"customer_completed_order","status":"disabled","recipient":"Bhavesh Maisuria","order":80880}
2026-08-12T18:03:53+00:00 NOTICE Email "customer_completed_order" for order #80882 not sent: email type is disabled CONTEXT: {"email_type":"customer_completed_order","status":"disabled","recipient":"devitholkappiar","order":80882}
2026-08-12T18:03:53+00:00 NOTICE Email "customer_completed_order" for order #80887 not sent: email type is disabled CONTEXT: {"email_type":"customer_completed_order","status":"disabled","recipient":"jaysh_vijay","order":80887}
2026-08-12T18:03:53+00:00 NOTICE Email "customer_completed_order" for order #80889 not sent: email type is disabled CONTEXT: {"email_type":"customer_completed_order","status":"disabled","recipient":"thiagarajan.krishnaraj","order":80889}
2026-08-12T18:22:27+00:00 NOTICE Email "cancelled_order" for order #81775 not sent: email type is disabled CONTEXT: {"email_type":"cancelled_order","status":"disabled","recipient":"Admin_Madrasmilk","order":81775}
2026-08-12T18:22:27+00:00 NOTICE Email "customer_cancelled_order" for order #81775 not sent: email type is disabled CONTEXT: {"email_type":"customer_cancelled_order","status":"disabled","recipient":"pape.julia","order":81775}
2026-08-12T18:37:01+00:00 NOTICE Email "customer_note" for order #82040 not sent: email type is disabled CONTEXT: {"email_type":"customer_note","status":"disabled","recipient":"maha.prakrti","order":82040}
2026-08-12T18:38:35+00:00 NOTICE Email "customer_note" for order #82041 not sent: email type is disabled CONTEXT: {"email_type":"customer_note","status":"disabled","recipient":"durgadevi2227","order":82041}
2026-08-12T18:42:35+00:00 NOTICE Email "customer_note" for order #82042 not sent: email type is disabled CONTEXT: {"email_type":"customer_note","status":"disabled","recipient":"scisenthil","order":82042}
2026-08-12T18:54:45+00:00 NOTICE Email "customer_note" for order #82043 not sent: email type is disabled CONTEXT: {"email_type":"customer_note","status":"disabled","recipient":"logi.sekar","order":82043}
2026-08-12T19:41:46+00:00 NOTICE Email "customer_note" for order #82044 not sent: email type is disabled CONTEXT: {"email_type":"customer_note","status":"disabled","recipient":"sandhiyamadanagopal","order":82044}
2026-08-12T20:09:41+00:00 NOTICE Email "customer_note" for order #82045 not sent: email type is disabled CONTEXT: {"email_type":"customer_note","status":"disabled","recipient":"naveen.durai92","order":82045}
2026-08-12T20:58:15+00:00 NOTICE Email "customer_note" for order #82046 not sent: email type is disabled CONTEXT: {"email_type":"customer_note","status":"disabled","recipient":"rasheedahmed.ar","order":82046}
2026-08-12T21:27:39+00:00 NOTICE Email "customer_note" for order #82047 not sent: email type is disabled CONTEXT: {"email_type":"customer_note","status":"disabled","recipient":"gjnithyashankari","order":82047}
2026-08-12T21:27:44+00:00 NOTICE Email "customer_note" for order #82048 not sent: email type is disabled CONTEXT: {"email_type":"customer_note","status":"disabled","recipient":"tincysarasolomon","order":82048}
2026-08-12T22:19:18+00:00 NOTICE Email "customer_note" for order #82049 not sent: email type is disabled CONTEXT: {"email_type":"customer_note","status":"disabled","recipient":"uiop0944","order":82049}
2026-08-12T22:32:28+00:00 NOTICE Email "customer_note" for order #82050 not sent: email type is disabled CONTEXT: {"email_type":"customer_note","status":"disabled","recipient":"krishnasai.pittala","order":82050}
2026-08-12T22:40:37+00:00 NOTICE Email "customer_note" for order #82051 not sent: email type is disabled CONTEXT: {"email_type":"customer_note","status":"disabled","recipient":"kavithaananth91","order":82051}
2026-08-12T23:29:26+00:00 NOTICE Email "customer_note" for order #82052 not sent: email type is disabled CONTEXT: {"email_type":"customer_note","status":"disabled","recipient":"sowmya.subramanian","order":82052}
