2026-08-06T02:38:21+00:00 INFO Email "customer_reset_password" for user #1559 sent CONTEXT: {"email_type":"customer_reset_password","status":"sent","recipient":"rmchuchitra","user":1559}
2026-08-06T03:12:56+00:00 NOTICE Email "customer_note" for order #77010 not sent: email type is disabled CONTEXT: {"email_type":"customer_note","status":"disabled","recipient":"tanya.ganesan04","order":77010}
2026-08-06T03:21:16+00:00 NOTICE Email "customer_note" for order #77011 not sent: email type is disabled CONTEXT: {"email_type":"customer_note","status":"disabled","recipient":"tanya.ganesan04","order":77011}
2026-08-06T03:24:48+00:00 INFO Email "new_order" for order #77010 sent CONTEXT: {"email_type":"new_order","status":"sent","recipient":"Admin_Madrasmilk","order":77010}
2026-08-06T03:24:52+00:00 INFO Email "customer_processing_order" for order #77010 sent CONTEXT: {"email_type":"customer_processing_order","status":"sent","recipient":"tanya.ganesan04","order":77010}
2026-08-06T03:26:41+00:00 INFO Email "new_order" for order #77011 sent CONTEXT: {"email_type":"new_order","status":"sent","recipient":"Admin_Madrasmilk","order":77011}
2026-08-06T03:26:45+00:00 INFO Email "customer_processing_order" for order #77011 sent CONTEXT: {"email_type":"customer_processing_order","status":"sent","recipient":"tanya.ganesan04","order":77011}
2026-08-06T05:22:27+00:00 INFO Email "customer_new_account" for user #1560 sent CONTEXT: {"email_type":"customer_new_account","status":"sent","recipient":"simbuprem3","user":1560}
2026-08-06T07:56:50+00:00 NOTICE Email "customer_note" for order #77012 not sent: email type is disabled CONTEXT: {"email_type":"customer_note","status":"disabled","recipient":"guest","order":77012}
2026-08-06T08:55:27+00:00 INFO Email "customer_new_account" for user #1562 sent CONTEXT: {"email_type":"customer_new_account","status":"sent","recipient":"swaroop.sistla","user":1562}
2026-08-06T08:57:11+00:00 INFO Email "new_order" for order #77013 sent CONTEXT: {"email_type":"new_order","status":"sent","recipient":"Admin_Madrasmilk","order":77013}
2026-08-06T08:57:15+00:00 INFO Email "customer_processing_order" for order #77013 sent CONTEXT: {"email_type":"customer_processing_order","status":"sent","recipient":"swaroop.sistla","order":77013}
2026-08-06T13:51:55+00:00 NOTICE Email "customer_completed_order" for order #76361 not sent: email type is disabled CONTEXT: {"email_type":"customer_completed_order","status":"disabled","recipient":"Sidharth test","order":76361}
2026-08-06T13:55:36+00:00 INFO Email "customer_reset_password" for user #260 sent CONTEXT: {"email_type":"customer_reset_password","status":"sent","recipient":"meerasampath47","user":260}
2026-08-06T14:18:03+00:00 NOTICE Email "customer_note" for order #77019 not sent: email type is disabled CONTEXT: {"email_type":"customer_note","status":"disabled","recipient":"Test Sibi","order":77019}
2026-08-06T14:47:09+00:00 INFO Email "customer_new_account" for user #1563 sent CONTEXT: {"email_type":"customer_new_account","status":"sent","recipient":"Aritra Pan","user":1563}
2026-08-06T15:11:43+00:00 INFO Email "customer_new_account" for user #1564 sent CONTEXT: {"email_type":"customer_new_account","status":"sent","recipient":"Sanjeev P","user":1564}
2026-08-06T15:30:21+00:00 INFO Email "new_order" for order #77021 sent CONTEXT: {"email_type":"new_order","status":"sent","recipient":"Admin_Madrasmilk","order":77021}
2026-08-06T15:30:28+00:00 INFO Email "customer_processing_order" for order #77021 sent CONTEXT: {"email_type":"customer_processing_order","status":"sent","recipient":"sanjaytathed","order":77021}
2026-08-06T15:32:01+00:00 INFO Email "new_order" for order #77023 sent CONTEXT: {"email_type":"new_order","status":"sent","recipient":"Admin_Madrasmilk","order":77023}
2026-08-06T15:32:06+00:00 INFO Email "customer_processing_order" for order #77023 sent CONTEXT: {"email_type":"customer_processing_order","status":"sent","recipient":"sanjaytathed","order":77023}
2026-08-06T15:37:46+00:00 INFO Email "new_order" for order #77015 sent CONTEXT: {"email_type":"new_order","status":"sent","recipient":"Admin_Madrasmilk","order":77015}
2026-08-06T15:37:52+00:00 INFO Email "customer_processing_order" for order #77015 sent CONTEXT: {"email_type":"customer_processing_order","status":"sent","recipient":"mamata.adabar","order":77015}
2026-08-06T15:48:17+00:00 INFO Email "customer_new_account" for user #1565 sent CONTEXT: {"email_type":"customer_new_account","status":"sent","recipient":"habib nisa","user":1565}
2026-08-06T15:51:53+00:00 NOTICE Email "customer_note" for order #77014 not sent: email type is disabled CONTEXT: {"email_type":"customer_note","status":"disabled","recipient":"swaroop.sistla","order":77014}
2026-08-06T16:06:16+00:00 INFO Email "new_order" for order #77025 sent CONTEXT: {"email_type":"new_order","status":"sent","recipient":"Admin_Madrasmilk","order":77025}
2026-08-06T16:06:21+00:00 INFO Email "customer_processing_order" for order #77025 sent CONTEXT: {"email_type":"customer_processing_order","status":"sent","recipient":"lnair01","order":77025}
2026-08-06T16:30:11+00:00 NOTICE Email "customer_note" for order #77027 not sent: email type is disabled CONTEXT: {"email_type":"customer_note","status":"disabled","recipient":"prasannadevi.1989","order":77027}
2026-08-06T16:30:45+00:00 NOTICE Email "customer_note" for order #77028 not sent: email type is disabled CONTEXT: {"email_type":"customer_note","status":"disabled","recipient":"thomas_dason2002","order":77028}
2026-08-06T16:31:42+00:00 NOTICE Email "customer_note" for order #77029 not sent: email type is disabled CONTEXT: {"email_type":"customer_note","status":"disabled","recipient":"dineshbaskaran","order":77029}
2026-08-06T16:31:48+00:00 NOTICE Email "customer_note" for order #77030 not sent: email type is disabled CONTEXT: {"email_type":"customer_note","status":"disabled","recipient":"Sidharth test","order":77030}
2026-08-06T16:32:09+00:00 NOTICE Email "customer_note" for order #77031 not sent: email type is disabled CONTEXT: {"email_type":"customer_note","status":"disabled","recipient":"lolme123","order":77031}
2026-08-06T16:32:16+00:00 NOTICE Email "customer_note" for order #77032 not sent: email type is disabled CONTEXT: {"email_type":"customer_note","status":"disabled","recipient":"ravishankar","order":77032}
2026-08-06T16:32:21+00:00 NOTICE Email "customer_note" for order #77033 not sent: email type is disabled CONTEXT: {"email_type":"customer_note","status":"disabled","recipient":"ravishankar","order":77033}
2026-08-06T16:32:29+00:00 NOTICE Email "customer_note" for order #77034 not sent: email type is disabled CONTEXT: {"email_type":"customer_note","status":"disabled","recipient":"shreesekar","order":77034}
2026-08-06T16:32:40+00:00 NOTICE Email "customer_note" for order #77035 not sent: email type is disabled CONTEXT: {"email_type":"customer_note","status":"disabled","recipient":"ganeshbw","order":77035}
2026-08-06T16:32:53+00:00 NOTICE Email "customer_note" for order #77036 not sent: email type is disabled CONTEXT: {"email_type":"customer_note","status":"disabled","recipient":"ganeshbw","order":77036}
2026-08-06T16:32:59+00:00 NOTICE Email "customer_note" for order #77037 not sent: email type is disabled CONTEXT: {"email_type":"customer_note","status":"disabled","recipient":"nalinikumar","order":77037}
2026-08-06T16:33:07+00:00 NOTICE Email "customer_note" for order #77038 not sent: email type is disabled CONTEXT: {"email_type":"customer_note","status":"disabled","recipient":"anand_ranjani","order":77038}
2026-08-06T16:33:18+00:00 NOTICE Email "customer_note" for order #77039 not sent: email type is disabled CONTEXT: {"email_type":"customer_note","status":"disabled","recipient":"anand_ranjani","order":77039}
2026-08-06T16:33:24+00:00 NOTICE Email "customer_note" for order #77040 not sent: email type is disabled CONTEXT: {"email_type":"customer_note","status":"disabled","recipient":"itchingtowrite","order":77040}
2026-08-06T16:33:36+00:00 NOTICE Email "customer_note" for order #77041 not sent: email type is disabled CONTEXT: {"email_type":"customer_note","status":"disabled","recipient":"pdotadir","order":77041}
2026-08-06T16:33:42+00:00 NOTICE Email "customer_note" for order #77042 not sent: email type is disabled CONTEXT: {"email_type":"customer_note","status":"disabled","recipient":"jaysh_vijay","order":77042}
2026-08-06T16:33:48+00:00 NOTICE Email "customer_note" for order #77043 not sent: email type is disabled CONTEXT: {"email_type":"customer_note","status":"disabled","recipient":"nithin153","order":77043}
2026-08-06T16:33:54+00:00 NOTICE Email "customer_note" for order #77044 not sent: email type is disabled CONTEXT: {"email_type":"customer_note","status":"disabled","recipient":"sanguthebest","order":77044}
2026-08-06T16:34:05+00:00 NOTICE Email "customer_note" for order #77045 not sent: email type is disabled CONTEXT: {"email_type":"customer_note","status":"disabled","recipient":"rguruprasath","order":77045}
2026-08-06T16:34:11+00:00 NOTICE Email "customer_note" for order #77046 not sent: email type is disabled CONTEXT: {"email_type":"customer_note","status":"disabled","recipient":"senthil.m7479","order":77046}
2026-08-06T16:34:20+00:00 NOTICE Email "customer_note" for order #77047 not sent: email type is disabled CONTEXT: {"email_type":"customer_note","status":"disabled","recipient":"raj","order":77047}
2026-08-06T16:34:28+00:00 NOTICE Email "customer_note" for order #77048 not sent: email type is disabled CONTEXT: {"email_type":"customer_note","status":"disabled","recipient":"sriram_venkataraman","order":77048}
2026-08-06T16:34:35+00:00 NOTICE Email "customer_note" for order #77049 not sent: email type is disabled CONTEXT: {"email_type":"customer_note","status":"disabled","recipient":"abinaya.kannazhagan","order":77049}
2026-08-06T16:34:41+00:00 NOTICE Email "customer_note" for order #77050 not sent: email type is disabled CONTEXT: {"email_type":"customer_note","status":"disabled","recipient":"anic.vijay","order":77050}
2026-08-06T16:34:49+00:00 NOTICE Email "customer_note" for order #77051 not sent: email type is disabled CONTEXT: {"email_type":"customer_note","status":"disabled","recipient":"kvghome1","order":77051}
2026-08-06T16:34:55+00:00 NOTICE Email "customer_note" for order #77052 not sent: email type is disabled CONTEXT: {"email_type":"customer_note","status":"disabled","recipient":"rajalakshmi.nr","order":77052}
2026-08-06T16:35:01+00:00 NOTICE Email "customer_note" for order #77053 not sent: email type is disabled CONTEXT: {"email_type":"customer_note","status":"disabled","recipient":"uppili45","order":77053}
2026-08-06T16:35:08+00:00 NOTICE Email "customer_note" for order #77054 not sent: email type is disabled CONTEXT: {"email_type":"customer_note","status":"disabled","recipient":"shanthichandrasekar","order":77054}
2026-08-06T16:35:16+00:00 NOTICE Email "customer_note" for order #77055 not sent: email type is disabled CONTEXT: {"email_type":"customer_note","status":"disabled","recipient":"raji.mulpuri","order":77055}
2026-08-06T16:35:22+00:00 NOTICE Email "customer_note" for order #77056 not sent: email type is disabled CONTEXT: {"email_type":"customer_note","status":"disabled","recipient":"raji.mulpuri","order":77056}
2026-08-06T16:35:29+00:00 NOTICE Email "customer_note" for order #77057 not sent: email type is disabled CONTEXT: {"email_type":"customer_note","status":"disabled","recipient":"j.murugavel","order":77057}
2026-08-06T16:35:38+00:00 INFO Email "failed_order" for order #77057 sent CONTEXT: {"email_type":"failed_order","status":"sent","recipient":"Admin_Madrasmilk","order":77057}
2026-08-06T16:35:39+00:00 NOTICE Email "customer_note" for order #77058 not sent: email type is disabled CONTEXT: {"email_type":"customer_note","status":"disabled","recipient":"pree25","order":77058}
2026-08-06T16:35:45+00:00 NOTICE Email "customer_note" for order #77059 not sent: email type is disabled CONTEXT: {"email_type":"customer_note","status":"disabled","recipient":"victoryprathiba2006","order":77059}
2026-08-06T16:35:50+00:00 NOTICE Email "customer_note" for order #77060 not sent: email type is disabled CONTEXT: {"email_type":"customer_note","status":"disabled","recipient":"gau2am","order":77060}
2026-08-06T16:35:59+00:00 NOTICE Email "customer_note" for order #77061 not sent: email type is disabled CONTEXT: {"email_type":"customer_note","status":"disabled","recipient":"vidhyashrre","order":77061}
2026-08-06T16:36:05+00:00 NOTICE Email "customer_note" for order #77062 not sent: email type is disabled CONTEXT: {"email_type":"customer_note","status":"disabled","recipient":"hariharan.t","order":77062}
2026-08-06T16:36:11+00:00 NOTICE Email "customer_note" for order #77063 not sent: email type is disabled CONTEXT: {"email_type":"customer_note","status":"disabled","recipient":"amuthukumaran","order":77063}
2026-08-06T16:36:17+00:00 NOTICE Email "customer_note" for order #77064 not sent: email type is disabled CONTEXT: {"email_type":"customer_note","status":"disabled","recipient":"pork_gee","order":77064}
2026-08-06T16:36:25+00:00 NOTICE Email "customer_note" for order #77065 not sent: email type is disabled CONTEXT: {"email_type":"customer_note","status":"disabled","recipient":"sangeetha.deiveegarajan","order":77065}
2026-08-06T16:36:40+00:00 NOTICE Email "customer_note" for order #77066 not sent: email type is disabled CONTEXT: {"email_type":"customer_note","status":"disabled","recipient":"renukaseshadhri","order":77066}
2026-08-06T16:36:48+00:00 NOTICE Email "customer_note" for order #77067 not sent: email type is disabled CONTEXT: {"email_type":"customer_note","status":"disabled","recipient":"sandhya5565","order":77067}
2026-08-06T16:36:54+00:00 NOTICE Email "customer_note" for order #77068 not sent: email type is disabled CONTEXT: {"email_type":"customer_note","status":"disabled","recipient":"jsridhar00","order":77068}
2026-08-06T16:37:00+00:00 NOTICE Email "customer_note" for order #77069 not sent: email type is disabled CONTEXT: {"email_type":"customer_note","status":"disabled","recipient":"mali","order":77069}
2026-08-06T16:37:05+00:00 NOTICE Email "customer_note" for order #77070 not sent: email type is disabled CONTEXT: {"email_type":"customer_note","status":"disabled","recipient":"priyag2730","order":77070}
2026-08-06T16:37:11+00:00 NOTICE Email "customer_note" for order #77071 not sent: email type is disabled CONTEXT: {"email_type":"customer_note","status":"disabled","recipient":"giddisathish","order":77071}
2026-08-06T16:37:19+00:00 NOTICE Email "customer_note" for order #77072 not sent: email type is disabled CONTEXT: {"email_type":"customer_note","status":"disabled","recipient":"marianigli","order":77072}
2026-08-06T16:37:25+00:00 NOTICE Email "customer_note" for order #77073 not sent: email type is disabled CONTEXT: {"email_type":"customer_note","status":"disabled","recipient":"sansik26","order":77073}
2026-08-06T16:37:31+00:00 NOTICE Email "customer_note" for order #77074 not sent: email type is disabled CONTEXT: {"email_type":"customer_note","status":"disabled","recipient":"sureshkumarl_ece","order":77074}
2026-08-06T16:38:21+00:00 NOTICE Email "customer_note" for order #77075 not sent: email type is disabled CONTEXT: {"email_type":"customer_note","status":"disabled","recipient":"hemirami","order":77075}
2026-08-06T16:38:29+00:00 NOTICE Email "customer_note" for order #77076 not sent: email type is disabled CONTEXT: {"email_type":"customer_note","status":"disabled","recipient":"jaanvi68","order":77076}
2026-08-06T16:38:35+00:00 NOTICE Email "customer_note" for order #77077 not sent: email type is disabled CONTEXT: {"email_type":"customer_note","status":"disabled","recipient":"subramoniank","order":77077}
2026-08-06T16:38:44+00:00 NOTICE Email "customer_note" for order #77078 not sent: email type is disabled CONTEXT: {"email_type":"customer_note","status":"disabled","recipient":"kevinsundha","order":77078}
2026-08-06T16:38:50+00:00 NOTICE Email "customer_note" for order #77079 not sent: email type is disabled CONTEXT: {"email_type":"customer_note","status":"disabled","recipient":"pooranyk","order":77079}
2026-08-06T16:38:58+00:00 NOTICE Email "customer_note" for order #77080 not sent: email type is disabled CONTEXT: {"email_type":"customer_note","status":"disabled","recipient":"pooranyk","order":77080}
2026-08-06T16:39:06+00:00 NOTICE Email "customer_note" for order #77081 not sent: email type is disabled CONTEXT: {"email_type":"customer_note","status":"disabled","recipient":"parithi_kasi","order":77081}
2026-08-06T16:39:12+00:00 NOTICE Email "customer_note" for order #77082 not sent: email type is disabled CONTEXT: {"email_type":"customer_note","status":"disabled","recipient":"anjana.damu","order":77082}
2026-08-06T16:39:18+00:00 NOTICE Email "customer_note" for order #77083 not sent: email type is disabled CONTEXT: {"email_type":"customer_note","status":"disabled","recipient":"geethu.er","order":77083}
2026-08-06T16:39:24+00:00 NOTICE Email "customer_note" for order #77084 not sent: email type is disabled CONTEXT: {"email_type":"customer_note","status":"disabled","recipient":"mathangi.gaj","order":77084}
2026-08-06T16:39:30+00:00 NOTICE Email "customer_note" for order #77085 not sent: email type is disabled CONTEXT: {"email_type":"customer_note","status":"disabled","recipient":"arunt2511","order":77085}
2026-08-06T16:39:36+00:00 NOTICE Email "customer_note" for order #77086 not sent: email type is disabled CONTEXT: {"email_type":"customer_note","status":"disabled","recipient":"spkarri","order":77086}
2026-08-06T16:39:45+00:00 NOTICE Email "customer_note" for order #77087 not sent: email type is disabled CONTEXT: {"email_type":"customer_note","status":"disabled","recipient":"siva","order":77087}
2026-08-06T16:39:51+00:00 NOTICE Email "customer_note" for order #77088 not sent: email type is disabled CONTEXT: {"email_type":"customer_note","status":"disabled","recipient":"bhuulax","order":77088}
2026-08-06T16:39:58+00:00 NOTICE Email "customer_note" for order #77089 not sent: email type is disabled CONTEXT: {"email_type":"customer_note","status":"disabled","recipient":"kannan_s11","order":77089}
2026-08-06T16:40:05+00:00 NOTICE Email "customer_note" for order #77090 not sent: email type is disabled CONTEXT: {"email_type":"customer_note","status":"disabled","recipient":"ramadamu","order":77090}
2026-08-06T16:40:14+00:00 NOTICE Email "customer_note" for order #77091 not sent: email type is disabled CONTEXT: {"email_type":"customer_note","status":"disabled","recipient":"vinujoshua","order":77091}
2026-08-06T16:40:26+00:00 NOTICE Email "customer_note" for order #77092 not sent: email type is disabled CONTEXT: {"email_type":"customer_note","status":"disabled","recipient":"amalirayan","order":77092}
2026-08-06T16:40:36+00:00 NOTICE Email "customer_note" for order #77093 not sent: email type is disabled CONTEXT: {"email_type":"customer_note","status":"disabled","recipient":"mailmenagu","order":77093}
2026-08-06T16:40:42+00:00 NOTICE Email "customer_note" for order #77094 not sent: email type is disabled CONTEXT: {"email_type":"customer_note","status":"disabled","recipient":"arathianan","order":77094}
2026-08-06T16:40:51+00:00 NOTICE Email "customer_note" for order #77095 not sent: email type is disabled CONTEXT: {"email_type":"customer_note","status":"disabled","recipient":"devitholkappiar","order":77095}
2026-08-06T16:40:57+00:00 NOTICE Email "customer_note" for order #77096 not sent: email type is disabled CONTEXT: {"email_type":"customer_note","status":"disabled","recipient":"bhatt1999","order":77096}
2026-08-06T16:41:05+00:00 NOTICE Email "customer_note" for order #77097 not sent: email type is disabled CONTEXT: {"email_type":"customer_note","status":"disabled","recipient":"bhatt1999","order":77097}
2026-08-06T16:41:12+00:00 NOTICE Email "customer_note" for order #77098 not sent: email type is disabled CONTEXT: {"email_type":"customer_note","status":"disabled","recipient":"revathivel","order":77098}
2026-08-06T16:41:18+00:00 NOTICE Email "customer_note" for order #77099 not sent: email type is disabled CONTEXT: {"email_type":"customer_note","status":"disabled","recipient":"sudhagar21","order":77099}
2026-08-06T16:41:24+00:00 NOTICE Email "customer_note" for order #77100 not sent: email type is disabled CONTEXT: {"email_type":"customer_note","status":"disabled","recipient":"muralidharan.go","order":77100}
2026-08-06T16:41:30+00:00 NOTICE Email "customer_note" for order #77101 not sent: email type is disabled CONTEXT: {"email_type":"customer_note","status":"disabled","recipient":"raknas50","order":77101}
2026-08-06T16:41:40+00:00 NOTICE Email "customer_note" for order #77102 not sent: email type is disabled CONTEXT: {"email_type":"customer_note","status":"disabled","recipient":"raknas50","order":77102}
2026-08-06T16:41:46+00:00 NOTICE Email "customer_note" for order #77103 not sent: email type is disabled CONTEXT: {"email_type":"customer_note","status":"disabled","recipient":"sripradhas","order":77103}
2026-08-06T16:41:53+00:00 NOTICE Email "customer_note" for order #77104 not sent: email type is disabled CONTEXT: {"email_type":"customer_note","status":"disabled","recipient":"sripradhas","order":77104}
2026-08-06T16:42:02+00:00 NOTICE Email "customer_note" for order #77105 not sent: email type is disabled CONTEXT: {"email_type":"customer_note","status":"disabled","recipient":"veenajhaver","order":77105}
2026-08-06T16:42:09+00:00 NOTICE Email "customer_note" for order #77106 not sent: email type is disabled CONTEXT: {"email_type":"customer_note","status":"disabled","recipient":"nav_dita","order":77106}
2026-08-06T16:42:15+00:00 NOTICE Email "customer_note" for order #77107 not sent: email type is disabled CONTEXT: {"email_type":"customer_note","status":"disabled","recipient":"aarthisrin","order":77107}
2026-08-06T16:44:02+00:00 INFO Email "customer_new_account" for user #1566 sent CONTEXT: {"email_type":"customer_new_account","status":"sent","recipient":"p sri divya","user":1566}
2026-08-06T16:46:54+00:00 NOTICE Email "customer_note" for order #77109 not sent: email type is disabled CONTEXT: {"email_type":"customer_note","status":"disabled","recipient":"ramanathanlr","order":77109}
2026-08-06T16:47:01+00:00 NOTICE Email "customer_note" for order #77110 not sent: email type is disabled CONTEXT: {"email_type":"customer_note","status":"disabled","recipient":"shomprabu","order":77110}
2026-08-06T16:47:09+00:00 NOTICE Email "customer_note" for order #77111 not sent: email type is disabled CONTEXT: {"email_type":"customer_note","status":"disabled","recipient":"shomprabu","order":77111}
2026-08-06T16:47:15+00:00 NOTICE Email "customer_note" for order #77112 not sent: email type is disabled CONTEXT: {"email_type":"customer_note","status":"disabled","recipient":"arjunp3000","order":77112}
2026-08-06T16:47:21+00:00 NOTICE Email "customer_note" for order #77113 not sent: email type is disabled CONTEXT: {"email_type":"customer_note","status":"disabled","recipient":"meena.radhakrishnan","order":77113}
2026-08-06T16:47:27+00:00 NOTICE Email "customer_note" for order #77114 not sent: email type is disabled CONTEXT: {"email_type":"customer_note","status":"disabled","recipient":"vanithasridhar80","order":77114}
2026-08-06T16:47:34+00:00 NOTICE Email "customer_note" for order #77115 not sent: email type is disabled CONTEXT: {"email_type":"customer_note","status":"disabled","recipient":"phoenix.cbe","order":77115}
2026-08-06T16:47:42+00:00 NOTICE Email "customer_note" for order #77116 not sent: email type is disabled CONTEXT: {"email_type":"customer_note","status":"disabled","recipient":"cm.krishna","order":77116}
2026-08-06T16:47:50+00:00 NOTICE Email "customer_note" for order #77117 not sent: email type is disabled CONTEXT: {"email_type":"customer_note","status":"disabled","recipient":"srividhyakk","order":77117}
2026-08-06T16:47:58+00:00 NOTICE Email "customer_note" for order #77118 not sent: email type is disabled CONTEXT: {"email_type":"customer_note","status":"disabled","recipient":"jaiganesh61","order":77118}
2026-08-06T16:48:06+00:00 NOTICE Email "customer_note" for order #77119 not sent: email type is disabled CONTEXT: {"email_type":"customer_note","status":"disabled","recipient":"vasan","order":77119}
2026-08-06T16:48:12+00:00 NOTICE Email "customer_note" for order #77120 not sent: email type is disabled CONTEXT: {"email_type":"customer_note","status":"disabled","recipient":"rcharumathi","order":77120}
2026-08-06T16:48:19+00:00 NOTICE Email "customer_note" for order #77121 not sent: email type is disabled CONTEXT: {"email_type":"customer_note","status":"disabled","recipient":"raga.12345","order":77121}
2026-08-06T16:48:27+00:00 NOTICE Email "customer_note" for order #77122 not sent: email type is disabled CONTEXT: {"email_type":"customer_note","status":"disabled","recipient":"sukanv","order":77122}
2026-08-06T16:48:36+00:00 NOTICE Email "customer_note" for order #77123 not sent: email type is disabled CONTEXT: {"email_type":"customer_note","status":"disabled","recipient":"sukanv","order":77123}
2026-08-06T16:48:42+00:00 NOTICE Email "customer_note" for order #77124 not sent: email type is disabled CONTEXT: {"email_type":"customer_note","status":"disabled","recipient":"aradhanagopinath","order":77124}
2026-08-06T16:48:49+00:00 NOTICE Email "customer_note" for order #77125 not sent: email type is disabled CONTEXT: {"email_type":"customer_note","status":"disabled","recipient":"kti377","order":77125}
2026-08-06T16:48:55+00:00 NOTICE Email "customer_note" for order #77126 not sent: email type is disabled CONTEXT: {"email_type":"customer_note","status":"disabled","recipient":"karthik.vv","order":77126}
2026-08-06T16:49:01+00:00 NOTICE Email "customer_note" for order #77127 not sent: email type is disabled CONTEXT: {"email_type":"customer_note","status":"disabled","recipient":"durgasivakumar","order":77127}
2026-08-06T16:49:08+00:00 NOTICE Email "customer_note" for order #77128 not sent: email type is disabled CONTEXT: {"email_type":"customer_note","status":"disabled","recipient":"durgasivakumar","order":77128}
2026-08-06T16:49:14+00:00 NOTICE Email "customer_note" for order #77129 not sent: email type is disabled CONTEXT: {"email_type":"customer_note","status":"disabled","recipient":"jaanu23ravi","order":77129}
2026-08-06T16:49:20+00:00 NOTICE Email "customer_note" for order #77130 not sent: email type is disabled CONTEXT: {"email_type":"customer_note","status":"disabled","recipient":"nals1428","order":77130}
2026-08-06T16:49:26+00:00 NOTICE Email "customer_note" for order #77131 not sent: email type is disabled CONTEXT: {"email_type":"customer_note","status":"disabled","recipient":"krishna.obul","order":77131}
2026-08-06T16:49:33+00:00 NOTICE Email "customer_note" for order #77132 not sent: email type is disabled CONTEXT: {"email_type":"customer_note","status":"disabled","recipient":"g.poorni24","order":77132}
2026-08-06T16:49:39+00:00 NOTICE Email "customer_note" for order #77133 not sent: email type is disabled CONTEXT: {"email_type":"customer_note","status":"disabled","recipient":"laksminarasiman","order":77133}
2026-08-06T16:49:50+00:00 NOTICE Email "customer_note" for order #77134 not sent: email type is disabled CONTEXT: {"email_type":"customer_note","status":"disabled","recipient":"dhivya619","order":77134}
2026-08-06T16:49:59+00:00 NOTICE Email "customer_note" for order #77135 not sent: email type is disabled CONTEXT: {"email_type":"customer_note","status":"disabled","recipient":"indu_pandurangan","order":77135}
2026-08-06T16:50:10+00:00 NOTICE Email "customer_note" for order #77136 not sent: email type is disabled CONTEXT: {"email_type":"customer_note","status":"disabled","recipient":"rohinirvarma","order":77136}
2026-08-06T16:50:16+00:00 NOTICE Email "customer_note" for order #77137 not sent: email type is disabled CONTEXT: {"email_type":"customer_note","status":"disabled","recipient":"vaikarthi","order":77137}
2026-08-06T16:50:24+00:00 NOTICE Email "customer_note" for order #77138 not sent: email type is disabled CONTEXT: {"email_type":"customer_note","status":"disabled","recipient":"mugdhasethi","order":77138}
2026-08-06T16:50:30+00:00 NOTICE Email "customer_note" for order #77139 not sent: email type is disabled CONTEXT: {"email_type":"customer_note","status":"disabled","recipient":"stratos71","order":77139}
2026-08-06T16:50:36+00:00 NOTICE Email "customer_note" for order #77140 not sent: email type is disabled CONTEXT: {"email_type":"customer_note","status":"disabled","recipient":"kannusamy","order":77140}
2026-08-06T16:50:42+00:00 NOTICE Email "customer_note" for order #77141 not sent: email type is disabled CONTEXT: {"email_type":"customer_note","status":"disabled","recipient":"drnarenkarthik","order":77141}
2026-08-06T16:50:48+00:00 NOTICE Email "customer_note" for order #77142 not sent: email type is disabled CONTEXT: {"email_type":"customer_note","status":"disabled","recipient":"janani.tj","order":77142}
2026-08-06T16:53:22+00:00 NOTICE Email "customer_note" for order #77143 not sent: email type is disabled CONTEXT: {"email_type":"customer_note","status":"disabled","recipient":"kantsrik","order":77143}
2026-08-06T16:53:30+00:00 NOTICE Email "customer_note" for order #77144 not sent: email type is disabled CONTEXT: {"email_type":"customer_note","status":"disabled","recipient":"kantsrik","order":77144}
2026-08-06T16:53:39+00:00 NOTICE Email "customer_note" for order #77145 not sent: email type is disabled CONTEXT: {"email_type":"customer_note","status":"disabled","recipient":"tanugaur","order":77145}
2026-08-06T16:53:46+00:00 NOTICE Email "customer_note" for order #77146 not sent: email type is disabled CONTEXT: {"email_type":"customer_note","status":"disabled","recipient":"tanugaur","order":77146}
2026-08-06T16:53:52+00:00 NOTICE Email "customer_note" for order #77147 not sent: email type is disabled CONTEXT: {"email_type":"customer_note","status":"disabled","recipient":"sndas108","order":77147}
2026-08-06T16:53:59+00:00 NOTICE Email "customer_note" for order #77148 not sent: email type is disabled CONTEXT: {"email_type":"customer_note","status":"disabled","recipient":"sndas108","order":77148}
2026-08-06T16:54:07+00:00 NOTICE Email "customer_note" for order #77149 not sent: email type is disabled CONTEXT: {"email_type":"customer_note","status":"disabled","recipient":"preethi.kashyap","order":77149}
2026-08-06T16:54:14+00:00 NOTICE Email "customer_note" for order #77150 not sent: email type is disabled CONTEXT: {"email_type":"customer_note","status":"disabled","recipient":"sujata_raman","order":77150}
2026-08-06T16:54:20+00:00 NOTICE Email "customer_note" for order #77151 not sent: email type is disabled CONTEXT: {"email_type":"customer_note","status":"disabled","recipient":"rtdhinakar","order":77151}
2026-08-06T16:54:27+00:00 NOTICE Email "customer_note" for order #77152 not sent: email type is disabled CONTEXT: {"email_type":"customer_note","status":"disabled","recipient":"shivanilank1312","order":77152}
2026-08-06T16:54:37+00:00 NOTICE Email "customer_note" for order #77153 not sent: email type is disabled CONTEXT: {"email_type":"customer_note","status":"disabled","recipient":"teja.cdtvs","order":77153}
2026-08-06T16:54:44+00:00 NOTICE Email "customer_note" for order #77154 not sent: email type is disabled CONTEXT: {"email_type":"customer_note","status":"disabled","recipient":"gotosurya","order":77154}
2026-08-06T16:54:52+00:00 NOTICE Email "customer_note" for order #77155 not sent: email type is disabled CONTEXT: {"email_type":"customer_note","status":"disabled","recipient":"gotosurya","order":77155}
2026-08-06T16:54:58+00:00 NOTICE Email "customer_note" for order #77156 not sent: email type is disabled CONTEXT: {"email_type":"customer_note","status":"disabled","recipient":"saipadmarajen","order":77156}
2026-08-06T16:55:09+00:00 NOTICE Email "customer_note" for order #77157 not sent: email type is disabled CONTEXT: {"email_type":"customer_note","status":"disabled","recipient":"ssmanister","order":77157}
2026-08-06T16:55:17+00:00 NOTICE Email "customer_note" for order #77158 not sent: email type is disabled CONTEXT: {"email_type":"customer_note","status":"disabled","recipient":"kpraneeth","order":77158}
2026-08-06T16:55:25+00:00 NOTICE Email "customer_note" for order #77159 not sent: email type is disabled CONTEXT: {"email_type":"customer_note","status":"disabled","recipient":"giri.ramamoorthy","order":77159}
2026-08-06T16:55:33+00:00 NOTICE Email "customer_note" for order #77160 not sent: email type is disabled CONTEXT: {"email_type":"customer_note","status":"disabled","recipient":"sunil","order":77160}
2026-08-06T16:55:42+00:00 NOTICE Email "customer_note" for order #77161 not sent: email type is disabled CONTEXT: {"email_type":"customer_note","status":"disabled","recipient":"nandhuash","order":77161}
2026-08-06T16:55:49+00:00 NOTICE Email "customer_note" for order #77162 not sent: email type is disabled CONTEXT: {"email_type":"customer_note","status":"disabled","recipient":"raghuldeepak1991","order":77162}
2026-08-06T16:55:56+00:00 NOTICE Email "customer_note" for order #77163 not sent: email type is disabled CONTEXT: {"email_type":"customer_note","status":"disabled","recipient":"maha.prakrti","order":77163}
2026-08-06T16:56:04+00:00 NOTICE Email "customer_note" for order #77164 not sent: email type is disabled CONTEXT: {"email_type":"customer_note","status":"disabled","recipient":"maha.prakrti","order":77164}
2026-08-06T16:56:10+00:00 NOTICE Email "customer_note" for order #77165 not sent: email type is disabled CONTEXT: {"email_type":"customer_note","status":"disabled","recipient":"mr.khadeerahmed","order":77165}
2026-08-06T16:56:16+00:00 NOTICE Email "customer_note" for order #77166 not sent: email type is disabled CONTEXT: {"email_type":"customer_note","status":"disabled","recipient":"gayatrid17","order":77166}
2026-08-06T16:56:22+00:00 NOTICE Email "customer_note" for order #77167 not sent: email type is disabled CONTEXT: {"email_type":"customer_note","status":"disabled","recipient":"harjith77","order":77167}
2026-08-06T16:56:32+00:00 NOTICE Email "customer_note" for order #77168 not sent: email type is disabled CONTEXT: {"email_type":"customer_note","status":"disabled","recipient":"harin5000","order":77168}
2026-08-06T16:56:41+00:00 NOTICE Email "customer_note" for order #77169 not sent: email type is disabled CONTEXT: {"email_type":"customer_note","status":"disabled","recipient":"anushajinadas","order":77169}
2026-08-06T16:56:47+00:00 NOTICE Email "customer_note" for order #77170 not sent: email type is disabled CONTEXT: {"email_type":"customer_note","status":"disabled","recipient":"thiagarajan.krishnaraj","order":77170}
2026-08-06T16:56:55+00:00 NOTICE Email "customer_note" for order #77171 not sent: email type is disabled CONTEXT: {"email_type":"customer_note","status":"disabled","recipient":"ganes.s","order":77171}
2026-08-06T16:57:03+00:00 NOTICE Email "customer_note" for order #77172 not sent: email type is disabled CONTEXT: {"email_type":"customer_note","status":"disabled","recipient":"shankar.b1987","order":77172}
2026-08-06T16:57:11+00:00 NOTICE Email "customer_note" for order #77173 not sent: email type is disabled CONTEXT: {"email_type":"customer_note","status":"disabled","recipient":"ravishankarns","order":77173}
2026-08-06T16:57:17+00:00 NOTICE Email "customer_note" for order #77174 not sent: email type is disabled CONTEXT: {"email_type":"customer_note","status":"disabled","recipient":"santhipriya.mohan","order":77174}
2026-08-06T16:58:08+00:00 INFO Email "customer_new_account" for user #1567 sent CONTEXT: {"email_type":"customer_new_account","status":"sent","recipient":"sagarloka364","user":1567}
2026-08-06T16:59:30+00:00 NOTICE Email "customer_note" for order #77175 not sent: email type is disabled CONTEXT: {"email_type":"customer_note","status":"disabled","recipient":"aparna.saravananj","order":77175}
2026-08-06T16:59:36+00:00 NOTICE Email "customer_note" for order #77176 not sent: email type is disabled CONTEXT: {"email_type":"customer_note","status":"disabled","recipient":"ganesan.adv","order":77176}
2026-08-06T16:59:43+00:00 NOTICE Email "customer_note" for order #77177 not sent: email type is disabled CONTEXT: {"email_type":"customer_note","status":"disabled","recipient":"rshankar79","order":77177}
2026-08-06T16:59:52+00:00 NOTICE Email "customer_note" for order #77178 not sent: email type is disabled CONTEXT: {"email_type":"customer_note","status":"disabled","recipient":"alphonsejacintha","order":77178}
2026-08-06T17:00:03+00:00 NOTICE Email "customer_note" for order #77179 not sent: email type is disabled CONTEXT: {"email_type":"customer_note","status":"disabled","recipient":"sviji24","order":77179}
2026-08-06T17:00:14+00:00 NOTICE Email "customer_note" for order #77180 not sent: email type is disabled CONTEXT: {"email_type":"customer_note","status":"disabled","recipient":"srininsv","order":77180}
2026-08-06T17:00:25+00:00 NOTICE Email "customer_note" for order #77181 not sent: email type is disabled CONTEXT: {"email_type":"customer_note","status":"disabled","recipient":"getvichu2000","order":77181}
2026-08-06T17:06:49+00:00 NOTICE Email "customer_note" for order #77182 not sent: email type is disabled CONTEXT: {"email_type":"customer_note","status":"disabled","recipient":"mayam60","order":77182}
2026-08-06T17:06:56+00:00 NOTICE Email "customer_note" for order #77183 not sent: email type is disabled CONTEXT: {"email_type":"customer_note","status":"disabled","recipient":"wejai4ever","order":77183}
2026-08-06T17:07:05+00:00 NOTICE Email "customer_note" for order #77184 not sent: email type is disabled CONTEXT: {"email_type":"customer_note","status":"disabled","recipient":"lakshmipunna","order":77184}
2026-08-06T17:07:15+00:00 NOTICE Email "customer_note" for order #77185 not sent: email type is disabled CONTEXT: {"email_type":"customer_note","status":"disabled","recipient":"ssreddy","order":77185}
2026-08-06T17:07:22+00:00 NOTICE Email "customer_note" for order #77186 not sent: email type is disabled CONTEXT: {"email_type":"customer_note","status":"disabled","recipient":"nspriya14","order":77186}
2026-08-06T17:07:31+00:00 NOTICE Email "customer_note" for order #77187 not sent: email type is disabled CONTEXT: {"email_type":"customer_note","status":"disabled","recipient":"rajani.seshadri","order":77187}
2026-08-06T17:07:39+00:00 NOTICE Email "customer_note" for order #77188 not sent: email type is disabled CONTEXT: {"email_type":"customer_note","status":"disabled","recipient":"puaravind","order":77188}
2026-08-06T17:07:45+00:00 NOTICE Email "customer_note" for order #77189 not sent: email type is disabled CONTEXT: {"email_type":"customer_note","status":"disabled","recipient":"kannan.m84","order":77189}
2026-08-06T17:07:52+00:00 NOTICE Email "customer_note" for order #77190 not sent: email type is disabled CONTEXT: {"email_type":"customer_note","status":"disabled","recipient":"kannan.m84","order":77190}
2026-08-06T17:08:00+00:00 NOTICE Email "customer_note" for order #77191 not sent: email type is disabled CONTEXT: {"email_type":"customer_note","status":"disabled","recipient":"sujathasathyanarayanan","order":77191}
2026-08-06T17:08:07+00:00 NOTICE Email "customer_note" for order #77192 not sent: email type is disabled CONTEXT: {"email_type":"customer_note","status":"disabled","recipient":"krish2407","order":77192}
2026-08-06T17:08:14+00:00 NOTICE Email "customer_note" for order #77193 not sent: email type is disabled CONTEXT: {"email_type":"customer_note","status":"disabled","recipient":"krish2407","order":77193}
2026-08-06T17:08:23+00:00 NOTICE Email "customer_note" for order #77194 not sent: email type is disabled CONTEXT: {"email_type":"customer_note","status":"disabled","recipient":"ntsaran81","order":77194}
2026-08-06T17:08:31+00:00 NOTICE Email "customer_note" for order #77195 not sent: email type is disabled CONTEXT: {"email_type":"customer_note","status":"disabled","recipient":"subhra.hindu","order":77195}
2026-08-06T17:08:37+00:00 NOTICE Email "customer_note" for order #77196 not sent: email type is disabled CONTEXT: {"email_type":"customer_note","status":"disabled","recipient":"nagarjunagarige","order":77196}
2026-08-06T17:08:48+00:00 NOTICE Email "customer_note" for order #77197 not sent: email type is disabled CONTEXT: {"email_type":"customer_note","status":"disabled","recipient":"nagarjunagarige","order":77197}
2026-08-06T17:08:56+00:00 NOTICE Email "customer_note" for order #77198 not sent: email type is disabled CONTEXT: {"email_type":"customer_note","status":"disabled","recipient":"rajeswa2","order":77198}
2026-08-06T17:09:02+00:00 NOTICE Email "customer_note" for order #77199 not sent: email type is disabled CONTEXT: {"email_type":"customer_note","status":"disabled","recipient":"rajeswa2","order":77199}
2026-08-06T17:09:10+00:00 NOTICE Email "customer_note" for order #77200 not sent: email type is disabled CONTEXT: {"email_type":"customer_note","status":"disabled","recipient":"soori007","order":77200}
2026-08-06T17:09:16+00:00 NOTICE Email "customer_note" for order #77201 not sent: email type is disabled CONTEXT: {"email_type":"customer_note","status":"disabled","recipient":"vijayvasudevan1","order":77201}
2026-08-06T17:09:22+00:00 NOTICE Email "customer_note" for order #77202 not sent: email type is disabled CONTEXT: {"email_type":"customer_note","status":"disabled","recipient":"rrnath72","order":77202}
2026-08-06T17:09:29+00:00 NOTICE Email "customer_note" for order #77203 not sent: email type is disabled CONTEXT: {"email_type":"customer_note","status":"disabled","recipient":"t_kart","order":77203}
2026-08-06T17:09:36+00:00 NOTICE Email "customer_note" for order #77204 not sent: email type is disabled CONTEXT: {"email_type":"customer_note","status":"disabled","recipient":"Test Sibi","order":77204}
2026-08-06T17:09:37+00:00 NOTICE Email "customer_note" for order #77205 not sent: email type is disabled CONTEXT: {"email_type":"customer_note","status":"disabled","recipient":"vidhyavenkatesh","order":77205}
2026-08-06T17:09:44+00:00 NOTICE Email "customer_note" for order #77206 not sent: email type is disabled CONTEXT: {"email_type":"customer_note","status":"disabled","recipient":"sankar.nx","order":77206}
2026-08-06T17:09:50+00:00 NOTICE Email "customer_note" for order #77207 not sent: email type is disabled CONTEXT: {"email_type":"customer_note","status":"disabled","recipient":"sarithacindrella","order":77207}
2026-08-06T17:09:58+00:00 NOTICE Email "customer_note" for order #77208 not sent: email type is disabled CONTEXT: {"email_type":"customer_note","status":"disabled","recipient":"rvsbell","order":77208}
2026-08-06T17:10:07+00:00 NOTICE Email "customer_note" for order #77209 not sent: email type is disabled CONTEXT: {"email_type":"customer_note","status":"disabled","recipient":"thaseenphysio","order":77209}
2026-08-06T17:10:14+00:00 NOTICE Email "customer_note" for order #77210 not sent: email type is disabled CONTEXT: {"email_type":"customer_note","status":"disabled","recipient":"ravishankarpv23","order":77210}
2026-08-06T17:10:24+00:00 NOTICE Email "customer_note" for order #77211 not sent: email type is disabled CONTEXT: {"email_type":"customer_note","status":"disabled","recipient":"saradhavi","order":77211}
2026-08-06T17:10:32+00:00 NOTICE Email "customer_note" for order #77212 not sent: email type is disabled CONTEXT: {"email_type":"customer_note","status":"disabled","recipient":"bmanjudevi","order":77212}
2026-08-06T17:10:39+00:00 NOTICE Email "customer_note" for order #77213 not sent: email type is disabled CONTEXT: {"email_type":"customer_note","status":"disabled","recipient":"rkarthikeyan1511","order":77213}
2026-08-06T17:10:45+00:00 NOTICE Email "customer_note" for order #77214 not sent: email type is disabled CONTEXT: {"email_type":"customer_note","status":"disabled","recipient":"adline.jeni","order":77214}
2026-08-06T17:19:16+00:00 NOTICE Email "customer_note" for order #77216 not sent: email type is disabled CONTEXT: {"email_type":"customer_note","status":"disabled","recipient":"suganyagopuk","order":77216}
2026-08-06T17:19:27+00:00 NOTICE Email "customer_note" for order #77217 not sent: email type is disabled CONTEXT: {"email_type":"customer_note","status":"disabled","recipient":"amby85","order":77217}
2026-08-06T17:19:37+00:00 NOTICE Email "customer_note" for order #77218 not sent: email type is disabled CONTEXT: {"email_type":"customer_note","status":"disabled","recipient":"chitra003","order":77218}
2026-08-06T17:19:46+00:00 NOTICE Email "customer_note" for order #77219 not sent: email type is disabled CONTEXT: {"email_type":"customer_note","status":"disabled","recipient":"grandmastervasu","order":77219}
2026-08-06T17:19:55+00:00 NOTICE Email "customer_note" for order #77220 not sent: email type is disabled CONTEXT: {"email_type":"customer_note","status":"disabled","recipient":"tanzary","order":77220}
2026-08-06T17:20:02+00:00 NOTICE Email "customer_note" for order #77221 not sent: email type is disabled CONTEXT: {"email_type":"customer_note","status":"disabled","recipient":"jayshree_kannan","order":77221}
2026-08-06T17:20:11+00:00 NOTICE Email "customer_note" for order #77222 not sent: email type is disabled CONTEXT: {"email_type":"customer_note","status":"disabled","recipient":"asokachelliah","order":77222}
2026-08-06T17:20:20+00:00 NOTICE Email "customer_note" for order #77223 not sent: email type is disabled CONTEXT: {"email_type":"customer_note","status":"disabled","recipient":"ranjithjegan","order":77223}
2026-08-06T17:20:27+00:00 NOTICE Email "customer_note" for order #77224 not sent: email type is disabled CONTEXT: {"email_type":"customer_note","status":"disabled","recipient":"galactic.clusters","order":77224}
2026-08-06T17:20:36+00:00 NOTICE Email "customer_note" for order #77225 not sent: email type is disabled CONTEXT: {"email_type":"customer_note","status":"disabled","recipient":"c.raghuram95","order":77225}
2026-08-06T17:20:43+00:00 NOTICE Email "customer_note" for order #77226 not sent: email type is disabled CONTEXT: {"email_type":"customer_note","status":"disabled","recipient":"sherinangela","order":77226}
2026-08-06T17:20:50+00:00 NOTICE Email "customer_note" for order #77227 not sent: email type is disabled CONTEXT: {"email_type":"customer_note","status":"disabled","recipient":"sherinangela","order":77227}
2026-08-06T17:20:58+00:00 NOTICE Email "customer_note" for order #77228 not sent: email type is disabled CONTEXT: {"email_type":"customer_note","status":"disabled","recipient":"rosanuru","order":77228}
2026-08-06T17:21:07+00:00 NOTICE Email "customer_note" for order #77229 not sent: email type is disabled CONTEXT: {"email_type":"customer_note","status":"disabled","recipient":"rosanuru","order":77229}
2026-08-06T17:21:16+00:00 NOTICE Email "customer_note" for order #77230 not sent: email type is disabled CONTEXT: {"email_type":"customer_note","status":"disabled","recipient":"thirumal.valavan","order":77230}
2026-08-06T17:21:23+00:00 NOTICE Email "customer_note" for order #77231 not sent: email type is disabled CONTEXT: {"email_type":"customer_note","status":"disabled","recipient":"udaymetha","order":77231}
2026-08-06T17:21:30+00:00 NOTICE Email "customer_note" for order #77232 not sent: email type is disabled CONTEXT: {"email_type":"customer_note","status":"disabled","recipient":"arunivf","order":77232}
2026-08-06T17:21:37+00:00 NOTICE Email "customer_note" for order #77233 not sent: email type is disabled CONTEXT: {"email_type":"customer_note","status":"disabled","recipient":"sunanda.undamatla","order":77233}
2026-08-06T17:21:46+00:00 NOTICE Email "customer_note" for order #77234 not sent: email type is disabled CONTEXT: {"email_type":"customer_note","status":"disabled","recipient":"tpkiruthika","order":77234}
2026-08-06T17:21:52+00:00 NOTICE Email "customer_note" for order #77235 not sent: email type is disabled CONTEXT: {"email_type":"customer_note","status":"disabled","recipient":"chennaibullpower","order":77235}
2026-08-06T17:21:58+00:00 NOTICE Email "customer_note" for order #77236 not sent: email type is disabled CONTEXT: {"email_type":"customer_note","status":"disabled","recipient":"mail2anantha","order":77236}
2026-08-06T17:22:06+00:00 NOTICE Email "customer_note" for order #77237 not sent: email type is disabled CONTEXT: {"email_type":"customer_note","status":"disabled","recipient":"r.sasankan","order":77237}
2026-08-06T17:22:12+00:00 NOTICE Email "customer_note" for order #77238 not sent: email type is disabled CONTEXT: {"email_type":"customer_note","status":"disabled","recipient":"pritam.reddyn","order":77238}
2026-08-06T17:22:19+00:00 NOTICE Email "customer_note" for order #77239 not sent: email type is disabled CONTEXT: {"email_type":"customer_note","status":"disabled","recipient":"meerasampath47","order":77239}
2026-08-06T17:22:26+00:00 NOTICE Email "customer_note" for order #77240 not sent: email type is disabled CONTEXT: {"email_type":"customer_note","status":"disabled","recipient":"meerasampath47","order":77240}
2026-08-06T17:22:34+00:00 NOTICE Email "customer_note" for order #77241 not sent: email type is disabled CONTEXT: {"email_type":"customer_note","status":"disabled","recipient":"lakshmiwai","order":77241}
2026-08-06T17:22:41+00:00 NOTICE Email "customer_note" for order #77242 not sent: email type is disabled CONTEXT: {"email_type":"customer_note","status":"disabled","recipient":"nyolapriya","order":77242}
2026-08-06T17:22:47+00:00 NOTICE Email "customer_note" for order #77243 not sent: email type is disabled CONTEXT: {"email_type":"customer_note","status":"disabled","recipient":"ushabmoorthy","order":77243}
2026-08-06T17:22:53+00:00 NOTICE Email "customer_note" for order #77244 not sent: email type is disabled CONTEXT: {"email_type":"customer_note","status":"disabled","recipient":"ushabmoorthy","order":77244}
2026-08-06T17:23:00+00:00 NOTICE Email "customer_note" for order #77245 not sent: email type is disabled CONTEXT: {"email_type":"customer_note","status":"disabled","recipient":"dhanas_ga","order":77245}
2026-08-06T17:23:09+00:00 NOTICE Email "customer_note" for order #77246 not sent: email type is disabled CONTEXT: {"email_type":"customer_note","status":"disabled","recipient":"dsuriyadeepan","order":77246}
2026-08-06T17:24:41+00:00 NOTICE Email "customer_note" for order #77247 not sent: email type is disabled CONTEXT: {"email_type":"customer_note","status":"disabled","recipient":"krishnan.gnv","order":77247}
2026-08-06T17:24:48+00:00 NOTICE Email "customer_note" for order #77248 not sent: email type is disabled CONTEXT: {"email_type":"customer_note","status":"disabled","recipient":"karthikkoti","order":77248}
2026-08-06T17:24:55+00:00 NOTICE Email "customer_note" for order #77249 not sent: email type is disabled CONTEXT: {"email_type":"customer_note","status":"disabled","recipient":"sel.shan2","order":77249}
2026-08-06T17:25:02+00:00 NOTICE Email "customer_note" for order #77250 not sent: email type is disabled CONTEXT: {"email_type":"customer_note","status":"disabled","recipient":"viddhari","order":77250}
2026-08-06T17:25:09+00:00 NOTICE Email "customer_note" for order #77251 not sent: email type is disabled CONTEXT: {"email_type":"customer_note","status":"disabled","recipient":"rviji.1092","order":77251}
2026-08-06T17:25:17+00:00 NOTICE Email "customer_note" for order #77252 not sent: email type is disabled CONTEXT: {"email_type":"customer_note","status":"disabled","recipient":"sd.nisarahmed","order":77252}
2026-08-06T17:25:24+00:00 NOTICE Email "customer_note" for order #77253 not sent: email type is disabled CONTEXT: {"email_type":"customer_note","status":"disabled","recipient":"mpjyoti","order":77253}
2026-08-06T17:25:30+00:00 NOTICE Email "customer_note" for order #77254 not sent: email type is disabled CONTEXT: {"email_type":"customer_note","status":"disabled","recipient":"sangeetharanganath","order":77254}
2026-08-06T17:25:38+00:00 NOTICE Email "customer_note" for order #77255 not sent: email type is disabled CONTEXT: {"email_type":"customer_note","status":"disabled","recipient":"karthikonline","order":77255}
2026-08-06T17:25:44+00:00 NOTICE Email "customer_note" for order #77256 not sent: email type is disabled CONTEXT: {"email_type":"customer_note","status":"disabled","recipient":"rema.vnktsh","order":77256}
2026-08-06T17:25:51+00:00 NOTICE Email "customer_note" for order #77257 not sent: email type is disabled CONTEXT: {"email_type":"customer_note","status":"disabled","recipient":"smriti166","order":77257}
2026-08-06T17:25:57+00:00 NOTICE Email "customer_note" for order #77258 not sent: email type is disabled CONTEXT: {"email_type":"customer_note","status":"disabled","recipient":"anuranjan","order":77258}
2026-08-06T17:26:05+00:00 NOTICE Email "customer_note" for order #77259 not sent: email type is disabled CONTEXT: {"email_type":"customer_note","status":"disabled","recipient":"renga.devarajan","order":77259}
2026-08-06T17:26:12+00:00 NOTICE Email "customer_note" for order #77260 not sent: email type is disabled CONTEXT: {"email_type":"customer_note","status":"disabled","recipient":"ravilochananiyengar","order":77260}
2026-08-06T17:26:18+00:00 NOTICE Email "customer_note" for order #77261 not sent: email type is disabled CONTEXT: {"email_type":"customer_note","status":"disabled","recipient":"tapseshadri56","order":77261}
2026-08-06T17:26:28+00:00 NOTICE Email "customer_note" for order #77262 not sent: email type is disabled CONTEXT: {"email_type":"customer_note","status":"disabled","recipient":"ashval81","order":77262}
2026-08-06T17:26:34+00:00 NOTICE Email "customer_note" for order #77263 not sent: email type is disabled CONTEXT: {"email_type":"customer_note","status":"disabled","recipient":"mohideen.aai","order":77263}
2026-08-06T17:26:40+00:00 NOTICE Email "customer_note" for order #77264 not sent: email type is disabled CONTEXT: {"email_type":"customer_note","status":"disabled","recipient":"sugu4u","order":77264}
2026-08-06T17:26:46+00:00 NOTICE Email "customer_note" for order #77265 not sent: email type is disabled CONTEXT: {"email_type":"customer_note","status":"disabled","recipient":"v.vandhana17","order":77265}
2026-08-06T17:26:54+00:00 NOTICE Email "customer_note" for order #77266 not sent: email type is disabled CONTEXT: {"email_type":"customer_note","status":"disabled","recipient":"mrinal1.618","order":77266}
2026-08-06T17:27:00+00:00 NOTICE Email "customer_note" for order #77267 not sent: email type is disabled CONTEXT: {"email_type":"customer_note","status":"disabled","recipient":"jayashree.ramesh70","order":77267}
2026-08-06T17:27:06+00:00 NOTICE Email "customer_note" for order #77268 not sent: email type is disabled CONTEXT: {"email_type":"customer_note","status":"disabled","recipient":"srinowin","order":77268}
2026-08-06T17:27:12+00:00 NOTICE Email "customer_note" for order #77269 not sent: email type is disabled CONTEXT: {"email_type":"customer_note","status":"disabled","recipient":"nmn.gceb","order":77269}
2026-08-06T17:27:20+00:00 NOTICE Email "customer_note" for order #77270 not sent: email type is disabled CONTEXT: {"email_type":"customer_note","status":"disabled","recipient":"gramyanataraj","order":77270}
2026-08-06T17:27:26+00:00 NOTICE Email "customer_note" for order #77271 not sent: email type is disabled CONTEXT: {"email_type":"customer_note","status":"disabled","recipient":"raviraghav","order":77271}
2026-08-06T17:27:32+00:00 NOTICE Email "customer_note" for order #77272 not sent: email type is disabled CONTEXT: {"email_type":"customer_note","status":"disabled","recipient":"gowrisubha.s","order":77272}
2026-08-06T17:27:38+00:00 NOTICE Email "customer_note" for order #77273 not sent: email type is disabled CONTEXT: {"email_type":"customer_note","status":"disabled","recipient":"ramyajeevanandam","order":77273}
2026-08-06T17:27:46+00:00 NOTICE Email "customer_note" for order #77274 not sent: email type is disabled CONTEXT: {"email_type":"customer_note","status":"disabled","recipient":"anand183","order":77274}
2026-08-06T17:27:52+00:00 NOTICE Email "customer_note" for order #77275 not sent: email type is disabled CONTEXT: {"email_type":"customer_note","status":"disabled","recipient":"anand183","order":77275}
2026-08-06T17:28:01+00:00 NOTICE Email "customer_note" for order #77276 not sent: email type is disabled CONTEXT: {"email_type":"customer_note","status":"disabled","recipient":"viswa22","order":77276}
2026-08-06T17:28:08+00:00 NOTICE Email "customer_note" for order #77277 not sent: email type is disabled CONTEXT: {"email_type":"customer_note","status":"disabled","recipient":"keerthykrish","order":77277}
2026-08-06T17:28:16+00:00 NOTICE Email "customer_note" for order #77278 not sent: email type is disabled CONTEXT: {"email_type":"customer_note","status":"disabled","recipient":"karthi.bala","order":77278}
2026-08-06T17:28:24+00:00 NOTICE Email "customer_note" for order #77279 not sent: email type is disabled CONTEXT: {"email_type":"customer_note","status":"disabled","recipient":"jothikumarkanagaraj","order":77279}
2026-08-06T17:28:31+00:00 NOTICE Email "customer_note" for order #77280 not sent: email type is disabled CONTEXT: {"email_type":"customer_note","status":"disabled","recipient":"abirami025","order":77280}
2026-08-06T17:29:22+00:00 NOTICE Email "customer_note" for order #77281 not sent: email type is disabled CONTEXT: {"email_type":"customer_note","status":"disabled","recipient":"nshanthidurga","order":77281}
2026-08-06T17:29:30+00:00 NOTICE Email "customer_note" for order #77282 not sent: email type is disabled CONTEXT: {"email_type":"customer_note","status":"disabled","recipient":"santasudan","order":77282}
2026-08-06T17:29:38+00:00 NOTICE Email "customer_note" for order #77283 not sent: email type is disabled CONTEXT: {"email_type":"customer_note","status":"disabled","recipient":"vardhini.kalyanaraman","order":77283}
2026-08-06T17:29:45+00:00 NOTICE Email "customer_note" for order #77284 not sent: email type is disabled CONTEXT: {"email_type":"customer_note","status":"disabled","recipient":"a2osriramadesikan","order":77284}
2026-08-06T17:29:53+00:00 NOTICE Email "customer_note" for order #77285 not sent: email type is disabled CONTEXT: {"email_type":"customer_note","status":"disabled","recipient":"a2osriramadesikan","order":77285}
2026-08-06T17:30:00+00:00 NOTICE Email "customer_note" for order #77286 not sent: email type is disabled CONTEXT: {"email_type":"customer_note","status":"disabled","recipient":"pk_prakash19","order":77286}
2026-08-06T17:30:07+00:00 NOTICE Email "customer_note" for order #77287 not sent: email type is disabled CONTEXT: {"email_type":"customer_note","status":"disabled","recipient":"amarzee","order":77287}
2026-08-06T17:30:15+00:00 NOTICE Email "customer_note" for order #77288 not sent: email type is disabled CONTEXT: {"email_type":"customer_note","status":"disabled","recipient":"saranya.amudhan","order":77288}
2026-08-06T17:30:24+00:00 NOTICE Email "customer_note" for order #77289 not sent: email type is disabled CONTEXT: {"email_type":"customer_note","status":"disabled","recipient":"srksrk","order":77289}
2026-08-06T17:30:31+00:00 NOTICE Email "customer_note" for order #77290 not sent: email type is disabled CONTEXT: {"email_type":"customer_note","status":"disabled","recipient":"lssanadi","order":77290}
2026-08-06T17:30:39+00:00 NOTICE Email "customer_note" for order #77291 not sent: email type is disabled CONTEXT: {"email_type":"customer_note","status":"disabled","recipient":"balajinikhila","order":77291}
2026-08-06T17:30:45+00:00 NOTICE Email "customer_note" for order #77292 not sent: email type is disabled CONTEXT: {"email_type":"customer_note","status":"disabled","recipient":"thanupillai","order":77292}
2026-08-06T17:30:52+00:00 NOTICE Email "customer_note" for order #77293 not sent: email type is disabled CONTEXT: {"email_type":"customer_note","status":"disabled","recipient":"abhir019","order":77293}
2026-08-06T17:30:58+00:00 NOTICE Email "customer_note" for order #77294 not sent: email type is disabled CONTEXT: {"email_type":"customer_note","status":"disabled","recipient":"sayeebrindharanga","order":77294}
2026-08-06T17:31:08+00:00 NOTICE Email "customer_note" for order #77295 not sent: email type is disabled CONTEXT: {"email_type":"customer_note","status":"disabled","recipient":"manjuyes77","order":77295}
2026-08-06T17:31:16+00:00 NOTICE Email "customer_note" for order #77296 not sent: email type is disabled CONTEXT: {"email_type":"customer_note","status":"disabled","recipient":"smadhu","order":77296}
2026-08-06T17:31:24+00:00 NOTICE Email "customer_note" for order #77297 not sent: email type is disabled CONTEXT: {"email_type":"customer_note","status":"disabled","recipient":"smadhu","order":77297}
2026-08-06T17:31:33+00:00 NOTICE Email "customer_note" for order #77298 not sent: email type is disabled CONTEXT: {"email_type":"customer_note","status":"disabled","recipient":"mounikayerasani1989","order":77298}
2026-08-06T17:31:41+00:00 NOTICE Email "customer_note" for order #77299 not sent: email type is disabled CONTEXT: {"email_type":"customer_note","status":"disabled","recipient":"laks.bhavs","order":77299}
2026-08-06T17:31:49+00:00 NOTICE Email "customer_note" for order #77300 not sent: email type is disabled CONTEXT: {"email_type":"customer_note","status":"disabled","recipient":"aravindananthavijayan","order":77300}
2026-08-06T17:31:55+00:00 NOTICE Email "customer_note" for order #77301 not sent: email type is disabled CONTEXT: {"email_type":"customer_note","status":"disabled","recipient":"aravindananthavijayan","order":77301}
2026-08-06T17:32:03+00:00 NOTICE Email "customer_note" for order #77302 not sent: email type is disabled CONTEXT: {"email_type":"customer_note","status":"disabled","recipient":"laddhadmonika","order":77302}
2026-08-06T17:32:12+00:00 NOTICE Email "customer_note" for order #77303 not sent: email type is disabled CONTEXT: {"email_type":"customer_note","status":"disabled","recipient":"msivakr","order":77303}
2026-08-06T17:32:20+00:00 NOTICE Email "customer_note" for order #77304 not sent: email type is disabled CONTEXT: {"email_type":"customer_note","status":"disabled","recipient":"joanjeroline","order":77304}
2026-08-06T17:32:27+00:00 NOTICE Email "customer_note" for order #77305 not sent: email type is disabled CONTEXT: {"email_type":"customer_note","status":"disabled","recipient":"mala.maneck","order":77305}
2026-08-06T17:32:33+00:00 NOTICE Email "customer_note" for order #77306 not sent: email type is disabled CONTEXT: {"email_type":"customer_note","status":"disabled","recipient":"nanadba17","order":77306}
2026-08-06T17:32:40+00:00 NOTICE Email "customer_note" for order #77307 not sent: email type is disabled CONTEXT: {"email_type":"customer_note","status":"disabled","recipient":"nanadba17","order":77307}
2026-08-06T17:32:49+00:00 NOTICE Email "customer_note" for order #77308 not sent: email type is disabled CONTEXT: {"email_type":"customer_note","status":"disabled","recipient":"svardhan51","order":77308}
2026-08-06T17:32:54+00:00 NOTICE Email "customer_note" for order #77309 not sent: email type is disabled CONTEXT: {"email_type":"customer_note","status":"disabled","recipient":"sureshship","order":77309}
2026-08-06T17:33:03+00:00 NOTICE Email "customer_note" for order #77310 not sent: email type is disabled CONTEXT: {"email_type":"customer_note","status":"disabled","recipient":"drsguru","order":77310}
2026-08-06T17:33:10+00:00 NOTICE Email "customer_note" for order #77311 not sent: email type is disabled CONTEXT: {"email_type":"customer_note","status":"disabled","recipient":"jothivisvanathan","order":77311}
2026-08-06T17:33:17+00:00 NOTICE Email "customer_note" for order #77312 not sent: email type is disabled CONTEXT: {"email_type":"customer_note","status":"disabled","recipient":"prakashb2k03","order":77312}
2026-08-06T17:34:30+00:00 NOTICE Email "customer_note" for order #77313 not sent: email type is disabled CONTEXT: {"email_type":"customer_note","status":"disabled","recipient":"radhika.sakhuja","order":77313}
2026-08-06T17:34:36+00:00 NOTICE Email "customer_note" for order #77314 not sent: email type is disabled CONTEXT: {"email_type":"customer_note","status":"disabled","recipient":"umail2janet","order":77314}
2026-08-06T17:34:44+00:00 NOTICE Email "customer_note" for order #77315 not sent: email type is disabled CONTEXT: {"email_type":"customer_note","status":"disabled","recipient":"peerkhan","order":77315}
2026-08-06T17:34:52+00:00 NOTICE Email "customer_note" for order #77316 not sent: email type is disabled CONTEXT: {"email_type":"customer_note","status":"disabled","recipient":"tandonamit75","order":77316}
2026-08-06T17:35:00+00:00 NOTICE Email "customer_note" for order #77317 not sent: email type is disabled CONTEXT: {"email_type":"customer_note","status":"disabled","recipient":"pappu.divs","order":77317}
2026-08-06T17:35:07+00:00 NOTICE Email "customer_note" for order #77318 not sent: email type is disabled CONTEXT: {"email_type":"customer_note","status":"disabled","recipient":"pappu.divs","order":77318}
2026-08-06T17:35:15+00:00 NOTICE Email "customer_note" for order #77319 not sent: email type is disabled CONTEXT: {"email_type":"customer_note","status":"disabled","recipient":"priyaraghupathy","order":77319}
2026-08-06T17:35:23+00:00 NOTICE Email "customer_note" for order #77320 not sent: email type is disabled CONTEXT: {"email_type":"customer_note","status":"disabled","recipient":"priyaraghupathy","order":77320}
2026-08-06T17:35:29+00:00 NOTICE Email "customer_note" for order #77321 not sent: email type is disabled CONTEXT: {"email_type":"customer_note","status":"disabled","recipient":"priyaraghupathy","order":77321}
2026-08-06T17:35:37+00:00 NOTICE Email "customer_note" for order #77322 not sent: email type is disabled CONTEXT: {"email_type":"customer_note","status":"disabled","recipient":"rasheedahmed.ar","order":77322}
2026-08-06T17:35:45+00:00 NOTICE Email "customer_note" for order #77323 not sent: email type is disabled CONTEXT: {"email_type":"customer_note","status":"disabled","recipient":"hemavarthini","order":77323}
2026-08-06T17:35:51+00:00 NOTICE Email "customer_note" for order #77324 not sent: email type is disabled CONTEXT: {"email_type":"customer_note","status":"disabled","recipient":"hemavarthini","order":77324}
2026-08-06T17:35:59+00:00 NOTICE Email "customer_note" for order #77325 not sent: email type is disabled CONTEXT: {"email_type":"customer_note","status":"disabled","recipient":"moshina.dharshini","order":77325}
2026-08-06T17:36:07+00:00 NOTICE Email "customer_note" for order #77326 not sent: email type is disabled CONTEXT: {"email_type":"customer_note","status":"disabled","recipient":"rajanvp","order":77326}
2026-08-06T17:36:14+00:00 NOTICE Email "customer_note" for order #77327 not sent: email type is disabled CONTEXT: {"email_type":"customer_note","status":"disabled","recipient":"namanaresh","order":77327}
2026-08-06T17:36:20+00:00 NOTICE Email "customer_note" for order #77328 not sent: email type is disabled CONTEXT: {"email_type":"customer_note","status":"disabled","recipient":"subathra.venkatesh","order":77328}
2026-08-06T17:36:25+00:00 NOTICE Email "customer_note" for order #77329 not sent: email type is disabled CONTEXT: {"email_type":"customer_note","status":"disabled","recipient":"vannitha.s","order":77329}
2026-08-06T17:36:32+00:00 NOTICE Email "customer_note" for order #77330 not sent: email type is disabled CONTEXT: {"email_type":"customer_note","status":"disabled","recipient":"lavanat","order":77330}
2026-08-06T17:36:39+00:00 NOTICE Email "customer_note" for order #77331 not sent: email type is disabled CONTEXT: {"email_type":"customer_note","status":"disabled","recipient":"kkpgreetsu","order":77331}
2026-08-06T17:36:48+00:00 NOTICE Email "customer_note" for order #77332 not sent: email type is disabled CONTEXT: {"email_type":"customer_note","status":"disabled","recipient":"nithyareddy584","order":77332}
2026-08-06T17:36:55+00:00 NOTICE Email "customer_note" for order #77333 not sent: email type is disabled CONTEXT: {"email_type":"customer_note","status":"disabled","recipient":"bobbycmathews","order":77333}
2026-08-06T17:37:01+00:00 NOTICE Email "customer_note" for order #77334 not sent: email type is disabled CONTEXT: {"email_type":"customer_note","status":"disabled","recipient":"skannanv","order":77334}
2026-08-06T17:37:08+00:00 NOTICE Email "customer_note" for order #77335 not sent: email type is disabled CONTEXT: {"email_type":"customer_note","status":"disabled","recipient":"merlia.shaukath","order":77335}
2026-08-06T17:37:16+00:00 NOTICE Email "customer_note" for order #77336 not sent: email type is disabled CONTEXT: {"email_type":"customer_note","status":"disabled","recipient":"msmugesh10","order":77336}
2026-08-06T17:37:24+00:00 NOTICE Email "customer_note" for order #77337 not sent: email type is disabled CONTEXT: {"email_type":"customer_note","status":"disabled","recipient":"imranziya11","order":77337}
2026-08-06T17:37:29+00:00 NOTICE Email "customer_note" for order #77338 not sent: email type is disabled CONTEXT: {"email_type":"customer_note","status":"disabled","recipient":"ashok.infodrive","order":77338}
2026-08-06T17:37:37+00:00 NOTICE Email "customer_note" for order #77339 not sent: email type is disabled CONTEXT: {"email_type":"customer_note","status":"disabled","recipient":"padmasini.bashyam","order":77339}
2026-08-06T17:37:45+00:00 NOTICE Email "customer_note" for order #77340 not sent: email type is disabled CONTEXT: {"email_type":"customer_note","status":"disabled","recipient":"s.babumahesh","order":77340}
2026-08-06T17:37:52+00:00 NOTICE Email "customer_note" for order #77341 not sent: email type is disabled CONTEXT: {"email_type":"customer_note","status":"disabled","recipient":"kashefa5819","order":77341}
2026-08-06T17:38:00+00:00 NOTICE Email "customer_note" for order #77342 not sent: email type is disabled CONTEXT: {"email_type":"customer_note","status":"disabled","recipient":"blog4686","order":77342}
2026-08-06T17:38:07+00:00 NOTICE Email "customer_note" for order #77343 not sent: email type is disabled CONTEXT: {"email_type":"customer_note","status":"disabled","recipient":"ardramana89","order":77343}
2026-08-06T17:38:15+00:00 NOTICE Email "customer_note" for order #77344 not sent: email type is disabled CONTEXT: {"email_type":"customer_note","status":"disabled","recipient":"muthunarayanang","order":77344}
2026-08-06T17:38:22+00:00 NOTICE Email "customer_note" for order #77345 not sent: email type is disabled CONTEXT: {"email_type":"customer_note","status":"disabled","recipient":"navnath.j84","order":77345}
2026-08-06T17:38:28+00:00 NOTICE Email "customer_note" for order #77346 not sent: email type is disabled CONTEXT: {"email_type":"customer_note","status":"disabled","recipient":"miryala.pranahitha","order":77346}
2026-08-06T17:42:38+00:00 NOTICE Email "customer_note" for order #77347 not sent: email type is disabled CONTEXT: {"email_type":"customer_note","status":"disabled","recipient":"rakhi27","order":77347}
2026-08-06T17:42:44+00:00 NOTICE Email "customer_note" for order #77348 not sent: email type is disabled CONTEXT: {"email_type":"customer_note","status":"disabled","recipient":"mahendiran9889","order":77348}
2026-08-06T17:42:52+00:00 NOTICE Email "customer_note" for order #77349 not sent: email type is disabled CONTEXT: {"email_type":"customer_note","status":"disabled","recipient":"drgitasankaran","order":77349}
2026-08-06T17:42:58+00:00 NOTICE Email "customer_note" for order #77350 not sent: email type is disabled CONTEXT: {"email_type":"customer_note","status":"disabled","recipient":"jayalakshmi_kumaresan","order":77350}
2026-08-06T17:43:06+00:00 NOTICE Email "customer_note" for order #77351 not sent: email type is disabled CONTEXT: {"email_type":"customer_note","status":"disabled","recipient":"avrroshini2007","order":77351}
2026-08-06T17:43:13+00:00 NOTICE Email "customer_note" for order #77352 not sent: email type is disabled CONTEXT: {"email_type":"customer_note","status":"disabled","recipient":"srik.varad","order":77352}
2026-08-06T17:43:19+00:00 NOTICE Email "customer_note" for order #77353 not sent: email type is disabled CONTEXT: {"email_type":"customer_note","status":"disabled","recipient":"shubhamsolanki163","order":77353}
2026-08-06T17:43:28+00:00 NOTICE Email "customer_note" for order #77354 not sent: email type is disabled CONTEXT: {"email_type":"customer_note","status":"disabled","recipient":"deepikanagasamy","order":77354}
2026-08-06T17:43:36+00:00 NOTICE Email "customer_note" for order #77355 not sent: email type is disabled CONTEXT: {"email_type":"customer_note","status":"disabled","recipient":"deepikanagasamy","order":77355}
2026-08-06T17:43:42+00:00 NOTICE Email "customer_note" for order #77356 not sent: email type is disabled CONTEXT: {"email_type":"customer_note","status":"disabled","recipient":"sandhiyamadanagopal","order":77356}
2026-08-06T17:43:49+00:00 NOTICE Email "customer_note" for order #77357 not sent: email type is disabled CONTEXT: {"email_type":"customer_note","status":"disabled","recipient":"nritijuna","order":77357}
2026-08-06T17:43:55+00:00 NOTICE Email "customer_note" for order #77358 not sent: email type is disabled CONTEXT: {"email_type":"customer_note","status":"disabled","recipient":"joechris.j","order":77358}
2026-08-06T17:44:01+00:00 NOTICE Email "customer_note" for order #77359 not sent: email type is disabled CONTEXT: {"email_type":"customer_note","status":"disabled","recipient":"vini.ramani","order":77359}
2026-08-06T17:44:09+00:00 NOTICE Email "customer_note" for order #77360 not sent: email type is disabled CONTEXT: {"email_type":"customer_note","status":"disabled","recipient":"bindu.kakani","order":77360}
2026-08-06T17:44:15+00:00 NOTICE Email "customer_note" for order #77361 not sent: email type is disabled CONTEXT: {"email_type":"customer_note","status":"disabled","recipient":"pujaquiet","order":77361}
2026-08-06T17:44:23+00:00 NOTICE Email "customer_note" for order #77362 not sent: email type is disabled CONTEXT: {"email_type":"customer_note","status":"disabled","recipient":"sampath.alex","order":77362}
2026-08-06T17:44:31+00:00 NOTICE Email "customer_note" for order #77363 not sent: email type is disabled CONTEXT: {"email_type":"customer_note","status":"disabled","recipient":"ven_v2","order":77363}
2026-08-06T17:44:39+00:00 NOTICE Email "customer_note" for order #77364 not sent: email type is disabled CONTEXT: {"email_type":"customer_note","status":"disabled","recipient":"madhumathic","order":77364}
2026-08-06T17:44:46+00:00 NOTICE Email "customer_note" for order #77365 not sent: email type is disabled CONTEXT: {"email_type":"customer_note","status":"disabled","recipient":"deepakhraj","order":77365}
2026-08-06T17:44:54+00:00 NOTICE Email "customer_note" for order #77366 not sent: email type is disabled CONTEXT: {"email_type":"customer_note","status":"disabled","recipient":"sucharita.anand2","order":77366}
2026-08-06T17:45:00+00:00 NOTICE Email "customer_note" for order #77367 not sent: email type is disabled CONTEXT: {"email_type":"customer_note","status":"disabled","recipient":"capt.6516ansari","order":77367}
2026-08-06T17:45:06+00:00 NOTICE Email "customer_note" for order #77368 not sent: email type is disabled CONTEXT: {"email_type":"customer_note","status":"disabled","recipient":"shanky.viswanathan","order":77368}
2026-08-06T17:45:13+00:00 NOTICE Email "customer_note" for order #77369 not sent: email type is disabled CONTEXT: {"email_type":"customer_note","status":"disabled","recipient":"sivaranjani2282","order":77369}
2026-08-06T17:45:21+00:00 NOTICE Email "customer_note" for order #77370 not sent: email type is disabled CONTEXT: {"email_type":"customer_note","status":"disabled","recipient":"swathu20","order":77370}
2026-08-06T17:45:29+00:00 NOTICE Email "customer_note" for order #77371 not sent: email type is disabled CONTEXT: {"email_type":"customer_note","status":"disabled","recipient":"raji.sreeprakash","order":77371}
2026-08-06T17:45:35+00:00 NOTICE Email "customer_note" for order #77372 not sent: email type is disabled CONTEXT: {"email_type":"customer_note","status":"disabled","recipient":"khkarthick","order":77372}
2026-08-06T17:45:41+00:00 NOTICE Email "customer_note" for order #77373 not sent: email type is disabled CONTEXT: {"email_type":"customer_note","status":"disabled","recipient":"ganeshp2","order":77373}
2026-08-06T17:45:48+00:00 NOTICE Email "customer_note" for order #77374 not sent: email type is disabled CONTEXT: {"email_type":"customer_note","status":"disabled","recipient":"eksamy.subscribe","order":77374}
2026-08-06T17:45:54+00:00 NOTICE Email "customer_note" for order #77375 not sent: email type is disabled CONTEXT: {"email_type":"customer_note","status":"disabled","recipient":"kannammalknp","order":77375}
2026-08-06T17:46:05+00:00 NOTICE Email "customer_note" for order #77376 not sent: email type is disabled CONTEXT: {"email_type":"customer_note","status":"disabled","recipient":"karthik.thandapani","order":77376}
2026-08-06T17:46:11+00:00 NOTICE Email "customer_note" for order #77377 not sent: email type is disabled CONTEXT: {"email_type":"customer_note","status":"disabled","recipient":"danishs764","order":77377}
2026-08-06T17:46:17+00:00 NOTICE Email "customer_note" for order #77378 not sent: email type is disabled CONTEXT: {"email_type":"customer_note","status":"disabled","recipient":"srinivas6rao","order":77378}
2026-08-06T17:46:23+00:00 NOTICE Email "customer_note" for order #77379 not sent: email type is disabled CONTEXT: {"email_type":"customer_note","status":"disabled","recipient":"divioct23","order":77379}
2026-08-06T17:46:31+00:00 NOTICE Email "customer_note" for order #77380 not sent: email type is disabled CONTEXT: {"email_type":"customer_note","status":"disabled","recipient":"krishhants","order":77380}
2026-08-06T17:46:37+00:00 NOTICE Email "customer_note" for order #77381 not sent: email type is disabled CONTEXT: {"email_type":"customer_note","status":"disabled","recipient":"ckvarier","order":77381}
2026-08-06T17:46:55+00:00 NOTICE Email "customer_note" for order #77382 not sent: email type is disabled CONTEXT: {"email_type":"customer_note","status":"disabled","recipient":"krishnagseshadri","order":77382}
2026-08-06T17:47:01+00:00 NOTICE Email "customer_note" for order #77383 not sent: email type is disabled CONTEXT: {"email_type":"customer_note","status":"disabled","recipient":"krishnagseshadri","order":77383}
2026-08-06T17:47:10+00:00 NOTICE Email "customer_note" for order #77384 not sent: email type is disabled CONTEXT: {"email_type":"customer_note","status":"disabled","recipient":"gayviji","order":77384}
2026-08-06T17:47:16+00:00 NOTICE Email "customer_note" for order #77385 not sent: email type is disabled CONTEXT: {"email_type":"customer_note","status":"disabled","recipient":"raghavan512000","order":77385}
2026-08-06T17:47:25+00:00 NOTICE Email "customer_note" for order #77386 not sent: email type is disabled CONTEXT: {"email_type":"customer_note","status":"disabled","recipient":"baggubhargav","order":77386}
2026-08-06T17:47:35+00:00 NOTICE Email "customer_note" for order #77387 not sent: email type is disabled CONTEXT: {"email_type":"customer_note","status":"disabled","recipient":"tanya.ganesan04","order":77387}
2026-08-06T17:47:44+00:00 NOTICE Email "customer_note" for order #77388 not sent: email type is disabled CONTEXT: {"email_type":"customer_note","status":"disabled","recipient":"vaishnavi.kandala","order":77388}
2026-08-06T17:47:51+00:00 NOTICE Email "customer_note" for order #77389 not sent: email type is disabled CONTEXT: {"email_type":"customer_note","status":"disabled","recipient":"vaishnavi.kandala","order":77389}
2026-08-06T17:48:00+00:00 NOTICE Email "customer_note" for order #77390 not sent: email type is disabled CONTEXT: {"email_type":"customer_note","status":"disabled","recipient":"dndmi","order":77390}
2026-08-06T17:48:06+00:00 NOTICE Email "customer_note" for order #77391 not sent: email type is disabled CONTEXT: {"email_type":"customer_note","status":"disabled","recipient":"gjnithyashankari","order":77391}
2026-08-06T17:48:14+00:00 NOTICE Email "customer_note" for order #77392 not sent: email type is disabled CONTEXT: {"email_type":"customer_note","status":"disabled","recipient":"elisha.ebenezer","order":77392}
2026-08-06T17:48:23+00:00 NOTICE Email "customer_note" for order #77393 not sent: email type is disabled CONTEXT: {"email_type":"customer_note","status":"disabled","recipient":"monicaevangeline","order":77393}
2026-08-06T17:48:29+00:00 NOTICE Email "customer_note" for order #77394 not sent: email type is disabled CONTEXT: {"email_type":"customer_note","status":"disabled","recipient":"nithyaprimrose","order":77394}
2026-08-06T17:48:35+00:00 NOTICE Email "customer_note" for order #77395 not sent: email type is disabled CONTEXT: {"email_type":"customer_note","status":"disabled","recipient":"mail2parthig","order":77395}
2026-08-06T17:48:43+00:00 NOTICE Email "customer_note" for order #77396 not sent: email type is disabled CONTEXT: {"email_type":"customer_note","status":"disabled","recipient":"agatha.ryazhl","order":77396}
2026-08-06T17:48:50+00:00 NOTICE Email "customer_note" for order #77397 not sent: email type is disabled CONTEXT: {"email_type":"customer_note","status":"disabled","recipient":"agatha.ryazhl","order":77397}
2026-08-06T17:48:56+00:00 NOTICE Email "customer_note" for order #77398 not sent: email type is disabled CONTEXT: {"email_type":"customer_note","status":"disabled","recipient":"suganyaindia","order":77398}
2026-08-06T17:49:02+00:00 NOTICE Email "customer_note" for order #77399 not sent: email type is disabled CONTEXT: {"email_type":"customer_note","status":"disabled","recipient":"durgaa.v","order":77399}
2026-08-06T17:49:08+00:00 NOTICE Email "customer_note" for order #77400 not sent: email type is disabled CONTEXT: {"email_type":"customer_note","status":"disabled","recipient":"rajeswari.sivam","order":77400}
2026-08-06T17:49:14+00:00 NOTICE Email "customer_note" for order #77401 not sent: email type is disabled CONTEXT: {"email_type":"customer_note","status":"disabled","recipient":"vasanthnc","order":77401}
2026-08-06T17:49:22+00:00 NOTICE Email "customer_note" for order #77402 not sent: email type is disabled CONTEXT: {"email_type":"customer_note","status":"disabled","recipient":"flamingotravels2010","order":77402}
2026-08-06T17:49:29+00:00 NOTICE Email "customer_note" for order #77403 not sent: email type is disabled CONTEXT: {"email_type":"customer_note","status":"disabled","recipient":"syed.wasim4567","order":77403}
2026-08-06T17:49:36+00:00 NOTICE Email "customer_note" for order #77404 not sent: email type is disabled CONTEXT: {"email_type":"customer_note","status":"disabled","recipient":"acgsruthi16","order":77404}
2026-08-06T17:49:42+00:00 NOTICE Email "customer_note" for order #77405 not sent: email type is disabled CONTEXT: {"email_type":"customer_note","status":"disabled","recipient":"vani.vj","order":77405}
2026-08-06T17:49:49+00:00 NOTICE Email "customer_note" for order #77406 not sent: email type is disabled CONTEXT: {"email_type":"customer_note","status":"disabled","recipient":"naveen.durai92","order":77406}
2026-08-06T17:49:56+00:00 NOTICE Email "customer_note" for order #77407 not sent: email type is disabled CONTEXT: {"email_type":"customer_note","status":"disabled","recipient":"viveksundar","order":77407}
2026-08-06T17:50:02+00:00 NOTICE Email "customer_note" for order #77408 not sent: email type is disabled CONTEXT: {"email_type":"customer_note","status":"disabled","recipient":"vanisidz","order":77408}
2026-08-06T17:50:12+00:00 NOTICE Email "customer_note" for order #77409 not sent: email type is disabled CONTEXT: {"email_type":"customer_note","status":"disabled","recipient":"vsimpson","order":77409}
2026-08-06T17:50:19+00:00 NOTICE Email "customer_note" for order #77410 not sent: email type is disabled CONTEXT: {"email_type":"customer_note","status":"disabled","recipient":"pathu02","order":77410}
2026-08-06T17:50:27+00:00 NOTICE Email "customer_note" for order #77411 not sent: email type is disabled CONTEXT: {"email_type":"customer_note","status":"disabled","recipient":"deepkamalverma28","order":77411}
2026-08-06T17:50:34+00:00 NOTICE Email "customer_note" for order #77412 not sent: email type is disabled CONTEXT: {"email_type":"customer_note","status":"disabled","recipient":"arvind.ashok","order":77412}
2026-08-06T17:50:41+00:00 NOTICE Email "customer_note" for order #77413 not sent: email type is disabled CONTEXT: {"email_type":"customer_note","status":"disabled","recipient":"suneelsunsoft","order":77413}
2026-08-06T17:50:48+00:00 NOTICE Email "customer_note" for order #77414 not sent: email type is disabled CONTEXT: {"email_type":"customer_note","status":"disabled","recipient":"suneelsunsoft","order":77414}
2026-08-06T17:50:54+00:00 NOTICE Email "customer_note" for order #77415 not sent: email type is disabled CONTEXT: {"email_type":"customer_note","status":"disabled","recipient":"jhanani.montessori","order":77415}
2026-08-06T17:51:15+00:00 NOTICE Email "customer_note" for order #77416 not sent: email type is disabled CONTEXT: {"email_type":"customer_note","status":"disabled","recipient":"aishwarya4a","order":77416}
2026-08-06T17:51:24+00:00 NOTICE Email "customer_note" for order #77417 not sent: email type is disabled CONTEXT: {"email_type":"customer_note","status":"disabled","recipient":"monishakannusamy","order":77417}
2026-08-06T17:51:32+00:00 NOTICE Email "customer_note" for order #77418 not sent: email type is disabled CONTEXT: {"email_type":"customer_note","status":"disabled","recipient":"poba99ads","order":77418}
2026-08-06T17:51:39+00:00 NOTICE Email "customer_note" for order #77419 not sent: email type is disabled CONTEXT: {"email_type":"customer_note","status":"disabled","recipient":"shankark313","order":77419}
2026-08-06T17:51:48+00:00 NOTICE Email "customer_note" for order #77420 not sent: email type is disabled CONTEXT: {"email_type":"customer_note","status":"disabled","recipient":"sameerkumar.vn","order":77420}
2026-08-06T17:51:55+00:00 NOTICE Email "customer_note" for order #77421 not sent: email type is disabled CONTEXT: {"email_type":"customer_note","status":"disabled","recipient":"sameerkumar.vn","order":77421}
2026-08-06T17:52:02+00:00 NOTICE Email "customer_note" for order #77422 not sent: email type is disabled CONTEXT: {"email_type":"customer_note","status":"disabled","recipient":"abhishekgaur.79","order":77422}
2026-08-06T17:52:08+00:00 NOTICE Email "customer_note" for order #77423 not sent: email type is disabled CONTEXT: {"email_type":"customer_note","status":"disabled","recipient":"nareshmuthiah","order":77423}
2026-08-06T17:52:14+00:00 NOTICE Email "customer_note" for order #77424 not sent: email type is disabled CONTEXT: {"email_type":"customer_note","status":"disabled","recipient":"swathi270391","order":77424}
2026-08-06T17:52:20+00:00 NOTICE Email "customer_note" for order #77425 not sent: email type is disabled CONTEXT: {"email_type":"customer_note","status":"disabled","recipient":"iluvgold6","order":77425}
2026-08-06T17:52:26+00:00 NOTICE Email "customer_note" for order #77426 not sent: email type is disabled CONTEXT: {"email_type":"customer_note","status":"disabled","recipient":"nanditha.sivaramakrishnan","order":77426}
2026-08-06T17:52:34+00:00 NOTICE Email "customer_note" for order #77427 not sent: email type is disabled CONTEXT: {"email_type":"customer_note","status":"disabled","recipient":"parimalanv1937","order":77427}
2026-08-06T17:52:42+00:00 NOTICE Email "customer_note" for order #77428 not sent: email type is disabled CONTEXT: {"email_type":"customer_note","status":"disabled","recipient":"vijikrish85","order":77428}
2026-08-06T17:52:50+00:00 NOTICE Email "customer_note" for order #77429 not sent: email type is disabled CONTEXT: {"email_type":"customer_note","status":"disabled","recipient":"mrsananthavalli","order":77429}
2026-08-06T17:52:56+00:00 NOTICE Email "customer_note" for order #77430 not sent: email type is disabled CONTEXT: {"email_type":"customer_note","status":"disabled","recipient":"mrsananthavalli","order":77430}
2026-08-06T17:53:01+00:00 NOTICE Email "customer_note" for order #77431 not sent: email type is disabled CONTEXT: {"email_type":"customer_note","status":"disabled","recipient":"sudhanshu.shukla86","order":77431}
2026-08-06T17:53:10+00:00 NOTICE Email "customer_note" for order #77432 not sent: email type is disabled CONTEXT: {"email_type":"customer_note","status":"disabled","recipient":"febinar","order":77432}
2026-08-06T17:53:17+00:00 NOTICE Email "customer_note" for order #77433 not sent: email type is disabled CONTEXT: {"email_type":"customer_note","status":"disabled","recipient":"prakashbhai123","order":77433}
2026-08-06T17:53:25+00:00 NOTICE Email "customer_note" for order #77434 not sent: email type is disabled CONTEXT: {"email_type":"customer_note","status":"disabled","recipient":"prakashbhai123","order":77434}
2026-08-06T17:53:31+00:00 NOTICE Email "customer_note" for order #77435 not sent: email type is disabled CONTEXT: {"email_type":"customer_note","status":"disabled","recipient":"squareofgold","order":77435}
2026-08-06T17:53:37+00:00 NOTICE Email "customer_note" for order #77436 not sent: email type is disabled CONTEXT: {"email_type":"customer_note","status":"disabled","recipient":"anushb6","order":77436}
2026-08-06T17:53:44+00:00 NOTICE Email "customer_note" for order #77437 not sent: email type is disabled CONTEXT: {"email_type":"customer_note","status":"disabled","recipient":"anushb6","order":77437}
2026-08-06T17:53:52+00:00 NOTICE Email "customer_note" for order #77438 not sent: email type is disabled CONTEXT: {"email_type":"customer_note","status":"disabled","recipient":"tincysarasolomon","order":77438}
2026-08-06T17:54:00+00:00 NOTICE Email "customer_note" for order #77439 not sent: email type is disabled CONTEXT: {"email_type":"customer_note","status":"disabled","recipient":"sandyraja","order":77439}
2026-08-06T17:54:07+00:00 NOTICE Email "customer_note" for order #77440 not sent: email type is disabled CONTEXT: {"email_type":"customer_note","status":"disabled","recipient":"ramsarun1","order":77440}
2026-08-06T17:54:12+00:00 NOTICE Email "customer_note" for order #77441 not sent: email type is disabled CONTEXT: {"email_type":"customer_note","status":"disabled","recipient":"kumaralagappan","order":77441}
2026-08-06T17:54:20+00:00 NOTICE Email "customer_note" for order #77442 not sent: email type is disabled CONTEXT: {"email_type":"customer_note","status":"disabled","recipient":"meenatom","order":77442}
2026-08-06T17:54:27+00:00 NOTICE Email "customer_note" for order #77443 not sent: email type is disabled CONTEXT: {"email_type":"customer_note","status":"disabled","recipient":"balachandar.chinta","order":77443}
2026-08-06T17:54:35+00:00 NOTICE Email "customer_note" for order #77444 not sent: email type is disabled CONTEXT: {"email_type":"customer_note","status":"disabled","recipient":"anishamn","order":77444}
2026-08-06T17:54:42+00:00 NOTICE Email "customer_note" for order #77445 not sent: email type is disabled CONTEXT: {"email_type":"customer_note","status":"disabled","recipient":"psdvpraju","order":77445}
2026-08-06T17:54:49+00:00 NOTICE Email "customer_note" for order #77446 not sent: email type is disabled CONTEXT: {"email_type":"customer_note","status":"disabled","recipient":"gunasekaran.babu","order":77446}
2026-08-06T17:54:57+00:00 NOTICE Email "customer_note" for order #77447 not sent: email type is disabled CONTEXT: {"email_type":"customer_note","status":"disabled","recipient":"jayshreethaker1","order":77447}
2026-08-06T17:55:05+00:00 NOTICE Email "customer_note" for order #77448 not sent: email type is disabled CONTEXT: {"email_type":"customer_note","status":"disabled","recipient":"ramyabashyam298","order":77448}
2026-08-06T17:55:51+00:00 NOTICE Email "customer_note" for order #77451 not sent: email type is disabled CONTEXT: {"email_type":"customer_note","status":"disabled","recipient":"gary3889","order":77451}
2026-08-06T17:55:58+00:00 NOTICE Email "customer_note" for order #77452 not sent: email type is disabled CONTEXT: {"email_type":"customer_note","status":"disabled","recipient":"ragulrajamani","order":77452}
2026-08-06T17:56:06+00:00 NOTICE Email "customer_note" for order #77453 not sent: email type is disabled CONTEXT: {"email_type":"customer_note","status":"disabled","recipient":"nrrlatha","order":77453}
2026-08-06T17:56:12+00:00 NOTICE Email "customer_note" for order #77454 not sent: email type is disabled CONTEXT: {"email_type":"customer_note","status":"disabled","recipient":"smadhumitha","order":77454}
2026-08-06T17:56:18+00:00 NOTICE Email "customer_note" for order #77455 not sent: email type is disabled CONTEXT: {"email_type":"customer_note","status":"disabled","recipient":"its_bijur","order":77455}
2026-08-06T17:56:26+00:00 NOTICE Email "customer_note" for order #77456 not sent: email type is disabled CONTEXT: {"email_type":"customer_note","status":"disabled","recipient":"dinesh.kmurthy","order":77456}
2026-08-06T17:56:33+00:00 NOTICE Email "customer_note" for order #77457 not sent: email type is disabled CONTEXT: {"email_type":"customer_note","status":"disabled","recipient":"ambica11880","order":77457}
2026-08-06T17:56:39+00:00 NOTICE Email "customer_note" for order #77458 not sent: email type is disabled CONTEXT: {"email_type":"customer_note","status":"disabled","recipient":"sainikamini045","order":77458}
2026-08-06T17:56:47+00:00 NOTICE Email "customer_note" for order #77459 not sent: email type is disabled CONTEXT: {"email_type":"customer_note","status":"disabled","recipient":"bhradv73","order":77459}
2026-08-06T17:56:54+00:00 NOTICE Email "customer_note" for order #77460 not sent: email type is disabled CONTEXT: {"email_type":"customer_note","status":"disabled","recipient":"jayanthi.hari","order":77460}
2026-08-06T17:57:02+00:00 NOTICE Email "customer_note" for order #77461 not sent: email type is disabled CONTEXT: {"email_type":"customer_note","status":"disabled","recipient":"remanjali","order":77461}
2026-08-06T17:57:11+00:00 NOTICE Email "customer_note" for order #77462 not sent: email type is disabled CONTEXT: {"email_type":"customer_note","status":"disabled","recipient":"ra.ramesh1963","order":77462}
2026-08-06T17:57:20+00:00 NOTICE Email "customer_note" for order #77463 not sent: email type is disabled CONTEXT: {"email_type":"customer_note","status":"disabled","recipient":"kkaran1993","order":77463}
2026-08-06T17:57:27+00:00 NOTICE Email "customer_note" for order #77464 not sent: email type is disabled CONTEXT: {"email_type":"customer_note","status":"disabled","recipient":"dhyaneshwarganesh","order":77464}
2026-08-06T17:57:35+00:00 NOTICE Email "customer_note" for order #77465 not sent: email type is disabled CONTEXT: {"email_type":"customer_note","status":"disabled","recipient":"vinitha_jpr","order":77465}
2026-08-06T17:57:41+00:00 NOTICE Email "customer_note" for order #77466 not sent: email type is disabled CONTEXT: {"email_type":"customer_note","status":"disabled","recipient":"gayattri.manohar","order":77466}
2026-08-06T17:57:50+00:00 NOTICE Email "customer_note" for order #77467 not sent: email type is disabled CONTEXT: {"email_type":"customer_note","status":"disabled","recipient":"ums.susmitha","order":77467}
2026-08-06T17:57:57+00:00 NOTICE Email "customer_note" for order #77468 not sent: email type is disabled CONTEXT: {"email_type":"customer_note","status":"disabled","recipient":"nathanveer","order":77468}
2026-08-06T17:58:04+00:00 NOTICE Email "customer_note" for order #77469 not sent: email type is disabled CONTEXT: {"email_type":"customer_note","status":"disabled","recipient":"aprajita_sapra","order":77469}
2026-08-06T17:58:10+00:00 NOTICE Email "customer_note" for order #77470 not sent: email type is disabled CONTEXT: {"email_type":"customer_note","status":"disabled","recipient":"shopping.sivasuganya","order":77470}
2026-08-06T17:58:17+00:00 NOTICE Email "customer_note" for order #77471 not sent: email type is disabled CONTEXT: {"email_type":"customer_note","status":"disabled","recipient":"captainharisd","order":77471}
2026-08-06T17:58:23+00:00 NOTICE Email "customer_note" for order #77472 not sent: email type is disabled CONTEXT: {"email_type":"customer_note","status":"disabled","recipient":"sashi.santhosh","order":77472}
2026-08-06T17:58:29+00:00 NOTICE Email "customer_note" for order #77473 not sent: email type is disabled CONTEXT: {"email_type":"customer_note","status":"disabled","recipient":"rithvikmahendhiran","order":77473}
2026-08-06T17:58:38+00:00 NOTICE Email "customer_note" for order #77474 not sent: email type is disabled CONTEXT: {"email_type":"customer_note","status":"disabled","recipient":"muralicbe83","order":77474}
2026-08-06T17:58:45+00:00 NOTICE Email "customer_note" for order #77475 not sent: email type is disabled CONTEXT: {"email_type":"customer_note","status":"disabled","recipient":"vanajhari","order":77475}
2026-08-06T17:58:52+00:00 NOTICE Email "customer_note" for order #77476 not sent: email type is disabled CONTEXT: {"email_type":"customer_note","status":"disabled","recipient":"r.gauthamraj","order":77476}
2026-08-06T17:58:59+00:00 NOTICE Email "customer_note" for order #77477 not sent: email type is disabled CONTEXT: {"email_type":"customer_note","status":"disabled","recipient":"kamatchisatheeshkumar","order":77477}
2026-08-06T17:59:08+00:00 NOTICE Email "customer_note" for order #77478 not sent: email type is disabled CONTEXT: {"email_type":"customer_note","status":"disabled","recipient":"ramchandra_madhu","order":77478}
2026-08-06T17:59:14+00:00 NOTICE Email "customer_note" for order #77479 not sent: email type is disabled CONTEXT: {"email_type":"customer_note","status":"disabled","recipient":"sdibrahim.asi","order":77479}
2026-08-06T17:59:20+00:00 NOTICE Email "customer_note" for order #77480 not sent: email type is disabled CONTEXT: {"email_type":"customer_note","status":"disabled","recipient":"leorajkumars","order":77480}
2026-08-06T17:59:26+00:00 NOTICE Email "customer_note" for order #77481 not sent: email type is disabled CONTEXT: {"email_type":"customer_note","status":"disabled","recipient":"subhanainar","order":77481}
2026-08-06T17:59:33+00:00 NOTICE Email "customer_note" for order #77482 not sent: email type is disabled CONTEXT: {"email_type":"customer_note","status":"disabled","recipient":"sinhaarun59","order":77482}
2026-08-06T17:59:39+00:00 NOTICE Email "customer_note" for order #77483 not sent: email type is disabled CONTEXT: {"email_type":"customer_note","status":"disabled","recipient":"emiljoshva","order":77483}
2026-08-06T17:59:45+00:00 NOTICE Email "customer_note" for order #77484 not sent: email type is disabled CONTEXT: {"email_type":"customer_note","status":"disabled","recipient":"spavithrasundar","order":77484}
2026-08-06T18:02:11+00:00 NOTICE Email "customer_note" for order #77486 not sent: email type is disabled CONTEXT: {"email_type":"customer_note","status":"disabled","recipient":"rigin.raj","order":77486}
2026-08-06T18:02:18+00:00 NOTICE Email "customer_note" for order #77487 not sent: email type is disabled CONTEXT: {"email_type":"customer_note","status":"disabled","recipient":"maheshvangala","order":77487}
2026-08-06T18:02:26+00:00 NOTICE Email "customer_note" for order #77488 not sent: email type is disabled CONTEXT: {"email_type":"customer_note","status":"disabled","recipient":"kaliyaperumal","order":77488}
2026-08-06T18:02:34+00:00 NOTICE Email "customer_note" for order #77489 not sent: email type is disabled CONTEXT: {"email_type":"customer_note","status":"disabled","recipient":"jayendra.panchapakesan","order":77489}
2026-08-06T18:02:44+00:00 NOTICE Email "customer_note" for order #77490 not sent: email type is disabled CONTEXT: {"email_type":"customer_note","status":"disabled","recipient":"ayushnarpatparakh","order":77490}
2026-08-06T18:02:50+00:00 NOTICE Email "customer_note" for order #77491 not sent: email type is disabled CONTEXT: {"email_type":"customer_note","status":"disabled","recipient":"sul.rahman","order":77491}
2026-08-06T18:02:56+00:00 NOTICE Email "customer_note" for order #77492 not sent: email type is disabled CONTEXT: {"email_type":"customer_note","status":"disabled","recipient":"ramarama56","order":77492}
2026-08-06T18:03:02+00:00 NOTICE Email "customer_note" for order #77493 not sent: email type is disabled CONTEXT: {"email_type":"customer_note","status":"disabled","recipient":"nanduparekh777","order":77493}
2026-08-06T18:03:09+00:00 NOTICE Email "customer_note" for order #77494 not sent: email type is disabled CONTEXT: {"email_type":"customer_note","status":"disabled","recipient":"srisanss22","order":77494}
2026-08-06T18:03:15+00:00 NOTICE Email "customer_note" for order #77495 not sent: email type is disabled CONTEXT: {"email_type":"customer_note","status":"disabled","recipient":"vharika9999","order":77495}
2026-08-06T18:03:21+00:00 NOTICE Email "customer_note" for order #77496 not sent: email type is disabled CONTEXT: {"email_type":"customer_note","status":"disabled","recipient":"sri","order":77496}
2026-08-06T18:03:28+00:00 NOTICE Email "customer_note" for order #77497 not sent: email type is disabled CONTEXT: {"email_type":"customer_note","status":"disabled","recipient":"srividhyaragavendran17","order":77497}
2026-08-06T18:03:34+00:00 NOTICE Email "customer_note" for order #77498 not sent: email type is disabled CONTEXT: {"email_type":"customer_note","status":"disabled","recipient":"anushadoraiswamy","order":77498}
2026-08-06T18:03:42+00:00 NOTICE Email "customer_note" for order #77499 not sent: email type is disabled CONTEXT: {"email_type":"customer_note","status":"disabled","recipient":"chuvi2009","order":77499}
2026-08-06T18:03:50+00:00 NOTICE Email "customer_note" for order #77500 not sent: email type is disabled CONTEXT: {"email_type":"customer_note","status":"disabled","recipient":"keetsraj","order":77500}
2026-08-06T18:03:57+00:00 NOTICE Email "customer_note" for order #77501 not sent: email type is disabled CONTEXT: {"email_type":"customer_note","status":"disabled","recipient":"vidyaven","order":77501}
2026-08-06T18:04:04+00:00 NOTICE Email "customer_note" for order #77502 not sent: email type is disabled CONTEXT: {"email_type":"customer_note","status":"disabled","recipient":"drarshee","order":77502}
2026-08-06T18:04:11+00:00 NOTICE Email "customer_note" for order #77503 not sent: email type is disabled CONTEXT: {"email_type":"customer_note","status":"disabled","recipient":"chitvanp","order":77503}
2026-08-06T18:04:17+00:00 NOTICE Email "customer_note" for order #77504 not sent: email type is disabled CONTEXT: {"email_type":"customer_note","status":"disabled","recipient":"chitvanp","order":77504}
2026-08-06T18:04:24+00:00 NOTICE Email "customer_note" for order #77505 not sent: email type is disabled CONTEXT: {"email_type":"customer_note","status":"disabled","recipient":"sharmilakrishnan","order":77505}
2026-08-06T18:04:31+00:00 NOTICE Email "customer_note" for order #77506 not sent: email type is disabled CONTEXT: {"email_type":"customer_note","status":"disabled","recipient":"reshmi.ganapathy","order":77506}
2026-08-06T18:04:38+00:00 NOTICE Email "customer_note" for order #77507 not sent: email type is disabled CONTEXT: {"email_type":"customer_note","status":"disabled","recipient":"navya.kari34","order":77507}
2026-08-06T18:04:45+00:00 NOTICE Email "customer_note" for order #77508 not sent: email type is disabled CONTEXT: {"email_type":"customer_note","status":"disabled","recipient":"senthil4117","order":77508}
2026-08-06T18:04:51+00:00 NOTICE Email "customer_note" for order #77509 not sent: email type is disabled CONTEXT: {"email_type":"customer_note","status":"disabled","recipient":"ganapathy196603santhi","order":77509}
2026-08-06T18:04:57+00:00 NOTICE Email "customer_note" for order #77510 not sent: email type is disabled CONTEXT: {"email_type":"customer_note","status":"disabled","recipient":"ankitabetala.2014","order":77510}
2026-08-06T18:05:05+00:00 NOTICE Email "customer_note" for order #77511 not sent: email type is disabled CONTEXT: {"email_type":"customer_note","status":"disabled","recipient":"gasiveshvarshan","order":77511}
2026-08-06T18:05:13+00:00 NOTICE Email "customer_note" for order #77512 not sent: email type is disabled CONTEXT: {"email_type":"customer_note","status":"disabled","recipient":"kalpanakarthikaug22","order":77512}
2026-08-06T18:05:19+00:00 NOTICE Email "customer_note" for order #77513 not sent: email type is disabled CONTEXT: {"email_type":"customer_note","status":"disabled","recipient":"sravanthichalla450","order":77513}
2026-08-06T18:05:27+00:00 NOTICE Email "customer_note" for order #77514 not sent: email type is disabled CONTEXT: {"email_type":"customer_note","status":"disabled","recipient":"minu.manohar13","order":77514}
2026-08-06T18:05:33+00:00 NOTICE Email "customer_note" for order #77515 not sent: email type is disabled CONTEXT: {"email_type":"customer_note","status":"disabled","recipient":"dhamuvenkat","order":77515}
2026-08-06T18:05:40+00:00 NOTICE Email "customer_note" for order #77516 not sent: email type is disabled CONTEXT: {"email_type":"customer_note","status":"disabled","recipient":"drlakshmibaskar","order":77516}
2026-08-06T18:05:49+00:00 NOTICE Email "customer_note" for order #77517 not sent: email type is disabled CONTEXT: {"email_type":"customer_note","status":"disabled","recipient":"helina06","order":77517}
2026-08-06T18:05:55+00:00 NOTICE Email "customer_note" for order #77518 not sent: email type is disabled CONTEXT: {"email_type":"customer_note","status":"disabled","recipient":"asmnaveen","order":77518}
2026-08-06T18:06:02+00:00 NOTICE Email "customer_note" for order #77519 not sent: email type is disabled CONTEXT: {"email_type":"customer_note","status":"disabled","recipient":"claramleonard89","order":77519}
2026-08-06T18:06:09+00:00 NOTICE Email "customer_note" for order #77520 not sent: email type is disabled CONTEXT: {"email_type":"customer_note","status":"disabled","recipient":"rajagopal_msr","order":77520}
2026-08-06T18:07:20+00:00 NOTICE Email "customer_note" for order #77521 not sent: email type is disabled CONTEXT: {"email_type":"customer_note","status":"disabled","recipient":"ranishan","order":77521}
2026-08-06T18:07:26+00:00 NOTICE Email "customer_note" for order #77522 not sent: email type is disabled CONTEXT: {"email_type":"customer_note","status":"disabled","recipient":"karstocksfinals","order":77522}
2026-08-06T18:07:34+00:00 NOTICE Email "customer_note" for order #77523 not sent: email type is disabled CONTEXT: {"email_type":"customer_note","status":"disabled","recipient":"durgadevi2227","order":77523}
2026-08-06T18:07:39+00:00 NOTICE Email "customer_note" for order #77524 not sent: email type is disabled CONTEXT: {"email_type":"customer_note","status":"disabled","recipient":"susilastephenraj","order":77524}
2026-08-06T18:07:45+00:00 NOTICE Email "customer_note" for order #77525 not sent: email type is disabled CONTEXT: {"email_type":"customer_note","status":"disabled","recipient":"kamal.virk006","order":77525}
2026-08-06T18:07:53+00:00 NOTICE Email "customer_note" for order #77526 not sent: email type is disabled CONTEXT: {"email_type":"customer_note","status":"disabled","recipient":"mahamariappan","order":77526}
2026-08-06T18:08:00+00:00 NOTICE Email "customer_note" for order #77527 not sent: email type is disabled CONTEXT: {"email_type":"customer_note","status":"disabled","recipient":"ggs1975","order":77527}
2026-08-06T18:08:07+00:00 NOTICE Email "customer_note" for order #77528 not sent: email type is disabled CONTEXT: {"email_type":"customer_note","status":"disabled","recipient":"rgiridharan2007","order":77528}
2026-08-06T18:08:15+00:00 NOTICE Email "customer_note" for order #77529 not sent: email type is disabled CONTEXT: {"email_type":"customer_note","status":"disabled","recipient":"ankita.nair07","order":77529}
2026-08-06T18:08:21+00:00 NOTICE Email "customer_note" for order #77530 not sent: email type is disabled CONTEXT: {"email_type":"customer_note","status":"disabled","recipient":"siddarth01","order":77530}
2026-08-06T18:08:27+00:00 NOTICE Email "customer_note" for order #77531 not sent: email type is disabled CONTEXT: {"email_type":"customer_note","status":"disabled","recipient":"aravind.kesavan","order":77531}
2026-08-06T18:08:34+00:00 NOTICE Email "customer_note" for order #77533 not sent: email type is disabled CONTEXT: {"email_type":"customer_note","status":"disabled","recipient":"parkerassociates71","order":77533}
2026-08-06T18:08:41+00:00 NOTICE Email "customer_note" for order #77534 not sent: email type is disabled CONTEXT: {"email_type":"customer_note","status":"disabled","recipient":"deepiga09","order":77534}
2026-08-06T18:08:48+00:00 NOTICE Email "customer_note" for order #77535 not sent: email type is disabled CONTEXT: {"email_type":"customer_note","status":"disabled","recipient":"7nagesh","order":77535}
2026-08-06T18:08:55+00:00 NOTICE Email "customer_note" for order #77536 not sent: email type is disabled CONTEXT: {"email_type":"customer_note","status":"disabled","recipient":"itsmalai","order":77536}
2026-08-06T18:09:01+00:00 NOTICE Email "customer_note" for order #77537 not sent: email type is disabled CONTEXT: {"email_type":"customer_note","status":"disabled","recipient":"priyas.2800","order":77537}
2026-08-06T18:09:07+00:00 NOTICE Email "customer_note" for order #77538 not sent: email type is disabled CONTEXT: {"email_type":"customer_note","status":"disabled","recipient":"docpriti","order":77538}
2026-08-06T18:09:13+00:00 NOTICE Email "customer_note" for order #77539 not sent: email type is disabled CONTEXT: {"email_type":"customer_note","status":"disabled","recipient":"docpriti","order":77539}
2026-08-06T18:09:20+00:00 NOTICE Email "customer_note" for order #77540 not sent: email type is disabled CONTEXT: {"email_type":"customer_note","status":"disabled","recipient":"vaibhavjain5695","order":77540}
2026-08-06T18:09:28+00:00 NOTICE Email "customer_note" for order #77541 not sent: email type is disabled CONTEXT: {"email_type":"customer_note","status":"disabled","recipient":"ksprem1215","order":77541}
2026-08-06T18:09:37+00:00 NOTICE Email "customer_note" for order #77542 not sent: email type is disabled CONTEXT: {"email_type":"customer_note","status":"disabled","recipient":"akilasaravankumar","order":77542}
2026-08-06T18:09:45+00:00 NOTICE Email "customer_note" for order #77543 not sent: email type is disabled CONTEXT: {"email_type":"customer_note","status":"disabled","recipient":"phanibalusu3","order":77543}
2026-08-06T18:09:52+00:00 NOTICE Email "customer_note" for order #77544 not sent: email type is disabled CONTEXT: {"email_type":"customer_note","status":"disabled","recipient":"vijisudhakar2008","order":77544}
2026-08-06T18:09:59+00:00 NOTICE Email "customer_note" for order #77545 not sent: email type is disabled CONTEXT: {"email_type":"customer_note","status":"disabled","recipient":"jsamar24","order":77545}
2026-08-06T18:10:06+00:00 NOTICE Email "customer_note" for order #77546 not sent: email type is disabled CONTEXT: {"email_type":"customer_note","status":"disabled","recipient":"rpathy","order":77546}
2026-08-06T18:10:13+00:00 NOTICE Email "customer_note" for order #77547 not sent: email type is disabled CONTEXT: {"email_type":"customer_note","status":"disabled","recipient":"vinay","order":77547}
2026-08-06T18:10:21+00:00 NOTICE Email "customer_note" for order #77548 not sent: email type is disabled CONTEXT: {"email_type":"customer_note","status":"disabled","recipient":"mailmekarthic","order":77548}
2026-08-06T18:10:30+00:00 NOTICE Email "customer_note" for order #77549 not sent: email type is disabled CONTEXT: {"email_type":"customer_note","status":"disabled","recipient":"nikenahar","order":77549}
2026-08-06T18:10:39+00:00 NOTICE Email "customer_note" for order #77550 not sent: email type is disabled CONTEXT: {"email_type":"customer_note","status":"disabled","recipient":"adishah85","order":77550}
2026-08-06T18:10:46+00:00 NOTICE Email "customer_note" for order #77551 not sent: email type is disabled CONTEXT: {"email_type":"customer_note","status":"disabled","recipient":"sshalu2109","order":77551}
2026-08-06T18:10:53+00:00 NOTICE Email "customer_note" for order #77552 not sent: email type is disabled CONTEXT: {"email_type":"customer_note","status":"disabled","recipient":"venuthan1105","order":77552}
2026-08-06T18:10:59+00:00 NOTICE Email "customer_note" for order #77553 not sent: email type is disabled CONTEXT: {"email_type":"customer_note","status":"disabled","recipient":"karthiknaga89","order":77553}
2026-08-06T18:11:05+00:00 NOTICE Email "customer_note" for order #77554 not sent: email type is disabled CONTEXT: {"email_type":"customer_note","status":"disabled","recipient":"caguptha2017","order":77554}
2026-08-06T18:11:13+00:00 NOTICE Email "customer_note" for order #77555 not sent: email type is disabled CONTEXT: {"email_type":"customer_note","status":"disabled","recipient":"neethu0214","order":77555}
2026-08-06T18:13:44+00:00 NOTICE Email "customer_note" for order #77556 not sent: email type is disabled CONTEXT: {"email_type":"customer_note","status":"disabled","recipient":"spaan05","order":77556}
2026-08-06T18:13:52+00:00 NOTICE Email "customer_note" for order #77557 not sent: email type is disabled CONTEXT: {"email_type":"customer_note","status":"disabled","recipient":"umaspriya","order":77557}
2026-08-06T18:13:58+00:00 NOTICE Email "customer_note" for order #77558 not sent: email type is disabled CONTEXT: {"email_type":"customer_note","status":"disabled","recipient":"naziamodak","order":77558}
2026-08-06T18:14:05+00:00 NOTICE Email "customer_note" for order #77559 not sent: email type is disabled CONTEXT: {"email_type":"customer_note","status":"disabled","recipient":"jeyanthinagu","order":77559}
2026-08-06T18:14:12+00:00 NOTICE Email "customer_note" for order #77560 not sent: email type is disabled CONTEXT: {"email_type":"customer_note","status":"disabled","recipient":"simplymoda.noopur","order":77560}
2026-08-06T18:14:18+00:00 NOTICE Email "customer_note" for order #77561 not sent: email type is disabled CONTEXT: {"email_type":"customer_note","status":"disabled","recipient":"mjyogesh29","order":77561}
2026-08-06T18:14:26+00:00 NOTICE Email "customer_note" for order #77562 not sent: email type is disabled CONTEXT: {"email_type":"customer_note","status":"disabled","recipient":"saha7188","order":77562}
2026-08-06T18:14:34+00:00 NOTICE Email "customer_note" for order #77563 not sent: email type is disabled CONTEXT: {"email_type":"customer_note","status":"disabled","recipient":"balakrishnaharaiharian","order":77563}
2026-08-06T18:14:41+00:00 NOTICE Email "customer_note" for order #77564 not sent: email type is disabled CONTEXT: {"email_type":"customer_note","status":"disabled","recipient":"lavaledshiva17","order":77564}
2026-08-06T18:14:48+00:00 NOTICE Email "customer_note" for order #77565 not sent: email type is disabled CONTEXT: {"email_type":"customer_note","status":"disabled","recipient":"satish1982","order":77565}
2026-08-06T18:14:56+00:00 NOTICE Email "customer_note" for order #77566 not sent: email type is disabled CONTEXT: {"email_type":"customer_note","status":"disabled","recipient":"ponnaiahboopathi","order":77566}
2026-08-06T18:15:03+00:00 NOTICE Email "customer_note" for order #77567 not sent: email type is disabled CONTEXT: {"email_type":"customer_note","status":"disabled","recipient":"aishuvignesh0520","order":77567}
2026-08-06T18:15:11+00:00 NOTICE Email "customer_note" for order #77568 not sent: email type is disabled CONTEXT: {"email_type":"customer_note","status":"disabled","recipient":"kripamrajani","order":77568}
2026-08-06T18:15:19+00:00 NOTICE Email "customer_note" for order #77569 not sent: email type is disabled CONTEXT: {"email_type":"customer_note","status":"disabled","recipient":"rajalakshmi.email","order":77569}
2026-08-06T18:15:25+00:00 NOTICE Email "customer_note" for order #77570 not sent: email type is disabled CONTEXT: {"email_type":"customer_note","status":"disabled","recipient":"rajalakshmi.email","order":77570}
2026-08-06T18:15:32+00:00 NOTICE Email "customer_note" for order #77571 not sent: email type is disabled CONTEXT: {"email_type":"customer_note","status":"disabled","recipient":"yuva1177","order":77571}
2026-08-06T18:15:37+00:00 NOTICE Email "customer_note" for order #77572 not sent: email type is disabled CONTEXT: {"email_type":"customer_note","status":"disabled","recipient":"kripamrajani","order":77572}
2026-08-06T18:15:46+00:00 NOTICE Email "customer_note" for order #77573 not sent: email type is disabled CONTEXT: {"email_type":"customer_note","status":"disabled","recipient":"varadhanmanibala20","order":77573}
2026-08-06T18:15:53+00:00 NOTICE Email "customer_note" for order #77574 not sent: email type is disabled CONTEXT: {"email_type":"customer_note","status":"disabled","recipient":"sindhushanker","order":77574}
2026-08-06T18:16:01+00:00 NOTICE Email "customer_note" for order #77575 not sent: email type is disabled CONTEXT: {"email_type":"customer_note","status":"disabled","recipient":"sanjaytathed","order":77575}
2026-08-06T18:16:08+00:00 NOTICE Email "customer_note" for order #77576 not sent: email type is disabled CONTEXT: {"email_type":"customer_note","status":"disabled","recipient":"sridhar_a_hll","order":77576}
2026-08-06T18:16:14+00:00 NOTICE Email "customer_note" for order #77577 not sent: email type is disabled CONTEXT: {"email_type":"customer_note","status":"disabled","recipient":"sudhakumar5577","order":77577}
2026-08-06T18:16:21+00:00 NOTICE Email "customer_note" for order #77578 not sent: email type is disabled CONTEXT: {"email_type":"customer_note","status":"disabled","recipient":"drmani76","order":77578}
2026-08-06T18:16:28+00:00 NOTICE Email "customer_note" for order #77579 not sent: email type is disabled CONTEXT: {"email_type":"customer_note","status":"disabled","recipient":"vchamundeswari1999","order":77579}
2026-08-06T18:16:34+00:00 NOTICE Email "customer_note" for order #77580 not sent: email type is disabled CONTEXT: {"email_type":"customer_note","status":"disabled","recipient":"meenatchi1995","order":77580}
2026-08-06T18:16:42+00:00 NOTICE Email "customer_note" for order #77581 not sent: email type is disabled CONTEXT: {"email_type":"customer_note","status":"disabled","recipient":"dab3344.3344","order":77581}
2026-08-06T18:16:48+00:00 NOTICE Email "customer_note" for order #77582 not sent: email type is disabled CONTEXT: {"email_type":"customer_note","status":"disabled","recipient":"shravan.bangaru2022","order":77582}
2026-08-06T18:16:55+00:00 NOTICE Email "customer_note" for order #77583 not sent: email type is disabled CONTEXT: {"email_type":"customer_note","status":"disabled","recipient":"sowmya.subramanian","order":77583}
2026-08-06T18:17:03+00:00 NOTICE Email "customer_note" for order #77584 not sent: email type is disabled CONTEXT: {"email_type":"customer_note","status":"disabled","recipient":"jyothireddyganuthula","order":77584}
2026-08-06T18:17:11+00:00 NOTICE Email "customer_note" for order #77585 not sent: email type is disabled CONTEXT: {"email_type":"customer_note","status":"disabled","recipient":"rushilbothra4","order":77585}
2026-08-06T18:17:18+00:00 NOTICE Email "customer_note" for order #77586 not sent: email type is disabled CONTEXT: {"email_type":"customer_note","status":"disabled","recipient":"ravisankar_k2000","order":77586}
2026-08-06T18:17:25+00:00 NOTICE Email "customer_note" for order #77587 not sent: email type is disabled CONTEXT: {"email_type":"customer_note","status":"disabled","recipient":"vp.doss28","order":77587}
2026-08-06T18:17:31+00:00 NOTICE Email "customer_note" for order #77588 not sent: email type is disabled CONTEXT: {"email_type":"customer_note","status":"disabled","recipient":"pipestressuser","order":77588}
2026-08-06T18:17:37+00:00 NOTICE Email "customer_note" for order #77589 not sent: email type is disabled CONTEXT: {"email_type":"customer_note","status":"disabled","recipient":"poovarna","order":77589}
2026-08-06T18:20:31+00:00 NOTICE Email "customer_note" for order #77590 not sent: email type is disabled CONTEXT: {"email_type":"customer_note","status":"disabled","recipient":"k46105012","order":77590}
2026-08-06T18:20:38+00:00 NOTICE Email "customer_note" for order #77591 not sent: email type is disabled CONTEXT: {"email_type":"customer_note","status":"disabled","recipient":"kedsca2503","order":77591}
2026-08-06T18:20:44+00:00 NOTICE Email "customer_note" for order #77592 not sent: email type is disabled CONTEXT: {"email_type":"customer_note","status":"disabled","recipient":"viji.kirthi","order":77592}
2026-08-06T18:20:51+00:00 NOTICE Email "customer_note" for order #77593 not sent: email type is disabled CONTEXT: {"email_type":"customer_note","status":"disabled","recipient":"koushikrishna07","order":77593}
2026-08-06T18:21:00+00:00 NOTICE Email "customer_note" for order #77594 not sent: email type is disabled CONTEXT: {"email_type":"customer_note","status":"disabled","recipient":"kavithaananth91","order":77594}
2026-08-06T18:21:06+00:00 NOTICE Email "customer_note" for order #77595 not sent: email type is disabled CONTEXT: {"email_type":"customer_note","status":"disabled","recipient":"jalaj.sm","order":77595}
2026-08-06T18:21:12+00:00 NOTICE Email "customer_note" for order #77596 not sent: email type is disabled CONTEXT: {"email_type":"customer_note","status":"disabled","recipient":"hayiamarvind","order":77596}
2026-08-06T18:21:18+00:00 NOTICE Email "customer_note" for order #77597 not sent: email type is disabled CONTEXT: {"email_type":"customer_note","status":"disabled","recipient":"kmmdis","order":77597}
2026-08-06T18:21:24+00:00 NOTICE Email "customer_note" for order #77598 not sent: email type is disabled CONTEXT: {"email_type":"customer_note","status":"disabled","recipient":"arunba2991","order":77598}
2026-08-06T18:21:31+00:00 NOTICE Email "customer_note" for order #77599 not sent: email type is disabled CONTEXT: {"email_type":"customer_note","status":"disabled","recipient":"shwethabalaji.asbs","order":77599}
2026-08-06T18:21:38+00:00 NOTICE Email "customer_note" for order #77600 not sent: email type is disabled CONTEXT: {"email_type":"customer_note","status":"disabled","recipient":"shwethabalaji.asbs","order":77600}
2026-08-06T18:21:45+00:00 NOTICE Email "customer_note" for order #77601 not sent: email type is disabled CONTEXT: {"email_type":"customer_note","status":"disabled","recipient":"rishubjj","order":77601}
2026-08-06T18:21:53+00:00 NOTICE Email "customer_note" for order #77602 not sent: email type is disabled CONTEXT: {"email_type":"customer_note","status":"disabled","recipient":"uiop0944","order":77602}
2026-08-06T18:22:00+00:00 NOTICE Email "customer_note" for order #77603 not sent: email type is disabled CONTEXT: {"email_type":"customer_note","status":"disabled","recipient":"iamnitheeshck","order":77603}
2026-08-06T18:22:07+00:00 NOTICE Email "customer_note" for order #77604 not sent: email type is disabled CONTEXT: {"email_type":"customer_note","status":"disabled","recipient":"ktknitrous","order":77604}
2026-08-06T18:22:13+00:00 NOTICE Email "customer_note" for order #77605 not sent: email type is disabled CONTEXT: {"email_type":"customer_note","status":"disabled","recipient":"umarsalaluddin","order":77605}
2026-08-06T18:22:21+00:00 NOTICE Email "customer_note" for order #77606 not sent: email type is disabled CONTEXT: {"email_type":"customer_note","status":"disabled","recipient":"aranarjun007","order":77606}
2026-08-06T18:22:27+00:00 NOTICE Email "customer_note" for order #77607 not sent: email type is disabled CONTEXT: {"email_type":"customer_note","status":"disabled","recipient":"shayanareddy","order":77607}
2026-08-06T18:22:34+00:00 NOTICE Email "customer_note" for order #77608 not sent: email type is disabled CONTEXT: {"email_type":"customer_note","status":"disabled","recipient":"nagaratina","order":77608}
2026-08-06T18:22:40+00:00 NOTICE Email "customer_note" for order #77609 not sent: email type is disabled CONTEXT: {"email_type":"customer_note","status":"disabled","recipient":"lalitharlp","order":77609}
2026-08-06T18:22:46+00:00 NOTICE Email "customer_note" for order #77610 not sent: email type is disabled CONTEXT: {"email_type":"customer_note","status":"disabled","recipient":"rderive","order":77610}
2026-08-06T18:22:54+00:00 NOTICE Email "customer_note" for order #77611 not sent: email type is disabled CONTEXT: {"email_type":"customer_note","status":"disabled","recipient":"resham7267","order":77611}
2026-08-06T18:23:02+00:00 NOTICE Email "customer_note" for order #77612 not sent: email type is disabled CONTEXT: {"email_type":"customer_note","status":"disabled","recipient":"resham7267","order":77612}
2026-08-06T18:23:08+00:00 NOTICE Email "customer_note" for order #77613 not sent: email type is disabled CONTEXT: {"email_type":"customer_note","status":"disabled","recipient":"gurajada.tripura","order":77613}
2026-08-06T18:23:17+00:00 NOTICE Email "customer_note" for order #77614 not sent: email type is disabled CONTEXT: {"email_type":"customer_note","status":"disabled","recipient":"ritaagarwal2804","order":77614}
2026-08-06T18:23:25+00:00 NOTICE Email "customer_note" for order #77615 not sent: email type is disabled CONTEXT: {"email_type":"customer_note","status":"disabled","recipient":"sidharthan4594","order":77615}
2026-08-06T18:23:31+00:00 NOTICE Email "customer_note" for order #77616 not sent: email type is disabled CONTEXT: {"email_type":"customer_note","status":"disabled","recipient":"cpamma","order":77616}
2026-08-06T18:23:38+00:00 NOTICE Email "customer_note" for order #77617 not sent: email type is disabled CONTEXT: {"email_type":"customer_note","status":"disabled","recipient":"vishnupriya.krishna","order":77617}
2026-08-06T18:23:44+00:00 NOTICE Email "customer_note" for order #77618 not sent: email type is disabled CONTEXT: {"email_type":"customer_note","status":"disabled","recipient":"revanthv981","order":77618}
2026-08-06T18:23:50+00:00 NOTICE Email "customer_note" for order #77619 not sent: email type is disabled CONTEXT: {"email_type":"customer_note","status":"disabled","recipient":"indigoyuva","order":77619}
2026-08-06T18:23:57+00:00 NOTICE Email "customer_note" for order #77620 not sent: email type is disabled CONTEXT: {"email_type":"customer_note","status":"disabled","recipient":"jenydarling2897","order":77620}
2026-08-06T18:24:03+00:00 NOTICE Email "customer_note" for order #77621 not sent: email type is disabled CONTEXT: {"email_type":"customer_note","status":"disabled","recipient":"balatosap","order":77621}
2026-08-06T18:24:11+00:00 NOTICE Email "customer_note" for order #77622 not sent: email type is disabled CONTEXT: {"email_type":"customer_note","status":"disabled","recipient":"nithya.metha","order":77622}
2026-08-06T18:24:19+00:00 NOTICE Email "customer_note" for order #77623 not sent: email type is disabled CONTEXT: {"email_type":"customer_note","status":"disabled","recipient":"venkateshsuba","order":77623}
2026-08-06T18:24:25+00:00 NOTICE Email "customer_note" for order #77624 not sent: email type is disabled CONTEXT: {"email_type":"customer_note","status":"disabled","recipient":"venkateshsuba","order":77624}
2026-08-06T18:24:39+00:00 NOTICE Email "customer_note" for order #77625 not sent: email type is disabled CONTEXT: {"email_type":"customer_note","status":"disabled","recipient":"accounts","order":77625}
2026-08-06T18:24:46+00:00 NOTICE Email "customer_note" for order #77626 not sent: email type is disabled CONTEXT: {"email_type":"customer_note","status":"disabled","recipient":"hemadricpc","order":77626}
2026-08-06T18:24:54+00:00 NOTICE Email "customer_note" for order #77627 not sent: email type is disabled CONTEXT: {"email_type":"customer_note","status":"disabled","recipient":"ilakkiyaasp","order":77627}
2026-08-06T18:25:01+00:00 NOTICE Email "customer_note" for order #77628 not sent: email type is disabled CONTEXT: {"email_type":"customer_note","status":"disabled","recipient":"syedmushtaqahmed","order":77628}
2026-08-06T18:25:09+00:00 NOTICE Email "customer_note" for order #77629 not sent: email type is disabled CONTEXT: {"email_type":"customer_note","status":"disabled","recipient":"nambibiz","order":77629}
2026-08-06T18:25:17+00:00 NOTICE Email "customer_note" for order #77630 not sent: email type is disabled CONTEXT: {"email_type":"customer_note","status":"disabled","recipient":"sudheer.rayanapati","order":77630}
2026-08-06T18:25:25+00:00 NOTICE Email "customer_note" for order #77631 not sent: email type is disabled CONTEXT: {"email_type":"customer_note","status":"disabled","recipient":"meerasampath47","order":77631}
2026-08-06T18:25:33+00:00 NOTICE Email "customer_note" for order #77632 not sent: email type is disabled CONTEXT: {"email_type":"customer_note","status":"disabled","recipient":"meerasampath47","order":77632}
2026-08-06T18:25:39+00:00 NOTICE Email "customer_note" for order #77633 not sent: email type is disabled CONTEXT: {"email_type":"customer_note","status":"disabled","recipient":"krishnasai.pittala","order":77633}
2026-08-06T18:25:45+00:00 NOTICE Email "customer_note" for order #77634 not sent: email type is disabled CONTEXT: {"email_type":"customer_note","status":"disabled","recipient":"lalithapatnaik15","order":77634}
2026-08-06T18:25:54+00:00 NOTICE Email "customer_note" for order #77635 not sent: email type is disabled CONTEXT: {"email_type":"customer_note","status":"disabled","recipient":"rs_vinodh","order":77635}
2026-08-06T18:26:01+00:00 NOTICE Email "customer_note" for order #77636 not sent: email type is disabled CONTEXT: {"email_type":"customer_note","status":"disabled","recipient":"chalam666","order":77636}
2026-08-06T18:26:09+00:00 NOTICE Email "customer_note" for order #77637 not sent: email type is disabled CONTEXT: {"email_type":"customer_note","status":"disabled","recipient":"ramesh.vanaparthi3","order":77637}
2026-08-06T18:26:16+00:00 NOTICE Email "customer_note" for order #77638 not sent: email type is disabled CONTEXT: {"email_type":"customer_note","status":"disabled","recipient":"vikramhari2001","order":77638}
2026-08-06T18:26:23+00:00 NOTICE Email "customer_note" for order #77639 not sent: email type is disabled CONTEXT: {"email_type":"customer_note","status":"disabled","recipient":"ravkumrs","order":77639}
2026-08-06T18:26:29+00:00 NOTICE Email "customer_note" for order #77640 not sent: email type is disabled CONTEXT: {"email_type":"customer_note","status":"disabled","recipient":"prathyusadam","order":77640}
2026-08-06T18:26:37+00:00 NOTICE Email "customer_note" for order #77641 not sent: email type is disabled CONTEXT: {"email_type":"customer_note","status":"disabled","recipient":"surendar322","order":77641}
2026-08-06T18:26:45+00:00 NOTICE Email "customer_note" for order #77642 not sent: email type is disabled CONTEXT: {"email_type":"customer_note","status":"disabled","recipient":"amurali65","order":77642}
2026-08-06T18:26:53+00:00 NOTICE Email "customer_note" for order #77643 not sent: email type is disabled CONTEXT: {"email_type":"customer_note","status":"disabled","recipient":"mohankishore80","order":77643}
2026-08-06T18:27:01+00:00 NOTICE Email "customer_note" for order #77644 not sent: email type is disabled CONTEXT: {"email_type":"customer_note","status":"disabled","recipient":"jananifootball","order":77644}
2026-08-06T18:27:15+00:00 NOTICE Email "customer_note" for order #77645 not sent: email type is disabled CONTEXT: {"email_type":"customer_note","status":"disabled","recipient":"mm","order":77645}
2026-08-06T18:27:23+00:00 NOTICE Email "customer_note" for order #77646 not sent: email type is disabled CONTEXT: {"email_type":"customer_note","status":"disabled","recipient":"swaroop.sistla","order":77646}
2026-08-06T18:27:33+00:00 INFO Email "failed_order" for order #77646 sent CONTEXT: {"email_type":"failed_order","status":"sent","recipient":"Admin_Madrasmilk","order":77646}
2026-08-06T18:35:41+00:00 NOTICE Email "customer_note" for order #77647 not sent: email type is disabled CONTEXT: {"email_type":"customer_note","status":"disabled","recipient":"davinaeddy","order":77647}
2026-08-06T19:33:09+00:00 INFO Email "new_order" for order #77215 sent CONTEXT: {"email_type":"new_order","status":"sent","recipient":"Admin_Madrasmilk","order":77215}
2026-08-06T19:33:13+00:00 INFO Email "customer_processing_order" for order #77215 sent CONTEXT: {"email_type":"customer_processing_order","status":"sent","recipient":"vini.ramani","order":77215}
2026-08-06T20:01:29+00:00 NOTICE Email "customer_completed_order" for order #77648 not sent: email type is disabled CONTEXT: {"email_type":"customer_completed_order","status":"disabled","recipient":"Admin_Madrasmilk","order":77648}
2026-08-06T20:01:34+00:00 INFO Email "new_order" for order #77648 sent CONTEXT: {"email_type":"new_order","status":"sent","recipient":"Admin_Madrasmilk","order":77648}
2026-08-06T21:01:28+00:00 NOTICE Email "customer_note" for order #77649 not sent: email type is disabled CONTEXT: {"email_type":"customer_note","status":"disabled","recipient":"Admin_Madrasmilk","order":77649}
2026-08-06T21:02:13+00:00 NOTICE Email "customer_note" for order #77651 not sent: email type is disabled CONTEXT: {"email_type":"customer_note","status":"disabled","recipient":"Admin_Madrasmilk","order":77651}
