2026-08-09T01:33:25+00:00 INFO Email "new_order" for order #78946 sent CONTEXT: {"email_type":"new_order","status":"sent","recipient":"Admin_Madrasmilk","order":78946}
2026-08-09T01:33:29+00:00 INFO Email "customer_processing_order" for order #78946 sent CONTEXT: {"email_type":"customer_processing_order","status":"sent","recipient":"veenajhaver","order":78946}
2026-08-09T02:36:51+00:00 INFO Email "new_order" for order #78947 sent CONTEXT: {"email_type":"new_order","status":"sent","recipient":"Admin_Madrasmilk","order":78947}
2026-08-09T02:36:54+00:00 INFO Email "customer_processing_order" for order #78947 sent CONTEXT: {"email_type":"customer_processing_order","status":"sent","recipient":"scisenthil","order":78947}
2026-08-09T02:43:48+00:00 INFO Email "customer_new_account" for user #1584 sent CONTEXT: {"email_type":"customer_new_account","status":"sent","recipient":"rhemahere","user":1584}
2026-08-09T03:49:30+00:00 INFO Email "cancelled_subscription" for order #58480 sent CONTEXT: {"email_type":"cancelled_subscription","status":"sent","recipient":"Admin_Madrasmilk","order":58480}
2026-08-09T03:53:11+00:00 INFO Email "customer_new_account" for user #1586 sent CONTEXT: {"email_type":"customer_new_account","status":"sent","recipient":"Shahul Hameed T","user":1586}
2026-08-09T04:06:00+00:00 INFO Email "new_order" for order #78948 sent CONTEXT: {"email_type":"new_order","status":"sent","recipient":"Admin_Madrasmilk","order":78948}
2026-08-09T04:06:04+00:00 INFO Email "customer_processing_order" for order #78948 sent CONTEXT: {"email_type":"customer_processing_order","status":"sent","recipient":"Shahul Hameed T","order":78948}
2026-08-09T04:07:16+00:00 INFO Email "cancelled_subscription" for order #58952 sent CONTEXT: {"email_type":"cancelled_subscription","status":"sent","recipient":"Admin_Madrasmilk","order":58952}
2026-08-09T04:10:05+00:00 INFO Email "cancelled_subscription" for order #58776 sent CONTEXT: {"email_type":"cancelled_subscription","status":"sent","recipient":"Admin_Madrasmilk","order":58776}
2026-08-09T04:11:42+00:00 INFO Email "cancelled_subscription" for order #58799 sent CONTEXT: {"email_type":"cancelled_subscription","status":"sent","recipient":"Admin_Madrasmilk","order":58799}
2026-08-09T04:19:27+00:00 INFO Email "cancelled_subscription" for order #58800 sent CONTEXT: {"email_type":"cancelled_subscription","status":"sent","recipient":"Admin_Madrasmilk","order":58800}
2026-08-09T05:37:33+00:00 INFO Email "wps_wswp_wallet_credit" for user #1533 sent CONTEXT: {"email_type":"wps_wswp_wallet_credit","status":"sent","recipient":"Sidharth test","user":1533}
2026-08-09T05:44:46+00:00 NOTICE Email "customer_completed_order" for order #78947 not sent: email type is disabled CONTEXT: {"email_type":"customer_completed_order","status":"disabled","recipient":"scisenthil","order":78947}
2026-08-09T05:44:50+00:00 INFO Email "wps_wswp_wallet_credit" for user #220 sent CONTEXT: {"email_type":"wps_wswp_wallet_credit","status":"sent","recipient":"scisenthil","user":220}
2026-08-09T06:03:58+00:00 INFO Email "new_order" for order #78951 sent CONTEXT: {"email_type":"new_order","status":"sent","recipient":"Admin_Madrasmilk","order":78951}
2026-08-09T06:04:02+00:00 INFO Email "customer_processing_order" for order #78951 sent CONTEXT: {"email_type":"customer_processing_order","status":"sent","recipient":"scisenthil","order":78951}
2026-08-09T06:24:02+00:00 INFO Email "new_order" for order #78954 sent CONTEXT: {"email_type":"new_order","status":"sent","recipient":"Admin_Madrasmilk","order":78954}
2026-08-09T06:24:06+00:00 INFO Email "customer_processing_order" for order #78954 sent CONTEXT: {"email_type":"customer_processing_order","status":"sent","recipient":"senthil4117","order":78954}
2026-08-09T06:38:29+00:00 NOTICE Email "customer_completed_order" for order #78955 not sent: email type is disabled CONTEXT: {"email_type":"customer_completed_order","status":"disabled","recipient":"thomas_dason2002","order":78955}
2026-08-09T06:38:29+00:00 NOTICE Email "new_order" for order #78955 not sent: email type is disabled CONTEXT: {"email_type":"new_order","status":"disabled","recipient":"Admin_Madrasmilk","order":78955}
2026-08-09T06:39:34+00:00 NOTICE Email "customer_completed_order" for order #78956 not sent: email type is disabled CONTEXT: {"email_type":"customer_completed_order","status":"disabled","recipient":"lolme123","order":78956}
2026-08-09T06:39:34+00:00 NOTICE Email "new_order" for order #78956 not sent: email type is disabled CONTEXT: {"email_type":"new_order","status":"disabled","recipient":"Admin_Madrasmilk","order":78956}
2026-08-09T06:39:34+00:00 NOTICE Email "customer_completed_order" for order #78957 not sent: email type is disabled CONTEXT: {"email_type":"customer_completed_order","status":"disabled","recipient":"ravishankar","order":78957}
2026-08-09T06:39:34+00:00 NOTICE Email "new_order" for order #78957 not sent: email type is disabled CONTEXT: {"email_type":"new_order","status":"disabled","recipient":"Admin_Madrasmilk","order":78957}
2026-08-09T06:39:35+00:00 NOTICE Email "customer_completed_order" for order #78958 not sent: email type is disabled CONTEXT: {"email_type":"customer_completed_order","status":"disabled","recipient":"ravishankar","order":78958}
2026-08-09T06:39:35+00:00 NOTICE Email "new_order" for order #78958 not sent: email type is disabled CONTEXT: {"email_type":"new_order","status":"disabled","recipient":"Admin_Madrasmilk","order":78958}
2026-08-09T06:39:35+00:00 NOTICE Email "customer_completed_order" for order #78959 not sent: email type is disabled CONTEXT: {"email_type":"customer_completed_order","status":"disabled","recipient":"shreesekar","order":78959}
2026-08-09T06:39:35+00:00 NOTICE Email "new_order" for order #78959 not sent: email type is disabled CONTEXT: {"email_type":"new_order","status":"disabled","recipient":"Admin_Madrasmilk","order":78959}
2026-08-09T06:39:35+00:00 NOTICE Email "customer_completed_order" for order #78960 not sent: email type is disabled CONTEXT: {"email_type":"customer_completed_order","status":"disabled","recipient":"ganeshbw","order":78960}
2026-08-09T06:39:35+00:00 NOTICE Email "new_order" for order #78960 not sent: email type is disabled CONTEXT: {"email_type":"new_order","status":"disabled","recipient":"Admin_Madrasmilk","order":78960}
2026-08-09T06:39:36+00:00 NOTICE Email "customer_completed_order" for order #78961 not sent: email type is disabled CONTEXT: {"email_type":"customer_completed_order","status":"disabled","recipient":"ganeshbw","order":78961}
2026-08-09T06:39:36+00:00 NOTICE Email "new_order" for order #78961 not sent: email type is disabled CONTEXT: {"email_type":"new_order","status":"disabled","recipient":"Admin_Madrasmilk","order":78961}
2026-08-09T06:39:36+00:00 NOTICE Email "customer_completed_order" for order #78962 not sent: email type is disabled CONTEXT: {"email_type":"customer_completed_order","status":"disabled","recipient":"nalinikumar","order":78962}
2026-08-09T06:39:36+00:00 NOTICE Email "new_order" for order #78962 not sent: email type is disabled CONTEXT: {"email_type":"new_order","status":"disabled","recipient":"Admin_Madrasmilk","order":78962}
2026-08-09T06:39:36+00:00 NOTICE Email "customer_completed_order" for order #78963 not sent: email type is disabled CONTEXT: {"email_type":"customer_completed_order","status":"disabled","recipient":"anand_ranjani","order":78963}
2026-08-09T06:39:36+00:00 NOTICE Email "new_order" for order #78963 not sent: email type is disabled CONTEXT: {"email_type":"new_order","status":"disabled","recipient":"Admin_Madrasmilk","order":78963}
2026-08-09T06:39:37+00:00 NOTICE Email "customer_completed_order" for order #78964 not sent: email type is disabled CONTEXT: {"email_type":"customer_completed_order","status":"disabled","recipient":"anand_ranjani","order":78964}
2026-08-09T06:39:37+00:00 NOTICE Email "new_order" for order #78964 not sent: email type is disabled CONTEXT: {"email_type":"new_order","status":"disabled","recipient":"Admin_Madrasmilk","order":78964}
2026-08-09T06:39:37+00:00 NOTICE Email "customer_completed_order" for order #78965 not sent: email type is disabled CONTEXT: {"email_type":"customer_completed_order","status":"disabled","recipient":"itchingtowrite","order":78965}
2026-08-09T06:39:37+00:00 NOTICE Email "new_order" for order #78965 not sent: email type is disabled CONTEXT: {"email_type":"new_order","status":"disabled","recipient":"Admin_Madrasmilk","order":78965}
2026-08-09T06:39:38+00:00 NOTICE Email "customer_completed_order" for order #78966 not sent: email type is disabled CONTEXT: {"email_type":"customer_completed_order","status":"disabled","recipient":"pdotadir","order":78966}
2026-08-09T06:39:38+00:00 NOTICE Email "new_order" for order #78966 not sent: email type is disabled CONTEXT: {"email_type":"new_order","status":"disabled","recipient":"Admin_Madrasmilk","order":78966}
2026-08-09T06:39:38+00:00 NOTICE Email "customer_completed_order" for order #78967 not sent: email type is disabled CONTEXT: {"email_type":"customer_completed_order","status":"disabled","recipient":"jaysh_vijay","order":78967}
2026-08-09T06:39:38+00:00 NOTICE Email "new_order" for order #78967 not sent: email type is disabled CONTEXT: {"email_type":"new_order","status":"disabled","recipient":"Admin_Madrasmilk","order":78967}
2026-08-09T06:39:38+00:00 NOTICE Email "customer_completed_order" for order #78968 not sent: email type is disabled CONTEXT: {"email_type":"customer_completed_order","status":"disabled","recipient":"nithin153","order":78968}
2026-08-09T06:39:38+00:00 NOTICE Email "new_order" for order #78968 not sent: email type is disabled CONTEXT: {"email_type":"new_order","status":"disabled","recipient":"Admin_Madrasmilk","order":78968}
2026-08-09T06:39:39+00:00 NOTICE Email "customer_completed_order" for order #78969 not sent: email type is disabled CONTEXT: {"email_type":"customer_completed_order","status":"disabled","recipient":"sanguthebest","order":78969}
2026-08-09T06:39:39+00:00 NOTICE Email "new_order" for order #78969 not sent: email type is disabled CONTEXT: {"email_type":"new_order","status":"disabled","recipient":"Admin_Madrasmilk","order":78969}
2026-08-09T06:39:39+00:00 NOTICE Email "customer_completed_order" for order #78970 not sent: email type is disabled CONTEXT: {"email_type":"customer_completed_order","status":"disabled","recipient":"rguruprasath","order":78970}
2026-08-09T06:39:39+00:00 NOTICE Email "new_order" for order #78970 not sent: email type is disabled CONTEXT: {"email_type":"new_order","status":"disabled","recipient":"Admin_Madrasmilk","order":78970}
2026-08-09T06:39:39+00:00 NOTICE Email "customer_completed_order" for order #78971 not sent: email type is disabled CONTEXT: {"email_type":"customer_completed_order","status":"disabled","recipient":"senthil.m7479","order":78971}
2026-08-09T06:39:39+00:00 NOTICE Email "new_order" for order #78971 not sent: email type is disabled CONTEXT: {"email_type":"new_order","status":"disabled","recipient":"Admin_Madrasmilk","order":78971}
2026-08-09T06:39:40+00:00 NOTICE Email "customer_completed_order" for order #78972 not sent: email type is disabled CONTEXT: {"email_type":"customer_completed_order","status":"disabled","recipient":"raj","order":78972}
2026-08-09T06:39:40+00:00 NOTICE Email "new_order" for order #78972 not sent: email type is disabled CONTEXT: {"email_type":"new_order","status":"disabled","recipient":"Admin_Madrasmilk","order":78972}
2026-08-09T06:39:40+00:00 NOTICE Email "customer_completed_order" for order #78973 not sent: email type is disabled CONTEXT: {"email_type":"customer_completed_order","status":"disabled","recipient":"sriram_venkataraman","order":78973}
2026-08-09T06:39:40+00:00 NOTICE Email "new_order" for order #78973 not sent: email type is disabled CONTEXT: {"email_type":"new_order","status":"disabled","recipient":"Admin_Madrasmilk","order":78973}
2026-08-09T06:39:40+00:00 NOTICE Email "customer_completed_order" for order #78974 not sent: email type is disabled CONTEXT: {"email_type":"customer_completed_order","status":"disabled","recipient":"abinaya.kannazhagan","order":78974}
2026-08-09T06:39:40+00:00 NOTICE Email "new_order" for order #78974 not sent: email type is disabled CONTEXT: {"email_type":"new_order","status":"disabled","recipient":"Admin_Madrasmilk","order":78974}
2026-08-09T06:39:41+00:00 NOTICE Email "customer_completed_order" for order #78975 not sent: email type is disabled CONTEXT: {"email_type":"customer_completed_order","status":"disabled","recipient":"anic.vijay","order":78975}
2026-08-09T06:39:41+00:00 NOTICE Email "new_order" for order #78975 not sent: email type is disabled CONTEXT: {"email_type":"new_order","status":"disabled","recipient":"Admin_Madrasmilk","order":78975}
2026-08-09T06:39:41+00:00 NOTICE Email "customer_completed_order" for order #78976 not sent: email type is disabled CONTEXT: {"email_type":"customer_completed_order","status":"disabled","recipient":"kvghome1","order":78976}
2026-08-09T06:39:41+00:00 NOTICE Email "new_order" for order #78976 not sent: email type is disabled CONTEXT: {"email_type":"new_order","status":"disabled","recipient":"Admin_Madrasmilk","order":78976}
2026-08-09T06:39:41+00:00 NOTICE Email "customer_completed_order" for order #78977 not sent: email type is disabled CONTEXT: {"email_type":"customer_completed_order","status":"disabled","recipient":"rajalakshmi.nr","order":78977}
2026-08-09T06:39:41+00:00 NOTICE Email "new_order" for order #78977 not sent: email type is disabled CONTEXT: {"email_type":"new_order","status":"disabled","recipient":"Admin_Madrasmilk","order":78977}
2026-08-09T06:39:42+00:00 NOTICE Email "customer_completed_order" for order #78978 not sent: email type is disabled CONTEXT: {"email_type":"customer_completed_order","status":"disabled","recipient":"uppili45","order":78978}
2026-08-09T06:39:42+00:00 NOTICE Email "new_order" for order #78978 not sent: email type is disabled CONTEXT: {"email_type":"new_order","status":"disabled","recipient":"Admin_Madrasmilk","order":78978}
2026-08-09T06:39:42+00:00 NOTICE Email "customer_completed_order" for order #78979 not sent: email type is disabled CONTEXT: {"email_type":"customer_completed_order","status":"disabled","recipient":"shanthichandrasekar","order":78979}
2026-08-09T06:39:42+00:00 NOTICE Email "new_order" for order #78979 not sent: email type is disabled CONTEXT: {"email_type":"new_order","status":"disabled","recipient":"Admin_Madrasmilk","order":78979}
2026-08-09T06:39:42+00:00 NOTICE Email "customer_completed_order" for order #78980 not sent: email type is disabled CONTEXT: {"email_type":"customer_completed_order","status":"disabled","recipient":"raji.mulpuri","order":78980}
2026-08-09T06:39:42+00:00 NOTICE Email "new_order" for order #78980 not sent: email type is disabled CONTEXT: {"email_type":"new_order","status":"disabled","recipient":"Admin_Madrasmilk","order":78980}
2026-08-09T06:39:43+00:00 NOTICE Email "customer_completed_order" for order #78981 not sent: email type is disabled CONTEXT: {"email_type":"customer_completed_order","status":"disabled","recipient":"raji.mulpuri","order":78981}
2026-08-09T06:39:43+00:00 NOTICE Email "new_order" for order #78981 not sent: email type is disabled CONTEXT: {"email_type":"new_order","status":"disabled","recipient":"Admin_Madrasmilk","order":78981}
2026-08-09T06:39:43+00:00 NOTICE Email "customer_completed_order" for order #78982 not sent: email type is disabled CONTEXT: {"email_type":"customer_completed_order","status":"disabled","recipient":"j.murugavel","order":78982}
2026-08-09T06:39:43+00:00 NOTICE Email "new_order" for order #78982 not sent: email type is disabled CONTEXT: {"email_type":"new_order","status":"disabled","recipient":"Admin_Madrasmilk","order":78982}
2026-08-09T06:39:43+00:00 NOTICE Email "customer_completed_order" for order #78983 not sent: email type is disabled CONTEXT: {"email_type":"customer_completed_order","status":"disabled","recipient":"pree25","order":78983}
2026-08-09T06:39:43+00:00 NOTICE Email "new_order" for order #78983 not sent: email type is disabled CONTEXT: {"email_type":"new_order","status":"disabled","recipient":"Admin_Madrasmilk","order":78983}
2026-08-09T06:39:44+00:00 NOTICE Email "customer_completed_order" for order #78984 not sent: email type is disabled CONTEXT: {"email_type":"customer_completed_order","status":"disabled","recipient":"victoryprathiba2006","order":78984}
2026-08-09T06:39:44+00:00 NOTICE Email "new_order" for order #78984 not sent: email type is disabled CONTEXT: {"email_type":"new_order","status":"disabled","recipient":"Admin_Madrasmilk","order":78984}
2026-08-09T06:39:44+00:00 NOTICE Email "customer_completed_order" for order #78985 not sent: email type is disabled CONTEXT: {"email_type":"customer_completed_order","status":"disabled","recipient":"gau2am","order":78985}
2026-08-09T06:39:44+00:00 NOTICE Email "new_order" for order #78985 not sent: email type is disabled CONTEXT: {"email_type":"new_order","status":"disabled","recipient":"Admin_Madrasmilk","order":78985}
2026-08-09T06:39:44+00:00 NOTICE Email "customer_completed_order" for order #78986 not sent: email type is disabled CONTEXT: {"email_type":"customer_completed_order","status":"disabled","recipient":"vidhyashrre","order":78986}
2026-08-09T06:39:44+00:00 NOTICE Email "new_order" for order #78986 not sent: email type is disabled CONTEXT: {"email_type":"new_order","status":"disabled","recipient":"Admin_Madrasmilk","order":78986}
2026-08-09T06:39:45+00:00 NOTICE Email "customer_completed_order" for order #78987 not sent: email type is disabled CONTEXT: {"email_type":"customer_completed_order","status":"disabled","recipient":"hariharan.t","order":78987}
2026-08-09T06:39:45+00:00 NOTICE Email "new_order" for order #78987 not sent: email type is disabled CONTEXT: {"email_type":"new_order","status":"disabled","recipient":"Admin_Madrasmilk","order":78987}
2026-08-09T06:39:45+00:00 NOTICE Email "customer_completed_order" for order #78988 not sent: email type is disabled CONTEXT: {"email_type":"customer_completed_order","status":"disabled","recipient":"amuthukumaran","order":78988}
2026-08-09T06:39:45+00:00 NOTICE Email "new_order" for order #78988 not sent: email type is disabled CONTEXT: {"email_type":"new_order","status":"disabled","recipient":"Admin_Madrasmilk","order":78988}
2026-08-09T06:39:45+00:00 NOTICE Email "customer_completed_order" for order #78989 not sent: email type is disabled CONTEXT: {"email_type":"customer_completed_order","status":"disabled","recipient":"pork_gee","order":78989}
2026-08-09T06:39:45+00:00 NOTICE Email "new_order" for order #78989 not sent: email type is disabled CONTEXT: {"email_type":"new_order","status":"disabled","recipient":"Admin_Madrasmilk","order":78989}
2026-08-09T06:39:46+00:00 NOTICE Email "customer_completed_order" for order #78990 not sent: email type is disabled CONTEXT: {"email_type":"customer_completed_order","status":"disabled","recipient":"sangeetha.deiveegarajan","order":78990}
2026-08-09T06:39:46+00:00 NOTICE Email "new_order" for order #78990 not sent: email type is disabled CONTEXT: {"email_type":"new_order","status":"disabled","recipient":"Admin_Madrasmilk","order":78990}
2026-08-09T06:39:46+00:00 NOTICE Email "customer_completed_order" for order #78991 not sent: email type is disabled CONTEXT: {"email_type":"customer_completed_order","status":"disabled","recipient":"renukaseshadhri","order":78991}
2026-08-09T06:39:46+00:00 NOTICE Email "new_order" for order #78991 not sent: email type is disabled CONTEXT: {"email_type":"new_order","status":"disabled","recipient":"Admin_Madrasmilk","order":78991}
2026-08-09T06:39:47+00:00 NOTICE Email "customer_completed_order" for order #78992 not sent: email type is disabled CONTEXT: {"email_type":"customer_completed_order","status":"disabled","recipient":"sandhya5565","order":78992}
2026-08-09T06:39:47+00:00 NOTICE Email "new_order" for order #78992 not sent: email type is disabled CONTEXT: {"email_type":"new_order","status":"disabled","recipient":"Admin_Madrasmilk","order":78992}
2026-08-09T06:39:47+00:00 NOTICE Email "customer_completed_order" for order #78993 not sent: email type is disabled CONTEXT: {"email_type":"customer_completed_order","status":"disabled","recipient":"jsridhar00","order":78993}
2026-08-09T06:39:47+00:00 NOTICE Email "new_order" for order #78993 not sent: email type is disabled CONTEXT: {"email_type":"new_order","status":"disabled","recipient":"Admin_Madrasmilk","order":78993}
2026-08-09T06:39:47+00:00 NOTICE Email "customer_completed_order" for order #78994 not sent: email type is disabled CONTEXT: {"email_type":"customer_completed_order","status":"disabled","recipient":"mali","order":78994}
2026-08-09T06:39:47+00:00 NOTICE Email "new_order" for order #78994 not sent: email type is disabled CONTEXT: {"email_type":"new_order","status":"disabled","recipient":"Admin_Madrasmilk","order":78994}
2026-08-09T06:39:48+00:00 NOTICE Email "customer_completed_order" for order #78995 not sent: email type is disabled CONTEXT: {"email_type":"customer_completed_order","status":"disabled","recipient":"priyag2730","order":78995}
2026-08-09T06:39:48+00:00 NOTICE Email "new_order" for order #78995 not sent: email type is disabled CONTEXT: {"email_type":"new_order","status":"disabled","recipient":"Admin_Madrasmilk","order":78995}
2026-08-09T06:39:53+00:00 NOTICE Email "customer_completed_order" for order #78996 not sent: email type is disabled CONTEXT: {"email_type":"customer_completed_order","status":"disabled","recipient":"giddisathish","order":78996}
2026-08-09T06:39:53+00:00 NOTICE Email "new_order" for order #78996 not sent: email type is disabled CONTEXT: {"email_type":"new_order","status":"disabled","recipient":"Admin_Madrasmilk","order":78996}
2026-08-09T06:39:53+00:00 NOTICE Email "customer_completed_order" for order #78997 not sent: email type is disabled CONTEXT: {"email_type":"customer_completed_order","status":"disabled","recipient":"marianigli","order":78997}
2026-08-09T06:39:53+00:00 NOTICE Email "new_order" for order #78997 not sent: email type is disabled CONTEXT: {"email_type":"new_order","status":"disabled","recipient":"Admin_Madrasmilk","order":78997}
2026-08-09T06:39:53+00:00 NOTICE Email "customer_completed_order" for order #78998 not sent: email type is disabled CONTEXT: {"email_type":"customer_completed_order","status":"disabled","recipient":"sansik26","order":78998}
2026-08-09T06:39:53+00:00 NOTICE Email "new_order" for order #78998 not sent: email type is disabled CONTEXT: {"email_type":"new_order","status":"disabled","recipient":"Admin_Madrasmilk","order":78998}
2026-08-09T06:39:54+00:00 NOTICE Email "customer_completed_order" for order #78999 not sent: email type is disabled CONTEXT: {"email_type":"customer_completed_order","status":"disabled","recipient":"sureshkumarl_ece","order":78999}
2026-08-09T06:39:54+00:00 NOTICE Email "new_order" for order #78999 not sent: email type is disabled CONTEXT: {"email_type":"new_order","status":"disabled","recipient":"Admin_Madrasmilk","order":78999}
2026-08-09T06:39:54+00:00 NOTICE Email "customer_completed_order" for order #79000 not sent: email type is disabled CONTEXT: {"email_type":"customer_completed_order","status":"disabled","recipient":"hemirami","order":79000}
2026-08-09T06:39:54+00:00 NOTICE Email "new_order" for order #79000 not sent: email type is disabled CONTEXT: {"email_type":"new_order","status":"disabled","recipient":"Admin_Madrasmilk","order":79000}
2026-08-09T06:39:54+00:00 NOTICE Email "customer_completed_order" for order #79001 not sent: email type is disabled CONTEXT: {"email_type":"customer_completed_order","status":"disabled","recipient":"jaanvi68","order":79001}
2026-08-09T06:39:54+00:00 NOTICE Email "new_order" for order #79001 not sent: email type is disabled CONTEXT: {"email_type":"new_order","status":"disabled","recipient":"Admin_Madrasmilk","order":79001}
2026-08-09T06:39:55+00:00 NOTICE Email "customer_completed_order" for order #79002 not sent: email type is disabled CONTEXT: {"email_type":"customer_completed_order","status":"disabled","recipient":"subramoniank","order":79002}
2026-08-09T06:39:55+00:00 NOTICE Email "new_order" for order #79002 not sent: email type is disabled CONTEXT: {"email_type":"new_order","status":"disabled","recipient":"Admin_Madrasmilk","order":79002}
2026-08-09T06:39:55+00:00 NOTICE Email "customer_completed_order" for order #79003 not sent: email type is disabled CONTEXT: {"email_type":"customer_completed_order","status":"disabled","recipient":"kevinsundha","order":79003}
2026-08-09T06:39:55+00:00 NOTICE Email "new_order" for order #79003 not sent: email type is disabled CONTEXT: {"email_type":"new_order","status":"disabled","recipient":"Admin_Madrasmilk","order":79003}
2026-08-09T06:39:56+00:00 NOTICE Email "customer_completed_order" for order #79004 not sent: email type is disabled CONTEXT: {"email_type":"customer_completed_order","status":"disabled","recipient":"pooranyk","order":79004}
2026-08-09T06:39:56+00:00 NOTICE Email "new_order" for order #79004 not sent: email type is disabled CONTEXT: {"email_type":"new_order","status":"disabled","recipient":"Admin_Madrasmilk","order":79004}
2026-08-09T06:39:56+00:00 NOTICE Email "customer_completed_order" for order #79005 not sent: email type is disabled CONTEXT: {"email_type":"customer_completed_order","status":"disabled","recipient":"pooranyk","order":79005}
2026-08-09T06:39:56+00:00 NOTICE Email "new_order" for order #79005 not sent: email type is disabled CONTEXT: {"email_type":"new_order","status":"disabled","recipient":"Admin_Madrasmilk","order":79005}
2026-08-09T06:39:56+00:00 NOTICE Email "customer_completed_order" for order #79006 not sent: email type is disabled CONTEXT: {"email_type":"customer_completed_order","status":"disabled","recipient":"parithi_kasi","order":79006}
2026-08-09T06:39:56+00:00 NOTICE Email "new_order" for order #79006 not sent: email type is disabled CONTEXT: {"email_type":"new_order","status":"disabled","recipient":"Admin_Madrasmilk","order":79006}
2026-08-09T06:39:57+00:00 NOTICE Email "customer_completed_order" for order #79007 not sent: email type is disabled CONTEXT: {"email_type":"customer_completed_order","status":"disabled","recipient":"anjana.damu","order":79007}
2026-08-09T06:39:57+00:00 NOTICE Email "new_order" for order #79007 not sent: email type is disabled CONTEXT: {"email_type":"new_order","status":"disabled","recipient":"Admin_Madrasmilk","order":79007}
2026-08-09T06:39:57+00:00 NOTICE Email "customer_completed_order" for order #79008 not sent: email type is disabled CONTEXT: {"email_type":"customer_completed_order","status":"disabled","recipient":"senthil.kumar.ma","order":79008}
2026-08-09T06:39:57+00:00 NOTICE Email "new_order" for order #79008 not sent: email type is disabled CONTEXT: {"email_type":"new_order","status":"disabled","recipient":"Admin_Madrasmilk","order":79008}
2026-08-09T06:39:57+00:00 NOTICE Email "customer_completed_order" for order #79009 not sent: email type is disabled CONTEXT: {"email_type":"customer_completed_order","status":"disabled","recipient":"geethu.er","order":79009}
2026-08-09T06:39:57+00:00 NOTICE Email "new_order" for order #79009 not sent: email type is disabled CONTEXT: {"email_type":"new_order","status":"disabled","recipient":"Admin_Madrasmilk","order":79009}
2026-08-09T06:39:58+00:00 NOTICE Email "customer_completed_order" for order #79010 not sent: email type is disabled CONTEXT: {"email_type":"customer_completed_order","status":"disabled","recipient":"mathangi.gaj","order":79010}
2026-08-09T06:39:58+00:00 NOTICE Email "new_order" for order #79010 not sent: email type is disabled CONTEXT: {"email_type":"new_order","status":"disabled","recipient":"Admin_Madrasmilk","order":79010}
2026-08-09T06:39:58+00:00 NOTICE Email "customer_completed_order" for order #79011 not sent: email type is disabled CONTEXT: {"email_type":"customer_completed_order","status":"disabled","recipient":"arunt2511","order":79011}
2026-08-09T06:39:58+00:00 NOTICE Email "new_order" for order #79011 not sent: email type is disabled CONTEXT: {"email_type":"new_order","status":"disabled","recipient":"Admin_Madrasmilk","order":79011}
2026-08-09T06:39:59+00:00 NOTICE Email "customer_completed_order" for order #79012 not sent: email type is disabled CONTEXT: {"email_type":"customer_completed_order","status":"disabled","recipient":"spkarri","order":79012}
2026-08-09T06:39:59+00:00 NOTICE Email "new_order" for order #79012 not sent: email type is disabled CONTEXT: {"email_type":"new_order","status":"disabled","recipient":"Admin_Madrasmilk","order":79012}
2026-08-09T06:39:59+00:00 NOTICE Email "customer_completed_order" for order #79013 not sent: email type is disabled CONTEXT: {"email_type":"customer_completed_order","status":"disabled","recipient":"siva","order":79013}
2026-08-09T06:39:59+00:00 NOTICE Email "new_order" for order #79013 not sent: email type is disabled CONTEXT: {"email_type":"new_order","status":"disabled","recipient":"Admin_Madrasmilk","order":79013}
2026-08-09T06:39:59+00:00 NOTICE Email "customer_completed_order" for order #79014 not sent: email type is disabled CONTEXT: {"email_type":"customer_completed_order","status":"disabled","recipient":"bhuulax","order":79014}
2026-08-09T06:39:59+00:00 NOTICE Email "new_order" for order #79014 not sent: email type is disabled CONTEXT: {"email_type":"new_order","status":"disabled","recipient":"Admin_Madrasmilk","order":79014}
2026-08-09T06:40:00+00:00 NOTICE Email "customer_completed_order" for order #79015 not sent: email type is disabled CONTEXT: {"email_type":"customer_completed_order","status":"disabled","recipient":"kannan_s11","order":79015}
2026-08-09T06:40:00+00:00 NOTICE Email "new_order" for order #79015 not sent: email type is disabled CONTEXT: {"email_type":"new_order","status":"disabled","recipient":"Admin_Madrasmilk","order":79015}
2026-08-09T06:40:00+00:00 NOTICE Email "customer_completed_order" for order #79016 not sent: email type is disabled CONTEXT: {"email_type":"customer_completed_order","status":"disabled","recipient":"ramadamu","order":79016}
2026-08-09T06:40:00+00:00 NOTICE Email "new_order" for order #79016 not sent: email type is disabled CONTEXT: {"email_type":"new_order","status":"disabled","recipient":"Admin_Madrasmilk","order":79016}
2026-08-09T06:40:00+00:00 NOTICE Email "customer_completed_order" for order #79017 not sent: email type is disabled CONTEXT: {"email_type":"customer_completed_order","status":"disabled","recipient":"vinujoshua","order":79017}
2026-08-09T06:40:00+00:00 NOTICE Email "new_order" for order #79017 not sent: email type is disabled CONTEXT: {"email_type":"new_order","status":"disabled","recipient":"Admin_Madrasmilk","order":79017}
2026-08-09T06:40:01+00:00 NOTICE Email "customer_completed_order" for order #79018 not sent: email type is disabled CONTEXT: {"email_type":"customer_completed_order","status":"disabled","recipient":"amalirayan","order":79018}
2026-08-09T06:40:01+00:00 NOTICE Email "new_order" for order #79018 not sent: email type is disabled CONTEXT: {"email_type":"new_order","status":"disabled","recipient":"Admin_Madrasmilk","order":79018}
2026-08-09T06:40:01+00:00 NOTICE Email "customer_completed_order" for order #79019 not sent: email type is disabled CONTEXT: {"email_type":"customer_completed_order","status":"disabled","recipient":"mailmenagu","order":79019}
2026-08-09T06:40:01+00:00 NOTICE Email "new_order" for order #79019 not sent: email type is disabled CONTEXT: {"email_type":"new_order","status":"disabled","recipient":"Admin_Madrasmilk","order":79019}
2026-08-09T06:40:02+00:00 NOTICE Email "customer_completed_order" for order #79020 not sent: email type is disabled CONTEXT: {"email_type":"customer_completed_order","status":"disabled","recipient":"arathianan","order":79020}
2026-08-09T06:40:02+00:00 NOTICE Email "new_order" for order #79020 not sent: email type is disabled CONTEXT: {"email_type":"new_order","status":"disabled","recipient":"Admin_Madrasmilk","order":79020}
2026-08-09T06:40:02+00:00 NOTICE Email "customer_completed_order" for order #79021 not sent: email type is disabled CONTEXT: {"email_type":"customer_completed_order","status":"disabled","recipient":"devitholkappiar","order":79021}
2026-08-09T06:40:02+00:00 NOTICE Email "new_order" for order #79021 not sent: email type is disabled CONTEXT: {"email_type":"new_order","status":"disabled","recipient":"Admin_Madrasmilk","order":79021}
2026-08-09T06:40:02+00:00 NOTICE Email "customer_completed_order" for order #79022 not sent: email type is disabled CONTEXT: {"email_type":"customer_completed_order","status":"disabled","recipient":"bhatt1999","order":79022}
2026-08-09T06:40:02+00:00 NOTICE Email "new_order" for order #79022 not sent: email type is disabled CONTEXT: {"email_type":"new_order","status":"disabled","recipient":"Admin_Madrasmilk","order":79022}
2026-08-09T06:40:03+00:00 NOTICE Email "customer_completed_order" for order #79023 not sent: email type is disabled CONTEXT: {"email_type":"customer_completed_order","status":"disabled","recipient":"bhatt1999","order":79023}
2026-08-09T06:40:03+00:00 NOTICE Email "new_order" for order #79023 not sent: email type is disabled CONTEXT: {"email_type":"new_order","status":"disabled","recipient":"Admin_Madrasmilk","order":79023}
2026-08-09T06:40:03+00:00 NOTICE Email "customer_completed_order" for order #79024 not sent: email type is disabled CONTEXT: {"email_type":"customer_completed_order","status":"disabled","recipient":"revathivel","order":79024}
2026-08-09T06:40:03+00:00 NOTICE Email "new_order" for order #79024 not sent: email type is disabled CONTEXT: {"email_type":"new_order","status":"disabled","recipient":"Admin_Madrasmilk","order":79024}
2026-08-09T06:40:04+00:00 NOTICE Email "customer_completed_order" for order #79025 not sent: email type is disabled CONTEXT: {"email_type":"customer_completed_order","status":"disabled","recipient":"sudhagar21","order":79025}
2026-08-09T06:40:04+00:00 NOTICE Email "new_order" for order #79025 not sent: email type is disabled CONTEXT: {"email_type":"new_order","status":"disabled","recipient":"Admin_Madrasmilk","order":79025}
2026-08-09T06:40:04+00:00 NOTICE Email "customer_completed_order" for order #79026 not sent: email type is disabled CONTEXT: {"email_type":"customer_completed_order","status":"disabled","recipient":"muralidharan.go","order":79026}
2026-08-09T06:40:04+00:00 NOTICE Email "new_order" for order #79026 not sent: email type is disabled CONTEXT: {"email_type":"new_order","status":"disabled","recipient":"Admin_Madrasmilk","order":79026}
2026-08-09T06:40:05+00:00 NOTICE Email "customer_completed_order" for order #79027 not sent: email type is disabled CONTEXT: {"email_type":"customer_completed_order","status":"disabled","recipient":"raknas50","order":79027}
2026-08-09T06:40:05+00:00 NOTICE Email "new_order" for order #79027 not sent: email type is disabled CONTEXT: {"email_type":"new_order","status":"disabled","recipient":"Admin_Madrasmilk","order":79027}
2026-08-09T06:40:05+00:00 NOTICE Email "customer_completed_order" for order #79028 not sent: email type is disabled CONTEXT: {"email_type":"customer_completed_order","status":"disabled","recipient":"raknas50","order":79028}
2026-08-09T06:40:05+00:00 NOTICE Email "new_order" for order #79028 not sent: email type is disabled CONTEXT: {"email_type":"new_order","status":"disabled","recipient":"Admin_Madrasmilk","order":79028}
2026-08-09T06:40:06+00:00 NOTICE Email "customer_completed_order" for order #79029 not sent: email type is disabled CONTEXT: {"email_type":"customer_completed_order","status":"disabled","recipient":"sripradhas","order":79029}
2026-08-09T06:40:06+00:00 NOTICE Email "new_order" for order #79029 not sent: email type is disabled CONTEXT: {"email_type":"new_order","status":"disabled","recipient":"Admin_Madrasmilk","order":79029}
2026-08-09T06:40:06+00:00 NOTICE Email "customer_completed_order" for order #79030 not sent: email type is disabled CONTEXT: {"email_type":"customer_completed_order","status":"disabled","recipient":"sripradhas","order":79030}
2026-08-09T06:40:06+00:00 NOTICE Email "new_order" for order #79030 not sent: email type is disabled CONTEXT: {"email_type":"new_order","status":"disabled","recipient":"Admin_Madrasmilk","order":79030}
2026-08-09T06:40:07+00:00 NOTICE Email "customer_completed_order" for order #79031 not sent: email type is disabled CONTEXT: {"email_type":"customer_completed_order","status":"disabled","recipient":"veenajhaver","order":79031}
2026-08-09T06:40:07+00:00 NOTICE Email "new_order" for order #79031 not sent: email type is disabled CONTEXT: {"email_type":"new_order","status":"disabled","recipient":"Admin_Madrasmilk","order":79031}
2026-08-09T06:40:07+00:00 NOTICE Email "customer_completed_order" for order #79032 not sent: email type is disabled CONTEXT: {"email_type":"customer_completed_order","status":"disabled","recipient":"nav_dita","order":79032}
2026-08-09T06:40:07+00:00 NOTICE Email "new_order" for order #79032 not sent: email type is disabled CONTEXT: {"email_type":"new_order","status":"disabled","recipient":"Admin_Madrasmilk","order":79032}
2026-08-09T06:40:07+00:00 NOTICE Email "customer_completed_order" for order #79033 not sent: email type is disabled CONTEXT: {"email_type":"customer_completed_order","status":"disabled","recipient":"aarthisrin","order":79033}
2026-08-09T06:40:07+00:00 NOTICE Email "new_order" for order #79033 not sent: email type is disabled CONTEXT: {"email_type":"new_order","status":"disabled","recipient":"Admin_Madrasmilk","order":79033}
2026-08-09T06:40:08+00:00 NOTICE Email "customer_completed_order" for order #79034 not sent: email type is disabled CONTEXT: {"email_type":"customer_completed_order","status":"disabled","recipient":"aram2k4","order":79034}
2026-08-09T06:40:08+00:00 NOTICE Email "new_order" for order #79034 not sent: email type is disabled CONTEXT: {"email_type":"new_order","status":"disabled","recipient":"Admin_Madrasmilk","order":79034}
2026-08-09T06:40:08+00:00 NOTICE Email "customer_completed_order" for order #79035 not sent: email type is disabled CONTEXT: {"email_type":"customer_completed_order","status":"disabled","recipient":"ramanathanlr","order":79035}
2026-08-09T06:40:08+00:00 NOTICE Email "new_order" for order #79035 not sent: email type is disabled CONTEXT: {"email_type":"new_order","status":"disabled","recipient":"Admin_Madrasmilk","order":79035}
2026-08-09T06:40:14+00:00 NOTICE Email "customer_completed_order" for order #79036 not sent: email type is disabled CONTEXT: {"email_type":"customer_completed_order","status":"disabled","recipient":"shomprabu","order":79036}
2026-08-09T06:40:14+00:00 NOTICE Email "new_order" for order #79036 not sent: email type is disabled CONTEXT: {"email_type":"new_order","status":"disabled","recipient":"Admin_Madrasmilk","order":79036}
2026-08-09T06:40:14+00:00 NOTICE Email "customer_completed_order" for order #79037 not sent: email type is disabled CONTEXT: {"email_type":"customer_completed_order","status":"disabled","recipient":"shomprabu","order":79037}
2026-08-09T06:40:14+00:00 NOTICE Email "new_order" for order #79037 not sent: email type is disabled CONTEXT: {"email_type":"new_order","status":"disabled","recipient":"Admin_Madrasmilk","order":79037}
2026-08-09T06:40:14+00:00 NOTICE Email "customer_completed_order" for order #79038 not sent: email type is disabled CONTEXT: {"email_type":"customer_completed_order","status":"disabled","recipient":"arjunp3000","order":79038}
2026-08-09T06:40:14+00:00 NOTICE Email "new_order" for order #79038 not sent: email type is disabled CONTEXT: {"email_type":"new_order","status":"disabled","recipient":"Admin_Madrasmilk","order":79038}
2026-08-09T06:40:15+00:00 NOTICE Email "customer_completed_order" for order #79039 not sent: email type is disabled CONTEXT: {"email_type":"customer_completed_order","status":"disabled","recipient":"meena.radhakrishnan","order":79039}
2026-08-09T06:40:15+00:00 NOTICE Email "new_order" for order #79039 not sent: email type is disabled CONTEXT: {"email_type":"new_order","status":"disabled","recipient":"Admin_Madrasmilk","order":79039}
2026-08-09T06:40:15+00:00 NOTICE Email "customer_completed_order" for order #79040 not sent: email type is disabled CONTEXT: {"email_type":"customer_completed_order","status":"disabled","recipient":"vanithasridhar80","order":79040}
2026-08-09T06:40:15+00:00 NOTICE Email "new_order" for order #79040 not sent: email type is disabled CONTEXT: {"email_type":"new_order","status":"disabled","recipient":"Admin_Madrasmilk","order":79040}
2026-08-09T06:40:16+00:00 NOTICE Email "customer_completed_order" for order #79041 not sent: email type is disabled CONTEXT: {"email_type":"customer_completed_order","status":"disabled","recipient":"phoenix.cbe","order":79041}
2026-08-09T06:40:16+00:00 NOTICE Email "new_order" for order #79041 not sent: email type is disabled CONTEXT: {"email_type":"new_order","status":"disabled","recipient":"Admin_Madrasmilk","order":79041}
2026-08-09T06:40:16+00:00 NOTICE Email "customer_completed_order" for order #79042 not sent: email type is disabled CONTEXT: {"email_type":"customer_completed_order","status":"disabled","recipient":"cm.krishna","order":79042}
2026-08-09T06:40:16+00:00 NOTICE Email "new_order" for order #79042 not sent: email type is disabled CONTEXT: {"email_type":"new_order","status":"disabled","recipient":"Admin_Madrasmilk","order":79042}
2026-08-09T06:40:16+00:00 NOTICE Email "customer_completed_order" for order #79043 not sent: email type is disabled CONTEXT: {"email_type":"customer_completed_order","status":"disabled","recipient":"srividhyakk","order":79043}
2026-08-09T06:40:16+00:00 NOTICE Email "new_order" for order #79043 not sent: email type is disabled CONTEXT: {"email_type":"new_order","status":"disabled","recipient":"Admin_Madrasmilk","order":79043}
2026-08-09T06:40:17+00:00 NOTICE Email "customer_completed_order" for order #79044 not sent: email type is disabled CONTEXT: {"email_type":"customer_completed_order","status":"disabled","recipient":"jaiganesh61","order":79044}
2026-08-09T06:40:17+00:00 NOTICE Email "new_order" for order #79044 not sent: email type is disabled CONTEXT: {"email_type":"new_order","status":"disabled","recipient":"Admin_Madrasmilk","order":79044}
2026-08-09T06:40:17+00:00 NOTICE Email "customer_completed_order" for order #79045 not sent: email type is disabled CONTEXT: {"email_type":"customer_completed_order","status":"disabled","recipient":"vasan","order":79045}
2026-08-09T06:40:17+00:00 NOTICE Email "new_order" for order #79045 not sent: email type is disabled CONTEXT: {"email_type":"new_order","status":"disabled","recipient":"Admin_Madrasmilk","order":79045}
2026-08-09T06:40:17+00:00 NOTICE Email "customer_completed_order" for order #79046 not sent: email type is disabled CONTEXT: {"email_type":"customer_completed_order","status":"disabled","recipient":"rcharumathi","order":79046}
2026-08-09T06:40:17+00:00 NOTICE Email "new_order" for order #79046 not sent: email type is disabled CONTEXT: {"email_type":"new_order","status":"disabled","recipient":"Admin_Madrasmilk","order":79046}
2026-08-09T06:40:18+00:00 NOTICE Email "customer_completed_order" for order #79047 not sent: email type is disabled CONTEXT: {"email_type":"customer_completed_order","status":"disabled","recipient":"raga.12345","order":79047}
2026-08-09T06:40:18+00:00 NOTICE Email "new_order" for order #79047 not sent: email type is disabled CONTEXT: {"email_type":"new_order","status":"disabled","recipient":"Admin_Madrasmilk","order":79047}
2026-08-09T06:40:18+00:00 NOTICE Email "customer_completed_order" for order #79048 not sent: email type is disabled CONTEXT: {"email_type":"customer_completed_order","status":"disabled","recipient":"sukanv","order":79048}
2026-08-09T06:40:18+00:00 NOTICE Email "new_order" for order #79048 not sent: email type is disabled CONTEXT: {"email_type":"new_order","status":"disabled","recipient":"Admin_Madrasmilk","order":79048}
2026-08-09T06:40:19+00:00 NOTICE Email "customer_completed_order" for order #79049 not sent: email type is disabled CONTEXT: {"email_type":"customer_completed_order","status":"disabled","recipient":"sukanv","order":79049}
2026-08-09T06:40:19+00:00 NOTICE Email "new_order" for order #79049 not sent: email type is disabled CONTEXT: {"email_type":"new_order","status":"disabled","recipient":"Admin_Madrasmilk","order":79049}
2026-08-09T06:40:19+00:00 NOTICE Email "customer_completed_order" for order #79050 not sent: email type is disabled CONTEXT: {"email_type":"customer_completed_order","status":"disabled","recipient":"aradhanagopinath","order":79050}
2026-08-09T06:40:19+00:00 NOTICE Email "new_order" for order #79050 not sent: email type is disabled CONTEXT: {"email_type":"new_order","status":"disabled","recipient":"Admin_Madrasmilk","order":79050}
2026-08-09T06:40:19+00:00 NOTICE Email "customer_completed_order" for order #79051 not sent: email type is disabled CONTEXT: {"email_type":"customer_completed_order","status":"disabled","recipient":"kti377","order":79051}
2026-08-09T06:40:19+00:00 NOTICE Email "new_order" for order #79051 not sent: email type is disabled CONTEXT: {"email_type":"new_order","status":"disabled","recipient":"Admin_Madrasmilk","order":79051}
2026-08-09T06:40:20+00:00 NOTICE Email "customer_completed_order" for order #79052 not sent: email type is disabled CONTEXT: {"email_type":"customer_completed_order","status":"disabled","recipient":"karthik.vv","order":79052}
2026-08-09T06:40:20+00:00 NOTICE Email "new_order" for order #79052 not sent: email type is disabled CONTEXT: {"email_type":"new_order","status":"disabled","recipient":"Admin_Madrasmilk","order":79052}
2026-08-09T06:40:20+00:00 NOTICE Email "customer_completed_order" for order #79053 not sent: email type is disabled CONTEXT: {"email_type":"customer_completed_order","status":"disabled","recipient":"durgasivakumar","order":79053}
2026-08-09T06:40:20+00:00 NOTICE Email "new_order" for order #79053 not sent: email type is disabled CONTEXT: {"email_type":"new_order","status":"disabled","recipient":"Admin_Madrasmilk","order":79053}
2026-08-09T06:40:21+00:00 NOTICE Email "customer_completed_order" for order #79054 not sent: email type is disabled CONTEXT: {"email_type":"customer_completed_order","status":"disabled","recipient":"durgasivakumar","order":79054}
2026-08-09T06:40:21+00:00 NOTICE Email "new_order" for order #79054 not sent: email type is disabled CONTEXT: {"email_type":"new_order","status":"disabled","recipient":"Admin_Madrasmilk","order":79054}
2026-08-09T06:40:21+00:00 NOTICE Email "customer_completed_order" for order #79055 not sent: email type is disabled CONTEXT: {"email_type":"customer_completed_order","status":"disabled","recipient":"jaanu23ravi","order":79055}
2026-08-09T06:40:21+00:00 NOTICE Email "new_order" for order #79055 not sent: email type is disabled CONTEXT: {"email_type":"new_order","status":"disabled","recipient":"Admin_Madrasmilk","order":79055}
2026-08-09T06:40:21+00:00 NOTICE Email "customer_completed_order" for order #79056 not sent: email type is disabled CONTEXT: {"email_type":"customer_completed_order","status":"disabled","recipient":"nals1428","order":79056}
2026-08-09T06:40:21+00:00 NOTICE Email "new_order" for order #79056 not sent: email type is disabled CONTEXT: {"email_type":"new_order","status":"disabled","recipient":"Admin_Madrasmilk","order":79056}
2026-08-09T06:40:22+00:00 NOTICE Email "customer_completed_order" for order #79057 not sent: email type is disabled CONTEXT: {"email_type":"customer_completed_order","status":"disabled","recipient":"krishna.obul","order":79057}
2026-08-09T06:40:22+00:00 NOTICE Email "new_order" for order #79057 not sent: email type is disabled CONTEXT: {"email_type":"new_order","status":"disabled","recipient":"Admin_Madrasmilk","order":79057}
2026-08-09T06:40:22+00:00 NOTICE Email "customer_completed_order" for order #79058 not sent: email type is disabled CONTEXT: {"email_type":"customer_completed_order","status":"disabled","recipient":"g.poorni24","order":79058}
2026-08-09T06:40:22+00:00 NOTICE Email "new_order" for order #79058 not sent: email type is disabled CONTEXT: {"email_type":"new_order","status":"disabled","recipient":"Admin_Madrasmilk","order":79058}
2026-08-09T06:40:22+00:00 NOTICE Email "customer_completed_order" for order #79059 not sent: email type is disabled CONTEXT: {"email_type":"customer_completed_order","status":"disabled","recipient":"g.poorni24","order":79059}
2026-08-09T06:40:22+00:00 NOTICE Email "new_order" for order #79059 not sent: email type is disabled CONTEXT: {"email_type":"new_order","status":"disabled","recipient":"Admin_Madrasmilk","order":79059}
2026-08-09T06:40:23+00:00 NOTICE Email "customer_completed_order" for order #79060 not sent: email type is disabled CONTEXT: {"email_type":"customer_completed_order","status":"disabled","recipient":"laksminarasiman","order":79060}
2026-08-09T06:40:23+00:00 NOTICE Email "new_order" for order #79060 not sent: email type is disabled CONTEXT: {"email_type":"new_order","status":"disabled","recipient":"Admin_Madrasmilk","order":79060}
2026-08-09T06:40:23+00:00 NOTICE Email "customer_completed_order" for order #79061 not sent: email type is disabled CONTEXT: {"email_type":"customer_completed_order","status":"disabled","recipient":"dhivya619","order":79061}
2026-08-09T06:40:23+00:00 NOTICE Email "new_order" for order #79061 not sent: email type is disabled CONTEXT: {"email_type":"new_order","status":"disabled","recipient":"Admin_Madrasmilk","order":79061}
2026-08-09T06:40:23+00:00 NOTICE Email "customer_completed_order" for order #79062 not sent: email type is disabled CONTEXT: {"email_type":"customer_completed_order","status":"disabled","recipient":"indu_pandurangan","order":79062}
2026-08-09T06:40:23+00:00 NOTICE Email "new_order" for order #79062 not sent: email type is disabled CONTEXT: {"email_type":"new_order","status":"disabled","recipient":"Admin_Madrasmilk","order":79062}
2026-08-09T06:40:24+00:00 NOTICE Email "customer_completed_order" for order #79063 not sent: email type is disabled CONTEXT: {"email_type":"customer_completed_order","status":"disabled","recipient":"rohinirvarma","order":79063}
2026-08-09T06:40:24+00:00 NOTICE Email "new_order" for order #79063 not sent: email type is disabled CONTEXT: {"email_type":"new_order","status":"disabled","recipient":"Admin_Madrasmilk","order":79063}
2026-08-09T06:40:24+00:00 NOTICE Email "customer_completed_order" for order #79064 not sent: email type is disabled CONTEXT: {"email_type":"customer_completed_order","status":"disabled","recipient":"vaikarthi","order":79064}
2026-08-09T06:40:24+00:00 NOTICE Email "new_order" for order #79064 not sent: email type is disabled CONTEXT: {"email_type":"new_order","status":"disabled","recipient":"Admin_Madrasmilk","order":79064}
2026-08-09T06:40:25+00:00 NOTICE Email "customer_completed_order" for order #79065 not sent: email type is disabled CONTEXT: {"email_type":"customer_completed_order","status":"disabled","recipient":"mugdhasethi","order":79065}
2026-08-09T06:40:25+00:00 NOTICE Email "new_order" for order #79065 not sent: email type is disabled CONTEXT: {"email_type":"new_order","status":"disabled","recipient":"Admin_Madrasmilk","order":79065}
2026-08-09T06:40:25+00:00 NOTICE Email "customer_completed_order" for order #79066 not sent: email type is disabled CONTEXT: {"email_type":"customer_completed_order","status":"disabled","recipient":"stratos71","order":79066}
2026-08-09T06:40:25+00:00 NOTICE Email "new_order" for order #79066 not sent: email type is disabled CONTEXT: {"email_type":"new_order","status":"disabled","recipient":"Admin_Madrasmilk","order":79066}
2026-08-09T06:40:26+00:00 NOTICE Email "customer_completed_order" for order #79067 not sent: email type is disabled CONTEXT: {"email_type":"customer_completed_order","status":"disabled","recipient":"kannusamy","order":79067}
2026-08-09T06:40:26+00:00 NOTICE Email "new_order" for order #79067 not sent: email type is disabled CONTEXT: {"email_type":"new_order","status":"disabled","recipient":"Admin_Madrasmilk","order":79067}
2026-08-09T06:40:26+00:00 NOTICE Email "customer_completed_order" for order #79068 not sent: email type is disabled CONTEXT: {"email_type":"customer_completed_order","status":"disabled","recipient":"drnarenkarthik","order":79068}
2026-08-09T06:40:26+00:00 NOTICE Email "new_order" for order #79068 not sent: email type is disabled CONTEXT: {"email_type":"new_order","status":"disabled","recipient":"Admin_Madrasmilk","order":79068}
2026-08-09T06:40:26+00:00 NOTICE Email "customer_completed_order" for order #79069 not sent: email type is disabled CONTEXT: {"email_type":"customer_completed_order","status":"disabled","recipient":"janani.tj","order":79069}
2026-08-09T06:40:26+00:00 NOTICE Email "new_order" for order #79069 not sent: email type is disabled CONTEXT: {"email_type":"new_order","status":"disabled","recipient":"Admin_Madrasmilk","order":79069}
2026-08-09T06:40:27+00:00 NOTICE Email "customer_completed_order" for order #79070 not sent: email type is disabled CONTEXT: {"email_type":"customer_completed_order","status":"disabled","recipient":"kantsrik","order":79070}
2026-08-09T06:40:27+00:00 NOTICE Email "new_order" for order #79070 not sent: email type is disabled CONTEXT: {"email_type":"new_order","status":"disabled","recipient":"Admin_Madrasmilk","order":79070}
2026-08-09T06:40:27+00:00 NOTICE Email "customer_completed_order" for order #79071 not sent: email type is disabled CONTEXT: {"email_type":"customer_completed_order","status":"disabled","recipient":"kantsrik","order":79071}
2026-08-09T06:40:27+00:00 NOTICE Email "new_order" for order #79071 not sent: email type is disabled CONTEXT: {"email_type":"new_order","status":"disabled","recipient":"Admin_Madrasmilk","order":79071}
2026-08-09T06:40:27+00:00 NOTICE Email "customer_completed_order" for order #79072 not sent: email type is disabled CONTEXT: {"email_type":"customer_completed_order","status":"disabled","recipient":"tanugaur","order":79072}
2026-08-09T06:40:27+00:00 NOTICE Email "new_order" for order #79072 not sent: email type is disabled CONTEXT: {"email_type":"new_order","status":"disabled","recipient":"Admin_Madrasmilk","order":79072}
2026-08-09T06:40:28+00:00 NOTICE Email "customer_completed_order" for order #79073 not sent: email type is disabled CONTEXT: {"email_type":"customer_completed_order","status":"disabled","recipient":"tanugaur","order":79073}
2026-08-09T06:40:28+00:00 NOTICE Email "new_order" for order #79073 not sent: email type is disabled CONTEXT: {"email_type":"new_order","status":"disabled","recipient":"Admin_Madrasmilk","order":79073}
2026-08-09T06:40:28+00:00 NOTICE Email "customer_completed_order" for order #79074 not sent: email type is disabled CONTEXT: {"email_type":"customer_completed_order","status":"disabled","recipient":"sndas108","order":79074}
2026-08-09T06:40:28+00:00 NOTICE Email "new_order" for order #79074 not sent: email type is disabled CONTEXT: {"email_type":"new_order","status":"disabled","recipient":"Admin_Madrasmilk","order":79074}
2026-08-09T06:40:28+00:00 NOTICE Email "customer_completed_order" for order #79075 not sent: email type is disabled CONTEXT: {"email_type":"customer_completed_order","status":"disabled","recipient":"sndas108","order":79075}
2026-08-09T06:40:28+00:00 NOTICE Email "new_order" for order #79075 not sent: email type is disabled CONTEXT: {"email_type":"new_order","status":"disabled","recipient":"Admin_Madrasmilk","order":79075}
2026-08-09T06:40:34+00:00 NOTICE Email "customer_completed_order" for order #79076 not sent: email type is disabled CONTEXT: {"email_type":"customer_completed_order","status":"disabled","recipient":"preethi.kashyap","order":79076}
2026-08-09T06:40:34+00:00 NOTICE Email "new_order" for order #79076 not sent: email type is disabled CONTEXT: {"email_type":"new_order","status":"disabled","recipient":"Admin_Madrasmilk","order":79076}
2026-08-09T06:40:34+00:00 NOTICE Email "customer_completed_order" for order #79077 not sent: email type is disabled CONTEXT: {"email_type":"customer_completed_order","status":"disabled","recipient":"sujata_raman","order":79077}
2026-08-09T06:40:34+00:00 NOTICE Email "new_order" for order #79077 not sent: email type is disabled CONTEXT: {"email_type":"new_order","status":"disabled","recipient":"Admin_Madrasmilk","order":79077}
2026-08-09T06:40:34+00:00 NOTICE Email "customer_completed_order" for order #79078 not sent: email type is disabled CONTEXT: {"email_type":"customer_completed_order","status":"disabled","recipient":"rtdhinakar","order":79078}
2026-08-09T06:40:34+00:00 NOTICE Email "new_order" for order #79078 not sent: email type is disabled CONTEXT: {"email_type":"new_order","status":"disabled","recipient":"Admin_Madrasmilk","order":79078}
2026-08-09T06:40:35+00:00 NOTICE Email "customer_completed_order" for order #79079 not sent: email type is disabled CONTEXT: {"email_type":"customer_completed_order","status":"disabled","recipient":"shivanilank1312","order":79079}
2026-08-09T06:40:35+00:00 NOTICE Email "new_order" for order #79079 not sent: email type is disabled CONTEXT: {"email_type":"new_order","status":"disabled","recipient":"Admin_Madrasmilk","order":79079}
2026-08-09T06:40:35+00:00 NOTICE Email "customer_completed_order" for order #79080 not sent: email type is disabled CONTEXT: {"email_type":"customer_completed_order","status":"disabled","recipient":"teja.cdtvs","order":79080}
2026-08-09T06:40:35+00:00 NOTICE Email "new_order" for order #79080 not sent: email type is disabled CONTEXT: {"email_type":"new_order","status":"disabled","recipient":"Admin_Madrasmilk","order":79080}
2026-08-09T06:40:35+00:00 NOTICE Email "customer_completed_order" for order #79081 not sent: email type is disabled CONTEXT: {"email_type":"customer_completed_order","status":"disabled","recipient":"gotosurya","order":79081}
2026-08-09T06:40:35+00:00 NOTICE Email "new_order" for order #79081 not sent: email type is disabled CONTEXT: {"email_type":"new_order","status":"disabled","recipient":"Admin_Madrasmilk","order":79081}
2026-08-09T06:40:36+00:00 NOTICE Email "customer_completed_order" for order #79082 not sent: email type is disabled CONTEXT: {"email_type":"customer_completed_order","status":"disabled","recipient":"gotosurya","order":79082}
2026-08-09T06:40:36+00:00 NOTICE Email "new_order" for order #79082 not sent: email type is disabled CONTEXT: {"email_type":"new_order","status":"disabled","recipient":"Admin_Madrasmilk","order":79082}
2026-08-09T06:40:36+00:00 NOTICE Email "customer_completed_order" for order #79083 not sent: email type is disabled CONTEXT: {"email_type":"customer_completed_order","status":"disabled","recipient":"saipadmarajen","order":79083}
2026-08-09T06:40:36+00:00 NOTICE Email "new_order" for order #79083 not sent: email type is disabled CONTEXT: {"email_type":"new_order","status":"disabled","recipient":"Admin_Madrasmilk","order":79083}
2026-08-09T06:40:36+00:00 NOTICE Email "customer_completed_order" for order #79084 not sent: email type is disabled CONTEXT: {"email_type":"customer_completed_order","status":"disabled","recipient":"ssmanister","order":79084}
2026-08-09T06:40:36+00:00 NOTICE Email "new_order" for order #79084 not sent: email type is disabled CONTEXT: {"email_type":"new_order","status":"disabled","recipient":"Admin_Madrasmilk","order":79084}
2026-08-09T06:40:37+00:00 NOTICE Email "customer_completed_order" for order #79085 not sent: email type is disabled CONTEXT: {"email_type":"customer_completed_order","status":"disabled","recipient":"kpraneeth","order":79085}
2026-08-09T06:40:37+00:00 NOTICE Email "new_order" for order #79085 not sent: email type is disabled CONTEXT: {"email_type":"new_order","status":"disabled","recipient":"Admin_Madrasmilk","order":79085}
2026-08-09T06:40:37+00:00 NOTICE Email "customer_completed_order" for order #79086 not sent: email type is disabled CONTEXT: {"email_type":"customer_completed_order","status":"disabled","recipient":"giri.ramamoorthy","order":79086}
2026-08-09T06:40:37+00:00 NOTICE Email "new_order" for order #79086 not sent: email type is disabled CONTEXT: {"email_type":"new_order","status":"disabled","recipient":"Admin_Madrasmilk","order":79086}
2026-08-09T06:40:37+00:00 NOTICE Email "customer_completed_order" for order #79087 not sent: email type is disabled CONTEXT: {"email_type":"customer_completed_order","status":"disabled","recipient":"sunil","order":79087}
2026-08-09T06:40:37+00:00 NOTICE Email "new_order" for order #79087 not sent: email type is disabled CONTEXT: {"email_type":"new_order","status":"disabled","recipient":"Admin_Madrasmilk","order":79087}
2026-08-09T06:40:38+00:00 NOTICE Email "customer_completed_order" for order #79088 not sent: email type is disabled CONTEXT: {"email_type":"customer_completed_order","status":"disabled","recipient":"raghuldeepak1991","order":79088}
2026-08-09T06:40:38+00:00 NOTICE Email "new_order" for order #79088 not sent: email type is disabled CONTEXT: {"email_type":"new_order","status":"disabled","recipient":"Admin_Madrasmilk","order":79088}
2026-08-09T06:40:38+00:00 NOTICE Email "customer_completed_order" for order #79089 not sent: email type is disabled CONTEXT: {"email_type":"customer_completed_order","status":"disabled","recipient":"maha.prakrti","order":79089}
2026-08-09T06:40:38+00:00 NOTICE Email "new_order" for order #79089 not sent: email type is disabled CONTEXT: {"email_type":"new_order","status":"disabled","recipient":"Admin_Madrasmilk","order":79089}
2026-08-09T06:40:38+00:00 NOTICE Email "customer_completed_order" for order #79090 not sent: email type is disabled CONTEXT: {"email_type":"customer_completed_order","status":"disabled","recipient":"maha.prakrti","order":79090}
2026-08-09T06:40:38+00:00 NOTICE Email "new_order" for order #79090 not sent: email type is disabled CONTEXT: {"email_type":"new_order","status":"disabled","recipient":"Admin_Madrasmilk","order":79090}
2026-08-09T06:40:39+00:00 NOTICE Email "customer_completed_order" for order #79091 not sent: email type is disabled CONTEXT: {"email_type":"customer_completed_order","status":"disabled","recipient":"mr.khadeerahmed","order":79091}
2026-08-09T06:40:39+00:00 NOTICE Email "new_order" for order #79091 not sent: email type is disabled CONTEXT: {"email_type":"new_order","status":"disabled","recipient":"Admin_Madrasmilk","order":79091}
2026-08-09T06:40:39+00:00 NOTICE Email "customer_completed_order" for order #79092 not sent: email type is disabled CONTEXT: {"email_type":"customer_completed_order","status":"disabled","recipient":"gayatrid17","order":79092}
2026-08-09T06:40:39+00:00 NOTICE Email "new_order" for order #79092 not sent: email type is disabled CONTEXT: {"email_type":"new_order","status":"disabled","recipient":"Admin_Madrasmilk","order":79092}
2026-08-09T06:40:40+00:00 NOTICE Email "customer_completed_order" for order #79093 not sent: email type is disabled CONTEXT: {"email_type":"customer_completed_order","status":"disabled","recipient":"harjith77","order":79093}
2026-08-09T06:40:40+00:00 NOTICE Email "new_order" for order #79093 not sent: email type is disabled CONTEXT: {"email_type":"new_order","status":"disabled","recipient":"Admin_Madrasmilk","order":79093}
2026-08-09T06:40:40+00:00 NOTICE Email "customer_completed_order" for order #79094 not sent: email type is disabled CONTEXT: {"email_type":"customer_completed_order","status":"disabled","recipient":"harin5000","order":79094}
2026-08-09T06:40:40+00:00 NOTICE Email "new_order" for order #79094 not sent: email type is disabled CONTEXT: {"email_type":"new_order","status":"disabled","recipient":"Admin_Madrasmilk","order":79094}
2026-08-09T06:40:40+00:00 NOTICE Email "customer_completed_order" for order #79095 not sent: email type is disabled CONTEXT: {"email_type":"customer_completed_order","status":"disabled","recipient":"anushajinadas","order":79095}
2026-08-09T06:40:40+00:00 NOTICE Email "new_order" for order #79095 not sent: email type is disabled CONTEXT: {"email_type":"new_order","status":"disabled","recipient":"Admin_Madrasmilk","order":79095}
2026-08-09T06:40:41+00:00 NOTICE Email "customer_completed_order" for order #79096 not sent: email type is disabled CONTEXT: {"email_type":"customer_completed_order","status":"disabled","recipient":"thiagarajan.krishnaraj","order":79096}
2026-08-09T06:40:41+00:00 NOTICE Email "new_order" for order #79096 not sent: email type is disabled CONTEXT: {"email_type":"new_order","status":"disabled","recipient":"Admin_Madrasmilk","order":79096}
2026-08-09T06:40:41+00:00 NOTICE Email "customer_completed_order" for order #79097 not sent: email type is disabled CONTEXT: {"email_type":"customer_completed_order","status":"disabled","recipient":"ganes.s","order":79097}
2026-08-09T06:40:41+00:00 NOTICE Email "new_order" for order #79097 not sent: email type is disabled CONTEXT: {"email_type":"new_order","status":"disabled","recipient":"Admin_Madrasmilk","order":79097}
2026-08-09T06:40:41+00:00 NOTICE Email "customer_completed_order" for order #79098 not sent: email type is disabled CONTEXT: {"email_type":"customer_completed_order","status":"disabled","recipient":"shankar.b1987","order":79098}
2026-08-09T06:40:41+00:00 NOTICE Email "new_order" for order #79098 not sent: email type is disabled CONTEXT: {"email_type":"new_order","status":"disabled","recipient":"Admin_Madrasmilk","order":79098}
2026-08-09T06:40:42+00:00 NOTICE Email "customer_completed_order" for order #79099 not sent: email type is disabled CONTEXT: {"email_type":"customer_completed_order","status":"disabled","recipient":"ravishankarns","order":79099}
2026-08-09T06:40:42+00:00 NOTICE Email "new_order" for order #79099 not sent: email type is disabled CONTEXT: {"email_type":"new_order","status":"disabled","recipient":"Admin_Madrasmilk","order":79099}
2026-08-09T06:40:42+00:00 NOTICE Email "customer_completed_order" for order #79100 not sent: email type is disabled CONTEXT: {"email_type":"customer_completed_order","status":"disabled","recipient":"santhipriya.mohan","order":79100}
2026-08-09T06:40:42+00:00 NOTICE Email "new_order" for order #79100 not sent: email type is disabled CONTEXT: {"email_type":"new_order","status":"disabled","recipient":"Admin_Madrasmilk","order":79100}
2026-08-09T06:40:42+00:00 NOTICE Email "customer_completed_order" for order #79101 not sent: email type is disabled CONTEXT: {"email_type":"customer_completed_order","status":"disabled","recipient":"aparna.saravananj","order":79101}
2026-08-09T06:40:42+00:00 NOTICE Email "new_order" for order #79101 not sent: email type is disabled CONTEXT: {"email_type":"new_order","status":"disabled","recipient":"Admin_Madrasmilk","order":79101}
2026-08-09T06:40:43+00:00 NOTICE Email "customer_completed_order" for order #79102 not sent: email type is disabled CONTEXT: {"email_type":"customer_completed_order","status":"disabled","recipient":"ganesan.adv","order":79102}
2026-08-09T06:40:43+00:00 NOTICE Email "new_order" for order #79102 not sent: email type is disabled CONTEXT: {"email_type":"new_order","status":"disabled","recipient":"Admin_Madrasmilk","order":79102}
2026-08-09T06:40:43+00:00 NOTICE Email "customer_completed_order" for order #79103 not sent: email type is disabled CONTEXT: {"email_type":"customer_completed_order","status":"disabled","recipient":"rshankar79","order":79103}
2026-08-09T06:40:43+00:00 NOTICE Email "new_order" for order #79103 not sent: email type is disabled CONTEXT: {"email_type":"new_order","status":"disabled","recipient":"Admin_Madrasmilk","order":79103}
2026-08-09T06:40:43+00:00 NOTICE Email "customer_completed_order" for order #79104 not sent: email type is disabled CONTEXT: {"email_type":"customer_completed_order","status":"disabled","recipient":"arulvel","order":79104}
2026-08-09T06:40:44+00:00 NOTICE Email "new_order" for order #79104 not sent: email type is disabled CONTEXT: {"email_type":"new_order","status":"disabled","recipient":"Admin_Madrasmilk","order":79104}
2026-08-09T06:40:44+00:00 NOTICE Email "customer_completed_order" for order #79105 not sent: email type is disabled CONTEXT: {"email_type":"customer_completed_order","status":"disabled","recipient":"alphonsejacintha","order":79105}
2026-08-09T06:40:44+00:00 NOTICE Email "new_order" for order #79105 not sent: email type is disabled CONTEXT: {"email_type":"new_order","status":"disabled","recipient":"Admin_Madrasmilk","order":79105}
2026-08-09T06:40:44+00:00 NOTICE Email "customer_completed_order" for order #79106 not sent: email type is disabled CONTEXT: {"email_type":"customer_completed_order","status":"disabled","recipient":"sviji24","order":79106}
2026-08-09T06:40:44+00:00 NOTICE Email "new_order" for order #79106 not sent: email type is disabled CONTEXT: {"email_type":"new_order","status":"disabled","recipient":"Admin_Madrasmilk","order":79106}
2026-08-09T06:40:45+00:00 NOTICE Email "customer_completed_order" for order #79107 not sent: email type is disabled CONTEXT: {"email_type":"customer_completed_order","status":"disabled","recipient":"srininsv","order":79107}
2026-08-09T06:40:45+00:00 NOTICE Email "new_order" for order #79107 not sent: email type is disabled CONTEXT: {"email_type":"new_order","status":"disabled","recipient":"Admin_Madrasmilk","order":79107}
2026-08-09T06:40:45+00:00 NOTICE Email "customer_completed_order" for order #79108 not sent: email type is disabled CONTEXT: {"email_type":"customer_completed_order","status":"disabled","recipient":"getvichu2000","order":79108}
2026-08-09T06:40:45+00:00 NOTICE Email "new_order" for order #79108 not sent: email type is disabled CONTEXT: {"email_type":"new_order","status":"disabled","recipient":"Admin_Madrasmilk","order":79108}
2026-08-09T06:40:46+00:00 NOTICE Email "customer_completed_order" for order #79109 not sent: email type is disabled CONTEXT: {"email_type":"customer_completed_order","status":"disabled","recipient":"mayam60","order":79109}
2026-08-09T06:40:46+00:00 NOTICE Email "new_order" for order #79109 not sent: email type is disabled CONTEXT: {"email_type":"new_order","status":"disabled","recipient":"Admin_Madrasmilk","order":79109}
2026-08-09T06:40:46+00:00 NOTICE Email "customer_completed_order" for order #79110 not sent: email type is disabled CONTEXT: {"email_type":"customer_completed_order","status":"disabled","recipient":"wejai4ever","order":79110}
2026-08-09T06:40:46+00:00 NOTICE Email "new_order" for order #79110 not sent: email type is disabled CONTEXT: {"email_type":"new_order","status":"disabled","recipient":"Admin_Madrasmilk","order":79110}
2026-08-09T06:40:46+00:00 NOTICE Email "customer_completed_order" for order #79111 not sent: email type is disabled CONTEXT: {"email_type":"customer_completed_order","status":"disabled","recipient":"lakshmipunna","order":79111}
2026-08-09T06:40:46+00:00 NOTICE Email "new_order" for order #79111 not sent: email type is disabled CONTEXT: {"email_type":"new_order","status":"disabled","recipient":"Admin_Madrasmilk","order":79111}
2026-08-09T06:40:47+00:00 NOTICE Email "customer_completed_order" for order #79112 not sent: email type is disabled CONTEXT: {"email_type":"customer_completed_order","status":"disabled","recipient":"ssreddy","order":79112}
2026-08-09T06:40:47+00:00 NOTICE Email "new_order" for order #79112 not sent: email type is disabled CONTEXT: {"email_type":"new_order","status":"disabled","recipient":"Admin_Madrasmilk","order":79112}
2026-08-09T06:40:47+00:00 NOTICE Email "customer_completed_order" for order #79113 not sent: email type is disabled CONTEXT: {"email_type":"customer_completed_order","status":"disabled","recipient":"nspriya14","order":79113}
2026-08-09T06:40:47+00:00 NOTICE Email "new_order" for order #79113 not sent: email type is disabled CONTEXT: {"email_type":"new_order","status":"disabled","recipient":"Admin_Madrasmilk","order":79113}
2026-08-09T06:40:48+00:00 NOTICE Email "customer_completed_order" for order #79114 not sent: email type is disabled CONTEXT: {"email_type":"customer_completed_order","status":"disabled","recipient":"rajani.seshadri","order":79114}
2026-08-09T06:40:48+00:00 NOTICE Email "new_order" for order #79114 not sent: email type is disabled CONTEXT: {"email_type":"new_order","status":"disabled","recipient":"Admin_Madrasmilk","order":79114}
2026-08-09T06:40:48+00:00 NOTICE Email "customer_completed_order" for order #79115 not sent: email type is disabled CONTEXT: {"email_type":"customer_completed_order","status":"disabled","recipient":"puaravind","order":79115}
2026-08-09T06:40:48+00:00 NOTICE Email "new_order" for order #79115 not sent: email type is disabled CONTEXT: {"email_type":"new_order","status":"disabled","recipient":"Admin_Madrasmilk","order":79115}
2026-08-09T06:40:54+00:00 NOTICE Email "customer_completed_order" for order #79116 not sent: email type is disabled CONTEXT: {"email_type":"customer_completed_order","status":"disabled","recipient":"kannan.m84","order":79116}
2026-08-09T06:40:54+00:00 NOTICE Email "new_order" for order #79116 not sent: email type is disabled CONTEXT: {"email_type":"new_order","status":"disabled","recipient":"Admin_Madrasmilk","order":79116}
2026-08-09T06:40:55+00:00 NOTICE Email "customer_completed_order" for order #79117 not sent: email type is disabled CONTEXT: {"email_type":"customer_completed_order","status":"disabled","recipient":"kannan.m84","order":79117}
2026-08-09T06:40:55+00:00 NOTICE Email "new_order" for order #79117 not sent: email type is disabled CONTEXT: {"email_type":"new_order","status":"disabled","recipient":"Admin_Madrasmilk","order":79117}
2026-08-09T06:40:55+00:00 NOTICE Email "customer_completed_order" for order #79118 not sent: email type is disabled CONTEXT: {"email_type":"customer_completed_order","status":"disabled","recipient":"sujathasathyanarayanan","order":79118}
2026-08-09T06:40:55+00:00 NOTICE Email "new_order" for order #79118 not sent: email type is disabled CONTEXT: {"email_type":"new_order","status":"disabled","recipient":"Admin_Madrasmilk","order":79118}
2026-08-09T06:40:56+00:00 NOTICE Email "customer_completed_order" for order #79119 not sent: email type is disabled CONTEXT: {"email_type":"customer_completed_order","status":"disabled","recipient":"krish2407","order":79119}
2026-08-09T06:40:56+00:00 NOTICE Email "new_order" for order #79119 not sent: email type is disabled CONTEXT: {"email_type":"new_order","status":"disabled","recipient":"Admin_Madrasmilk","order":79119}
2026-08-09T06:40:56+00:00 NOTICE Email "customer_completed_order" for order #79120 not sent: email type is disabled CONTEXT: {"email_type":"customer_completed_order","status":"disabled","recipient":"krish2407","order":79120}
2026-08-09T06:40:56+00:00 NOTICE Email "new_order" for order #79120 not sent: email type is disabled CONTEXT: {"email_type":"new_order","status":"disabled","recipient":"Admin_Madrasmilk","order":79120}
2026-08-09T06:40:56+00:00 NOTICE Email "customer_completed_order" for order #79121 not sent: email type is disabled CONTEXT: {"email_type":"customer_completed_order","status":"disabled","recipient":"ntsaran81","order":79121}
2026-08-09T06:40:56+00:00 NOTICE Email "new_order" for order #79121 not sent: email type is disabled CONTEXT: {"email_type":"new_order","status":"disabled","recipient":"Admin_Madrasmilk","order":79121}
2026-08-09T06:40:57+00:00 NOTICE Email "customer_completed_order" for order #79122 not sent: email type is disabled CONTEXT: {"email_type":"customer_completed_order","status":"disabled","recipient":"subhra.hindu","order":79122}
2026-08-09T06:40:57+00:00 NOTICE Email "new_order" for order #79122 not sent: email type is disabled CONTEXT: {"email_type":"new_order","status":"disabled","recipient":"Admin_Madrasmilk","order":79122}
2026-08-09T06:40:57+00:00 NOTICE Email "customer_completed_order" for order #79123 not sent: email type is disabled CONTEXT: {"email_type":"customer_completed_order","status":"disabled","recipient":"nagarjunagarige","order":79123}
2026-08-09T06:40:57+00:00 NOTICE Email "new_order" for order #79123 not sent: email type is disabled CONTEXT: {"email_type":"new_order","status":"disabled","recipient":"Admin_Madrasmilk","order":79123}
2026-08-09T06:40:58+00:00 NOTICE Email "customer_completed_order" for order #79124 not sent: email type is disabled CONTEXT: {"email_type":"customer_completed_order","status":"disabled","recipient":"nagarjunagarige","order":79124}
2026-08-09T06:40:58+00:00 NOTICE Email "new_order" for order #79124 not sent: email type is disabled CONTEXT: {"email_type":"new_order","status":"disabled","recipient":"Admin_Madrasmilk","order":79124}
2026-08-09T06:40:58+00:00 NOTICE Email "customer_completed_order" for order #79125 not sent: email type is disabled CONTEXT: {"email_type":"customer_completed_order","status":"disabled","recipient":"rajeswa2","order":79125}
2026-08-09T06:40:58+00:00 NOTICE Email "new_order" for order #79125 not sent: email type is disabled CONTEXT: {"email_type":"new_order","status":"disabled","recipient":"Admin_Madrasmilk","order":79125}
2026-08-09T06:40:59+00:00 NOTICE Email "customer_completed_order" for order #79126 not sent: email type is disabled CONTEXT: {"email_type":"customer_completed_order","status":"disabled","recipient":"rajeswa2","order":79126}
2026-08-09T06:40:59+00:00 NOTICE Email "new_order" for order #79126 not sent: email type is disabled CONTEXT: {"email_type":"new_order","status":"disabled","recipient":"Admin_Madrasmilk","order":79126}
2026-08-09T06:40:59+00:00 NOTICE Email "customer_completed_order" for order #79127 not sent: email type is disabled CONTEXT: {"email_type":"customer_completed_order","status":"disabled","recipient":"soori007","order":79127}
2026-08-09T06:40:59+00:00 NOTICE Email "new_order" for order #79127 not sent: email type is disabled CONTEXT: {"email_type":"new_order","status":"disabled","recipient":"Admin_Madrasmilk","order":79127}
2026-08-09T06:40:59+00:00 NOTICE Email "customer_completed_order" for order #79128 not sent: email type is disabled CONTEXT: {"email_type":"customer_completed_order","status":"disabled","recipient":"vijayvasudevan1","order":79128}
2026-08-09T06:40:59+00:00 NOTICE Email "new_order" for order #79128 not sent: email type is disabled CONTEXT: {"email_type":"new_order","status":"disabled","recipient":"Admin_Madrasmilk","order":79128}
2026-08-09T06:41:00+00:00 NOTICE Email "customer_completed_order" for order #79129 not sent: email type is disabled CONTEXT: {"email_type":"customer_completed_order","status":"disabled","recipient":"rrnath72","order":79129}
2026-08-09T06:41:00+00:00 NOTICE Email "new_order" for order #79129 not sent: email type is disabled CONTEXT: {"email_type":"new_order","status":"disabled","recipient":"Admin_Madrasmilk","order":79129}
2026-08-09T06:41:00+00:00 NOTICE Email "customer_completed_order" for order #79130 not sent: email type is disabled CONTEXT: {"email_type":"customer_completed_order","status":"disabled","recipient":"t_kart","order":79130}
2026-08-09T06:41:00+00:00 NOTICE Email "new_order" for order #79130 not sent: email type is disabled CONTEXT: {"email_type":"new_order","status":"disabled","recipient":"Admin_Madrasmilk","order":79130}
2026-08-09T06:41:01+00:00 NOTICE Email "customer_completed_order" for order #79131 not sent: email type is disabled CONTEXT: {"email_type":"customer_completed_order","status":"disabled","recipient":"vidhyavenkatesh","order":79131}
2026-08-09T06:41:01+00:00 NOTICE Email "new_order" for order #79131 not sent: email type is disabled CONTEXT: {"email_type":"new_order","status":"disabled","recipient":"Admin_Madrasmilk","order":79131}
2026-08-09T06:41:01+00:00 NOTICE Email "customer_completed_order" for order #79132 not sent: email type is disabled CONTEXT: {"email_type":"customer_completed_order","status":"disabled","recipient":"sankar.nx","order":79132}
2026-08-09T06:41:01+00:00 NOTICE Email "new_order" for order #79132 not sent: email type is disabled CONTEXT: {"email_type":"new_order","status":"disabled","recipient":"Admin_Madrasmilk","order":79132}
2026-08-09T06:41:02+00:00 NOTICE Email "customer_completed_order" for order #79133 not sent: email type is disabled CONTEXT: {"email_type":"customer_completed_order","status":"disabled","recipient":"sarithacindrella","order":79133}
2026-08-09T06:41:02+00:00 NOTICE Email "new_order" for order #79133 not sent: email type is disabled CONTEXT: {"email_type":"new_order","status":"disabled","recipient":"Admin_Madrasmilk","order":79133}
2026-08-09T06:41:02+00:00 NOTICE Email "customer_completed_order" for order #79134 not sent: email type is disabled CONTEXT: {"email_type":"customer_completed_order","status":"disabled","recipient":"jenibanancy","order":79134}
2026-08-09T06:41:02+00:00 NOTICE Email "new_order" for order #79134 not sent: email type is disabled CONTEXT: {"email_type":"new_order","status":"disabled","recipient":"Admin_Madrasmilk","order":79134}
2026-08-09T06:41:02+00:00 NOTICE Email "customer_completed_order" for order #79135 not sent: email type is disabled CONTEXT: {"email_type":"customer_completed_order","status":"disabled","recipient":"rvsbell","order":79135}
2026-08-09T06:41:02+00:00 NOTICE Email "new_order" for order #79135 not sent: email type is disabled CONTEXT: {"email_type":"new_order","status":"disabled","recipient":"Admin_Madrasmilk","order":79135}
2026-08-09T06:41:03+00:00 NOTICE Email "customer_completed_order" for order #79136 not sent: email type is disabled CONTEXT: {"email_type":"customer_completed_order","status":"disabled","recipient":"thaseenphysio","order":79136}
2026-08-09T06:41:03+00:00 NOTICE Email "new_order" for order #79136 not sent: email type is disabled CONTEXT: {"email_type":"new_order","status":"disabled","recipient":"Admin_Madrasmilk","order":79136}
2026-08-09T06:41:04+00:00 NOTICE Email "customer_completed_order" for order #79137 not sent: email type is disabled CONTEXT: {"email_type":"customer_completed_order","status":"disabled","recipient":"ravishankarpv23","order":79137}
2026-08-09T06:41:04+00:00 NOTICE Email "new_order" for order #79137 not sent: email type is disabled CONTEXT: {"email_type":"new_order","status":"disabled","recipient":"Admin_Madrasmilk","order":79137}
2026-08-09T06:41:04+00:00 NOTICE Email "customer_completed_order" for order #79138 not sent: email type is disabled CONTEXT: {"email_type":"customer_completed_order","status":"disabled","recipient":"bmanjudevi","order":79138}
2026-08-09T06:41:04+00:00 NOTICE Email "new_order" for order #79138 not sent: email type is disabled CONTEXT: {"email_type":"new_order","status":"disabled","recipient":"Admin_Madrasmilk","order":79138}
2026-08-09T06:41:05+00:00 NOTICE Email "customer_completed_order" for order #79139 not sent: email type is disabled CONTEXT: {"email_type":"customer_completed_order","status":"disabled","recipient":"rkarthikeyan1511","order":79139}
2026-08-09T06:41:05+00:00 NOTICE Email "new_order" for order #79139 not sent: email type is disabled CONTEXT: {"email_type":"new_order","status":"disabled","recipient":"Admin_Madrasmilk","order":79139}
2026-08-09T06:41:05+00:00 NOTICE Email "customer_completed_order" for order #79140 not sent: email type is disabled CONTEXT: {"email_type":"customer_completed_order","status":"disabled","recipient":"adline.jeni","order":79140}
2026-08-09T06:41:05+00:00 NOTICE Email "new_order" for order #79140 not sent: email type is disabled CONTEXT: {"email_type":"new_order","status":"disabled","recipient":"Admin_Madrasmilk","order":79140}
2026-08-09T06:41:06+00:00 NOTICE Email "customer_completed_order" for order #79141 not sent: email type is disabled CONTEXT: {"email_type":"customer_completed_order","status":"disabled","recipient":"suganyagopuk","order":79141}
2026-08-09T06:41:06+00:00 NOTICE Email "new_order" for order #79141 not sent: email type is disabled CONTEXT: {"email_type":"new_order","status":"disabled","recipient":"Admin_Madrasmilk","order":79141}
2026-08-09T06:41:06+00:00 NOTICE Email "customer_completed_order" for order #79142 not sent: email type is disabled CONTEXT: {"email_type":"customer_completed_order","status":"disabled","recipient":"amby85","order":79142}
2026-08-09T06:41:06+00:00 NOTICE Email "new_order" for order #79142 not sent: email type is disabled CONTEXT: {"email_type":"new_order","status":"disabled","recipient":"Admin_Madrasmilk","order":79142}
2026-08-09T06:41:06+00:00 NOTICE Email "customer_completed_order" for order #79143 not sent: email type is disabled CONTEXT: {"email_type":"customer_completed_order","status":"disabled","recipient":"chitra003","order":79143}
2026-08-09T06:41:06+00:00 NOTICE Email "new_order" for order #79143 not sent: email type is disabled CONTEXT: {"email_type":"new_order","status":"disabled","recipient":"Admin_Madrasmilk","order":79143}
2026-08-09T06:41:07+00:00 NOTICE Email "customer_completed_order" for order #79144 not sent: email type is disabled CONTEXT: {"email_type":"customer_completed_order","status":"disabled","recipient":"grandmastervasu","order":79144}
2026-08-09T06:41:07+00:00 NOTICE Email "new_order" for order #79144 not sent: email type is disabled CONTEXT: {"email_type":"new_order","status":"disabled","recipient":"Admin_Madrasmilk","order":79144}
2026-08-09T06:41:07+00:00 NOTICE Email "customer_completed_order" for order #79145 not sent: email type is disabled CONTEXT: {"email_type":"customer_completed_order","status":"disabled","recipient":"tanzary","order":79145}
2026-08-09T06:41:07+00:00 NOTICE Email "new_order" for order #79145 not sent: email type is disabled CONTEXT: {"email_type":"new_order","status":"disabled","recipient":"Admin_Madrasmilk","order":79145}
2026-08-09T06:41:07+00:00 NOTICE Email "customer_completed_order" for order #79146 not sent: email type is disabled CONTEXT: {"email_type":"customer_completed_order","status":"disabled","recipient":"jayshree_kannan","order":79146}
2026-08-09T06:41:07+00:00 NOTICE Email "new_order" for order #79146 not sent: email type is disabled CONTEXT: {"email_type":"new_order","status":"disabled","recipient":"Admin_Madrasmilk","order":79146}
2026-08-09T06:41:08+00:00 NOTICE Email "customer_completed_order" for order #79147 not sent: email type is disabled CONTEXT: {"email_type":"customer_completed_order","status":"disabled","recipient":"asokachelliah","order":79147}
2026-08-09T06:41:08+00:00 NOTICE Email "new_order" for order #79147 not sent: email type is disabled CONTEXT: {"email_type":"new_order","status":"disabled","recipient":"Admin_Madrasmilk","order":79147}
2026-08-09T06:41:08+00:00 NOTICE Email "customer_completed_order" for order #79148 not sent: email type is disabled CONTEXT: {"email_type":"customer_completed_order","status":"disabled","recipient":"ranjithjegan","order":79148}
2026-08-09T06:41:08+00:00 NOTICE Email "new_order" for order #79148 not sent: email type is disabled CONTEXT: {"email_type":"new_order","status":"disabled","recipient":"Admin_Madrasmilk","order":79148}
2026-08-09T06:41:09+00:00 NOTICE Email "customer_completed_order" for order #79149 not sent: email type is disabled CONTEXT: {"email_type":"customer_completed_order","status":"disabled","recipient":"c.raghuram95","order":79149}
2026-08-09T06:41:09+00:00 NOTICE Email "new_order" for order #79149 not sent: email type is disabled CONTEXT: {"email_type":"new_order","status":"disabled","recipient":"Admin_Madrasmilk","order":79149}
2026-08-09T06:41:09+00:00 NOTICE Email "customer_completed_order" for order #79150 not sent: email type is disabled CONTEXT: {"email_type":"customer_completed_order","status":"disabled","recipient":"sherinangela","order":79150}
2026-08-09T06:41:09+00:00 NOTICE Email "new_order" for order #79150 not sent: email type is disabled CONTEXT: {"email_type":"new_order","status":"disabled","recipient":"Admin_Madrasmilk","order":79150}
2026-08-09T06:41:09+00:00 NOTICE Email "customer_completed_order" for order #79151 not sent: email type is disabled CONTEXT: {"email_type":"customer_completed_order","status":"disabled","recipient":"sherinangela","order":79151}
2026-08-09T06:41:09+00:00 NOTICE Email "new_order" for order #79151 not sent: email type is disabled CONTEXT: {"email_type":"new_order","status":"disabled","recipient":"Admin_Madrasmilk","order":79151}
2026-08-09T06:41:10+00:00 NOTICE Email "customer_completed_order" for order #79152 not sent: email type is disabled CONTEXT: {"email_type":"customer_completed_order","status":"disabled","recipient":"rosanuru","order":79152}
2026-08-09T06:41:10+00:00 NOTICE Email "new_order" for order #79152 not sent: email type is disabled CONTEXT: {"email_type":"new_order","status":"disabled","recipient":"Admin_Madrasmilk","order":79152}
2026-08-09T06:41:10+00:00 NOTICE Email "customer_completed_order" for order #79153 not sent: email type is disabled CONTEXT: {"email_type":"customer_completed_order","status":"disabled","recipient":"rosanuru","order":79153}
2026-08-09T06:41:10+00:00 NOTICE Email "new_order" for order #79153 not sent: email type is disabled CONTEXT: {"email_type":"new_order","status":"disabled","recipient":"Admin_Madrasmilk","order":79153}
2026-08-09T06:41:10+00:00 NOTICE Email "customer_completed_order" for order #79154 not sent: email type is disabled CONTEXT: {"email_type":"customer_completed_order","status":"disabled","recipient":"thirumal.valavan","order":79154}
2026-08-09T06:41:10+00:00 NOTICE Email "new_order" for order #79154 not sent: email type is disabled CONTEXT: {"email_type":"new_order","status":"disabled","recipient":"Admin_Madrasmilk","order":79154}
2026-08-09T06:41:11+00:00 NOTICE Email "customer_completed_order" for order #79155 not sent: email type is disabled CONTEXT: {"email_type":"customer_completed_order","status":"disabled","recipient":"udaymetha","order":79155}
2026-08-09T06:41:11+00:00 NOTICE Email "new_order" for order #79155 not sent: email type is disabled CONTEXT: {"email_type":"new_order","status":"disabled","recipient":"Admin_Madrasmilk","order":79155}
2026-08-09T06:41:16+00:00 NOTICE Email "customer_completed_order" for order #79156 not sent: email type is disabled CONTEXT: {"email_type":"customer_completed_order","status":"disabled","recipient":"arunivf","order":79156}
2026-08-09T06:41:16+00:00 NOTICE Email "new_order" for order #79156 not sent: email type is disabled CONTEXT: {"email_type":"new_order","status":"disabled","recipient":"Admin_Madrasmilk","order":79156}
2026-08-09T06:41:17+00:00 NOTICE Email "customer_completed_order" for order #79157 not sent: email type is disabled CONTEXT: {"email_type":"customer_completed_order","status":"disabled","recipient":"sunanda.undamatla","order":79157}
2026-08-09T06:41:17+00:00 NOTICE Email "new_order" for order #79157 not sent: email type is disabled CONTEXT: {"email_type":"new_order","status":"disabled","recipient":"Admin_Madrasmilk","order":79157}
2026-08-09T06:41:17+00:00 NOTICE Email "customer_completed_order" for order #79158 not sent: email type is disabled CONTEXT: {"email_type":"customer_completed_order","status":"disabled","recipient":"tpkiruthika","order":79158}
2026-08-09T06:41:17+00:00 NOTICE Email "new_order" for order #79158 not sent: email type is disabled CONTEXT: {"email_type":"new_order","status":"disabled","recipient":"Admin_Madrasmilk","order":79158}
2026-08-09T06:41:17+00:00 NOTICE Email "customer_completed_order" for order #79159 not sent: email type is disabled CONTEXT: {"email_type":"customer_completed_order","status":"disabled","recipient":"chennaibullpower","order":79159}
2026-08-09T06:41:17+00:00 NOTICE Email "new_order" for order #79159 not sent: email type is disabled CONTEXT: {"email_type":"new_order","status":"disabled","recipient":"Admin_Madrasmilk","order":79159}
2026-08-09T06:41:18+00:00 NOTICE Email "customer_completed_order" for order #79160 not sent: email type is disabled CONTEXT: {"email_type":"customer_completed_order","status":"disabled","recipient":"mail2anantha","order":79160}
2026-08-09T06:41:18+00:00 NOTICE Email "new_order" for order #79160 not sent: email type is disabled CONTEXT: {"email_type":"new_order","status":"disabled","recipient":"Admin_Madrasmilk","order":79160}
2026-08-09T06:41:18+00:00 NOTICE Email "customer_completed_order" for order #79161 not sent: email type is disabled CONTEXT: {"email_type":"customer_completed_order","status":"disabled","recipient":"r.sasankan","order":79161}
2026-08-09T06:41:18+00:00 NOTICE Email "new_order" for order #79161 not sent: email type is disabled CONTEXT: {"email_type":"new_order","status":"disabled","recipient":"Admin_Madrasmilk","order":79161}
2026-08-09T06:41:19+00:00 NOTICE Email "customer_completed_order" for order #79162 not sent: email type is disabled CONTEXT: {"email_type":"customer_completed_order","status":"disabled","recipient":"pritam.reddyn","order":79162}
2026-08-09T06:41:19+00:00 NOTICE Email "new_order" for order #79162 not sent: email type is disabled CONTEXT: {"email_type":"new_order","status":"disabled","recipient":"Admin_Madrasmilk","order":79162}
2026-08-09T06:41:19+00:00 NOTICE Email "customer_completed_order" for order #79163 not sent: email type is disabled CONTEXT: {"email_type":"customer_completed_order","status":"disabled","recipient":"lakshmiwai","order":79163}
2026-08-09T06:41:19+00:00 NOTICE Email "new_order" for order #79163 not sent: email type is disabled CONTEXT: {"email_type":"new_order","status":"disabled","recipient":"Admin_Madrasmilk","order":79163}
2026-08-09T06:41:19+00:00 NOTICE Email "customer_completed_order" for order #79164 not sent: email type is disabled CONTEXT: {"email_type":"customer_completed_order","status":"disabled","recipient":"nyolapriya","order":79164}
2026-08-09T06:41:19+00:00 NOTICE Email "new_order" for order #79164 not sent: email type is disabled CONTEXT: {"email_type":"new_order","status":"disabled","recipient":"Admin_Madrasmilk","order":79164}
2026-08-09T06:41:20+00:00 NOTICE Email "customer_completed_order" for order #79165 not sent: email type is disabled CONTEXT: {"email_type":"customer_completed_order","status":"disabled","recipient":"ushabmoorthy","order":79165}
2026-08-09T06:41:20+00:00 NOTICE Email "new_order" for order #79165 not sent: email type is disabled CONTEXT: {"email_type":"new_order","status":"disabled","recipient":"Admin_Madrasmilk","order":79165}
2026-08-09T06:41:20+00:00 NOTICE Email "customer_completed_order" for order #79166 not sent: email type is disabled CONTEXT: {"email_type":"customer_completed_order","status":"disabled","recipient":"ushabmoorthy","order":79166}
2026-08-09T06:41:20+00:00 NOTICE Email "new_order" for order #79166 not sent: email type is disabled CONTEXT: {"email_type":"new_order","status":"disabled","recipient":"Admin_Madrasmilk","order":79166}
2026-08-09T06:41:21+00:00 NOTICE Email "customer_completed_order" for order #79167 not sent: email type is disabled CONTEXT: {"email_type":"customer_completed_order","status":"disabled","recipient":"dhanas_ga","order":79167}
2026-08-09T06:41:21+00:00 NOTICE Email "new_order" for order #79167 not sent: email type is disabled CONTEXT: {"email_type":"new_order","status":"disabled","recipient":"Admin_Madrasmilk","order":79167}
2026-08-09T06:41:21+00:00 NOTICE Email "customer_completed_order" for order #79168 not sent: email type is disabled CONTEXT: {"email_type":"customer_completed_order","status":"disabled","recipient":"dsuriyadeepan","order":79168}
2026-08-09T06:41:21+00:00 NOTICE Email "new_order" for order #79168 not sent: email type is disabled CONTEXT: {"email_type":"new_order","status":"disabled","recipient":"Admin_Madrasmilk","order":79168}
2026-08-09T06:41:22+00:00 NOTICE Email "customer_completed_order" for order #79169 not sent: email type is disabled CONTEXT: {"email_type":"customer_completed_order","status":"disabled","recipient":"krishnan.gnv","order":79169}
2026-08-09T06:41:22+00:00 NOTICE Email "new_order" for order #79169 not sent: email type is disabled CONTEXT: {"email_type":"new_order","status":"disabled","recipient":"Admin_Madrasmilk","order":79169}
2026-08-09T06:41:22+00:00 NOTICE Email "customer_completed_order" for order #79170 not sent: email type is disabled CONTEXT: {"email_type":"customer_completed_order","status":"disabled","recipient":"karthikkoti","order":79170}
2026-08-09T06:41:22+00:00 NOTICE Email "new_order" for order #79170 not sent: email type is disabled CONTEXT: {"email_type":"new_order","status":"disabled","recipient":"Admin_Madrasmilk","order":79170}
2026-08-09T06:41:22+00:00 NOTICE Email "customer_completed_order" for order #79171 not sent: email type is disabled CONTEXT: {"email_type":"customer_completed_order","status":"disabled","recipient":"sel.shan2","order":79171}
2026-08-09T06:41:22+00:00 NOTICE Email "new_order" for order #79171 not sent: email type is disabled CONTEXT: {"email_type":"new_order","status":"disabled","recipient":"Admin_Madrasmilk","order":79171}
2026-08-09T06:41:23+00:00 NOTICE Email "customer_completed_order" for order #79172 not sent: email type is disabled CONTEXT: {"email_type":"customer_completed_order","status":"disabled","recipient":"viddhari","order":79172}
2026-08-09T06:41:23+00:00 NOTICE Email "new_order" for order #79172 not sent: email type is disabled CONTEXT: {"email_type":"new_order","status":"disabled","recipient":"Admin_Madrasmilk","order":79172}
2026-08-09T06:41:23+00:00 NOTICE Email "customer_completed_order" for order #79173 not sent: email type is disabled CONTEXT: {"email_type":"customer_completed_order","status":"disabled","recipient":"rviji.1092","order":79173}
2026-08-09T06:41:23+00:00 NOTICE Email "new_order" for order #79173 not sent: email type is disabled CONTEXT: {"email_type":"new_order","status":"disabled","recipient":"Admin_Madrasmilk","order":79173}
2026-08-09T06:41:24+00:00 NOTICE Email "customer_completed_order" for order #79174 not sent: email type is disabled CONTEXT: {"email_type":"customer_completed_order","status":"disabled","recipient":"sd.nisarahmed","order":79174}
2026-08-09T06:41:24+00:00 NOTICE Email "new_order" for order #79174 not sent: email type is disabled CONTEXT: {"email_type":"new_order","status":"disabled","recipient":"Admin_Madrasmilk","order":79174}
2026-08-09T06:41:24+00:00 NOTICE Email "customer_completed_order" for order #79175 not sent: email type is disabled CONTEXT: {"email_type":"customer_completed_order","status":"disabled","recipient":"mpjyoti","order":79175}
2026-08-09T06:41:24+00:00 NOTICE Email "new_order" for order #79175 not sent: email type is disabled CONTEXT: {"email_type":"new_order","status":"disabled","recipient":"Admin_Madrasmilk","order":79175}
2026-08-09T06:41:24+00:00 NOTICE Email "customer_completed_order" for order #79176 not sent: email type is disabled CONTEXT: {"email_type":"customer_completed_order","status":"disabled","recipient":"sangeetharanganath","order":79176}
2026-08-09T06:41:24+00:00 NOTICE Email "new_order" for order #79176 not sent: email type is disabled CONTEXT: {"email_type":"new_order","status":"disabled","recipient":"Admin_Madrasmilk","order":79176}
2026-08-09T06:41:25+00:00 NOTICE Email "customer_completed_order" for order #79177 not sent: email type is disabled CONTEXT: {"email_type":"customer_completed_order","status":"disabled","recipient":"karthikonline","order":79177}
2026-08-09T06:41:25+00:00 NOTICE Email "new_order" for order #79177 not sent: email type is disabled CONTEXT: {"email_type":"new_order","status":"disabled","recipient":"Admin_Madrasmilk","order":79177}
2026-08-09T06:41:25+00:00 NOTICE Email "customer_completed_order" for order #79178 not sent: email type is disabled CONTEXT: {"email_type":"customer_completed_order","status":"disabled","recipient":"rema.vnktsh","order":79178}
2026-08-09T06:41:25+00:00 NOTICE Email "new_order" for order #79178 not sent: email type is disabled CONTEXT: {"email_type":"new_order","status":"disabled","recipient":"Admin_Madrasmilk","order":79178}
2026-08-09T06:41:26+00:00 NOTICE Email "customer_completed_order" for order #79179 not sent: email type is disabled CONTEXT: {"email_type":"customer_completed_order","status":"disabled","recipient":"smriti166","order":79179}
2026-08-09T06:41:26+00:00 NOTICE Email "new_order" for order #79179 not sent: email type is disabled CONTEXT: {"email_type":"new_order","status":"disabled","recipient":"Admin_Madrasmilk","order":79179}
2026-08-09T06:41:26+00:00 NOTICE Email "customer_completed_order" for order #79180 not sent: email type is disabled CONTEXT: {"email_type":"customer_completed_order","status":"disabled","recipient":"anuranjan","order":79180}
2026-08-09T06:41:26+00:00 NOTICE Email "new_order" for order #79180 not sent: email type is disabled CONTEXT: {"email_type":"new_order","status":"disabled","recipient":"Admin_Madrasmilk","order":79180}
2026-08-09T06:41:26+00:00 NOTICE Email "customer_completed_order" for order #79181 not sent: email type is disabled CONTEXT: {"email_type":"customer_completed_order","status":"disabled","recipient":"renga.devarajan","order":79181}
2026-08-09T06:41:26+00:00 NOTICE Email "new_order" for order #79181 not sent: email type is disabled CONTEXT: {"email_type":"new_order","status":"disabled","recipient":"Admin_Madrasmilk","order":79181}
2026-08-09T06:41:27+00:00 NOTICE Email "customer_completed_order" for order #79182 not sent: email type is disabled CONTEXT: {"email_type":"customer_completed_order","status":"disabled","recipient":"ravilochananiyengar","order":79182}
2026-08-09T06:41:27+00:00 NOTICE Email "new_order" for order #79182 not sent: email type is disabled CONTEXT: {"email_type":"new_order","status":"disabled","recipient":"Admin_Madrasmilk","order":79182}
2026-08-09T06:41:27+00:00 NOTICE Email "customer_completed_order" for order #79183 not sent: email type is disabled CONTEXT: {"email_type":"customer_completed_order","status":"disabled","recipient":"tapseshadri56","order":79183}
2026-08-09T06:41:27+00:00 NOTICE Email "new_order" for order #79183 not sent: email type is disabled CONTEXT: {"email_type":"new_order","status":"disabled","recipient":"Admin_Madrasmilk","order":79183}
2026-08-09T06:41:28+00:00 NOTICE Email "customer_completed_order" for order #79184 not sent: email type is disabled CONTEXT: {"email_type":"customer_completed_order","status":"disabled","recipient":"ashval81","order":79184}
2026-08-09T06:41:28+00:00 NOTICE Email "new_order" for order #79184 not sent: email type is disabled CONTEXT: {"email_type":"new_order","status":"disabled","recipient":"Admin_Madrasmilk","order":79184}
2026-08-09T06:41:28+00:00 NOTICE Email "customer_completed_order" for order #79185 not sent: email type is disabled CONTEXT: {"email_type":"customer_completed_order","status":"disabled","recipient":"mohideen.aai","order":79185}
2026-08-09T06:41:28+00:00 NOTICE Email "new_order" for order #79185 not sent: email type is disabled CONTEXT: {"email_type":"new_order","status":"disabled","recipient":"Admin_Madrasmilk","order":79185}
2026-08-09T06:41:28+00:00 NOTICE Email "customer_completed_order" for order #79186 not sent: email type is disabled CONTEXT: {"email_type":"customer_completed_order","status":"disabled","recipient":"sugu4u","order":79186}
2026-08-09T06:41:28+00:00 NOTICE Email "new_order" for order #79186 not sent: email type is disabled CONTEXT: {"email_type":"new_order","status":"disabled","recipient":"Admin_Madrasmilk","order":79186}
2026-08-09T06:41:29+00:00 NOTICE Email "customer_completed_order" for order #79187 not sent: email type is disabled CONTEXT: {"email_type":"customer_completed_order","status":"disabled","recipient":"v.vandhana17","order":79187}
2026-08-09T06:41:29+00:00 NOTICE Email "new_order" for order #79187 not sent: email type is disabled CONTEXT: {"email_type":"new_order","status":"disabled","recipient":"Admin_Madrasmilk","order":79187}
2026-08-09T06:41:29+00:00 NOTICE Email "customer_completed_order" for order #79188 not sent: email type is disabled CONTEXT: {"email_type":"customer_completed_order","status":"disabled","recipient":"mrinal1.618","order":79188}
2026-08-09T06:41:29+00:00 NOTICE Email "new_order" for order #79188 not sent: email type is disabled CONTEXT: {"email_type":"new_order","status":"disabled","recipient":"Admin_Madrasmilk","order":79188}
2026-08-09T06:41:30+00:00 NOTICE Email "customer_completed_order" for order #79189 not sent: email type is disabled CONTEXT: {"email_type":"customer_completed_order","status":"disabled","recipient":"jayashree.ramesh70","order":79189}
2026-08-09T06:41:30+00:00 NOTICE Email "new_order" for order #79189 not sent: email type is disabled CONTEXT: {"email_type":"new_order","status":"disabled","recipient":"Admin_Madrasmilk","order":79189}
2026-08-09T06:41:30+00:00 NOTICE Email "customer_completed_order" for order #79190 not sent: email type is disabled CONTEXT: {"email_type":"customer_completed_order","status":"disabled","recipient":"srinowin","order":79190}
2026-08-09T06:41:30+00:00 NOTICE Email "new_order" for order #79190 not sent: email type is disabled CONTEXT: {"email_type":"new_order","status":"disabled","recipient":"Admin_Madrasmilk","order":79190}
2026-08-09T06:41:30+00:00 NOTICE Email "customer_completed_order" for order #79191 not sent: email type is disabled CONTEXT: {"email_type":"customer_completed_order","status":"disabled","recipient":"nmn.gceb","order":79191}
2026-08-09T06:41:30+00:00 NOTICE Email "new_order" for order #79191 not sent: email type is disabled CONTEXT: {"email_type":"new_order","status":"disabled","recipient":"Admin_Madrasmilk","order":79191}
2026-08-09T06:41:31+00:00 NOTICE Email "customer_completed_order" for order #79192 not sent: email type is disabled CONTEXT: {"email_type":"customer_completed_order","status":"disabled","recipient":"gramyanataraj","order":79192}
2026-08-09T06:41:31+00:00 NOTICE Email "new_order" for order #79192 not sent: email type is disabled CONTEXT: {"email_type":"new_order","status":"disabled","recipient":"Admin_Madrasmilk","order":79192}
2026-08-09T06:41:31+00:00 NOTICE Email "customer_completed_order" for order #79193 not sent: email type is disabled CONTEXT: {"email_type":"customer_completed_order","status":"disabled","recipient":"raviraghav","order":79193}
2026-08-09T06:41:31+00:00 NOTICE Email "new_order" for order #79193 not sent: email type is disabled CONTEXT: {"email_type":"new_order","status":"disabled","recipient":"Admin_Madrasmilk","order":79193}
2026-08-09T06:41:31+00:00 NOTICE Email "customer_completed_order" for order #79194 not sent: email type is disabled CONTEXT: {"email_type":"customer_completed_order","status":"disabled","recipient":"gowrisubha.s","order":79194}
2026-08-09T06:41:31+00:00 NOTICE Email "new_order" for order #79194 not sent: email type is disabled CONTEXT: {"email_type":"new_order","status":"disabled","recipient":"Admin_Madrasmilk","order":79194}
2026-08-09T06:41:32+00:00 NOTICE Email "customer_completed_order" for order #79195 not sent: email type is disabled CONTEXT: {"email_type":"customer_completed_order","status":"disabled","recipient":"ramyajeevanandam","order":79195}
2026-08-09T06:41:32+00:00 NOTICE Email "new_order" for order #79195 not sent: email type is disabled CONTEXT: {"email_type":"new_order","status":"disabled","recipient":"Admin_Madrasmilk","order":79195}
2026-08-09T06:41:37+00:00 NOTICE Email "customer_completed_order" for order #79196 not sent: email type is disabled CONTEXT: {"email_type":"customer_completed_order","status":"disabled","recipient":"anand183","order":79196}
2026-08-09T06:41:37+00:00 NOTICE Email "new_order" for order #79196 not sent: email type is disabled CONTEXT: {"email_type":"new_order","status":"disabled","recipient":"Admin_Madrasmilk","order":79196}
2026-08-09T06:41:37+00:00 NOTICE Email "customer_completed_order" for order #79197 not sent: email type is disabled CONTEXT: {"email_type":"customer_completed_order","status":"disabled","recipient":"anand183","order":79197}
2026-08-09T06:41:37+00:00 NOTICE Email "new_order" for order #79197 not sent: email type is disabled CONTEXT: {"email_type":"new_order","status":"disabled","recipient":"Admin_Madrasmilk","order":79197}
2026-08-09T06:41:38+00:00 NOTICE Email "customer_completed_order" for order #79198 not sent: email type is disabled CONTEXT: {"email_type":"customer_completed_order","status":"disabled","recipient":"viswa22","order":79198}
2026-08-09T06:41:38+00:00 NOTICE Email "new_order" for order #79198 not sent: email type is disabled CONTEXT: {"email_type":"new_order","status":"disabled","recipient":"Admin_Madrasmilk","order":79198}
2026-08-09T06:41:38+00:00 NOTICE Email "customer_completed_order" for order #79199 not sent: email type is disabled CONTEXT: {"email_type":"customer_completed_order","status":"disabled","recipient":"keerthykrish","order":79199}
2026-08-09T06:41:38+00:00 NOTICE Email "new_order" for order #79199 not sent: email type is disabled CONTEXT: {"email_type":"new_order","status":"disabled","recipient":"Admin_Madrasmilk","order":79199}
2026-08-09T06:41:38+00:00 NOTICE Email "customer_completed_order" for order #79200 not sent: email type is disabled CONTEXT: {"email_type":"customer_completed_order","status":"disabled","recipient":"karthi.bala","order":79200}
2026-08-09T06:41:38+00:00 NOTICE Email "new_order" for order #79200 not sent: email type is disabled CONTEXT: {"email_type":"new_order","status":"disabled","recipient":"Admin_Madrasmilk","order":79200}
2026-08-09T06:41:39+00:00 NOTICE Email "customer_completed_order" for order #79201 not sent: email type is disabled CONTEXT: {"email_type":"customer_completed_order","status":"disabled","recipient":"jothikumarkanagaraj","order":79201}
2026-08-09T06:41:39+00:00 NOTICE Email "new_order" for order #79201 not sent: email type is disabled CONTEXT: {"email_type":"new_order","status":"disabled","recipient":"Admin_Madrasmilk","order":79201}
2026-08-09T06:41:39+00:00 NOTICE Email "customer_completed_order" for order #79202 not sent: email type is disabled CONTEXT: {"email_type":"customer_completed_order","status":"disabled","recipient":"abirami025","order":79202}
2026-08-09T06:41:39+00:00 NOTICE Email "new_order" for order #79202 not sent: email type is disabled CONTEXT: {"email_type":"new_order","status":"disabled","recipient":"Admin_Madrasmilk","order":79202}
2026-08-09T06:41:40+00:00 NOTICE Email "customer_completed_order" for order #79203 not sent: email type is disabled CONTEXT: {"email_type":"customer_completed_order","status":"disabled","recipient":"nshanthidurga","order":79203}
2026-08-09T06:41:40+00:00 NOTICE Email "new_order" for order #79203 not sent: email type is disabled CONTEXT: {"email_type":"new_order","status":"disabled","recipient":"Admin_Madrasmilk","order":79203}
2026-08-09T06:41:40+00:00 NOTICE Email "customer_completed_order" for order #79204 not sent: email type is disabled CONTEXT: {"email_type":"customer_completed_order","status":"disabled","recipient":"santasudan","order":79204}
2026-08-09T06:41:40+00:00 NOTICE Email "new_order" for order #79204 not sent: email type is disabled CONTEXT: {"email_type":"new_order","status":"disabled","recipient":"Admin_Madrasmilk","order":79204}
2026-08-09T06:41:40+00:00 NOTICE Email "customer_completed_order" for order #79205 not sent: email type is disabled CONTEXT: {"email_type":"customer_completed_order","status":"disabled","recipient":"vardhini.kalyanaraman","order":79205}
2026-08-09T06:41:40+00:00 NOTICE Email "new_order" for order #79205 not sent: email type is disabled CONTEXT: {"email_type":"new_order","status":"disabled","recipient":"Admin_Madrasmilk","order":79205}
2026-08-09T06:41:41+00:00 NOTICE Email "customer_completed_order" for order #79206 not sent: email type is disabled CONTEXT: {"email_type":"customer_completed_order","status":"disabled","recipient":"a2osriramadesikan","order":79206}
2026-08-09T06:41:41+00:00 NOTICE Email "new_order" for order #79206 not sent: email type is disabled CONTEXT: {"email_type":"new_order","status":"disabled","recipient":"Admin_Madrasmilk","order":79206}
2026-08-09T06:41:41+00:00 NOTICE Email "customer_completed_order" for order #79207 not sent: email type is disabled CONTEXT: {"email_type":"customer_completed_order","status":"disabled","recipient":"a2osriramadesikan","order":79207}
2026-08-09T06:41:41+00:00 NOTICE Email "new_order" for order #79207 not sent: email type is disabled CONTEXT: {"email_type":"new_order","status":"disabled","recipient":"Admin_Madrasmilk","order":79207}
2026-08-09T06:41:42+00:00 NOTICE Email "customer_completed_order" for order #79208 not sent: email type is disabled CONTEXT: {"email_type":"customer_completed_order","status":"disabled","recipient":"guest","order":79208}
2026-08-09T06:41:42+00:00 NOTICE Email "new_order" for order #79208 not sent: email type is disabled CONTEXT: {"email_type":"new_order","status":"disabled","recipient":"Admin_Madrasmilk","order":79208}
2026-08-09T06:41:42+00:00 NOTICE Email "customer_completed_order" for order #79209 not sent: email type is disabled CONTEXT: {"email_type":"customer_completed_order","status":"disabled","recipient":"amarzee","order":79209}
2026-08-09T06:41:42+00:00 NOTICE Email "new_order" for order #79209 not sent: email type is disabled CONTEXT: {"email_type":"new_order","status":"disabled","recipient":"Admin_Madrasmilk","order":79209}
2026-08-09T06:41:43+00:00 NOTICE Email "customer_completed_order" for order #79210 not sent: email type is disabled CONTEXT: {"email_type":"customer_completed_order","status":"disabled","recipient":"saranya.amudhan","order":79210}
2026-08-09T06:41:43+00:00 NOTICE Email "new_order" for order #79210 not sent: email type is disabled CONTEXT: {"email_type":"new_order","status":"disabled","recipient":"Admin_Madrasmilk","order":79210}
2026-08-09T06:41:43+00:00 NOTICE Email "customer_completed_order" for order #79211 not sent: email type is disabled CONTEXT: {"email_type":"customer_completed_order","status":"disabled","recipient":"srksrk","order":79211}
2026-08-09T06:41:43+00:00 NOTICE Email "new_order" for order #79211 not sent: email type is disabled CONTEXT: {"email_type":"new_order","status":"disabled","recipient":"Admin_Madrasmilk","order":79211}
2026-08-09T06:41:43+00:00 NOTICE Email "customer_completed_order" for order #79212 not sent: email type is disabled CONTEXT: {"email_type":"customer_completed_order","status":"disabled","recipient":"lssanadi","order":79212}
2026-08-09T06:41:43+00:00 NOTICE Email "new_order" for order #79212 not sent: email type is disabled CONTEXT: {"email_type":"new_order","status":"disabled","recipient":"Admin_Madrasmilk","order":79212}
2026-08-09T06:41:44+00:00 NOTICE Email "customer_completed_order" for order #79213 not sent: email type is disabled CONTEXT: {"email_type":"customer_completed_order","status":"disabled","recipient":"balajinikhila","order":79213}
2026-08-09T06:41:44+00:00 NOTICE Email "new_order" for order #79213 not sent: email type is disabled CONTEXT: {"email_type":"new_order","status":"disabled","recipient":"Admin_Madrasmilk","order":79213}
2026-08-09T06:41:44+00:00 NOTICE Email "customer_completed_order" for order #79214 not sent: email type is disabled CONTEXT: {"email_type":"customer_completed_order","status":"disabled","recipient":"thanupillai","order":79214}
2026-08-09T06:41:44+00:00 NOTICE Email "new_order" for order #79214 not sent: email type is disabled CONTEXT: {"email_type":"new_order","status":"disabled","recipient":"Admin_Madrasmilk","order":79214}
2026-08-09T06:41:45+00:00 NOTICE Email "customer_completed_order" for order #79215 not sent: email type is disabled CONTEXT: {"email_type":"customer_completed_order","status":"disabled","recipient":"abhir019","order":79215}
2026-08-09T06:41:45+00:00 NOTICE Email "new_order" for order #79215 not sent: email type is disabled CONTEXT: {"email_type":"new_order","status":"disabled","recipient":"Admin_Madrasmilk","order":79215}
2026-08-09T06:41:45+00:00 NOTICE Email "customer_completed_order" for order #79216 not sent: email type is disabled CONTEXT: {"email_type":"customer_completed_order","status":"disabled","recipient":"sayeebrindharanga","order":79216}
2026-08-09T06:41:45+00:00 NOTICE Email "new_order" for order #79216 not sent: email type is disabled CONTEXT: {"email_type":"new_order","status":"disabled","recipient":"Admin_Madrasmilk","order":79216}
2026-08-09T06:41:45+00:00 NOTICE Email "customer_completed_order" for order #79217 not sent: email type is disabled CONTEXT: {"email_type":"customer_completed_order","status":"disabled","recipient":"manjuyes77","order":79217}
2026-08-09T06:41:45+00:00 NOTICE Email "new_order" for order #79217 not sent: email type is disabled CONTEXT: {"email_type":"new_order","status":"disabled","recipient":"Admin_Madrasmilk","order":79217}
2026-08-09T06:41:46+00:00 NOTICE Email "customer_completed_order" for order #79218 not sent: email type is disabled CONTEXT: {"email_type":"customer_completed_order","status":"disabled","recipient":"smadhu","order":79218}
2026-08-09T06:41:46+00:00 NOTICE Email "new_order" for order #79218 not sent: email type is disabled CONTEXT: {"email_type":"new_order","status":"disabled","recipient":"Admin_Madrasmilk","order":79218}
2026-08-09T06:41:46+00:00 NOTICE Email "customer_completed_order" for order #79219 not sent: email type is disabled CONTEXT: {"email_type":"customer_completed_order","status":"disabled","recipient":"smadhu","order":79219}
2026-08-09T06:41:46+00:00 NOTICE Email "new_order" for order #79219 not sent: email type is disabled CONTEXT: {"email_type":"new_order","status":"disabled","recipient":"Admin_Madrasmilk","order":79219}
2026-08-09T06:41:47+00:00 NOTICE Email "customer_completed_order" for order #79220 not sent: email type is disabled CONTEXT: {"email_type":"customer_completed_order","status":"disabled","recipient":"mounikayerasani1989","order":79220}
2026-08-09T06:41:47+00:00 NOTICE Email "new_order" for order #79220 not sent: email type is disabled CONTEXT: {"email_type":"new_order","status":"disabled","recipient":"Admin_Madrasmilk","order":79220}
2026-08-09T06:41:47+00:00 NOTICE Email "customer_completed_order" for order #79221 not sent: email type is disabled CONTEXT: {"email_type":"customer_completed_order","status":"disabled","recipient":"laks.bhavs","order":79221}
2026-08-09T06:41:47+00:00 NOTICE Email "new_order" for order #79221 not sent: email type is disabled CONTEXT: {"email_type":"new_order","status":"disabled","recipient":"Admin_Madrasmilk","order":79221}
2026-08-09T06:41:48+00:00 NOTICE Email "customer_completed_order" for order #79222 not sent: email type is disabled CONTEXT: {"email_type":"customer_completed_order","status":"disabled","recipient":"aravindananthavijayan","order":79222}
2026-08-09T06:41:48+00:00 NOTICE Email "new_order" for order #79222 not sent: email type is disabled CONTEXT: {"email_type":"new_order","status":"disabled","recipient":"Admin_Madrasmilk","order":79222}
2026-08-09T06:41:48+00:00 NOTICE Email "customer_completed_order" for order #79223 not sent: email type is disabled CONTEXT: {"email_type":"customer_completed_order","status":"disabled","recipient":"aravindananthavijayan","order":79223}
2026-08-09T06:41:48+00:00 NOTICE Email "new_order" for order #79223 not sent: email type is disabled CONTEXT: {"email_type":"new_order","status":"disabled","recipient":"Admin_Madrasmilk","order":79223}
2026-08-09T06:41:49+00:00 NOTICE Email "customer_completed_order" for order #79224 not sent: email type is disabled CONTEXT: {"email_type":"customer_completed_order","status":"disabled","recipient":"laddhadmonika","order":79224}
2026-08-09T06:41:49+00:00 NOTICE Email "new_order" for order #79224 not sent: email type is disabled CONTEXT: {"email_type":"new_order","status":"disabled","recipient":"Admin_Madrasmilk","order":79224}
2026-08-09T06:41:49+00:00 NOTICE Email "customer_completed_order" for order #79225 not sent: email type is disabled CONTEXT: {"email_type":"customer_completed_order","status":"disabled","recipient":"msivakr","order":79225}
2026-08-09T06:41:49+00:00 NOTICE Email "new_order" for order #79225 not sent: email type is disabled CONTEXT: {"email_type":"new_order","status":"disabled","recipient":"Admin_Madrasmilk","order":79225}
2026-08-09T06:41:49+00:00 NOTICE Email "customer_completed_order" for order #79226 not sent: email type is disabled CONTEXT: {"email_type":"customer_completed_order","status":"disabled","recipient":"joanjeroline","order":79226}
2026-08-09T06:41:49+00:00 NOTICE Email "new_order" for order #79226 not sent: email type is disabled CONTEXT: {"email_type":"new_order","status":"disabled","recipient":"Admin_Madrasmilk","order":79226}
2026-08-09T06:41:50+00:00 NOTICE Email "customer_completed_order" for order #79227 not sent: email type is disabled CONTEXT: {"email_type":"customer_completed_order","status":"disabled","recipient":"mala.maneck","order":79227}
2026-08-09T06:41:50+00:00 NOTICE Email "new_order" for order #79227 not sent: email type is disabled CONTEXT: {"email_type":"new_order","status":"disabled","recipient":"Admin_Madrasmilk","order":79227}
2026-08-09T06:41:50+00:00 NOTICE Email "customer_completed_order" for order #79228 not sent: email type is disabled CONTEXT: {"email_type":"customer_completed_order","status":"disabled","recipient":"nanadba17","order":79228}
2026-08-09T06:41:50+00:00 NOTICE Email "new_order" for order #79228 not sent: email type is disabled CONTEXT: {"email_type":"new_order","status":"disabled","recipient":"Admin_Madrasmilk","order":79228}
2026-08-09T06:41:51+00:00 NOTICE Email "customer_completed_order" for order #79229 not sent: email type is disabled CONTEXT: {"email_type":"customer_completed_order","status":"disabled","recipient":"nanadba17","order":79229}
2026-08-09T06:41:51+00:00 NOTICE Email "new_order" for order #79229 not sent: email type is disabled CONTEXT: {"email_type":"new_order","status":"disabled","recipient":"Admin_Madrasmilk","order":79229}
2026-08-09T06:41:52+00:00 NOTICE Email "customer_completed_order" for order #79230 not sent: email type is disabled CONTEXT: {"email_type":"customer_completed_order","status":"disabled","recipient":"svardhan51","order":79230}
2026-08-09T06:41:52+00:00 NOTICE Email "new_order" for order #79230 not sent: email type is disabled CONTEXT: {"email_type":"new_order","status":"disabled","recipient":"Admin_Madrasmilk","order":79230}
2026-08-09T06:41:52+00:00 NOTICE Email "customer_completed_order" for order #79231 not sent: email type is disabled CONTEXT: {"email_type":"customer_completed_order","status":"disabled","recipient":"sureshship","order":79231}
2026-08-09T06:41:52+00:00 NOTICE Email "new_order" for order #79231 not sent: email type is disabled CONTEXT: {"email_type":"new_order","status":"disabled","recipient":"Admin_Madrasmilk","order":79231}
2026-08-09T06:41:52+00:00 NOTICE Email "customer_completed_order" for order #79232 not sent: email type is disabled CONTEXT: {"email_type":"customer_completed_order","status":"disabled","recipient":"drsguru","order":79232}
2026-08-09T06:41:52+00:00 NOTICE Email "new_order" for order #79232 not sent: email type is disabled CONTEXT: {"email_type":"new_order","status":"disabled","recipient":"Admin_Madrasmilk","order":79232}
2026-08-09T06:41:53+00:00 NOTICE Email "customer_completed_order" for order #79233 not sent: email type is disabled CONTEXT: {"email_type":"customer_completed_order","status":"disabled","recipient":"jothivisvanathan","order":79233}
2026-08-09T06:41:53+00:00 NOTICE Email "new_order" for order #79233 not sent: email type is disabled CONTEXT: {"email_type":"new_order","status":"disabled","recipient":"Admin_Madrasmilk","order":79233}
2026-08-09T06:41:53+00:00 NOTICE Email "customer_completed_order" for order #79234 not sent: email type is disabled CONTEXT: {"email_type":"customer_completed_order","status":"disabled","recipient":"prakashb2k03","order":79234}
2026-08-09T06:41:53+00:00 NOTICE Email "new_order" for order #79234 not sent: email type is disabled CONTEXT: {"email_type":"new_order","status":"disabled","recipient":"Admin_Madrasmilk","order":79234}
2026-08-09T06:41:54+00:00 NOTICE Email "customer_completed_order" for order #79235 not sent: email type is disabled CONTEXT: {"email_type":"customer_completed_order","status":"disabled","recipient":"radhika.sakhuja","order":79235}
2026-08-09T06:41:54+00:00 NOTICE Email "new_order" for order #79235 not sent: email type is disabled CONTEXT: {"email_type":"new_order","status":"disabled","recipient":"Admin_Madrasmilk","order":79235}
2026-08-09T06:41:59+00:00 NOTICE Email "customer_completed_order" for order #79236 not sent: email type is disabled CONTEXT: {"email_type":"customer_completed_order","status":"disabled","recipient":"umail2janet","order":79236}
2026-08-09T06:41:59+00:00 NOTICE Email "new_order" for order #79236 not sent: email type is disabled CONTEXT: {"email_type":"new_order","status":"disabled","recipient":"Admin_Madrasmilk","order":79236}
2026-08-09T06:42:00+00:00 NOTICE Email "customer_completed_order" for order #79237 not sent: email type is disabled CONTEXT: {"email_type":"customer_completed_order","status":"disabled","recipient":"peerkhan","order":79237}
2026-08-09T06:42:00+00:00 NOTICE Email "new_order" for order #79237 not sent: email type is disabled CONTEXT: {"email_type":"new_order","status":"disabled","recipient":"Admin_Madrasmilk","order":79237}
2026-08-09T06:42:00+00:00 NOTICE Email "customer_completed_order" for order #79238 not sent: email type is disabled CONTEXT: {"email_type":"customer_completed_order","status":"disabled","recipient":"tandonamit75","order":79238}
2026-08-09T06:42:00+00:00 NOTICE Email "new_order" for order #79238 not sent: email type is disabled CONTEXT: {"email_type":"new_order","status":"disabled","recipient":"Admin_Madrasmilk","order":79238}
2026-08-09T06:42:00+00:00 NOTICE Email "customer_completed_order" for order #79239 not sent: email type is disabled CONTEXT: {"email_type":"customer_completed_order","status":"disabled","recipient":"pappu.divs","order":79239}
2026-08-09T06:42:00+00:00 NOTICE Email "new_order" for order #79239 not sent: email type is disabled CONTEXT: {"email_type":"new_order","status":"disabled","recipient":"Admin_Madrasmilk","order":79239}
2026-08-09T06:42:01+00:00 NOTICE Email "customer_completed_order" for order #79240 not sent: email type is disabled CONTEXT: {"email_type":"customer_completed_order","status":"disabled","recipient":"pappu.divs","order":79240}
2026-08-09T06:42:01+00:00 NOTICE Email "new_order" for order #79240 not sent: email type is disabled CONTEXT: {"email_type":"new_order","status":"disabled","recipient":"Admin_Madrasmilk","order":79240}
2026-08-09T06:42:01+00:00 NOTICE Email "customer_completed_order" for order #79241 not sent: email type is disabled CONTEXT: {"email_type":"customer_completed_order","status":"disabled","recipient":"priyaraghupathy","order":79241}
2026-08-09T06:42:01+00:00 NOTICE Email "new_order" for order #79241 not sent: email type is disabled CONTEXT: {"email_type":"new_order","status":"disabled","recipient":"Admin_Madrasmilk","order":79241}
2026-08-09T06:42:02+00:00 NOTICE Email "customer_completed_order" for order #79242 not sent: email type is disabled CONTEXT: {"email_type":"customer_completed_order","status":"disabled","recipient":"priyaraghupathy","order":79242}
2026-08-09T06:42:02+00:00 NOTICE Email "new_order" for order #79242 not sent: email type is disabled CONTEXT: {"email_type":"new_order","status":"disabled","recipient":"Admin_Madrasmilk","order":79242}
2026-08-09T06:42:02+00:00 NOTICE Email "customer_completed_order" for order #79243 not sent: email type is disabled CONTEXT: {"email_type":"customer_completed_order","status":"disabled","recipient":"priyaraghupathy","order":79243}
2026-08-09T06:42:02+00:00 NOTICE Email "new_order" for order #79243 not sent: email type is disabled CONTEXT: {"email_type":"new_order","status":"disabled","recipient":"Admin_Madrasmilk","order":79243}
2026-08-09T06:42:03+00:00 NOTICE Email "customer_completed_order" for order #79244 not sent: email type is disabled CONTEXT: {"email_type":"customer_completed_order","status":"disabled","recipient":"rasheedahmed.ar","order":79244}
2026-08-09T06:42:03+00:00 NOTICE Email "new_order" for order #79244 not sent: email type is disabled CONTEXT: {"email_type":"new_order","status":"disabled","recipient":"Admin_Madrasmilk","order":79244}
2026-08-09T06:42:03+00:00 NOTICE Email "customer_completed_order" for order #79245 not sent: email type is disabled CONTEXT: {"email_type":"customer_completed_order","status":"disabled","recipient":"hemavarthini","order":79245}
2026-08-09T06:42:03+00:00 NOTICE Email "new_order" for order #79245 not sent: email type is disabled CONTEXT: {"email_type":"new_order","status":"disabled","recipient":"Admin_Madrasmilk","order":79245}
2026-08-09T06:42:04+00:00 NOTICE Email "customer_completed_order" for order #79246 not sent: email type is disabled CONTEXT: {"email_type":"customer_completed_order","status":"disabled","recipient":"hemavarthini","order":79246}
2026-08-09T06:42:04+00:00 NOTICE Email "new_order" for order #79246 not sent: email type is disabled CONTEXT: {"email_type":"new_order","status":"disabled","recipient":"Admin_Madrasmilk","order":79246}
2026-08-09T06:42:04+00:00 NOTICE Email "customer_completed_order" for order #79247 not sent: email type is disabled CONTEXT: {"email_type":"customer_completed_order","status":"disabled","recipient":"moshina.dharshini","order":79247}
2026-08-09T06:42:04+00:00 NOTICE Email "new_order" for order #79247 not sent: email type is disabled CONTEXT: {"email_type":"new_order","status":"disabled","recipient":"Admin_Madrasmilk","order":79247}
2026-08-09T06:42:05+00:00 NOTICE Email "customer_completed_order" for order #79248 not sent: email type is disabled CONTEXT: {"email_type":"customer_completed_order","status":"disabled","recipient":"rajanvp","order":79248}
2026-08-09T06:42:05+00:00 NOTICE Email "new_order" for order #79248 not sent: email type is disabled CONTEXT: {"email_type":"new_order","status":"disabled","recipient":"Admin_Madrasmilk","order":79248}
2026-08-09T06:42:05+00:00 NOTICE Email "customer_completed_order" for order #79249 not sent: email type is disabled CONTEXT: {"email_type":"customer_completed_order","status":"disabled","recipient":"namanaresh","order":79249}
2026-08-09T06:42:05+00:00 NOTICE Email "new_order" for order #79249 not sent: email type is disabled CONTEXT: {"email_type":"new_order","status":"disabled","recipient":"Admin_Madrasmilk","order":79249}
2026-08-09T06:42:06+00:00 NOTICE Email "customer_completed_order" for order #79250 not sent: email type is disabled CONTEXT: {"email_type":"customer_completed_order","status":"disabled","recipient":"subathra.venkatesh","order":79250}
2026-08-09T06:42:06+00:00 NOTICE Email "new_order" for order #79250 not sent: email type is disabled CONTEXT: {"email_type":"new_order","status":"disabled","recipient":"Admin_Madrasmilk","order":79250}
2026-08-09T06:42:06+00:00 NOTICE Email "customer_completed_order" for order #79251 not sent: email type is disabled CONTEXT: {"email_type":"customer_completed_order","status":"disabled","recipient":"vannitha.s","order":79251}
2026-08-09T06:42:06+00:00 NOTICE Email "new_order" for order #79251 not sent: email type is disabled CONTEXT: {"email_type":"new_order","status":"disabled","recipient":"Admin_Madrasmilk","order":79251}
2026-08-09T06:42:06+00:00 NOTICE Email "customer_completed_order" for order #79252 not sent: email type is disabled CONTEXT: {"email_type":"customer_completed_order","status":"disabled","recipient":"lavanat","order":79252}
2026-08-09T06:42:06+00:00 NOTICE Email "new_order" for order #79252 not sent: email type is disabled CONTEXT: {"email_type":"new_order","status":"disabled","recipient":"Admin_Madrasmilk","order":79252}
2026-08-09T06:42:07+00:00 NOTICE Email "customer_completed_order" for order #79253 not sent: email type is disabled CONTEXT: {"email_type":"customer_completed_order","status":"disabled","recipient":"kkpgreetsu","order":79253}
2026-08-09T06:42:07+00:00 NOTICE Email "new_order" for order #79253 not sent: email type is disabled CONTEXT: {"email_type":"new_order","status":"disabled","recipient":"Admin_Madrasmilk","order":79253}
2026-08-09T06:42:07+00:00 NOTICE Email "customer_completed_order" for order #79254 not sent: email type is disabled CONTEXT: {"email_type":"customer_completed_order","status":"disabled","recipient":"nithyareddy584","order":79254}
2026-08-09T06:42:07+00:00 NOTICE Email "new_order" for order #79254 not sent: email type is disabled CONTEXT: {"email_type":"new_order","status":"disabled","recipient":"Admin_Madrasmilk","order":79254}
2026-08-09T06:42:07+00:00 NOTICE Email "customer_completed_order" for order #79255 not sent: email type is disabled CONTEXT: {"email_type":"customer_completed_order","status":"disabled","recipient":"bobbycmathews","order":79255}
2026-08-09T06:42:07+00:00 NOTICE Email "new_order" for order #79255 not sent: email type is disabled CONTEXT: {"email_type":"new_order","status":"disabled","recipient":"Admin_Madrasmilk","order":79255}
2026-08-09T06:42:08+00:00 NOTICE Email "customer_completed_order" for order #79256 not sent: email type is disabled CONTEXT: {"email_type":"customer_completed_order","status":"disabled","recipient":"skannanv","order":79256}
2026-08-09T06:42:08+00:00 NOTICE Email "new_order" for order #79256 not sent: email type is disabled CONTEXT: {"email_type":"new_order","status":"disabled","recipient":"Admin_Madrasmilk","order":79256}
2026-08-09T06:42:08+00:00 NOTICE Email "customer_completed_order" for order #79257 not sent: email type is disabled CONTEXT: {"email_type":"customer_completed_order","status":"disabled","recipient":"merlia.shaukath","order":79257}
2026-08-09T06:42:08+00:00 NOTICE Email "new_order" for order #79257 not sent: email type is disabled CONTEXT: {"email_type":"new_order","status":"disabled","recipient":"Admin_Madrasmilk","order":79257}
2026-08-09T06:42:09+00:00 NOTICE Email "customer_completed_order" for order #79258 not sent: email type is disabled CONTEXT: {"email_type":"customer_completed_order","status":"disabled","recipient":"msmugesh10","order":79258}
2026-08-09T06:42:09+00:00 NOTICE Email "new_order" for order #79258 not sent: email type is disabled CONTEXT: {"email_type":"new_order","status":"disabled","recipient":"Admin_Madrasmilk","order":79258}
2026-08-09T06:42:09+00:00 NOTICE Email "customer_completed_order" for order #79259 not sent: email type is disabled CONTEXT: {"email_type":"customer_completed_order","status":"disabled","recipient":"imranziya11","order":79259}
2026-08-09T06:42:09+00:00 NOTICE Email "new_order" for order #79259 not sent: email type is disabled CONTEXT: {"email_type":"new_order","status":"disabled","recipient":"Admin_Madrasmilk","order":79259}
2026-08-09T06:42:09+00:00 NOTICE Email "customer_completed_order" for order #79260 not sent: email type is disabled CONTEXT: {"email_type":"customer_completed_order","status":"disabled","recipient":"ashok.infodrive","order":79260}
2026-08-09T06:42:09+00:00 NOTICE Email "new_order" for order #79260 not sent: email type is disabled CONTEXT: {"email_type":"new_order","status":"disabled","recipient":"Admin_Madrasmilk","order":79260}
2026-08-09T06:42:10+00:00 NOTICE Email "customer_completed_order" for order #79261 not sent: email type is disabled CONTEXT: {"email_type":"customer_completed_order","status":"disabled","recipient":"padmasini.bashyam","order":79261}
2026-08-09T06:42:10+00:00 NOTICE Email "new_order" for order #79261 not sent: email type is disabled CONTEXT: {"email_type":"new_order","status":"disabled","recipient":"Admin_Madrasmilk","order":79261}
2026-08-09T06:42:10+00:00 NOTICE Email "customer_completed_order" for order #79262 not sent: email type is disabled CONTEXT: {"email_type":"customer_completed_order","status":"disabled","recipient":"s.babumahesh","order":79262}
2026-08-09T06:42:10+00:00 NOTICE Email "new_order" for order #79262 not sent: email type is disabled CONTEXT: {"email_type":"new_order","status":"disabled","recipient":"Admin_Madrasmilk","order":79262}
2026-08-09T06:42:11+00:00 NOTICE Email "customer_completed_order" for order #79263 not sent: email type is disabled CONTEXT: {"email_type":"customer_completed_order","status":"disabled","recipient":"kashefa5819","order":79263}
2026-08-09T06:42:11+00:00 NOTICE Email "new_order" for order #79263 not sent: email type is disabled CONTEXT: {"email_type":"new_order","status":"disabled","recipient":"Admin_Madrasmilk","order":79263}
2026-08-09T06:42:11+00:00 NOTICE Email "customer_completed_order" for order #79264 not sent: email type is disabled CONTEXT: {"email_type":"customer_completed_order","status":"disabled","recipient":"blog4686","order":79264}
2026-08-09T06:42:11+00:00 NOTICE Email "new_order" for order #79264 not sent: email type is disabled CONTEXT: {"email_type":"new_order","status":"disabled","recipient":"Admin_Madrasmilk","order":79264}
2026-08-09T06:42:11+00:00 NOTICE Email "customer_completed_order" for order #79265 not sent: email type is disabled CONTEXT: {"email_type":"customer_completed_order","status":"disabled","recipient":"ardramana89","order":79265}
2026-08-09T06:42:11+00:00 NOTICE Email "new_order" for order #79265 not sent: email type is disabled CONTEXT: {"email_type":"new_order","status":"disabled","recipient":"Admin_Madrasmilk","order":79265}
2026-08-09T06:42:12+00:00 NOTICE Email "customer_completed_order" for order #79266 not sent: email type is disabled CONTEXT: {"email_type":"customer_completed_order","status":"disabled","recipient":"muthunarayanang","order":79266}
2026-08-09T06:42:12+00:00 NOTICE Email "new_order" for order #79266 not sent: email type is disabled CONTEXT: {"email_type":"new_order","status":"disabled","recipient":"Admin_Madrasmilk","order":79266}
2026-08-09T06:42:12+00:00 NOTICE Email "customer_completed_order" for order #79267 not sent: email type is disabled CONTEXT: {"email_type":"customer_completed_order","status":"disabled","recipient":"navnath.j84","order":79267}
2026-08-09T06:42:12+00:00 NOTICE Email "new_order" for order #79267 not sent: email type is disabled CONTEXT: {"email_type":"new_order","status":"disabled","recipient":"Admin_Madrasmilk","order":79267}
2026-08-09T06:42:12+00:00 NOTICE Email "customer_completed_order" for order #79268 not sent: email type is disabled CONTEXT: {"email_type":"customer_completed_order","status":"disabled","recipient":"miryala.pranahitha","order":79268}
2026-08-09T06:42:12+00:00 NOTICE Email "new_order" for order #79268 not sent: email type is disabled CONTEXT: {"email_type":"new_order","status":"disabled","recipient":"Admin_Madrasmilk","order":79268}
2026-08-09T06:42:13+00:00 NOTICE Email "customer_completed_order" for order #79269 not sent: email type is disabled CONTEXT: {"email_type":"customer_completed_order","status":"disabled","recipient":"rakhi27","order":79269}
2026-08-09T06:42:13+00:00 NOTICE Email "new_order" for order #79269 not sent: email type is disabled CONTEXT: {"email_type":"new_order","status":"disabled","recipient":"Admin_Madrasmilk","order":79269}
2026-08-09T06:42:13+00:00 NOTICE Email "customer_completed_order" for order #79270 not sent: email type is disabled CONTEXT: {"email_type":"customer_completed_order","status":"disabled","recipient":"mahendiran9889","order":79270}
2026-08-09T06:42:13+00:00 NOTICE Email "new_order" for order #79270 not sent: email type is disabled CONTEXT: {"email_type":"new_order","status":"disabled","recipient":"Admin_Madrasmilk","order":79270}
2026-08-09T06:42:14+00:00 NOTICE Email "customer_completed_order" for order #79271 not sent: email type is disabled CONTEXT: {"email_type":"customer_completed_order","status":"disabled","recipient":"drgitasankaran","order":79271}
2026-08-09T06:42:14+00:00 NOTICE Email "new_order" for order #79271 not sent: email type is disabled CONTEXT: {"email_type":"new_order","status":"disabled","recipient":"Admin_Madrasmilk","order":79271}
2026-08-09T06:42:14+00:00 NOTICE Email "customer_completed_order" for order #79272 not sent: email type is disabled CONTEXT: {"email_type":"customer_completed_order","status":"disabled","recipient":"jayalakshmi_kumaresan","order":79272}
2026-08-09T06:42:14+00:00 NOTICE Email "new_order" for order #79272 not sent: email type is disabled CONTEXT: {"email_type":"new_order","status":"disabled","recipient":"Admin_Madrasmilk","order":79272}
2026-08-09T06:42:14+00:00 NOTICE Email "customer_completed_order" for order #79273 not sent: email type is disabled CONTEXT: {"email_type":"customer_completed_order","status":"disabled","recipient":"avrroshini2007","order":79273}
2026-08-09T06:42:14+00:00 NOTICE Email "new_order" for order #79273 not sent: email type is disabled CONTEXT: {"email_type":"new_order","status":"disabled","recipient":"Admin_Madrasmilk","order":79273}
2026-08-09T06:42:15+00:00 NOTICE Email "customer_completed_order" for order #79274 not sent: email type is disabled CONTEXT: {"email_type":"customer_completed_order","status":"disabled","recipient":"srik.varad","order":79274}
2026-08-09T06:42:15+00:00 NOTICE Email "new_order" for order #79274 not sent: email type is disabled CONTEXT: {"email_type":"new_order","status":"disabled","recipient":"Admin_Madrasmilk","order":79274}
2026-08-09T06:42:15+00:00 NOTICE Email "customer_completed_order" for order #79275 not sent: email type is disabled CONTEXT: {"email_type":"customer_completed_order","status":"disabled","recipient":"shubhamsolanki163","order":79275}
2026-08-09T06:42:15+00:00 NOTICE Email "new_order" for order #79275 not sent: email type is disabled CONTEXT: {"email_type":"new_order","status":"disabled","recipient":"Admin_Madrasmilk","order":79275}
2026-08-09T06:42:20+00:00 NOTICE Email "customer_completed_order" for order #79276 not sent: email type is disabled CONTEXT: {"email_type":"customer_completed_order","status":"disabled","recipient":"deepikanagasamy","order":79276}
2026-08-09T06:42:20+00:00 NOTICE Email "new_order" for order #79276 not sent: email type is disabled CONTEXT: {"email_type":"new_order","status":"disabled","recipient":"Admin_Madrasmilk","order":79276}
2026-08-09T06:42:21+00:00 NOTICE Email "customer_completed_order" for order #79277 not sent: email type is disabled CONTEXT: {"email_type":"customer_completed_order","status":"disabled","recipient":"deepikanagasamy","order":79277}
2026-08-09T06:42:21+00:00 NOTICE Email "new_order" for order #79277 not sent: email type is disabled CONTEXT: {"email_type":"new_order","status":"disabled","recipient":"Admin_Madrasmilk","order":79277}
2026-08-09T06:42:21+00:00 NOTICE Email "customer_completed_order" for order #79278 not sent: email type is disabled CONTEXT: {"email_type":"customer_completed_order","status":"disabled","recipient":"sandhiyamadanagopal","order":79278}
2026-08-09T06:42:21+00:00 NOTICE Email "new_order" for order #79278 not sent: email type is disabled CONTEXT: {"email_type":"new_order","status":"disabled","recipient":"Admin_Madrasmilk","order":79278}
2026-08-09T06:42:22+00:00 NOTICE Email "customer_completed_order" for order #79279 not sent: email type is disabled CONTEXT: {"email_type":"customer_completed_order","status":"disabled","recipient":"nritijuna","order":79279}
2026-08-09T06:42:22+00:00 NOTICE Email "new_order" for order #79279 not sent: email type is disabled CONTEXT: {"email_type":"new_order","status":"disabled","recipient":"Admin_Madrasmilk","order":79279}
2026-08-09T06:42:22+00:00 NOTICE Email "customer_completed_order" for order #79280 not sent: email type is disabled CONTEXT: {"email_type":"customer_completed_order","status":"disabled","recipient":"joechris.j","order":79280}
2026-08-09T06:42:22+00:00 NOTICE Email "new_order" for order #79280 not sent: email type is disabled CONTEXT: {"email_type":"new_order","status":"disabled","recipient":"Admin_Madrasmilk","order":79280}
2026-08-09T06:42:22+00:00 NOTICE Email "customer_completed_order" for order #79281 not sent: email type is disabled CONTEXT: {"email_type":"customer_completed_order","status":"disabled","recipient":"vini.ramani","order":79281}
2026-08-09T06:42:22+00:00 NOTICE Email "new_order" for order #79281 not sent: email type is disabled CONTEXT: {"email_type":"new_order","status":"disabled","recipient":"Admin_Madrasmilk","order":79281}
2026-08-09T06:42:23+00:00 NOTICE Email "customer_completed_order" for order #79282 not sent: email type is disabled CONTEXT: {"email_type":"customer_completed_order","status":"disabled","recipient":"bindu.kakani","order":79282}
2026-08-09T06:42:23+00:00 NOTICE Email "new_order" for order #79282 not sent: email type is disabled CONTEXT: {"email_type":"new_order","status":"disabled","recipient":"Admin_Madrasmilk","order":79282}
2026-08-09T06:42:23+00:00 NOTICE Email "customer_completed_order" for order #79283 not sent: email type is disabled CONTEXT: {"email_type":"customer_completed_order","status":"disabled","recipient":"pujaquiet","order":79283}
2026-08-09T06:42:23+00:00 NOTICE Email "new_order" for order #79283 not sent: email type is disabled CONTEXT: {"email_type":"new_order","status":"disabled","recipient":"Admin_Madrasmilk","order":79283}
2026-08-09T06:42:24+00:00 NOTICE Email "customer_completed_order" for order #79284 not sent: email type is disabled CONTEXT: {"email_type":"customer_completed_order","status":"disabled","recipient":"sampath.alex","order":79284}
2026-08-09T06:42:24+00:00 NOTICE Email "new_order" for order #79284 not sent: email type is disabled CONTEXT: {"email_type":"new_order","status":"disabled","recipient":"Admin_Madrasmilk","order":79284}
2026-08-09T06:42:24+00:00 NOTICE Email "customer_completed_order" for order #79285 not sent: email type is disabled CONTEXT: {"email_type":"customer_completed_order","status":"disabled","recipient":"ven_v2","order":79285}
2026-08-09T06:42:24+00:00 NOTICE Email "new_order" for order #79285 not sent: email type is disabled CONTEXT: {"email_type":"new_order","status":"disabled","recipient":"Admin_Madrasmilk","order":79285}
2026-08-09T06:42:25+00:00 NOTICE Email "customer_completed_order" for order #79286 not sent: email type is disabled CONTEXT: {"email_type":"customer_completed_order","status":"disabled","recipient":"madhumathic","order":79286}
2026-08-09T06:42:25+00:00 NOTICE Email "new_order" for order #79286 not sent: email type is disabled CONTEXT: {"email_type":"new_order","status":"disabled","recipient":"Admin_Madrasmilk","order":79286}
2026-08-09T06:42:25+00:00 NOTICE Email "customer_completed_order" for order #79287 not sent: email type is disabled CONTEXT: {"email_type":"customer_completed_order","status":"disabled","recipient":"deepakhraj","order":79287}
2026-08-09T06:42:25+00:00 NOTICE Email "new_order" for order #79287 not sent: email type is disabled CONTEXT: {"email_type":"new_order","status":"disabled","recipient":"Admin_Madrasmilk","order":79287}
2026-08-09T06:42:25+00:00 NOTICE Email "customer_completed_order" for order #79288 not sent: email type is disabled CONTEXT: {"email_type":"customer_completed_order","status":"disabled","recipient":"sucharita.anand2","order":79288}
2026-08-09T06:42:25+00:00 NOTICE Email "new_order" for order #79288 not sent: email type is disabled CONTEXT: {"email_type":"new_order","status":"disabled","recipient":"Admin_Madrasmilk","order":79288}
2026-08-09T06:42:26+00:00 NOTICE Email "customer_completed_order" for order #79289 not sent: email type is disabled CONTEXT: {"email_type":"customer_completed_order","status":"disabled","recipient":"capt.6516ansari","order":79289}
2026-08-09T06:42:26+00:00 NOTICE Email "new_order" for order #79289 not sent: email type is disabled CONTEXT: {"email_type":"new_order","status":"disabled","recipient":"Admin_Madrasmilk","order":79289}
2026-08-09T06:42:26+00:00 NOTICE Email "customer_completed_order" for order #79290 not sent: email type is disabled CONTEXT: {"email_type":"customer_completed_order","status":"disabled","recipient":"shanky.viswanathan","order":79290}
2026-08-09T06:42:26+00:00 NOTICE Email "new_order" for order #79290 not sent: email type is disabled CONTEXT: {"email_type":"new_order","status":"disabled","recipient":"Admin_Madrasmilk","order":79290}
2026-08-09T06:42:27+00:00 NOTICE Email "customer_completed_order" for order #79291 not sent: email type is disabled CONTEXT: {"email_type":"customer_completed_order","status":"disabled","recipient":"sivaranjani2282","order":79291}
2026-08-09T06:42:27+00:00 NOTICE Email "new_order" for order #79291 not sent: email type is disabled CONTEXT: {"email_type":"new_order","status":"disabled","recipient":"Admin_Madrasmilk","order":79291}
2026-08-09T06:42:27+00:00 NOTICE Email "customer_completed_order" for order #79292 not sent: email type is disabled CONTEXT: {"email_type":"customer_completed_order","status":"disabled","recipient":"swathu20","order":79292}
2026-08-09T06:42:27+00:00 NOTICE Email "new_order" for order #79292 not sent: email type is disabled CONTEXT: {"email_type":"new_order","status":"disabled","recipient":"Admin_Madrasmilk","order":79292}
2026-08-09T06:42:27+00:00 NOTICE Email "customer_completed_order" for order #79293 not sent: email type is disabled CONTEXT: {"email_type":"customer_completed_order","status":"disabled","recipient":"raji.sreeprakash","order":79293}
2026-08-09T06:42:27+00:00 NOTICE Email "new_order" for order #79293 not sent: email type is disabled CONTEXT: {"email_type":"new_order","status":"disabled","recipient":"Admin_Madrasmilk","order":79293}
2026-08-09T06:42:28+00:00 NOTICE Email "customer_completed_order" for order #79294 not sent: email type is disabled CONTEXT: {"email_type":"customer_completed_order","status":"disabled","recipient":"khkarthick","order":79294}
2026-08-09T06:42:28+00:00 NOTICE Email "new_order" for order #79294 not sent: email type is disabled CONTEXT: {"email_type":"new_order","status":"disabled","recipient":"Admin_Madrasmilk","order":79294}
2026-08-09T06:42:28+00:00 NOTICE Email "customer_completed_order" for order #79295 not sent: email type is disabled CONTEXT: {"email_type":"customer_completed_order","status":"disabled","recipient":"ganeshp2","order":79295}
2026-08-09T06:42:28+00:00 NOTICE Email "new_order" for order #79295 not sent: email type is disabled CONTEXT: {"email_type":"new_order","status":"disabled","recipient":"Admin_Madrasmilk","order":79295}
2026-08-09T06:42:28+00:00 NOTICE Email "customer_completed_order" for order #79296 not sent: email type is disabled CONTEXT: {"email_type":"customer_completed_order","status":"disabled","recipient":"eksamy.subscribe","order":79296}
2026-08-09T06:42:28+00:00 NOTICE Email "new_order" for order #79296 not sent: email type is disabled CONTEXT: {"email_type":"new_order","status":"disabled","recipient":"Admin_Madrasmilk","order":79296}
2026-08-09T06:42:29+00:00 NOTICE Email "customer_completed_order" for order #79297 not sent: email type is disabled CONTEXT: {"email_type":"customer_completed_order","status":"disabled","recipient":"kannammalknp","order":79297}
2026-08-09T06:42:29+00:00 NOTICE Email "new_order" for order #79297 not sent: email type is disabled CONTEXT: {"email_type":"new_order","status":"disabled","recipient":"Admin_Madrasmilk","order":79297}
2026-08-09T06:42:29+00:00 NOTICE Email "customer_completed_order" for order #79298 not sent: email type is disabled CONTEXT: {"email_type":"customer_completed_order","status":"disabled","recipient":"karthik.thandapani","order":79298}
2026-08-09T06:42:29+00:00 NOTICE Email "new_order" for order #79298 not sent: email type is disabled CONTEXT: {"email_type":"new_order","status":"disabled","recipient":"Admin_Madrasmilk","order":79298}
2026-08-09T06:42:30+00:00 NOTICE Email "customer_completed_order" for order #79299 not sent: email type is disabled CONTEXT: {"email_type":"customer_completed_order","status":"disabled","recipient":"danishs764","order":79299}
2026-08-09T06:42:30+00:00 NOTICE Email "new_order" for order #79299 not sent: email type is disabled CONTEXT: {"email_type":"new_order","status":"disabled","recipient":"Admin_Madrasmilk","order":79299}
2026-08-09T06:42:30+00:00 NOTICE Email "customer_completed_order" for order #79300 not sent: email type is disabled CONTEXT: {"email_type":"customer_completed_order","status":"disabled","recipient":"srinivas6rao","order":79300}
2026-08-09T06:42:30+00:00 NOTICE Email "new_order" for order #79300 not sent: email type is disabled CONTEXT: {"email_type":"new_order","status":"disabled","recipient":"Admin_Madrasmilk","order":79300}
2026-08-09T06:42:30+00:00 NOTICE Email "customer_completed_order" for order #79301 not sent: email type is disabled CONTEXT: {"email_type":"customer_completed_order","status":"disabled","recipient":"divioct23","order":79301}
2026-08-09T06:42:30+00:00 NOTICE Email "new_order" for order #79301 not sent: email type is disabled CONTEXT: {"email_type":"new_order","status":"disabled","recipient":"Admin_Madrasmilk","order":79301}
2026-08-09T06:42:31+00:00 NOTICE Email "customer_completed_order" for order #79302 not sent: email type is disabled CONTEXT: {"email_type":"customer_completed_order","status":"disabled","recipient":"krishhants","order":79302}
2026-08-09T06:42:31+00:00 NOTICE Email "new_order" for order #79302 not sent: email type is disabled CONTEXT: {"email_type":"new_order","status":"disabled","recipient":"Admin_Madrasmilk","order":79302}
2026-08-09T06:42:31+00:00 NOTICE Email "customer_completed_order" for order #79303 not sent: email type is disabled CONTEXT: {"email_type":"customer_completed_order","status":"disabled","recipient":"ckvarier","order":79303}
2026-08-09T06:42:31+00:00 NOTICE Email "new_order" for order #79303 not sent: email type is disabled CONTEXT: {"email_type":"new_order","status":"disabled","recipient":"Admin_Madrasmilk","order":79303}
2026-08-09T06:42:32+00:00 NOTICE Email "customer_completed_order" for order #79304 not sent: email type is disabled CONTEXT: {"email_type":"customer_completed_order","status":"disabled","recipient":"venkatramshravankumar","order":79304}
2026-08-09T06:42:32+00:00 NOTICE Email "new_order" for order #79304 not sent: email type is disabled CONTEXT: {"email_type":"new_order","status":"disabled","recipient":"Admin_Madrasmilk","order":79304}
2026-08-09T06:42:32+00:00 NOTICE Email "customer_completed_order" for order #79305 not sent: email type is disabled CONTEXT: {"email_type":"customer_completed_order","status":"disabled","recipient":"krishnagseshadri","order":79305}
2026-08-09T06:42:32+00:00 NOTICE Email "new_order" for order #79305 not sent: email type is disabled CONTEXT: {"email_type":"new_order","status":"disabled","recipient":"Admin_Madrasmilk","order":79305}
2026-08-09T06:42:32+00:00 NOTICE Email "customer_completed_order" for order #79306 not sent: email type is disabled CONTEXT: {"email_type":"customer_completed_order","status":"disabled","recipient":"krishnagseshadri","order":79306}
2026-08-09T06:42:32+00:00 NOTICE Email "new_order" for order #79306 not sent: email type is disabled CONTEXT: {"email_type":"new_order","status":"disabled","recipient":"Admin_Madrasmilk","order":79306}
2026-08-09T06:42:33+00:00 NOTICE Email "customer_completed_order" for order #79307 not sent: email type is disabled CONTEXT: {"email_type":"customer_completed_order","status":"disabled","recipient":"gayviji","order":79307}
2026-08-09T06:42:33+00:00 NOTICE Email "new_order" for order #79307 not sent: email type is disabled CONTEXT: {"email_type":"new_order","status":"disabled","recipient":"Admin_Madrasmilk","order":79307}
2026-08-09T06:42:33+00:00 NOTICE Email "customer_completed_order" for order #79308 not sent: email type is disabled CONTEXT: {"email_type":"customer_completed_order","status":"disabled","recipient":"raghavan512000","order":79308}
2026-08-09T06:42:33+00:00 NOTICE Email "new_order" for order #79308 not sent: email type is disabled CONTEXT: {"email_type":"new_order","status":"disabled","recipient":"Admin_Madrasmilk","order":79308}
2026-08-09T06:42:34+00:00 NOTICE Email "customer_completed_order" for order #79309 not sent: email type is disabled CONTEXT: {"email_type":"customer_completed_order","status":"disabled","recipient":"baggubhargav","order":79309}
2026-08-09T06:42:34+00:00 NOTICE Email "new_order" for order #79309 not sent: email type is disabled CONTEXT: {"email_type":"new_order","status":"disabled","recipient":"Admin_Madrasmilk","order":79309}
2026-08-09T06:42:34+00:00 NOTICE Email "customer_completed_order" for order #79310 not sent: email type is disabled CONTEXT: {"email_type":"customer_completed_order","status":"disabled","recipient":"tanya.ganesan04","order":79310}
2026-08-09T06:42:34+00:00 NOTICE Email "new_order" for order #79310 not sent: email type is disabled CONTEXT: {"email_type":"new_order","status":"disabled","recipient":"Admin_Madrasmilk","order":79310}
2026-08-09T06:42:34+00:00 NOTICE Email "customer_completed_order" for order #79311 not sent: email type is disabled CONTEXT: {"email_type":"customer_completed_order","status":"disabled","recipient":"vaishnavi.kandala","order":79311}
2026-08-09T06:42:34+00:00 NOTICE Email "new_order" for order #79311 not sent: email type is disabled CONTEXT: {"email_type":"new_order","status":"disabled","recipient":"Admin_Madrasmilk","order":79311}
2026-08-09T06:42:35+00:00 NOTICE Email "customer_completed_order" for order #79312 not sent: email type is disabled CONTEXT: {"email_type":"customer_completed_order","status":"disabled","recipient":"vaishnavi.kandala","order":79312}
2026-08-09T06:42:35+00:00 NOTICE Email "new_order" for order #79312 not sent: email type is disabled CONTEXT: {"email_type":"new_order","status":"disabled","recipient":"Admin_Madrasmilk","order":79312}
2026-08-09T06:42:35+00:00 NOTICE Email "customer_completed_order" for order #79313 not sent: email type is disabled CONTEXT: {"email_type":"customer_completed_order","status":"disabled","recipient":"dndmi","order":79313}
2026-08-09T06:42:35+00:00 NOTICE Email "new_order" for order #79313 not sent: email type is disabled CONTEXT: {"email_type":"new_order","status":"disabled","recipient":"Admin_Madrasmilk","order":79313}
2026-08-09T06:42:36+00:00 NOTICE Email "customer_completed_order" for order #79314 not sent: email type is disabled CONTEXT: {"email_type":"customer_completed_order","status":"disabled","recipient":"gjnithyashankari","order":79314}
2026-08-09T06:42:36+00:00 NOTICE Email "new_order" for order #79314 not sent: email type is disabled CONTEXT: {"email_type":"new_order","status":"disabled","recipient":"Admin_Madrasmilk","order":79314}
2026-08-09T06:42:36+00:00 NOTICE Email "customer_completed_order" for order #79315 not sent: email type is disabled CONTEXT: {"email_type":"customer_completed_order","status":"disabled","recipient":"elisha.ebenezer","order":79315}
2026-08-09T06:42:36+00:00 NOTICE Email "new_order" for order #79315 not sent: email type is disabled CONTEXT: {"email_type":"new_order","status":"disabled","recipient":"Admin_Madrasmilk","order":79315}
2026-08-09T06:42:41+00:00 NOTICE Email "customer_completed_order" for order #79316 not sent: email type is disabled CONTEXT: {"email_type":"customer_completed_order","status":"disabled","recipient":"monicaevangeline","order":79316}
2026-08-09T06:42:41+00:00 NOTICE Email "new_order" for order #79316 not sent: email type is disabled CONTEXT: {"email_type":"new_order","status":"disabled","recipient":"Admin_Madrasmilk","order":79316}
2026-08-09T06:42:41+00:00 NOTICE Email "customer_completed_order" for order #79317 not sent: email type is disabled CONTEXT: {"email_type":"customer_completed_order","status":"disabled","recipient":"nithyaprimrose","order":79317}
2026-08-09T06:42:41+00:00 NOTICE Email "new_order" for order #79317 not sent: email type is disabled CONTEXT: {"email_type":"new_order","status":"disabled","recipient":"Admin_Madrasmilk","order":79317}
2026-08-09T06:42:42+00:00 NOTICE Email "customer_completed_order" for order #79318 not sent: email type is disabled CONTEXT: {"email_type":"customer_completed_order","status":"disabled","recipient":"mail2parthig","order":79318}
2026-08-09T06:42:42+00:00 NOTICE Email "new_order" for order #79318 not sent: email type is disabled CONTEXT: {"email_type":"new_order","status":"disabled","recipient":"Admin_Madrasmilk","order":79318}
2026-08-09T06:42:42+00:00 NOTICE Email "customer_completed_order" for order #79319 not sent: email type is disabled CONTEXT: {"email_type":"customer_completed_order","status":"disabled","recipient":"agatha.ryazhl","order":79319}
2026-08-09T06:42:42+00:00 NOTICE Email "new_order" for order #79319 not sent: email type is disabled CONTEXT: {"email_type":"new_order","status":"disabled","recipient":"Admin_Madrasmilk","order":79319}
2026-08-09T06:42:42+00:00 NOTICE Email "customer_completed_order" for order #79320 not sent: email type is disabled CONTEXT: {"email_type":"customer_completed_order","status":"disabled","recipient":"agatha.ryazhl","order":79320}
2026-08-09T06:42:42+00:00 NOTICE Email "new_order" for order #79320 not sent: email type is disabled CONTEXT: {"email_type":"new_order","status":"disabled","recipient":"Admin_Madrasmilk","order":79320}
2026-08-09T06:42:43+00:00 NOTICE Email "customer_completed_order" for order #79321 not sent: email type is disabled CONTEXT: {"email_type":"customer_completed_order","status":"disabled","recipient":"suganyaindia","order":79321}
2026-08-09T06:42:43+00:00 NOTICE Email "new_order" for order #79321 not sent: email type is disabled CONTEXT: {"email_type":"new_order","status":"disabled","recipient":"Admin_Madrasmilk","order":79321}
2026-08-09T06:42:43+00:00 NOTICE Email "customer_completed_order" for order #79322 not sent: email type is disabled CONTEXT: {"email_type":"customer_completed_order","status":"disabled","recipient":"durgaa.v","order":79322}
2026-08-09T06:42:43+00:00 NOTICE Email "new_order" for order #79322 not sent: email type is disabled CONTEXT: {"email_type":"new_order","status":"disabled","recipient":"Admin_Madrasmilk","order":79322}
2026-08-09T06:42:44+00:00 NOTICE Email "customer_completed_order" for order #79323 not sent: email type is disabled CONTEXT: {"email_type":"customer_completed_order","status":"disabled","recipient":"rajeswari.sivam","order":79323}
2026-08-09T06:42:44+00:00 NOTICE Email "new_order" for order #79323 not sent: email type is disabled CONTEXT: {"email_type":"new_order","status":"disabled","recipient":"Admin_Madrasmilk","order":79323}
2026-08-09T06:42:44+00:00 NOTICE Email "customer_completed_order" for order #79324 not sent: email type is disabled CONTEXT: {"email_type":"customer_completed_order","status":"disabled","recipient":"vasanthnc","order":79324}
2026-08-09T06:42:44+00:00 NOTICE Email "new_order" for order #79324 not sent: email type is disabled CONTEXT: {"email_type":"new_order","status":"disabled","recipient":"Admin_Madrasmilk","order":79324}
2026-08-09T06:42:44+00:00 NOTICE Email "customer_completed_order" for order #79325 not sent: email type is disabled CONTEXT: {"email_type":"customer_completed_order","status":"disabled","recipient":"flamingotravels2010","order":79325}
2026-08-09T06:42:44+00:00 NOTICE Email "new_order" for order #79325 not sent: email type is disabled CONTEXT: {"email_type":"new_order","status":"disabled","recipient":"Admin_Madrasmilk","order":79325}
2026-08-09T06:42:45+00:00 NOTICE Email "customer_completed_order" for order #79326 not sent: email type is disabled CONTEXT: {"email_type":"customer_completed_order","status":"disabled","recipient":"syed.wasim4567","order":79326}
2026-08-09T06:42:45+00:00 NOTICE Email "new_order" for order #79326 not sent: email type is disabled CONTEXT: {"email_type":"new_order","status":"disabled","recipient":"Admin_Madrasmilk","order":79326}
2026-08-09T06:42:45+00:00 NOTICE Email "customer_completed_order" for order #79327 not sent: email type is disabled CONTEXT: {"email_type":"customer_completed_order","status":"disabled","recipient":"acgsruthi16","order":79327}
2026-08-09T06:42:45+00:00 NOTICE Email "new_order" for order #79327 not sent: email type is disabled CONTEXT: {"email_type":"new_order","status":"disabled","recipient":"Admin_Madrasmilk","order":79327}
2026-08-09T06:42:46+00:00 NOTICE Email "customer_completed_order" for order #79328 not sent: email type is disabled CONTEXT: {"email_type":"customer_completed_order","status":"disabled","recipient":"vani.vj","order":79328}
2026-08-09T06:42:46+00:00 NOTICE Email "new_order" for order #79328 not sent: email type is disabled CONTEXT: {"email_type":"new_order","status":"disabled","recipient":"Admin_Madrasmilk","order":79328}
2026-08-09T06:42:46+00:00 NOTICE Email "customer_completed_order" for order #79329 not sent: email type is disabled CONTEXT: {"email_type":"customer_completed_order","status":"disabled","recipient":"naveen.durai92","order":79329}
2026-08-09T06:42:46+00:00 NOTICE Email "new_order" for order #79329 not sent: email type is disabled CONTEXT: {"email_type":"new_order","status":"disabled","recipient":"Admin_Madrasmilk","order":79329}
2026-08-09T06:42:47+00:00 NOTICE Email "customer_completed_order" for order #79330 not sent: email type is disabled CONTEXT: {"email_type":"customer_completed_order","status":"disabled","recipient":"viveksundar","order":79330}
2026-08-09T06:42:47+00:00 NOTICE Email "new_order" for order #79330 not sent: email type is disabled CONTEXT: {"email_type":"new_order","status":"disabled","recipient":"Admin_Madrasmilk","order":79330}
2026-08-09T06:42:47+00:00 NOTICE Email "customer_completed_order" for order #79331 not sent: email type is disabled CONTEXT: {"email_type":"customer_completed_order","status":"disabled","recipient":"vanisidz","order":79331}
2026-08-09T06:42:47+00:00 NOTICE Email "new_order" for order #79331 not sent: email type is disabled CONTEXT: {"email_type":"new_order","status":"disabled","recipient":"Admin_Madrasmilk","order":79331}
2026-08-09T06:42:47+00:00 NOTICE Email "customer_completed_order" for order #79332 not sent: email type is disabled CONTEXT: {"email_type":"customer_completed_order","status":"disabled","recipient":"vsimpson","order":79332}
2026-08-09T06:42:47+00:00 NOTICE Email "new_order" for order #79332 not sent: email type is disabled CONTEXT: {"email_type":"new_order","status":"disabled","recipient":"Admin_Madrasmilk","order":79332}
2026-08-09T06:42:48+00:00 NOTICE Email "customer_completed_order" for order #79333 not sent: email type is disabled CONTEXT: {"email_type":"customer_completed_order","status":"disabled","recipient":"pathu02","order":79333}
2026-08-09T06:42:48+00:00 NOTICE Email "new_order" for order #79333 not sent: email type is disabled CONTEXT: {"email_type":"new_order","status":"disabled","recipient":"Admin_Madrasmilk","order":79333}
2026-08-09T06:42:48+00:00 NOTICE Email "customer_completed_order" for order #79334 not sent: email type is disabled CONTEXT: {"email_type":"customer_completed_order","status":"disabled","recipient":"deepkamalverma28","order":79334}
2026-08-09T06:42:48+00:00 NOTICE Email "new_order" for order #79334 not sent: email type is disabled CONTEXT: {"email_type":"new_order","status":"disabled","recipient":"Admin_Madrasmilk","order":79334}
2026-08-09T06:42:49+00:00 NOTICE Email "customer_completed_order" for order #79335 not sent: email type is disabled CONTEXT: {"email_type":"customer_completed_order","status":"disabled","recipient":"arvind.ashok","order":79335}
2026-08-09T06:42:49+00:00 NOTICE Email "new_order" for order #79335 not sent: email type is disabled CONTEXT: {"email_type":"new_order","status":"disabled","recipient":"Admin_Madrasmilk","order":79335}
2026-08-09T06:42:49+00:00 NOTICE Email "customer_completed_order" for order #79336 not sent: email type is disabled CONTEXT: {"email_type":"customer_completed_order","status":"disabled","recipient":"suneelsunsoft","order":79336}
2026-08-09T06:42:49+00:00 NOTICE Email "new_order" for order #79336 not sent: email type is disabled CONTEXT: {"email_type":"new_order","status":"disabled","recipient":"Admin_Madrasmilk","order":79336}
2026-08-09T06:42:50+00:00 NOTICE Email "customer_completed_order" for order #79337 not sent: email type is disabled CONTEXT: {"email_type":"customer_completed_order","status":"disabled","recipient":"suneelsunsoft","order":79337}
2026-08-09T06:42:50+00:00 NOTICE Email "new_order" for order #79337 not sent: email type is disabled CONTEXT: {"email_type":"new_order","status":"disabled","recipient":"Admin_Madrasmilk","order":79337}
2026-08-09T06:42:50+00:00 NOTICE Email "customer_completed_order" for order #79338 not sent: email type is disabled CONTEXT: {"email_type":"customer_completed_order","status":"disabled","recipient":"jhanani.montessori","order":79338}
2026-08-09T06:42:50+00:00 NOTICE Email "new_order" for order #79338 not sent: email type is disabled CONTEXT: {"email_type":"new_order","status":"disabled","recipient":"Admin_Madrasmilk","order":79338}
2026-08-09T06:42:51+00:00 NOTICE Email "customer_completed_order" for order #79339 not sent: email type is disabled CONTEXT: {"email_type":"customer_completed_order","status":"disabled","recipient":"aishwarya4a","order":79339}
2026-08-09T06:42:51+00:00 NOTICE Email "new_order" for order #79339 not sent: email type is disabled CONTEXT: {"email_type":"new_order","status":"disabled","recipient":"Admin_Madrasmilk","order":79339}
2026-08-09T06:42:51+00:00 NOTICE Email "customer_completed_order" for order #79340 not sent: email type is disabled CONTEXT: {"email_type":"customer_completed_order","status":"disabled","recipient":"monishakannusamy","order":79340}
2026-08-09T06:42:51+00:00 NOTICE Email "new_order" for order #79340 not sent: email type is disabled CONTEXT: {"email_type":"new_order","status":"disabled","recipient":"Admin_Madrasmilk","order":79340}
2026-08-09T06:42:51+00:00 NOTICE Email "customer_completed_order" for order #79341 not sent: email type is disabled CONTEXT: {"email_type":"customer_completed_order","status":"disabled","recipient":"poba99ads","order":79341}
2026-08-09T06:42:51+00:00 NOTICE Email "new_order" for order #79341 not sent: email type is disabled CONTEXT: {"email_type":"new_order","status":"disabled","recipient":"Admin_Madrasmilk","order":79341}
2026-08-09T06:42:52+00:00 NOTICE Email "customer_completed_order" for order #79342 not sent: email type is disabled CONTEXT: {"email_type":"customer_completed_order","status":"disabled","recipient":"shankark313","order":79342}
2026-08-09T06:42:52+00:00 NOTICE Email "new_order" for order #79342 not sent: email type is disabled CONTEXT: {"email_type":"new_order","status":"disabled","recipient":"Admin_Madrasmilk","order":79342}
2026-08-09T06:42:52+00:00 NOTICE Email "customer_completed_order" for order #79343 not sent: email type is disabled CONTEXT: {"email_type":"customer_completed_order","status":"disabled","recipient":"sameerkumar.vn","order":79343}
2026-08-09T06:42:52+00:00 NOTICE Email "new_order" for order #79343 not sent: email type is disabled CONTEXT: {"email_type":"new_order","status":"disabled","recipient":"Admin_Madrasmilk","order":79343}
2026-08-09T06:42:53+00:00 NOTICE Email "customer_completed_order" for order #79344 not sent: email type is disabled CONTEXT: {"email_type":"customer_completed_order","status":"disabled","recipient":"sameerkumar.vn","order":79344}
2026-08-09T06:42:53+00:00 NOTICE Email "new_order" for order #79344 not sent: email type is disabled CONTEXT: {"email_type":"new_order","status":"disabled","recipient":"Admin_Madrasmilk","order":79344}
2026-08-09T06:42:53+00:00 NOTICE Email "customer_completed_order" for order #79345 not sent: email type is disabled CONTEXT: {"email_type":"customer_completed_order","status":"disabled","recipient":"abhishekgaur.79","order":79345}
2026-08-09T06:42:53+00:00 NOTICE Email "new_order" for order #79345 not sent: email type is disabled CONTEXT: {"email_type":"new_order","status":"disabled","recipient":"Admin_Madrasmilk","order":79345}
2026-08-09T06:42:54+00:00 NOTICE Email "customer_completed_order" for order #79346 not sent: email type is disabled CONTEXT: {"email_type":"customer_completed_order","status":"disabled","recipient":"nareshmuthiah","order":79346}
2026-08-09T06:42:54+00:00 NOTICE Email "new_order" for order #79346 not sent: email type is disabled CONTEXT: {"email_type":"new_order","status":"disabled","recipient":"Admin_Madrasmilk","order":79346}
2026-08-09T06:42:54+00:00 NOTICE Email "customer_completed_order" for order #79347 not sent: email type is disabled CONTEXT: {"email_type":"customer_completed_order","status":"disabled","recipient":"swathi270391","order":79347}
2026-08-09T06:42:54+00:00 NOTICE Email "new_order" for order #79347 not sent: email type is disabled CONTEXT: {"email_type":"new_order","status":"disabled","recipient":"Admin_Madrasmilk","order":79347}
2026-08-09T06:42:55+00:00 NOTICE Email "customer_completed_order" for order #79348 not sent: email type is disabled CONTEXT: {"email_type":"customer_completed_order","status":"disabled","recipient":"iluvgold6","order":79348}
2026-08-09T06:42:55+00:00 NOTICE Email "new_order" for order #79348 not sent: email type is disabled CONTEXT: {"email_type":"new_order","status":"disabled","recipient":"Admin_Madrasmilk","order":79348}
2026-08-09T06:42:55+00:00 NOTICE Email "customer_completed_order" for order #79349 not sent: email type is disabled CONTEXT: {"email_type":"customer_completed_order","status":"disabled","recipient":"nanditha.sivaramakrishnan","order":79349}
2026-08-09T06:42:55+00:00 NOTICE Email "new_order" for order #79349 not sent: email type is disabled CONTEXT: {"email_type":"new_order","status":"disabled","recipient":"Admin_Madrasmilk","order":79349}
2026-08-09T06:42:56+00:00 NOTICE Email "customer_completed_order" for order #79350 not sent: email type is disabled CONTEXT: {"email_type":"customer_completed_order","status":"disabled","recipient":"parimalanv1937","order":79350}
2026-08-09T06:42:56+00:00 NOTICE Email "new_order" for order #79350 not sent: email type is disabled CONTEXT: {"email_type":"new_order","status":"disabled","recipient":"Admin_Madrasmilk","order":79350}
2026-08-09T06:42:56+00:00 NOTICE Email "customer_completed_order" for order #79351 not sent: email type is disabled CONTEXT: {"email_type":"customer_completed_order","status":"disabled","recipient":"vijikrish85","order":79351}
2026-08-09T06:42:56+00:00 NOTICE Email "new_order" for order #79351 not sent: email type is disabled CONTEXT: {"email_type":"new_order","status":"disabled","recipient":"Admin_Madrasmilk","order":79351}
2026-08-09T06:42:56+00:00 NOTICE Email "customer_completed_order" for order #79352 not sent: email type is disabled CONTEXT: {"email_type":"customer_completed_order","status":"disabled","recipient":"mrsananthavalli","order":79352}
2026-08-09T06:42:56+00:00 NOTICE Email "new_order" for order #79352 not sent: email type is disabled CONTEXT: {"email_type":"new_order","status":"disabled","recipient":"Admin_Madrasmilk","order":79352}
2026-08-09T06:42:57+00:00 NOTICE Email "customer_completed_order" for order #79353 not sent: email type is disabled CONTEXT: {"email_type":"customer_completed_order","status":"disabled","recipient":"mrsananthavalli","order":79353}
2026-08-09T06:42:57+00:00 NOTICE Email "new_order" for order #79353 not sent: email type is disabled CONTEXT: {"email_type":"new_order","status":"disabled","recipient":"Admin_Madrasmilk","order":79353}
2026-08-09T06:42:57+00:00 NOTICE Email "customer_completed_order" for order #79354 not sent: email type is disabled CONTEXT: {"email_type":"customer_completed_order","status":"disabled","recipient":"sudhanshu.shukla86","order":79354}
2026-08-09T06:42:57+00:00 NOTICE Email "new_order" for order #79354 not sent: email type is disabled CONTEXT: {"email_type":"new_order","status":"disabled","recipient":"Admin_Madrasmilk","order":79354}
2026-08-09T06:42:58+00:00 NOTICE Email "customer_completed_order" for order #79355 not sent: email type is disabled CONTEXT: {"email_type":"customer_completed_order","status":"disabled","recipient":"febinar","order":79355}
2026-08-09T06:42:58+00:00 NOTICE Email "new_order" for order #79355 not sent: email type is disabled CONTEXT: {"email_type":"new_order","status":"disabled","recipient":"Admin_Madrasmilk","order":79355}
2026-08-09T06:43:03+00:00 NOTICE Email "customer_completed_order" for order #79356 not sent: email type is disabled CONTEXT: {"email_type":"customer_completed_order","status":"disabled","recipient":"prakashbhai123","order":79356}
2026-08-09T06:43:03+00:00 NOTICE Email "new_order" for order #79356 not sent: email type is disabled CONTEXT: {"email_type":"new_order","status":"disabled","recipient":"Admin_Madrasmilk","order":79356}
2026-08-09T06:43:03+00:00 NOTICE Email "customer_completed_order" for order #79357 not sent: email type is disabled CONTEXT: {"email_type":"customer_completed_order","status":"disabled","recipient":"prakashbhai123","order":79357}
2026-08-09T06:43:03+00:00 NOTICE Email "new_order" for order #79357 not sent: email type is disabled CONTEXT: {"email_type":"new_order","status":"disabled","recipient":"Admin_Madrasmilk","order":79357}
2026-08-09T06:43:04+00:00 NOTICE Email "customer_completed_order" for order #79358 not sent: email type is disabled CONTEXT: {"email_type":"customer_completed_order","status":"disabled","recipient":"squareofgold","order":79358}
2026-08-09T06:43:04+00:00 NOTICE Email "new_order" for order #79358 not sent: email type is disabled CONTEXT: {"email_type":"new_order","status":"disabled","recipient":"Admin_Madrasmilk","order":79358}
2026-08-09T06:43:04+00:00 NOTICE Email "customer_completed_order" for order #79359 not sent: email type is disabled CONTEXT: {"email_type":"customer_completed_order","status":"disabled","recipient":"anushb6","order":79359}
2026-08-09T06:43:04+00:00 NOTICE Email "new_order" for order #79359 not sent: email type is disabled CONTEXT: {"email_type":"new_order","status":"disabled","recipient":"Admin_Madrasmilk","order":79359}
2026-08-09T06:43:05+00:00 NOTICE Email "customer_completed_order" for order #79360 not sent: email type is disabled CONTEXT: {"email_type":"customer_completed_order","status":"disabled","recipient":"anushb6","order":79360}
2026-08-09T06:43:05+00:00 NOTICE Email "new_order" for order #79360 not sent: email type is disabled CONTEXT: {"email_type":"new_order","status":"disabled","recipient":"Admin_Madrasmilk","order":79360}
2026-08-09T06:43:05+00:00 NOTICE Email "customer_completed_order" for order #79361 not sent: email type is disabled CONTEXT: {"email_type":"customer_completed_order","status":"disabled","recipient":"tincysarasolomon","order":79361}
2026-08-09T06:43:05+00:00 NOTICE Email "new_order" for order #79361 not sent: email type is disabled CONTEXT: {"email_type":"new_order","status":"disabled","recipient":"Admin_Madrasmilk","order":79361}
2026-08-09T06:43:05+00:00 NOTICE Email "customer_completed_order" for order #79362 not sent: email type is disabled CONTEXT: {"email_type":"customer_completed_order","status":"disabled","recipient":"sandyraja","order":79362}
2026-08-09T06:43:05+00:00 NOTICE Email "new_order" for order #79362 not sent: email type is disabled CONTEXT: {"email_type":"new_order","status":"disabled","recipient":"Admin_Madrasmilk","order":79362}
2026-08-09T06:43:06+00:00 NOTICE Email "customer_completed_order" for order #79363 not sent: email type is disabled CONTEXT: {"email_type":"customer_completed_order","status":"disabled","recipient":"ramsarun1","order":79363}
2026-08-09T06:43:06+00:00 NOTICE Email "new_order" for order #79363 not sent: email type is disabled CONTEXT: {"email_type":"new_order","status":"disabled","recipient":"Admin_Madrasmilk","order":79363}
2026-08-09T06:43:06+00:00 NOTICE Email "customer_completed_order" for order #79364 not sent: email type is disabled CONTEXT: {"email_type":"customer_completed_order","status":"disabled","recipient":"kumaralagappan","order":79364}
2026-08-09T06:43:06+00:00 NOTICE Email "new_order" for order #79364 not sent: email type is disabled CONTEXT: {"email_type":"new_order","status":"disabled","recipient":"Admin_Madrasmilk","order":79364}
2026-08-09T06:43:07+00:00 NOTICE Email "customer_completed_order" for order #79365 not sent: email type is disabled CONTEXT: {"email_type":"customer_completed_order","status":"disabled","recipient":"davinaeddy","order":79365}
2026-08-09T06:43:07+00:00 NOTICE Email "new_order" for order #79365 not sent: email type is disabled CONTEXT: {"email_type":"new_order","status":"disabled","recipient":"Admin_Madrasmilk","order":79365}
2026-08-09T06:43:07+00:00 NOTICE Email "customer_completed_order" for order #79366 not sent: email type is disabled CONTEXT: {"email_type":"customer_completed_order","status":"disabled","recipient":"meenatom","order":79366}
2026-08-09T06:43:07+00:00 NOTICE Email "new_order" for order #79366 not sent: email type is disabled CONTEXT: {"email_type":"new_order","status":"disabled","recipient":"Admin_Madrasmilk","order":79366}
2026-08-09T06:43:07+00:00 NOTICE Email "customer_completed_order" for order #79367 not sent: email type is disabled CONTEXT: {"email_type":"customer_completed_order","status":"disabled","recipient":"balachandar.chinta","order":79367}
2026-08-09T06:43:07+00:00 NOTICE Email "new_order" for order #79367 not sent: email type is disabled CONTEXT: {"email_type":"new_order","status":"disabled","recipient":"Admin_Madrasmilk","order":79367}
2026-08-09T06:43:08+00:00 NOTICE Email "customer_completed_order" for order #79368 not sent: email type is disabled CONTEXT: {"email_type":"customer_completed_order","status":"disabled","recipient":"anishamn","order":79368}
2026-08-09T06:43:08+00:00 NOTICE Email "new_order" for order #79368 not sent: email type is disabled CONTEXT: {"email_type":"new_order","status":"disabled","recipient":"Admin_Madrasmilk","order":79368}
2026-08-09T06:43:08+00:00 NOTICE Email "customer_completed_order" for order #79369 not sent: email type is disabled CONTEXT: {"email_type":"customer_completed_order","status":"disabled","recipient":"psdvpraju","order":79369}
2026-08-09T06:43:08+00:00 NOTICE Email "new_order" for order #79369 not sent: email type is disabled CONTEXT: {"email_type":"new_order","status":"disabled","recipient":"Admin_Madrasmilk","order":79369}
2026-08-09T06:43:08+00:00 NOTICE Email "customer_completed_order" for order #79370 not sent: email type is disabled CONTEXT: {"email_type":"customer_completed_order","status":"disabled","recipient":"gunasekaran.babu","order":79370}
2026-08-09T06:43:08+00:00 NOTICE Email "new_order" for order #79370 not sent: email type is disabled CONTEXT: {"email_type":"new_order","status":"disabled","recipient":"Admin_Madrasmilk","order":79370}
2026-08-09T06:43:09+00:00 NOTICE Email "customer_completed_order" for order #79371 not sent: email type is disabled CONTEXT: {"email_type":"customer_completed_order","status":"disabled","recipient":"prasannadevi.1989","order":79371}
2026-08-09T06:43:09+00:00 NOTICE Email "new_order" for order #79371 not sent: email type is disabled CONTEXT: {"email_type":"new_order","status":"disabled","recipient":"Admin_Madrasmilk","order":79371}
2026-08-09T06:43:09+00:00 NOTICE Email "customer_completed_order" for order #79372 not sent: email type is disabled CONTEXT: {"email_type":"customer_completed_order","status":"disabled","recipient":"jayshreethaker1","order":79372}
2026-08-09T06:43:09+00:00 NOTICE Email "new_order" for order #79372 not sent: email type is disabled CONTEXT: {"email_type":"new_order","status":"disabled","recipient":"Admin_Madrasmilk","order":79372}
2026-08-09T06:43:10+00:00 NOTICE Email "customer_completed_order" for order #79373 not sent: email type is disabled CONTEXT: {"email_type":"customer_completed_order","status":"disabled","recipient":"ramyabashyam298","order":79373}
2026-08-09T06:43:10+00:00 NOTICE Email "new_order" for order #79373 not sent: email type is disabled CONTEXT: {"email_type":"new_order","status":"disabled","recipient":"Admin_Madrasmilk","order":79373}
2026-08-09T06:43:10+00:00 NOTICE Email "customer_completed_order" for order #79374 not sent: email type is disabled CONTEXT: {"email_type":"customer_completed_order","status":"disabled","recipient":"nithi18.a","order":79374}
2026-08-09T06:43:10+00:00 NOTICE Email "new_order" for order #79374 not sent: email type is disabled CONTEXT: {"email_type":"new_order","status":"disabled","recipient":"Admin_Madrasmilk","order":79374}
2026-08-09T06:43:10+00:00 NOTICE Email "customer_completed_order" for order #79375 not sent: email type is disabled CONTEXT: {"email_type":"customer_completed_order","status":"disabled","recipient":"gary3889","order":79375}
2026-08-09T06:43:10+00:00 NOTICE Email "new_order" for order #79375 not sent: email type is disabled CONTEXT: {"email_type":"new_order","status":"disabled","recipient":"Admin_Madrasmilk","order":79375}
2026-08-09T06:43:11+00:00 NOTICE Email "customer_completed_order" for order #79376 not sent: email type is disabled CONTEXT: {"email_type":"customer_completed_order","status":"disabled","recipient":"ragulrajamani","order":79376}
2026-08-09T06:43:11+00:00 NOTICE Email "new_order" for order #79376 not sent: email type is disabled CONTEXT: {"email_type":"new_order","status":"disabled","recipient":"Admin_Madrasmilk","order":79376}
2026-08-09T06:43:11+00:00 NOTICE Email "customer_completed_order" for order #79377 not sent: email type is disabled CONTEXT: {"email_type":"customer_completed_order","status":"disabled","recipient":"nrrlatha","order":79377}
2026-08-09T06:43:11+00:00 NOTICE Email "new_order" for order #79377 not sent: email type is disabled CONTEXT: {"email_type":"new_order","status":"disabled","recipient":"Admin_Madrasmilk","order":79377}
2026-08-09T06:43:12+00:00 NOTICE Email "customer_completed_order" for order #79378 not sent: email type is disabled CONTEXT: {"email_type":"customer_completed_order","status":"disabled","recipient":"its_bijur","order":79378}
2026-08-09T06:43:12+00:00 NOTICE Email "new_order" for order #79378 not sent: email type is disabled CONTEXT: {"email_type":"new_order","status":"disabled","recipient":"Admin_Madrasmilk","order":79378}
2026-08-09T06:43:12+00:00 NOTICE Email "customer_completed_order" for order #79379 not sent: email type is disabled CONTEXT: {"email_type":"customer_completed_order","status":"disabled","recipient":"dinesh.kmurthy","order":79379}
2026-08-09T06:43:12+00:00 NOTICE Email "new_order" for order #79379 not sent: email type is disabled CONTEXT: {"email_type":"new_order","status":"disabled","recipient":"Admin_Madrasmilk","order":79379}
2026-08-09T06:43:12+00:00 NOTICE Email "customer_completed_order" for order #79380 not sent: email type is disabled CONTEXT: {"email_type":"customer_completed_order","status":"disabled","recipient":"ambica11880","order":79380}
2026-08-09T06:43:12+00:00 NOTICE Email "new_order" for order #79380 not sent: email type is disabled CONTEXT: {"email_type":"new_order","status":"disabled","recipient":"Admin_Madrasmilk","order":79380}
2026-08-09T06:43:13+00:00 NOTICE Email "customer_completed_order" for order #79381 not sent: email type is disabled CONTEXT: {"email_type":"customer_completed_order","status":"disabled","recipient":"sainikamini045","order":79381}
2026-08-09T06:43:13+00:00 NOTICE Email "new_order" for order #79381 not sent: email type is disabled CONTEXT: {"email_type":"new_order","status":"disabled","recipient":"Admin_Madrasmilk","order":79381}
2026-08-09T06:43:13+00:00 NOTICE Email "customer_completed_order" for order #79382 not sent: email type is disabled CONTEXT: {"email_type":"customer_completed_order","status":"disabled","recipient":"bhradv73","order":79382}
2026-08-09T06:43:13+00:00 NOTICE Email "new_order" for order #79382 not sent: email type is disabled CONTEXT: {"email_type":"new_order","status":"disabled","recipient":"Admin_Madrasmilk","order":79382}
2026-08-09T06:43:14+00:00 NOTICE Email "customer_completed_order" for order #79383 not sent: email type is disabled CONTEXT: {"email_type":"customer_completed_order","status":"disabled","recipient":"jayanthi.hari","order":79383}
2026-08-09T06:43:14+00:00 NOTICE Email "new_order" for order #79383 not sent: email type is disabled CONTEXT: {"email_type":"new_order","status":"disabled","recipient":"Admin_Madrasmilk","order":79383}
2026-08-09T06:43:14+00:00 NOTICE Email "customer_completed_order" for order #79384 not sent: email type is disabled CONTEXT: {"email_type":"customer_completed_order","status":"disabled","recipient":"remanjali","order":79384}
2026-08-09T06:43:14+00:00 NOTICE Email "new_order" for order #79384 not sent: email type is disabled CONTEXT: {"email_type":"new_order","status":"disabled","recipient":"Admin_Madrasmilk","order":79384}
2026-08-09T06:43:14+00:00 NOTICE Email "customer_completed_order" for order #79385 not sent: email type is disabled CONTEXT: {"email_type":"customer_completed_order","status":"disabled","recipient":"ra.ramesh1963","order":79385}
2026-08-09T06:43:14+00:00 NOTICE Email "new_order" for order #79385 not sent: email type is disabled CONTEXT: {"email_type":"new_order","status":"disabled","recipient":"Admin_Madrasmilk","order":79385}
2026-08-09T06:43:15+00:00 NOTICE Email "customer_completed_order" for order #79386 not sent: email type is disabled CONTEXT: {"email_type":"customer_completed_order","status":"disabled","recipient":"kkaran1993","order":79386}
2026-08-09T06:43:15+00:00 NOTICE Email "new_order" for order #79386 not sent: email type is disabled CONTEXT: {"email_type":"new_order","status":"disabled","recipient":"Admin_Madrasmilk","order":79386}
2026-08-09T06:43:15+00:00 NOTICE Email "customer_completed_order" for order #79387 not sent: email type is disabled CONTEXT: {"email_type":"customer_completed_order","status":"disabled","recipient":"dhyaneshwarganesh","order":79387}
2026-08-09T06:43:15+00:00 NOTICE Email "new_order" for order #79387 not sent: email type is disabled CONTEXT: {"email_type":"new_order","status":"disabled","recipient":"Admin_Madrasmilk","order":79387}
2026-08-09T06:43:15+00:00 NOTICE Email "customer_completed_order" for order #79388 not sent: email type is disabled CONTEXT: {"email_type":"customer_completed_order","status":"disabled","recipient":"vinitha_jpr","order":79388}
2026-08-09T06:43:15+00:00 NOTICE Email "new_order" for order #79388 not sent: email type is disabled CONTEXT: {"email_type":"new_order","status":"disabled","recipient":"Admin_Madrasmilk","order":79388}
2026-08-09T06:43:16+00:00 NOTICE Email "customer_completed_order" for order #79389 not sent: email type is disabled CONTEXT: {"email_type":"customer_completed_order","status":"disabled","recipient":"gayattri.manohar","order":79389}
2026-08-09T06:43:16+00:00 NOTICE Email "new_order" for order #79389 not sent: email type is disabled CONTEXT: {"email_type":"new_order","status":"disabled","recipient":"Admin_Madrasmilk","order":79389}
2026-08-09T06:43:16+00:00 NOTICE Email "customer_completed_order" for order #79390 not sent: email type is disabled CONTEXT: {"email_type":"customer_completed_order","status":"disabled","recipient":"ums.susmitha","order":79390}
2026-08-09T06:43:16+00:00 NOTICE Email "new_order" for order #79390 not sent: email type is disabled CONTEXT: {"email_type":"new_order","status":"disabled","recipient":"Admin_Madrasmilk","order":79390}
2026-08-09T06:43:17+00:00 NOTICE Email "customer_completed_order" for order #79391 not sent: email type is disabled CONTEXT: {"email_type":"customer_completed_order","status":"disabled","recipient":"nathanveer","order":79391}
2026-08-09T06:43:17+00:00 NOTICE Email "new_order" for order #79391 not sent: email type is disabled CONTEXT: {"email_type":"new_order","status":"disabled","recipient":"Admin_Madrasmilk","order":79391}
2026-08-09T06:43:17+00:00 NOTICE Email "customer_completed_order" for order #79392 not sent: email type is disabled CONTEXT: {"email_type":"customer_completed_order","status":"disabled","recipient":"aprajita_sapra","order":79392}
2026-08-09T06:43:17+00:00 NOTICE Email "new_order" for order #79392 not sent: email type is disabled CONTEXT: {"email_type":"new_order","status":"disabled","recipient":"Admin_Madrasmilk","order":79392}
2026-08-09T06:43:17+00:00 NOTICE Email "customer_completed_order" for order #79393 not sent: email type is disabled CONTEXT: {"email_type":"customer_completed_order","status":"disabled","recipient":"shopping.sivasuganya","order":79393}
2026-08-09T06:43:17+00:00 NOTICE Email "new_order" for order #79393 not sent: email type is disabled CONTEXT: {"email_type":"new_order","status":"disabled","recipient":"Admin_Madrasmilk","order":79393}
2026-08-09T06:43:18+00:00 NOTICE Email "customer_completed_order" for order #79394 not sent: email type is disabled CONTEXT: {"email_type":"customer_completed_order","status":"disabled","recipient":"captainharisd","order":79394}
2026-08-09T06:43:18+00:00 NOTICE Email "new_order" for order #79394 not sent: email type is disabled CONTEXT: {"email_type":"new_order","status":"disabled","recipient":"Admin_Madrasmilk","order":79394}
2026-08-09T06:43:18+00:00 NOTICE Email "customer_completed_order" for order #79395 not sent: email type is disabled CONTEXT: {"email_type":"customer_completed_order","status":"disabled","recipient":"sashi.santhosh","order":79395}
2026-08-09T06:43:18+00:00 NOTICE Email "new_order" for order #79395 not sent: email type is disabled CONTEXT: {"email_type":"new_order","status":"disabled","recipient":"Admin_Madrasmilk","order":79395}
2026-08-09T06:43:23+00:00 NOTICE Email "customer_completed_order" for order #79396 not sent: email type is disabled CONTEXT: {"email_type":"customer_completed_order","status":"disabled","recipient":"rithvikmahendhiran","order":79396}
2026-08-09T06:43:23+00:00 NOTICE Email "new_order" for order #79396 not sent: email type is disabled CONTEXT: {"email_type":"new_order","status":"disabled","recipient":"Admin_Madrasmilk","order":79396}
2026-08-09T06:43:23+00:00 NOTICE Email "customer_completed_order" for order #79397 not sent: email type is disabled CONTEXT: {"email_type":"customer_completed_order","status":"disabled","recipient":"muralicbe83","order":79397}
2026-08-09T06:43:24+00:00 NOTICE Email "new_order" for order #79397 not sent: email type is disabled CONTEXT: {"email_type":"new_order","status":"disabled","recipient":"Admin_Madrasmilk","order":79397}
2026-08-09T06:43:24+00:00 NOTICE Email "customer_completed_order" for order #79398 not sent: email type is disabled CONTEXT: {"email_type":"customer_completed_order","status":"disabled","recipient":"vanajhari","order":79398}
2026-08-09T06:43:24+00:00 NOTICE Email "new_order" for order #79398 not sent: email type is disabled CONTEXT: {"email_type":"new_order","status":"disabled","recipient":"Admin_Madrasmilk","order":79398}
2026-08-09T06:43:24+00:00 NOTICE Email "customer_completed_order" for order #79399 not sent: email type is disabled CONTEXT: {"email_type":"customer_completed_order","status":"disabled","recipient":"r.gauthamraj","order":79399}
2026-08-09T06:43:24+00:00 NOTICE Email "new_order" for order #79399 not sent: email type is disabled CONTEXT: {"email_type":"new_order","status":"disabled","recipient":"Admin_Madrasmilk","order":79399}
2026-08-09T06:43:25+00:00 NOTICE Email "customer_completed_order" for order #79400 not sent: email type is disabled CONTEXT: {"email_type":"customer_completed_order","status":"disabled","recipient":"sdibrahim.asi","order":79400}
2026-08-09T06:43:25+00:00 NOTICE Email "new_order" for order #79400 not sent: email type is disabled CONTEXT: {"email_type":"new_order","status":"disabled","recipient":"Admin_Madrasmilk","order":79400}
2026-08-09T06:43:25+00:00 NOTICE Email "customer_completed_order" for order #79401 not sent: email type is disabled CONTEXT: {"email_type":"customer_completed_order","status":"disabled","recipient":"leorajkumars","order":79401}
2026-08-09T06:43:25+00:00 NOTICE Email "new_order" for order #79401 not sent: email type is disabled CONTEXT: {"email_type":"new_order","status":"disabled","recipient":"Admin_Madrasmilk","order":79401}
2026-08-09T06:43:25+00:00 NOTICE Email "customer_completed_order" for order #79402 not sent: email type is disabled CONTEXT: {"email_type":"customer_completed_order","status":"disabled","recipient":"subhanainar","order":79402}
2026-08-09T06:43:25+00:00 NOTICE Email "new_order" for order #79402 not sent: email type is disabled CONTEXT: {"email_type":"new_order","status":"disabled","recipient":"Admin_Madrasmilk","order":79402}
2026-08-09T06:43:26+00:00 NOTICE Email "customer_completed_order" for order #79403 not sent: email type is disabled CONTEXT: {"email_type":"customer_completed_order","status":"disabled","recipient":"sinhaarun59","order":79403}
2026-08-09T06:43:26+00:00 NOTICE Email "new_order" for order #79403 not sent: email type is disabled CONTEXT: {"email_type":"new_order","status":"disabled","recipient":"Admin_Madrasmilk","order":79403}
2026-08-09T06:43:26+00:00 NOTICE Email "customer_completed_order" for order #79404 not sent: email type is disabled CONTEXT: {"email_type":"customer_completed_order","status":"disabled","recipient":"emiljoshva","order":79404}
2026-08-09T06:43:26+00:00 NOTICE Email "new_order" for order #79404 not sent: email type is disabled CONTEXT: {"email_type":"new_order","status":"disabled","recipient":"Admin_Madrasmilk","order":79404}
2026-08-09T06:43:26+00:00 NOTICE Email "customer_completed_order" for order #79405 not sent: email type is disabled CONTEXT: {"email_type":"customer_completed_order","status":"disabled","recipient":"spavithrasundar","order":79405}
2026-08-09T06:43:26+00:00 NOTICE Email "new_order" for order #79405 not sent: email type is disabled CONTEXT: {"email_type":"new_order","status":"disabled","recipient":"Admin_Madrasmilk","order":79405}
2026-08-09T06:43:27+00:00 NOTICE Email "customer_completed_order" for order #79406 not sent: email type is disabled CONTEXT: {"email_type":"customer_completed_order","status":"disabled","recipient":"rameshcoins","order":79406}
2026-08-09T06:43:27+00:00 NOTICE Email "new_order" for order #79406 not sent: email type is disabled CONTEXT: {"email_type":"new_order","status":"disabled","recipient":"Admin_Madrasmilk","order":79406}
2026-08-09T06:43:27+00:00 NOTICE Email "customer_completed_order" for order #79407 not sent: email type is disabled CONTEXT: {"email_type":"customer_completed_order","status":"disabled","recipient":"rigin.raj","order":79407}
2026-08-09T06:43:27+00:00 NOTICE Email "new_order" for order #79407 not sent: email type is disabled CONTEXT: {"email_type":"new_order","status":"disabled","recipient":"Admin_Madrasmilk","order":79407}
2026-08-09T06:43:27+00:00 NOTICE Email "customer_completed_order" for order #79408 not sent: email type is disabled CONTEXT: {"email_type":"customer_completed_order","status":"disabled","recipient":"dineshbaskaran","order":79408}
2026-08-09T06:43:27+00:00 NOTICE Email "new_order" for order #79408 not sent: email type is disabled CONTEXT: {"email_type":"new_order","status":"disabled","recipient":"Admin_Madrasmilk","order":79408}
2026-08-09T06:43:28+00:00 NOTICE Email "customer_completed_order" for order #79409 not sent: email type is disabled CONTEXT: {"email_type":"customer_completed_order","status":"disabled","recipient":"maheshvangala","order":79409}
2026-08-09T06:43:28+00:00 NOTICE Email "new_order" for order #79409 not sent: email type is disabled CONTEXT: {"email_type":"new_order","status":"disabled","recipient":"Admin_Madrasmilk","order":79409}
2026-08-09T06:43:28+00:00 NOTICE Email "customer_completed_order" for order #79410 not sent: email type is disabled CONTEXT: {"email_type":"customer_completed_order","status":"disabled","recipient":"kaliyaperumal","order":79410}
2026-08-09T06:43:28+00:00 NOTICE Email "new_order" for order #79410 not sent: email type is disabled CONTEXT: {"email_type":"new_order","status":"disabled","recipient":"Admin_Madrasmilk","order":79410}
2026-08-09T06:43:29+00:00 NOTICE Email "customer_completed_order" for order #79411 not sent: email type is disabled CONTEXT: {"email_type":"customer_completed_order","status":"disabled","recipient":"jayendra.panchapakesan","order":79411}
2026-08-09T06:43:29+00:00 NOTICE Email "new_order" for order #79411 not sent: email type is disabled CONTEXT: {"email_type":"new_order","status":"disabled","recipient":"Admin_Madrasmilk","order":79411}
2026-08-09T06:43:29+00:00 NOTICE Email "customer_completed_order" for order #79412 not sent: email type is disabled CONTEXT: {"email_type":"customer_completed_order","status":"disabled","recipient":"ayushnarpatparakh","order":79412}
2026-08-09T06:43:29+00:00 NOTICE Email "new_order" for order #79412 not sent: email type is disabled CONTEXT: {"email_type":"new_order","status":"disabled","recipient":"Admin_Madrasmilk","order":79412}
2026-08-09T06:43:29+00:00 NOTICE Email "customer_completed_order" for order #79413 not sent: email type is disabled CONTEXT: {"email_type":"customer_completed_order","status":"disabled","recipient":"sul.rahman","order":79413}
2026-08-09T06:43:29+00:00 NOTICE Email "new_order" for order #79413 not sent: email type is disabled CONTEXT: {"email_type":"new_order","status":"disabled","recipient":"Admin_Madrasmilk","order":79413}
2026-08-09T06:43:30+00:00 NOTICE Email "customer_completed_order" for order #79414 not sent: email type is disabled CONTEXT: {"email_type":"customer_completed_order","status":"disabled","recipient":"ramarama56","order":79414}
2026-08-09T06:43:30+00:00 NOTICE Email "new_order" for order #79414 not sent: email type is disabled CONTEXT: {"email_type":"new_order","status":"disabled","recipient":"Admin_Madrasmilk","order":79414}
2026-08-09T06:43:30+00:00 NOTICE Email "customer_completed_order" for order #79415 not sent: email type is disabled CONTEXT: {"email_type":"customer_completed_order","status":"disabled","recipient":"nanduparekh777","order":79415}
2026-08-09T06:43:30+00:00 NOTICE Email "new_order" for order #79415 not sent: email type is disabled CONTEXT: {"email_type":"new_order","status":"disabled","recipient":"Admin_Madrasmilk","order":79415}
2026-08-09T06:43:30+00:00 NOTICE Email "customer_completed_order" for order #79416 not sent: email type is disabled CONTEXT: {"email_type":"customer_completed_order","status":"disabled","recipient":"srisanss22","order":79416}
2026-08-09T06:43:30+00:00 NOTICE Email "new_order" for order #79416 not sent: email type is disabled CONTEXT: {"email_type":"new_order","status":"disabled","recipient":"Admin_Madrasmilk","order":79416}
2026-08-09T06:43:31+00:00 NOTICE Email "customer_completed_order" for order #79417 not sent: email type is disabled CONTEXT: {"email_type":"customer_completed_order","status":"disabled","recipient":"vharika9999","order":79417}
2026-08-09T06:43:31+00:00 NOTICE Email "new_order" for order #79417 not sent: email type is disabled CONTEXT: {"email_type":"new_order","status":"disabled","recipient":"Admin_Madrasmilk","order":79417}
2026-08-09T06:43:31+00:00 NOTICE Email "customer_completed_order" for order #79418 not sent: email type is disabled CONTEXT: {"email_type":"customer_completed_order","status":"disabled","recipient":"sri","order":79418}
2026-08-09T06:43:31+00:00 NOTICE Email "new_order" for order #79418 not sent: email type is disabled CONTEXT: {"email_type":"new_order","status":"disabled","recipient":"Admin_Madrasmilk","order":79418}
2026-08-09T06:43:31+00:00 NOTICE Email "customer_completed_order" for order #79419 not sent: email type is disabled CONTEXT: {"email_type":"customer_completed_order","status":"disabled","recipient":"srividhyaragavendran17","order":79419}
2026-08-09T06:43:31+00:00 NOTICE Email "new_order" for order #79419 not sent: email type is disabled CONTEXT: {"email_type":"new_order","status":"disabled","recipient":"Admin_Madrasmilk","order":79419}
2026-08-09T06:43:32+00:00 NOTICE Email "customer_completed_order" for order #79420 not sent: email type is disabled CONTEXT: {"email_type":"customer_completed_order","status":"disabled","recipient":"anushadoraiswamy","order":79420}
2026-08-09T06:43:32+00:00 NOTICE Email "new_order" for order #79420 not sent: email type is disabled CONTEXT: {"email_type":"new_order","status":"disabled","recipient":"Admin_Madrasmilk","order":79420}
2026-08-09T06:43:32+00:00 NOTICE Email "customer_completed_order" for order #79421 not sent: email type is disabled CONTEXT: {"email_type":"customer_completed_order","status":"disabled","recipient":"chuvi2009","order":79421}
2026-08-09T06:43:32+00:00 NOTICE Email "new_order" for order #79421 not sent: email type is disabled CONTEXT: {"email_type":"new_order","status":"disabled","recipient":"Admin_Madrasmilk","order":79421}
2026-08-09T06:43:32+00:00 NOTICE Email "customer_completed_order" for order #79422 not sent: email type is disabled CONTEXT: {"email_type":"customer_completed_order","status":"disabled","recipient":"keetsraj","order":79422}
2026-08-09T06:43:32+00:00 NOTICE Email "new_order" for order #79422 not sent: email type is disabled CONTEXT: {"email_type":"new_order","status":"disabled","recipient":"Admin_Madrasmilk","order":79422}
2026-08-09T06:43:33+00:00 NOTICE Email "customer_completed_order" for order #79423 not sent: email type is disabled CONTEXT: {"email_type":"customer_completed_order","status":"disabled","recipient":"vidyaven","order":79423}
2026-08-09T06:43:33+00:00 NOTICE Email "new_order" for order #79423 not sent: email type is disabled CONTEXT: {"email_type":"new_order","status":"disabled","recipient":"Admin_Madrasmilk","order":79423}
2026-08-09T06:43:33+00:00 NOTICE Email "customer_completed_order" for order #79424 not sent: email type is disabled CONTEXT: {"email_type":"customer_completed_order","status":"disabled","recipient":"drarshee","order":79424}
2026-08-09T06:43:33+00:00 NOTICE Email "new_order" for order #79424 not sent: email type is disabled CONTEXT: {"email_type":"new_order","status":"disabled","recipient":"Admin_Madrasmilk","order":79424}
2026-08-09T06:43:34+00:00 NOTICE Email "customer_completed_order" for order #79425 not sent: email type is disabled CONTEXT: {"email_type":"customer_completed_order","status":"disabled","recipient":"chitvanp","order":79425}
2026-08-09T06:43:34+00:00 NOTICE Email "new_order" for order #79425 not sent: email type is disabled CONTEXT: {"email_type":"new_order","status":"disabled","recipient":"Admin_Madrasmilk","order":79425}
2026-08-09T06:43:34+00:00 NOTICE Email "customer_completed_order" for order #79426 not sent: email type is disabled CONTEXT: {"email_type":"customer_completed_order","status":"disabled","recipient":"chitvanp","order":79426}
2026-08-09T06:43:34+00:00 NOTICE Email "new_order" for order #79426 not sent: email type is disabled CONTEXT: {"email_type":"new_order","status":"disabled","recipient":"Admin_Madrasmilk","order":79426}
2026-08-09T06:43:34+00:00 NOTICE Email "customer_completed_order" for order #79427 not sent: email type is disabled CONTEXT: {"email_type":"customer_completed_order","status":"disabled","recipient":"sharmilakrishnan","order":79427}
2026-08-09T06:43:34+00:00 NOTICE Email "new_order" for order #79427 not sent: email type is disabled CONTEXT: {"email_type":"new_order","status":"disabled","recipient":"Admin_Madrasmilk","order":79427}
2026-08-09T06:43:35+00:00 NOTICE Email "customer_completed_order" for order #79428 not sent: email type is disabled CONTEXT: {"email_type":"customer_completed_order","status":"disabled","recipient":"charumathi18","order":79428}
2026-08-09T06:43:35+00:00 NOTICE Email "new_order" for order #79428 not sent: email type is disabled CONTEXT: {"email_type":"new_order","status":"disabled","recipient":"Admin_Madrasmilk","order":79428}
2026-08-09T06:43:35+00:00 NOTICE Email "customer_completed_order" for order #79429 not sent: email type is disabled CONTEXT: {"email_type":"customer_completed_order","status":"disabled","recipient":"reshmi.ganapathy","order":79429}
2026-08-09T06:43:35+00:00 NOTICE Email "new_order" for order #79429 not sent: email type is disabled CONTEXT: {"email_type":"new_order","status":"disabled","recipient":"Admin_Madrasmilk","order":79429}
2026-08-09T06:43:35+00:00 NOTICE Email "customer_completed_order" for order #79430 not sent: email type is disabled CONTEXT: {"email_type":"customer_completed_order","status":"disabled","recipient":"navya.kari34","order":79430}
2026-08-09T06:43:35+00:00 NOTICE Email "new_order" for order #79430 not sent: email type is disabled CONTEXT: {"email_type":"new_order","status":"disabled","recipient":"Admin_Madrasmilk","order":79430}
2026-08-09T06:43:36+00:00 NOTICE Email "customer_completed_order" for order #79431 not sent: email type is disabled CONTEXT: {"email_type":"customer_completed_order","status":"disabled","recipient":"senthil4117","order":79431}
2026-08-09T06:43:36+00:00 NOTICE Email "new_order" for order #79431 not sent: email type is disabled CONTEXT: {"email_type":"new_order","status":"disabled","recipient":"Admin_Madrasmilk","order":79431}
2026-08-09T06:43:36+00:00 NOTICE Email "customer_completed_order" for order #79432 not sent: email type is disabled CONTEXT: {"email_type":"customer_completed_order","status":"disabled","recipient":"ganapathy196603santhi","order":79432}
2026-08-09T06:43:36+00:00 NOTICE Email "new_order" for order #79432 not sent: email type is disabled CONTEXT: {"email_type":"new_order","status":"disabled","recipient":"Admin_Madrasmilk","order":79432}
2026-08-09T06:43:36+00:00 NOTICE Email "customer_completed_order" for order #79433 not sent: email type is disabled CONTEXT: {"email_type":"customer_completed_order","status":"disabled","recipient":"ankitabetala.2014","order":79433}
2026-08-09T06:43:36+00:00 NOTICE Email "new_order" for order #79433 not sent: email type is disabled CONTEXT: {"email_type":"new_order","status":"disabled","recipient":"Admin_Madrasmilk","order":79433}
2026-08-09T06:43:37+00:00 NOTICE Email "customer_completed_order" for order #79434 not sent: email type is disabled CONTEXT: {"email_type":"customer_completed_order","status":"disabled","recipient":"gasiveshvarshan","order":79434}
2026-08-09T06:43:37+00:00 NOTICE Email "new_order" for order #79434 not sent: email type is disabled CONTEXT: {"email_type":"new_order","status":"disabled","recipient":"Admin_Madrasmilk","order":79434}
2026-08-09T06:43:37+00:00 NOTICE Email "customer_completed_order" for order #79435 not sent: email type is disabled CONTEXT: {"email_type":"customer_completed_order","status":"disabled","recipient":"kalpanakarthikaug22","order":79435}
2026-08-09T06:43:37+00:00 NOTICE Email "new_order" for order #79435 not sent: email type is disabled CONTEXT: {"email_type":"new_order","status":"disabled","recipient":"Admin_Madrasmilk","order":79435}
2026-08-09T06:43:42+00:00 NOTICE Email "customer_completed_order" for order #79436 not sent: email type is disabled CONTEXT: {"email_type":"customer_completed_order","status":"disabled","recipient":"sravanthichalla450","order":79436}
2026-08-09T06:43:42+00:00 NOTICE Email "new_order" for order #79436 not sent: email type is disabled CONTEXT: {"email_type":"new_order","status":"disabled","recipient":"Admin_Madrasmilk","order":79436}
2026-08-09T06:43:43+00:00 NOTICE Email "customer_completed_order" for order #79437 not sent: email type is disabled CONTEXT: {"email_type":"customer_completed_order","status":"disabled","recipient":"minu.manohar13","order":79437}
2026-08-09T06:43:43+00:00 NOTICE Email "new_order" for order #79437 not sent: email type is disabled CONTEXT: {"email_type":"new_order","status":"disabled","recipient":"Admin_Madrasmilk","order":79437}
2026-08-09T06:43:43+00:00 NOTICE Email "customer_completed_order" for order #79438 not sent: email type is disabled CONTEXT: {"email_type":"customer_completed_order","status":"disabled","recipient":"dhamuvenkat","order":79438}
2026-08-09T06:43:43+00:00 NOTICE Email "new_order" for order #79438 not sent: email type is disabled CONTEXT: {"email_type":"new_order","status":"disabled","recipient":"Admin_Madrasmilk","order":79438}
2026-08-09T06:43:43+00:00 NOTICE Email "customer_completed_order" for order #79439 not sent: email type is disabled CONTEXT: {"email_type":"customer_completed_order","status":"disabled","recipient":"drlakshmibaskar","order":79439}
2026-08-09T06:43:43+00:00 NOTICE Email "new_order" for order #79439 not sent: email type is disabled CONTEXT: {"email_type":"new_order","status":"disabled","recipient":"Admin_Madrasmilk","order":79439}
2026-08-09T06:43:44+00:00 NOTICE Email "customer_completed_order" for order #79440 not sent: email type is disabled CONTEXT: {"email_type":"customer_completed_order","status":"disabled","recipient":"helina06","order":79440}
2026-08-09T06:43:44+00:00 NOTICE Email "new_order" for order #79440 not sent: email type is disabled CONTEXT: {"email_type":"new_order","status":"disabled","recipient":"Admin_Madrasmilk","order":79440}
2026-08-09T06:43:44+00:00 NOTICE Email "customer_completed_order" for order #79441 not sent: email type is disabled CONTEXT: {"email_type":"customer_completed_order","status":"disabled","recipient":"asmnaveen","order":79441}
2026-08-09T06:43:44+00:00 NOTICE Email "new_order" for order #79441 not sent: email type is disabled CONTEXT: {"email_type":"new_order","status":"disabled","recipient":"Admin_Madrasmilk","order":79441}
2026-08-09T06:43:44+00:00 NOTICE Email "customer_completed_order" for order #79442 not sent: email type is disabled CONTEXT: {"email_type":"customer_completed_order","status":"disabled","recipient":"claramleonard89","order":79442}
2026-08-09T06:43:44+00:00 NOTICE Email "new_order" for order #79442 not sent: email type is disabled CONTEXT: {"email_type":"new_order","status":"disabled","recipient":"Admin_Madrasmilk","order":79442}
2026-08-09T06:43:45+00:00 NOTICE Email "customer_completed_order" for order #79443 not sent: email type is disabled CONTEXT: {"email_type":"customer_completed_order","status":"disabled","recipient":"rajagopal_msr","order":79443}
2026-08-09T06:43:45+00:00 NOTICE Email "new_order" for order #79443 not sent: email type is disabled CONTEXT: {"email_type":"new_order","status":"disabled","recipient":"Admin_Madrasmilk","order":79443}
2026-08-09T06:43:45+00:00 NOTICE Email "customer_completed_order" for order #79444 not sent: email type is disabled CONTEXT: {"email_type":"customer_completed_order","status":"disabled","recipient":"ranishan","order":79444}
2026-08-09T06:43:45+00:00 NOTICE Email "new_order" for order #79444 not sent: email type is disabled CONTEXT: {"email_type":"new_order","status":"disabled","recipient":"Admin_Madrasmilk","order":79444}
2026-08-09T06:43:45+00:00 NOTICE Email "customer_completed_order" for order #79445 not sent: email type is disabled CONTEXT: {"email_type":"customer_completed_order","status":"disabled","recipient":"karstocksfinals","order":79445}
2026-08-09T06:43:45+00:00 NOTICE Email "new_order" for order #79445 not sent: email type is disabled CONTEXT: {"email_type":"new_order","status":"disabled","recipient":"Admin_Madrasmilk","order":79445}
2026-08-09T06:43:46+00:00 NOTICE Email "customer_completed_order" for order #79446 not sent: email type is disabled CONTEXT: {"email_type":"customer_completed_order","status":"disabled","recipient":"durgadevi2227","order":79446}
2026-08-09T06:43:46+00:00 NOTICE Email "new_order" for order #79446 not sent: email type is disabled CONTEXT: {"email_type":"new_order","status":"disabled","recipient":"Admin_Madrasmilk","order":79446}
2026-08-09T06:43:46+00:00 NOTICE Email "customer_completed_order" for order #79447 not sent: email type is disabled CONTEXT: {"email_type":"customer_completed_order","status":"disabled","recipient":"susilastephenraj","order":79447}
2026-08-09T06:43:46+00:00 NOTICE Email "new_order" for order #79447 not sent: email type is disabled CONTEXT: {"email_type":"new_order","status":"disabled","recipient":"Admin_Madrasmilk","order":79447}
2026-08-09T06:43:47+00:00 NOTICE Email "customer_completed_order" for order #79448 not sent: email type is disabled CONTEXT: {"email_type":"customer_completed_order","status":"disabled","recipient":"kamal.virk006","order":79448}
2026-08-09T06:43:47+00:00 NOTICE Email "new_order" for order #79448 not sent: email type is disabled CONTEXT: {"email_type":"new_order","status":"disabled","recipient":"Admin_Madrasmilk","order":79448}
2026-08-09T06:43:47+00:00 NOTICE Email "customer_completed_order" for order #79449 not sent: email type is disabled CONTEXT: {"email_type":"customer_completed_order","status":"disabled","recipient":"mahamariappan","order":79449}
2026-08-09T06:43:47+00:00 NOTICE Email "new_order" for order #79449 not sent: email type is disabled CONTEXT: {"email_type":"new_order","status":"disabled","recipient":"Admin_Madrasmilk","order":79449}
2026-08-09T06:43:47+00:00 NOTICE Email "customer_completed_order" for order #79450 not sent: email type is disabled CONTEXT: {"email_type":"customer_completed_order","status":"disabled","recipient":"ggs1975","order":79450}
2026-08-09T06:43:47+00:00 NOTICE Email "new_order" for order #79450 not sent: email type is disabled CONTEXT: {"email_type":"new_order","status":"disabled","recipient":"Admin_Madrasmilk","order":79450}
2026-08-09T06:43:48+00:00 NOTICE Email "customer_completed_order" for order #79451 not sent: email type is disabled CONTEXT: {"email_type":"customer_completed_order","status":"disabled","recipient":"rgiridharan2007","order":79451}
2026-08-09T06:43:48+00:00 NOTICE Email "new_order" for order #79451 not sent: email type is disabled CONTEXT: {"email_type":"new_order","status":"disabled","recipient":"Admin_Madrasmilk","order":79451}
2026-08-09T06:43:48+00:00 NOTICE Email "customer_completed_order" for order #79452 not sent: email type is disabled CONTEXT: {"email_type":"customer_completed_order","status":"disabled","recipient":"ankita.nair07","order":79452}
2026-08-09T06:43:48+00:00 NOTICE Email "new_order" for order #79452 not sent: email type is disabled CONTEXT: {"email_type":"new_order","status":"disabled","recipient":"Admin_Madrasmilk","order":79452}
2026-08-09T06:43:48+00:00 NOTICE Email "customer_completed_order" for order #79453 not sent: email type is disabled CONTEXT: {"email_type":"customer_completed_order","status":"disabled","recipient":"siddarth01","order":79453}
2026-08-09T06:43:48+00:00 NOTICE Email "new_order" for order #79453 not sent: email type is disabled CONTEXT: {"email_type":"new_order","status":"disabled","recipient":"Admin_Madrasmilk","order":79453}
2026-08-09T06:43:49+00:00 NOTICE Email "customer_completed_order" for order #79454 not sent: email type is disabled CONTEXT: {"email_type":"customer_completed_order","status":"disabled","recipient":"aravind.kesavan","order":79454}
2026-08-09T06:43:49+00:00 NOTICE Email "new_order" for order #79454 not sent: email type is disabled CONTEXT: {"email_type":"new_order","status":"disabled","recipient":"Admin_Madrasmilk","order":79454}
2026-08-09T06:43:49+00:00 NOTICE Email "customer_completed_order" for order #79455 not sent: email type is disabled CONTEXT: {"email_type":"customer_completed_order","status":"disabled","recipient":"parkerassociates71","order":79455}
2026-08-09T06:43:49+00:00 NOTICE Email "new_order" for order #79455 not sent: email type is disabled CONTEXT: {"email_type":"new_order","status":"disabled","recipient":"Admin_Madrasmilk","order":79455}
2026-08-09T06:43:49+00:00 NOTICE Email "customer_completed_order" for order #79456 not sent: email type is disabled CONTEXT: {"email_type":"customer_completed_order","status":"disabled","recipient":"deepiga09","order":79456}
2026-08-09T06:43:49+00:00 NOTICE Email "new_order" for order #79456 not sent: email type is disabled CONTEXT: {"email_type":"new_order","status":"disabled","recipient":"Admin_Madrasmilk","order":79456}
2026-08-09T06:43:50+00:00 NOTICE Email "customer_completed_order" for order #79457 not sent: email type is disabled CONTEXT: {"email_type":"customer_completed_order","status":"disabled","recipient":"7nagesh","order":79457}
2026-08-09T06:43:50+00:00 NOTICE Email "new_order" for order #79457 not sent: email type is disabled CONTEXT: {"email_type":"new_order","status":"disabled","recipient":"Admin_Madrasmilk","order":79457}
2026-08-09T06:43:50+00:00 NOTICE Email "customer_completed_order" for order #79458 not sent: email type is disabled CONTEXT: {"email_type":"customer_completed_order","status":"disabled","recipient":"itsmalai","order":79458}
2026-08-09T06:43:50+00:00 NOTICE Email "new_order" for order #79458 not sent: email type is disabled CONTEXT: {"email_type":"new_order","status":"disabled","recipient":"Admin_Madrasmilk","order":79458}
2026-08-09T06:43:50+00:00 NOTICE Email "customer_completed_order" for order #79459 not sent: email type is disabled CONTEXT: {"email_type":"customer_completed_order","status":"disabled","recipient":"priyas.2800","order":79459}
2026-08-09T06:43:50+00:00 NOTICE Email "new_order" for order #79459 not sent: email type is disabled CONTEXT: {"email_type":"new_order","status":"disabled","recipient":"Admin_Madrasmilk","order":79459}
2026-08-09T06:43:51+00:00 NOTICE Email "customer_completed_order" for order #79460 not sent: email type is disabled CONTEXT: {"email_type":"customer_completed_order","status":"disabled","recipient":"docpriti","order":79460}
2026-08-09T06:43:51+00:00 NOTICE Email "new_order" for order #79460 not sent: email type is disabled CONTEXT: {"email_type":"new_order","status":"disabled","recipient":"Admin_Madrasmilk","order":79460}
2026-08-09T06:43:51+00:00 NOTICE Email "customer_completed_order" for order #79461 not sent: email type is disabled CONTEXT: {"email_type":"customer_completed_order","status":"disabled","recipient":"docpriti","order":79461}
2026-08-09T06:43:51+00:00 NOTICE Email "new_order" for order #79461 not sent: email type is disabled CONTEXT: {"email_type":"new_order","status":"disabled","recipient":"Admin_Madrasmilk","order":79461}
2026-08-09T06:43:52+00:00 NOTICE Email "customer_completed_order" for order #79462 not sent: email type is disabled CONTEXT: {"email_type":"customer_completed_order","status":"disabled","recipient":"vaibhavjain5695","order":79462}
2026-08-09T06:43:52+00:00 NOTICE Email "new_order" for order #79462 not sent: email type is disabled CONTEXT: {"email_type":"new_order","status":"disabled","recipient":"Admin_Madrasmilk","order":79462}
2026-08-09T06:43:52+00:00 NOTICE Email "customer_completed_order" for order #79463 not sent: email type is disabled CONTEXT: {"email_type":"customer_completed_order","status":"disabled","recipient":"ksprem1215","order":79463}
2026-08-09T06:43:52+00:00 NOTICE Email "new_order" for order #79463 not sent: email type is disabled CONTEXT: {"email_type":"new_order","status":"disabled","recipient":"Admin_Madrasmilk","order":79463}
2026-08-09T06:43:52+00:00 NOTICE Email "customer_completed_order" for order #79464 not sent: email type is disabled CONTEXT: {"email_type":"customer_completed_order","status":"disabled","recipient":"akilasaravankumar","order":79464}
2026-08-09T06:43:52+00:00 NOTICE Email "new_order" for order #79464 not sent: email type is disabled CONTEXT: {"email_type":"new_order","status":"disabled","recipient":"Admin_Madrasmilk","order":79464}
2026-08-09T06:43:53+00:00 NOTICE Email "customer_completed_order" for order #79465 not sent: email type is disabled CONTEXT: {"email_type":"customer_completed_order","status":"disabled","recipient":"phanibalusu3","order":79465}
2026-08-09T06:43:53+00:00 NOTICE Email "new_order" for order #79465 not sent: email type is disabled CONTEXT: {"email_type":"new_order","status":"disabled","recipient":"Admin_Madrasmilk","order":79465}
2026-08-09T06:43:53+00:00 NOTICE Email "customer_completed_order" for order #79466 not sent: email type is disabled CONTEXT: {"email_type":"customer_completed_order","status":"disabled","recipient":"vijisudhakar2008","order":79466}
2026-08-09T06:43:53+00:00 NOTICE Email "new_order" for order #79466 not sent: email type is disabled CONTEXT: {"email_type":"new_order","status":"disabled","recipient":"Admin_Madrasmilk","order":79466}
2026-08-09T06:43:54+00:00 NOTICE Email "customer_completed_order" for order #79467 not sent: email type is disabled CONTEXT: {"email_type":"customer_completed_order","status":"disabled","recipient":"jsamar24","order":79467}
2026-08-09T06:43:54+00:00 NOTICE Email "new_order" for order #79467 not sent: email type is disabled CONTEXT: {"email_type":"new_order","status":"disabled","recipient":"Admin_Madrasmilk","order":79467}
2026-08-09T06:43:54+00:00 NOTICE Email "customer_completed_order" for order #79468 not sent: email type is disabled CONTEXT: {"email_type":"customer_completed_order","status":"disabled","recipient":"rpathy","order":79468}
2026-08-09T06:43:54+00:00 NOTICE Email "new_order" for order #79468 not sent: email type is disabled CONTEXT: {"email_type":"new_order","status":"disabled","recipient":"Admin_Madrasmilk","order":79468}
2026-08-09T06:43:55+00:00 NOTICE Email "customer_completed_order" for order #79469 not sent: email type is disabled CONTEXT: {"email_type":"customer_completed_order","status":"disabled","recipient":"vinay","order":79469}
2026-08-09T06:43:55+00:00 NOTICE Email "new_order" for order #79469 not sent: email type is disabled CONTEXT: {"email_type":"new_order","status":"disabled","recipient":"Admin_Madrasmilk","order":79469}
2026-08-09T06:43:55+00:00 NOTICE Email "customer_completed_order" for order #79470 not sent: email type is disabled CONTEXT: {"email_type":"customer_completed_order","status":"disabled","recipient":"mailmekarthic","order":79470}
2026-08-09T06:43:55+00:00 NOTICE Email "new_order" for order #79470 not sent: email type is disabled CONTEXT: {"email_type":"new_order","status":"disabled","recipient":"Admin_Madrasmilk","order":79470}
2026-08-09T06:43:55+00:00 NOTICE Email "customer_completed_order" for order #79471 not sent: email type is disabled CONTEXT: {"email_type":"customer_completed_order","status":"disabled","recipient":"nikenahar","order":79471}
2026-08-09T06:43:55+00:00 NOTICE Email "new_order" for order #79471 not sent: email type is disabled CONTEXT: {"email_type":"new_order","status":"disabled","recipient":"Admin_Madrasmilk","order":79471}
2026-08-09T06:43:56+00:00 NOTICE Email "customer_completed_order" for order #79472 not sent: email type is disabled CONTEXT: {"email_type":"customer_completed_order","status":"disabled","recipient":"adishah85","order":79472}
2026-08-09T06:43:56+00:00 NOTICE Email "new_order" for order #79472 not sent: email type is disabled CONTEXT: {"email_type":"new_order","status":"disabled","recipient":"Admin_Madrasmilk","order":79472}
2026-08-09T06:43:56+00:00 NOTICE Email "customer_completed_order" for order #79473 not sent: email type is disabled CONTEXT: {"email_type":"customer_completed_order","status":"disabled","recipient":"sshalu2109","order":79473}
2026-08-09T06:43:56+00:00 NOTICE Email "new_order" for order #79473 not sent: email type is disabled CONTEXT: {"email_type":"new_order","status":"disabled","recipient":"Admin_Madrasmilk","order":79473}
2026-08-09T06:43:57+00:00 NOTICE Email "customer_completed_order" for order #79474 not sent: email type is disabled CONTEXT: {"email_type":"customer_completed_order","status":"disabled","recipient":"venuthan1105","order":79474}
2026-08-09T06:43:57+00:00 NOTICE Email "new_order" for order #79474 not sent: email type is disabled CONTEXT: {"email_type":"new_order","status":"disabled","recipient":"Admin_Madrasmilk","order":79474}
2026-08-09T06:43:57+00:00 NOTICE Email "customer_completed_order" for order #79475 not sent: email type is disabled CONTEXT: {"email_type":"customer_completed_order","status":"disabled","recipient":"karthiknaga89","order":79475}
2026-08-09T06:43:57+00:00 NOTICE Email "new_order" for order #79475 not sent: email type is disabled CONTEXT: {"email_type":"new_order","status":"disabled","recipient":"Admin_Madrasmilk","order":79475}
2026-08-09T06:44:02+00:00 NOTICE Email "customer_completed_order" for order #79476 not sent: email type is disabled CONTEXT: {"email_type":"customer_completed_order","status":"disabled","recipient":"caguptha2017","order":79476}
2026-08-09T06:44:02+00:00 NOTICE Email "new_order" for order #79476 not sent: email type is disabled CONTEXT: {"email_type":"new_order","status":"disabled","recipient":"Admin_Madrasmilk","order":79476}
2026-08-09T06:44:03+00:00 NOTICE Email "customer_completed_order" for order #79477 not sent: email type is disabled CONTEXT: {"email_type":"customer_completed_order","status":"disabled","recipient":"neethu0214","order":79477}
2026-08-09T06:44:03+00:00 NOTICE Email "new_order" for order #79477 not sent: email type is disabled CONTEXT: {"email_type":"new_order","status":"disabled","recipient":"Admin_Madrasmilk","order":79477}
2026-08-09T06:44:03+00:00 NOTICE Email "customer_completed_order" for order #79478 not sent: email type is disabled CONTEXT: {"email_type":"customer_completed_order","status":"disabled","recipient":"spaan05","order":79478}
2026-08-09T06:44:03+00:00 NOTICE Email "new_order" for order #79478 not sent: email type is disabled CONTEXT: {"email_type":"new_order","status":"disabled","recipient":"Admin_Madrasmilk","order":79478}
2026-08-09T06:44:04+00:00 NOTICE Email "customer_completed_order" for order #79479 not sent: email type is disabled CONTEXT: {"email_type":"customer_completed_order","status":"disabled","recipient":"umaspriya","order":79479}
2026-08-09T06:44:04+00:00 NOTICE Email "new_order" for order #79479 not sent: email type is disabled CONTEXT: {"email_type":"new_order","status":"disabled","recipient":"Admin_Madrasmilk","order":79479}
2026-08-09T06:44:04+00:00 NOTICE Email "customer_completed_order" for order #79480 not sent: email type is disabled CONTEXT: {"email_type":"customer_completed_order","status":"disabled","recipient":"naziamodak","order":79480}
2026-08-09T06:44:04+00:00 NOTICE Email "new_order" for order #79480 not sent: email type is disabled CONTEXT: {"email_type":"new_order","status":"disabled","recipient":"Admin_Madrasmilk","order":79480}
2026-08-09T06:44:04+00:00 NOTICE Email "customer_completed_order" for order #79481 not sent: email type is disabled CONTEXT: {"email_type":"customer_completed_order","status":"disabled","recipient":"jeyanthinagu","order":79481}
2026-08-09T06:44:04+00:00 NOTICE Email "new_order" for order #79481 not sent: email type is disabled CONTEXT: {"email_type":"new_order","status":"disabled","recipient":"Admin_Madrasmilk","order":79481}
2026-08-09T06:44:05+00:00 NOTICE Email "customer_completed_order" for order #79482 not sent: email type is disabled CONTEXT: {"email_type":"customer_completed_order","status":"disabled","recipient":"simplymoda.noopur","order":79482}
2026-08-09T06:44:05+00:00 NOTICE Email "new_order" for order #79482 not sent: email type is disabled CONTEXT: {"email_type":"new_order","status":"disabled","recipient":"Admin_Madrasmilk","order":79482}
2026-08-09T06:44:05+00:00 NOTICE Email "customer_completed_order" for order #79483 not sent: email type is disabled CONTEXT: {"email_type":"customer_completed_order","status":"disabled","recipient":"mjyogesh29","order":79483}
2026-08-09T06:44:05+00:00 NOTICE Email "new_order" for order #79483 not sent: email type is disabled CONTEXT: {"email_type":"new_order","status":"disabled","recipient":"Admin_Madrasmilk","order":79483}
2026-08-09T06:44:05+00:00 NOTICE Email "customer_completed_order" for order #79484 not sent: email type is disabled CONTEXT: {"email_type":"customer_completed_order","status":"disabled","recipient":"saha7188","order":79484}
2026-08-09T06:44:05+00:00 NOTICE Email "new_order" for order #79484 not sent: email type is disabled CONTEXT: {"email_type":"new_order","status":"disabled","recipient":"Admin_Madrasmilk","order":79484}
2026-08-09T06:44:06+00:00 NOTICE Email "customer_completed_order" for order #79485 not sent: email type is disabled CONTEXT: {"email_type":"customer_completed_order","status":"disabled","recipient":"kavyastar97","order":79485}
2026-08-09T06:44:06+00:00 NOTICE Email "new_order" for order #79485 not sent: email type is disabled CONTEXT: {"email_type":"new_order","status":"disabled","recipient":"Admin_Madrasmilk","order":79485}
2026-08-09T06:44:06+00:00 NOTICE Email "customer_completed_order" for order #79486 not sent: email type is disabled CONTEXT: {"email_type":"customer_completed_order","status":"disabled","recipient":"balakrishnaharaiharian","order":79486}
2026-08-09T06:44:06+00:00 NOTICE Email "new_order" for order #79486 not sent: email type is disabled CONTEXT: {"email_type":"new_order","status":"disabled","recipient":"Admin_Madrasmilk","order":79486}
2026-08-09T06:44:06+00:00 NOTICE Email "customer_completed_order" for order #79487 not sent: email type is disabled CONTEXT: {"email_type":"customer_completed_order","status":"disabled","recipient":"lavaledshiva17","order":79487}
2026-08-09T06:44:06+00:00 NOTICE Email "new_order" for order #79487 not sent: email type is disabled CONTEXT: {"email_type":"new_order","status":"disabled","recipient":"Admin_Madrasmilk","order":79487}
2026-08-09T06:44:07+00:00 NOTICE Email "customer_completed_order" for order #79488 not sent: email type is disabled CONTEXT: {"email_type":"customer_completed_order","status":"disabled","recipient":"satish1982","order":79488}
2026-08-09T06:44:07+00:00 NOTICE Email "new_order" for order #79488 not sent: email type is disabled CONTEXT: {"email_type":"new_order","status":"disabled","recipient":"Admin_Madrasmilk","order":79488}
2026-08-09T06:44:07+00:00 NOTICE Email "customer_completed_order" for order #79489 not sent: email type is disabled CONTEXT: {"email_type":"customer_completed_order","status":"disabled","recipient":"ponnaiahboopathi","order":79489}
2026-08-09T06:44:07+00:00 NOTICE Email "new_order" for order #79489 not sent: email type is disabled CONTEXT: {"email_type":"new_order","status":"disabled","recipient":"Admin_Madrasmilk","order":79489}
2026-08-09T06:44:08+00:00 NOTICE Email "customer_completed_order" for order #79490 not sent: email type is disabled CONTEXT: {"email_type":"customer_completed_order","status":"disabled","recipient":"aishuvignesh0520","order":79490}
2026-08-09T06:44:08+00:00 NOTICE Email "new_order" for order #79490 not sent: email type is disabled CONTEXT: {"email_type":"new_order","status":"disabled","recipient":"Admin_Madrasmilk","order":79490}
2026-08-09T06:44:08+00:00 NOTICE Email "customer_completed_order" for order #79491 not sent: email type is disabled CONTEXT: {"email_type":"customer_completed_order","status":"disabled","recipient":"kripamrajani","order":79491}
2026-08-09T06:44:08+00:00 NOTICE Email "new_order" for order #79491 not sent: email type is disabled CONTEXT: {"email_type":"new_order","status":"disabled","recipient":"Admin_Madrasmilk","order":79491}
2026-08-09T06:44:08+00:00 NOTICE Email "customer_completed_order" for order #79492 not sent: email type is disabled CONTEXT: {"email_type":"customer_completed_order","status":"disabled","recipient":"rajalakshmi.email","order":79492}
2026-08-09T06:44:08+00:00 NOTICE Email "new_order" for order #79492 not sent: email type is disabled CONTEXT: {"email_type":"new_order","status":"disabled","recipient":"Admin_Madrasmilk","order":79492}
2026-08-09T06:44:09+00:00 NOTICE Email "customer_completed_order" for order #79493 not sent: email type is disabled CONTEXT: {"email_type":"customer_completed_order","status":"disabled","recipient":"rajalakshmi.email","order":79493}
2026-08-09T06:44:09+00:00 NOTICE Email "new_order" for order #79493 not sent: email type is disabled CONTEXT: {"email_type":"new_order","status":"disabled","recipient":"Admin_Madrasmilk","order":79493}
2026-08-09T06:44:09+00:00 NOTICE Email "customer_completed_order" for order #79494 not sent: email type is disabled CONTEXT: {"email_type":"customer_completed_order","status":"disabled","recipient":"yuva1177","order":79494}
2026-08-09T06:44:09+00:00 NOTICE Email "new_order" for order #79494 not sent: email type is disabled CONTEXT: {"email_type":"new_order","status":"disabled","recipient":"Admin_Madrasmilk","order":79494}
2026-08-09T06:44:10+00:00 NOTICE Email "customer_completed_order" for order #79495 not sent: email type is disabled CONTEXT: {"email_type":"customer_completed_order","status":"disabled","recipient":"kripamrajani","order":79495}
2026-08-09T06:44:10+00:00 NOTICE Email "new_order" for order #79495 not sent: email type is disabled CONTEXT: {"email_type":"new_order","status":"disabled","recipient":"Admin_Madrasmilk","order":79495}
2026-08-09T06:44:10+00:00 NOTICE Email "customer_completed_order" for order #79496 not sent: email type is disabled CONTEXT: {"email_type":"customer_completed_order","status":"disabled","recipient":"varadhanmanibala20","order":79496}
2026-08-09T06:44:10+00:00 NOTICE Email "new_order" for order #79496 not sent: email type is disabled CONTEXT: {"email_type":"new_order","status":"disabled","recipient":"Admin_Madrasmilk","order":79496}
2026-08-09T06:44:10+00:00 NOTICE Email "customer_completed_order" for order #79497 not sent: email type is disabled CONTEXT: {"email_type":"customer_completed_order","status":"disabled","recipient":"sindhushanker","order":79497}
2026-08-09T06:44:10+00:00 NOTICE Email "new_order" for order #79497 not sent: email type is disabled CONTEXT: {"email_type":"new_order","status":"disabled","recipient":"Admin_Madrasmilk","order":79497}
2026-08-09T06:44:11+00:00 NOTICE Email "customer_completed_order" for order #79498 not sent: email type is disabled CONTEXT: {"email_type":"customer_completed_order","status":"disabled","recipient":"sanjaytathed","order":79498}
2026-08-09T06:44:11+00:00 NOTICE Email "new_order" for order #79498 not sent: email type is disabled CONTEXT: {"email_type":"new_order","status":"disabled","recipient":"Admin_Madrasmilk","order":79498}
2026-08-09T06:44:11+00:00 NOTICE Email "customer_completed_order" for order #79499 not sent: email type is disabled CONTEXT: {"email_type":"customer_completed_order","status":"disabled","recipient":"sridhar_a_hll","order":79499}
2026-08-09T06:44:11+00:00 NOTICE Email "new_order" for order #79499 not sent: email type is disabled CONTEXT: {"email_type":"new_order","status":"disabled","recipient":"Admin_Madrasmilk","order":79499}
2026-08-09T06:44:12+00:00 NOTICE Email "customer_completed_order" for order #79500 not sent: email type is disabled CONTEXT: {"email_type":"customer_completed_order","status":"disabled","recipient":"sudhakumar5577","order":79500}
2026-08-09T06:44:12+00:00 NOTICE Email "new_order" for order #79500 not sent: email type is disabled CONTEXT: {"email_type":"new_order","status":"disabled","recipient":"Admin_Madrasmilk","order":79500}
2026-08-09T06:44:12+00:00 NOTICE Email "customer_completed_order" for order #79501 not sent: email type is disabled CONTEXT: {"email_type":"customer_completed_order","status":"disabled","recipient":"drmani76","order":79501}
2026-08-09T06:44:12+00:00 NOTICE Email "new_order" for order #79501 not sent: email type is disabled CONTEXT: {"email_type":"new_order","status":"disabled","recipient":"Admin_Madrasmilk","order":79501}
2026-08-09T06:44:12+00:00 NOTICE Email "customer_completed_order" for order #79502 not sent: email type is disabled CONTEXT: {"email_type":"customer_completed_order","status":"disabled","recipient":"vchamundeswari1999","order":79502}
2026-08-09T06:44:12+00:00 NOTICE Email "new_order" for order #79502 not sent: email type is disabled CONTEXT: {"email_type":"new_order","status":"disabled","recipient":"Admin_Madrasmilk","order":79502}
2026-08-09T06:44:13+00:00 NOTICE Email "customer_completed_order" for order #79503 not sent: email type is disabled CONTEXT: {"email_type":"customer_completed_order","status":"disabled","recipient":"meenatchi1995","order":79503}
2026-08-09T06:44:13+00:00 NOTICE Email "new_order" for order #79503 not sent: email type is disabled CONTEXT: {"email_type":"new_order","status":"disabled","recipient":"Admin_Madrasmilk","order":79503}
2026-08-09T06:44:13+00:00 NOTICE Email "customer_completed_order" for order #79504 not sent: email type is disabled CONTEXT: {"email_type":"customer_completed_order","status":"disabled","recipient":"dab3344.3344","order":79504}
2026-08-09T06:44:13+00:00 NOTICE Email "new_order" for order #79504 not sent: email type is disabled CONTEXT: {"email_type":"new_order","status":"disabled","recipient":"Admin_Madrasmilk","order":79504}
2026-08-09T06:44:13+00:00 NOTICE Email "customer_completed_order" for order #79505 not sent: email type is disabled CONTEXT: {"email_type":"customer_completed_order","status":"disabled","recipient":"shravan.bangaru2022","order":79505}
2026-08-09T06:44:13+00:00 NOTICE Email "new_order" for order #79505 not sent: email type is disabled CONTEXT: {"email_type":"new_order","status":"disabled","recipient":"Admin_Madrasmilk","order":79505}
2026-08-09T06:44:14+00:00 NOTICE Email "customer_completed_order" for order #79506 not sent: email type is disabled CONTEXT: {"email_type":"customer_completed_order","status":"disabled","recipient":"sowmya.subramanian","order":79506}
2026-08-09T06:44:14+00:00 NOTICE Email "new_order" for order #79506 not sent: email type is disabled CONTEXT: {"email_type":"new_order","status":"disabled","recipient":"Admin_Madrasmilk","order":79506}
2026-08-09T06:44:14+00:00 NOTICE Email "customer_completed_order" for order #79507 not sent: email type is disabled CONTEXT: {"email_type":"customer_completed_order","status":"disabled","recipient":"aarthi.ksr","order":79507}
2026-08-09T06:44:14+00:00 NOTICE Email "new_order" for order #79507 not sent: email type is disabled CONTEXT: {"email_type":"new_order","status":"disabled","recipient":"Admin_Madrasmilk","order":79507}
2026-08-09T06:44:15+00:00 NOTICE Email "customer_completed_order" for order #79508 not sent: email type is disabled CONTEXT: {"email_type":"customer_completed_order","status":"disabled","recipient":"jyothireddyganuthula","order":79508}
2026-08-09T06:44:15+00:00 NOTICE Email "new_order" for order #79508 not sent: email type is disabled CONTEXT: {"email_type":"new_order","status":"disabled","recipient":"Admin_Madrasmilk","order":79508}
2026-08-09T06:44:15+00:00 NOTICE Email "customer_completed_order" for order #79509 not sent: email type is disabled CONTEXT: {"email_type":"customer_completed_order","status":"disabled","recipient":"rushilbothra4","order":79509}
2026-08-09T06:44:15+00:00 NOTICE Email "new_order" for order #79509 not sent: email type is disabled CONTEXT: {"email_type":"new_order","status":"disabled","recipient":"Admin_Madrasmilk","order":79509}
2026-08-09T06:44:15+00:00 NOTICE Email "customer_completed_order" for order #79510 not sent: email type is disabled CONTEXT: {"email_type":"customer_completed_order","status":"disabled","recipient":"ravisankar_k2000","order":79510}
2026-08-09T06:44:15+00:00 NOTICE Email "new_order" for order #79510 not sent: email type is disabled CONTEXT: {"email_type":"new_order","status":"disabled","recipient":"Admin_Madrasmilk","order":79510}
2026-08-09T06:44:16+00:00 NOTICE Email "customer_completed_order" for order #79511 not sent: email type is disabled CONTEXT: {"email_type":"customer_completed_order","status":"disabled","recipient":"vp.doss28","order":79511}
2026-08-09T06:44:16+00:00 NOTICE Email "new_order" for order #79511 not sent: email type is disabled CONTEXT: {"email_type":"new_order","status":"disabled","recipient":"Admin_Madrasmilk","order":79511}
2026-08-09T06:44:16+00:00 NOTICE Email "customer_completed_order" for order #79512 not sent: email type is disabled CONTEXT: {"email_type":"customer_completed_order","status":"disabled","recipient":"pipestressuser","order":79512}
2026-08-09T06:44:16+00:00 NOTICE Email "new_order" for order #79512 not sent: email type is disabled CONTEXT: {"email_type":"new_order","status":"disabled","recipient":"Admin_Madrasmilk","order":79512}
2026-08-09T06:44:16+00:00 NOTICE Email "customer_completed_order" for order #79513 not sent: email type is disabled CONTEXT: {"email_type":"customer_completed_order","status":"disabled","recipient":"poovarna","order":79513}
2026-08-09T06:44:16+00:00 NOTICE Email "new_order" for order #79513 not sent: email type is disabled CONTEXT: {"email_type":"new_order","status":"disabled","recipient":"Admin_Madrasmilk","order":79513}
2026-08-09T06:44:17+00:00 NOTICE Email "customer_completed_order" for order #79514 not sent: email type is disabled CONTEXT: {"email_type":"customer_completed_order","status":"disabled","recipient":"k46105012","order":79514}
2026-08-09T06:44:17+00:00 NOTICE Email "new_order" for order #79514 not sent: email type is disabled CONTEXT: {"email_type":"new_order","status":"disabled","recipient":"Admin_Madrasmilk","order":79514}
2026-08-09T06:44:17+00:00 NOTICE Email "customer_completed_order" for order #79515 not sent: email type is disabled CONTEXT: {"email_type":"customer_completed_order","status":"disabled","recipient":"kedsca2503","order":79515}
2026-08-09T06:44:17+00:00 NOTICE Email "new_order" for order #79515 not sent: email type is disabled CONTEXT: {"email_type":"new_order","status":"disabled","recipient":"Admin_Madrasmilk","order":79515}
2026-08-09T06:44:22+00:00 NOTICE Email "customer_completed_order" for order #79516 not sent: email type is disabled CONTEXT: {"email_type":"customer_completed_order","status":"disabled","recipient":"viji.kirthi","order":79516}
2026-08-09T06:44:22+00:00 NOTICE Email "new_order" for order #79516 not sent: email type is disabled CONTEXT: {"email_type":"new_order","status":"disabled","recipient":"Admin_Madrasmilk","order":79516}
2026-08-09T06:44:23+00:00 NOTICE Email "customer_completed_order" for order #79517 not sent: email type is disabled CONTEXT: {"email_type":"customer_completed_order","status":"disabled","recipient":"koushikrishna07","order":79517}
2026-08-09T06:44:23+00:00 NOTICE Email "new_order" for order #79517 not sent: email type is disabled CONTEXT: {"email_type":"new_order","status":"disabled","recipient":"Admin_Madrasmilk","order":79517}
2026-08-09T06:44:23+00:00 NOTICE Email "customer_completed_order" for order #79518 not sent: email type is disabled CONTEXT: {"email_type":"customer_completed_order","status":"disabled","recipient":"kavithaananth91","order":79518}
2026-08-09T06:44:23+00:00 NOTICE Email "new_order" for order #79518 not sent: email type is disabled CONTEXT: {"email_type":"new_order","status":"disabled","recipient":"Admin_Madrasmilk","order":79518}
2026-08-09T06:44:24+00:00 NOTICE Email "customer_completed_order" for order #79519 not sent: email type is disabled CONTEXT: {"email_type":"customer_completed_order","status":"disabled","recipient":"jalaj.sm","order":79519}
2026-08-09T06:44:24+00:00 NOTICE Email "new_order" for order #79519 not sent: email type is disabled CONTEXT: {"email_type":"new_order","status":"disabled","recipient":"Admin_Madrasmilk","order":79519}
2026-08-09T06:44:24+00:00 NOTICE Email "customer_completed_order" for order #79520 not sent: email type is disabled CONTEXT: {"email_type":"customer_completed_order","status":"disabled","recipient":"charltonfern","order":79520}
2026-08-09T06:44:24+00:00 NOTICE Email "new_order" for order #79520 not sent: email type is disabled CONTEXT: {"email_type":"new_order","status":"disabled","recipient":"Admin_Madrasmilk","order":79520}
2026-08-09T06:44:24+00:00 NOTICE Email "customer_completed_order" for order #79521 not sent: email type is disabled CONTEXT: {"email_type":"customer_completed_order","status":"disabled","recipient":"hayiamarvind","order":79521}
2026-08-09T06:44:25+00:00 NOTICE Email "new_order" for order #79521 not sent: email type is disabled CONTEXT: {"email_type":"new_order","status":"disabled","recipient":"Admin_Madrasmilk","order":79521}
2026-08-09T06:44:25+00:00 NOTICE Email "customer_completed_order" for order #79522 not sent: email type is disabled CONTEXT: {"email_type":"customer_completed_order","status":"disabled","recipient":"kmmdis","order":79522}
2026-08-09T06:44:25+00:00 NOTICE Email "new_order" for order #79522 not sent: email type is disabled CONTEXT: {"email_type":"new_order","status":"disabled","recipient":"Admin_Madrasmilk","order":79522}
2026-08-09T06:44:25+00:00 NOTICE Email "customer_completed_order" for order #79523 not sent: email type is disabled CONTEXT: {"email_type":"customer_completed_order","status":"disabled","recipient":"arunba2991","order":79523}
2026-08-09T06:44:25+00:00 NOTICE Email "new_order" for order #79523 not sent: email type is disabled CONTEXT: {"email_type":"new_order","status":"disabled","recipient":"Admin_Madrasmilk","order":79523}
2026-08-09T06:44:26+00:00 NOTICE Email "customer_completed_order" for order #79524 not sent: email type is disabled CONTEXT: {"email_type":"customer_completed_order","status":"disabled","recipient":"shwethabalaji.asbs","order":79524}
2026-08-09T06:44:26+00:00 NOTICE Email "new_order" for order #79524 not sent: email type is disabled CONTEXT: {"email_type":"new_order","status":"disabled","recipient":"Admin_Madrasmilk","order":79524}
2026-08-09T06:44:26+00:00 NOTICE Email "customer_completed_order" for order #79525 not sent: email type is disabled CONTEXT: {"email_type":"customer_completed_order","status":"disabled","recipient":"shwethabalaji.asbs","order":79525}
2026-08-09T06:44:26+00:00 NOTICE Email "new_order" for order #79525 not sent: email type is disabled CONTEXT: {"email_type":"new_order","status":"disabled","recipient":"Admin_Madrasmilk","order":79525}
2026-08-09T06:44:26+00:00 NOTICE Email "customer_completed_order" for order #79526 not sent: email type is disabled CONTEXT: {"email_type":"customer_completed_order","status":"disabled","recipient":"kavinmuthukumarsjps","order":79526}
2026-08-09T06:44:26+00:00 NOTICE Email "new_order" for order #79526 not sent: email type is disabled CONTEXT: {"email_type":"new_order","status":"disabled","recipient":"Admin_Madrasmilk","order":79526}
2026-08-09T06:44:27+00:00 NOTICE Email "customer_completed_order" for order #79527 not sent: email type is disabled CONTEXT: {"email_type":"customer_completed_order","status":"disabled","recipient":"rishubjj","order":79527}
2026-08-09T06:44:27+00:00 NOTICE Email "new_order" for order #79527 not sent: email type is disabled CONTEXT: {"email_type":"new_order","status":"disabled","recipient":"Admin_Madrasmilk","order":79527}
2026-08-09T06:44:27+00:00 NOTICE Email "customer_completed_order" for order #79528 not sent: email type is disabled CONTEXT: {"email_type":"customer_completed_order","status":"disabled","recipient":"dffdlx","order":79528}
2026-08-09T06:44:27+00:00 NOTICE Email "new_order" for order #79528 not sent: email type is disabled CONTEXT: {"email_type":"new_order","status":"disabled","recipient":"Admin_Madrasmilk","order":79528}
2026-08-09T06:44:28+00:00 NOTICE Email "customer_completed_order" for order #79529 not sent: email type is disabled CONTEXT: {"email_type":"customer_completed_order","status":"disabled","recipient":"uiop0944","order":79529}
2026-08-09T06:44:28+00:00 NOTICE Email "new_order" for order #79529 not sent: email type is disabled CONTEXT: {"email_type":"new_order","status":"disabled","recipient":"Admin_Madrasmilk","order":79529}
2026-08-09T06:44:28+00:00 NOTICE Email "customer_completed_order" for order #79530 not sent: email type is disabled CONTEXT: {"email_type":"customer_completed_order","status":"disabled","recipient":"iamnitheeshck","order":79530}
2026-08-09T06:44:28+00:00 NOTICE Email "new_order" for order #79530 not sent: email type is disabled CONTEXT: {"email_type":"new_order","status":"disabled","recipient":"Admin_Madrasmilk","order":79530}
2026-08-09T06:44:28+00:00 NOTICE Email "customer_completed_order" for order #79531 not sent: email type is disabled CONTEXT: {"email_type":"customer_completed_order","status":"disabled","recipient":"ktknitrous","order":79531}
2026-08-09T06:44:28+00:00 NOTICE Email "new_order" for order #79531 not sent: email type is disabled CONTEXT: {"email_type":"new_order","status":"disabled","recipient":"Admin_Madrasmilk","order":79531}
2026-08-09T06:44:29+00:00 NOTICE Email "customer_completed_order" for order #79532 not sent: email type is disabled CONTEXT: {"email_type":"customer_completed_order","status":"disabled","recipient":"umarsalaluddin","order":79532}
2026-08-09T06:44:29+00:00 NOTICE Email "new_order" for order #79532 not sent: email type is disabled CONTEXT: {"email_type":"new_order","status":"disabled","recipient":"Admin_Madrasmilk","order":79532}
2026-08-09T06:44:29+00:00 NOTICE Email "customer_completed_order" for order #79533 not sent: email type is disabled CONTEXT: {"email_type":"customer_completed_order","status":"disabled","recipient":"aranarjun007","order":79533}
2026-08-09T06:44:29+00:00 NOTICE Email "new_order" for order #79533 not sent: email type is disabled CONTEXT: {"email_type":"new_order","status":"disabled","recipient":"Admin_Madrasmilk","order":79533}
2026-08-09T06:44:30+00:00 NOTICE Email "customer_completed_order" for order #79534 not sent: email type is disabled CONTEXT: {"email_type":"customer_completed_order","status":"disabled","recipient":"shayanareddy","order":79534}
2026-08-09T06:44:30+00:00 NOTICE Email "new_order" for order #79534 not sent: email type is disabled CONTEXT: {"email_type":"new_order","status":"disabled","recipient":"Admin_Madrasmilk","order":79534}
2026-08-09T06:44:30+00:00 NOTICE Email "customer_completed_order" for order #79535 not sent: email type is disabled CONTEXT: {"email_type":"customer_completed_order","status":"disabled","recipient":"nagaratina","order":79535}
2026-08-09T06:44:30+00:00 NOTICE Email "new_order" for order #79535 not sent: email type is disabled CONTEXT: {"email_type":"new_order","status":"disabled","recipient":"Admin_Madrasmilk","order":79535}
2026-08-09T06:44:30+00:00 NOTICE Email "customer_completed_order" for order #79536 not sent: email type is disabled CONTEXT: {"email_type":"customer_completed_order","status":"disabled","recipient":"lalitharlp","order":79536}
2026-08-09T06:44:30+00:00 NOTICE Email "new_order" for order #79536 not sent: email type is disabled CONTEXT: {"email_type":"new_order","status":"disabled","recipient":"Admin_Madrasmilk","order":79536}
2026-08-09T06:44:31+00:00 NOTICE Email "customer_completed_order" for order #79537 not sent: email type is disabled CONTEXT: {"email_type":"customer_completed_order","status":"disabled","recipient":"rderive","order":79537}
2026-08-09T06:44:31+00:00 NOTICE Email "new_order" for order #79537 not sent: email type is disabled CONTEXT: {"email_type":"new_order","status":"disabled","recipient":"Admin_Madrasmilk","order":79537}
2026-08-09T06:44:31+00:00 NOTICE Email "customer_completed_order" for order #79538 not sent: email type is disabled CONTEXT: {"email_type":"customer_completed_order","status":"disabled","recipient":"resham7267","order":79538}
2026-08-09T06:44:31+00:00 NOTICE Email "new_order" for order #79538 not sent: email type is disabled CONTEXT: {"email_type":"new_order","status":"disabled","recipient":"Admin_Madrasmilk","order":79538}
2026-08-09T06:44:32+00:00 NOTICE Email "customer_completed_order" for order #79539 not sent: email type is disabled CONTEXT: {"email_type":"customer_completed_order","status":"disabled","recipient":"resham7267","order":79539}
2026-08-09T06:44:32+00:00 NOTICE Email "new_order" for order #79539 not sent: email type is disabled CONTEXT: {"email_type":"new_order","status":"disabled","recipient":"Admin_Madrasmilk","order":79539}
2026-08-09T06:44:32+00:00 NOTICE Email "customer_completed_order" for order #79540 not sent: email type is disabled CONTEXT: {"email_type":"customer_completed_order","status":"disabled","recipient":"gurajada.tripura","order":79540}
2026-08-09T06:44:32+00:00 NOTICE Email "new_order" for order #79540 not sent: email type is disabled CONTEXT: {"email_type":"new_order","status":"disabled","recipient":"Admin_Madrasmilk","order":79540}
2026-08-09T06:44:32+00:00 NOTICE Email "customer_completed_order" for order #79541 not sent: email type is disabled CONTEXT: {"email_type":"customer_completed_order","status":"disabled","recipient":"ritaagarwal2804","order":79541}
2026-08-09T06:44:32+00:00 NOTICE Email "new_order" for order #79541 not sent: email type is disabled CONTEXT: {"email_type":"new_order","status":"disabled","recipient":"Admin_Madrasmilk","order":79541}
2026-08-09T06:44:33+00:00 NOTICE Email "customer_completed_order" for order #79542 not sent: email type is disabled CONTEXT: {"email_type":"customer_completed_order","status":"disabled","recipient":"sidharthan4594","order":79542}
2026-08-09T06:44:33+00:00 NOTICE Email "new_order" for order #79542 not sent: email type is disabled CONTEXT: {"email_type":"new_order","status":"disabled","recipient":"Admin_Madrasmilk","order":79542}
2026-08-09T06:44:33+00:00 NOTICE Email "customer_completed_order" for order #79543 not sent: email type is disabled CONTEXT: {"email_type":"customer_completed_order","status":"disabled","recipient":"cpamma","order":79543}
2026-08-09T06:44:33+00:00 NOTICE Email "new_order" for order #79543 not sent: email type is disabled CONTEXT: {"email_type":"new_order","status":"disabled","recipient":"Admin_Madrasmilk","order":79543}
2026-08-09T06:44:34+00:00 NOTICE Email "customer_completed_order" for order #79544 not sent: email type is disabled CONTEXT: {"email_type":"customer_completed_order","status":"disabled","recipient":"vishnupriya.krishna","order":79544}
2026-08-09T06:44:34+00:00 NOTICE Email "new_order" for order #79544 not sent: email type is disabled CONTEXT: {"email_type":"new_order","status":"disabled","recipient":"Admin_Madrasmilk","order":79544}
2026-08-09T06:44:34+00:00 NOTICE Email "customer_completed_order" for order #79545 not sent: email type is disabled CONTEXT: {"email_type":"customer_completed_order","status":"disabled","recipient":"revanthv981","order":79545}
2026-08-09T06:44:34+00:00 NOTICE Email "new_order" for order #79545 not sent: email type is disabled CONTEXT: {"email_type":"new_order","status":"disabled","recipient":"Admin_Madrasmilk","order":79545}
2026-08-09T06:44:34+00:00 NOTICE Email "customer_completed_order" for order #79546 not sent: email type is disabled CONTEXT: {"email_type":"customer_completed_order","status":"disabled","recipient":"indigoyuva","order":79546}
2026-08-09T06:44:34+00:00 NOTICE Email "new_order" for order #79546 not sent: email type is disabled CONTEXT: {"email_type":"new_order","status":"disabled","recipient":"Admin_Madrasmilk","order":79546}
2026-08-09T06:44:35+00:00 NOTICE Email "customer_completed_order" for order #79547 not sent: email type is disabled CONTEXT: {"email_type":"customer_completed_order","status":"disabled","recipient":"jenydarling2897","order":79547}
2026-08-09T06:44:35+00:00 NOTICE Email "new_order" for order #79547 not sent: email type is disabled CONTEXT: {"email_type":"new_order","status":"disabled","recipient":"Admin_Madrasmilk","order":79547}
2026-08-09T06:44:35+00:00 NOTICE Email "customer_completed_order" for order #79548 not sent: email type is disabled CONTEXT: {"email_type":"customer_completed_order","status":"disabled","recipient":"cvidya11","order":79548}
2026-08-09T06:44:35+00:00 NOTICE Email "new_order" for order #79548 not sent: email type is disabled CONTEXT: {"email_type":"new_order","status":"disabled","recipient":"Admin_Madrasmilk","order":79548}
2026-08-09T06:44:35+00:00 NOTICE Email "customer_completed_order" for order #79549 not sent: email type is disabled CONTEXT: {"email_type":"customer_completed_order","status":"disabled","recipient":"cvidya11","order":79549}
2026-08-09T06:44:35+00:00 NOTICE Email "new_order" for order #79549 not sent: email type is disabled CONTEXT: {"email_type":"new_order","status":"disabled","recipient":"Admin_Madrasmilk","order":79549}
2026-08-09T06:44:36+00:00 NOTICE Email "customer_completed_order" for order #79550 not sent: email type is disabled CONTEXT: {"email_type":"customer_completed_order","status":"disabled","recipient":"nithya.metha","order":79550}
2026-08-09T06:44:36+00:00 NOTICE Email "new_order" for order #79550 not sent: email type is disabled CONTEXT: {"email_type":"new_order","status":"disabled","recipient":"Admin_Madrasmilk","order":79550}
2026-08-09T06:44:36+00:00 NOTICE Email "customer_completed_order" for order #79551 not sent: email type is disabled CONTEXT: {"email_type":"customer_completed_order","status":"disabled","recipient":"venkateshsuba","order":79551}
2026-08-09T06:44:36+00:00 NOTICE Email "new_order" for order #79551 not sent: email type is disabled CONTEXT: {"email_type":"new_order","status":"disabled","recipient":"Admin_Madrasmilk","order":79551}
2026-08-09T06:44:36+00:00 NOTICE Email "customer_completed_order" for order #79552 not sent: email type is disabled CONTEXT: {"email_type":"customer_completed_order","status":"disabled","recipient":"venkateshsuba","order":79552}
2026-08-09T06:44:36+00:00 NOTICE Email "new_order" for order #79552 not sent: email type is disabled CONTEXT: {"email_type":"new_order","status":"disabled","recipient":"Admin_Madrasmilk","order":79552}
2026-08-09T06:44:37+00:00 NOTICE Email "customer_completed_order" for order #79553 not sent: email type is disabled CONTEXT: {"email_type":"customer_completed_order","status":"disabled","recipient":"jigar.p.davey","order":79553}
2026-08-09T06:44:37+00:00 NOTICE Email "new_order" for order #79553 not sent: email type is disabled CONTEXT: {"email_type":"new_order","status":"disabled","recipient":"Admin_Madrasmilk","order":79553}
2026-08-09T06:44:37+00:00 NOTICE Email "customer_completed_order" for order #79554 not sent: email type is disabled CONTEXT: {"email_type":"customer_completed_order","status":"disabled","recipient":"accounts","order":79554}
2026-08-09T06:44:37+00:00 NOTICE Email "new_order" for order #79554 not sent: email type is disabled CONTEXT: {"email_type":"new_order","status":"disabled","recipient":"Admin_Madrasmilk","order":79554}
2026-08-09T06:44:38+00:00 NOTICE Email "customer_completed_order" for order #79555 not sent: email type is disabled CONTEXT: {"email_type":"customer_completed_order","status":"disabled","recipient":"hemadricpc","order":79555}
2026-08-09T06:44:38+00:00 NOTICE Email "new_order" for order #79555 not sent: email type is disabled CONTEXT: {"email_type":"new_order","status":"disabled","recipient":"Admin_Madrasmilk","order":79555}
2026-08-09T06:44:43+00:00 NOTICE Email "customer_completed_order" for order #79556 not sent: email type is disabled CONTEXT: {"email_type":"customer_completed_order","status":"disabled","recipient":"ilakkiyaasp","order":79556}
2026-08-09T06:44:43+00:00 NOTICE Email "new_order" for order #79556 not sent: email type is disabled CONTEXT: {"email_type":"new_order","status":"disabled","recipient":"Admin_Madrasmilk","order":79556}
2026-08-09T06:44:43+00:00 NOTICE Email "customer_completed_order" for order #79557 not sent: email type is disabled CONTEXT: {"email_type":"customer_completed_order","status":"disabled","recipient":"syedmushtaqahmed","order":79557}
2026-08-09T06:44:43+00:00 NOTICE Email "new_order" for order #79557 not sent: email type is disabled CONTEXT: {"email_type":"new_order","status":"disabled","recipient":"Admin_Madrasmilk","order":79557}
2026-08-09T06:44:44+00:00 NOTICE Email "customer_completed_order" for order #79558 not sent: email type is disabled CONTEXT: {"email_type":"customer_completed_order","status":"disabled","recipient":"nambibiz","order":79558}
2026-08-09T06:44:44+00:00 NOTICE Email "new_order" for order #79558 not sent: email type is disabled CONTEXT: {"email_type":"new_order","status":"disabled","recipient":"Admin_Madrasmilk","order":79558}
2026-08-09T06:44:44+00:00 NOTICE Email "customer_completed_order" for order #79559 not sent: email type is disabled CONTEXT: {"email_type":"customer_completed_order","status":"disabled","recipient":"sudheer.rayanapati","order":79559}
2026-08-09T06:44:44+00:00 NOTICE Email "new_order" for order #79559 not sent: email type is disabled CONTEXT: {"email_type":"new_order","status":"disabled","recipient":"Admin_Madrasmilk","order":79559}
2026-08-09T06:44:44+00:00 NOTICE Email "customer_completed_order" for order #79560 not sent: email type is disabled CONTEXT: {"email_type":"customer_completed_order","status":"disabled","recipient":"meerasampath47","order":79560}
2026-08-09T06:44:45+00:00 NOTICE Email "new_order" for order #79560 not sent: email type is disabled CONTEXT: {"email_type":"new_order","status":"disabled","recipient":"Admin_Madrasmilk","order":79560}
2026-08-09T06:44:45+00:00 NOTICE Email "customer_completed_order" for order #79561 not sent: email type is disabled CONTEXT: {"email_type":"customer_completed_order","status":"disabled","recipient":"9444925093","order":79561}
2026-08-09T06:44:45+00:00 NOTICE Email "new_order" for order #79561 not sent: email type is disabled CONTEXT: {"email_type":"new_order","status":"disabled","recipient":"Admin_Madrasmilk","order":79561}
2026-08-09T06:44:45+00:00 NOTICE Email "customer_completed_order" for order #79562 not sent: email type is disabled CONTEXT: {"email_type":"customer_completed_order","status":"disabled","recipient":"krishnasai.pittala","order":79562}
2026-08-09T06:44:45+00:00 NOTICE Email "new_order" for order #79562 not sent: email type is disabled CONTEXT: {"email_type":"new_order","status":"disabled","recipient":"Admin_Madrasmilk","order":79562}
2026-08-09T06:44:46+00:00 NOTICE Email "customer_completed_order" for order #79563 not sent: email type is disabled CONTEXT: {"email_type":"customer_completed_order","status":"disabled","recipient":"lalithapatnaik15","order":79563}
2026-08-09T06:44:46+00:00 NOTICE Email "new_order" for order #79563 not sent: email type is disabled CONTEXT: {"email_type":"new_order","status":"disabled","recipient":"Admin_Madrasmilk","order":79563}
2026-08-09T06:44:46+00:00 NOTICE Email "customer_completed_order" for order #79564 not sent: email type is disabled CONTEXT: {"email_type":"customer_completed_order","status":"disabled","recipient":"rs_vinodh","order":79564}
2026-08-09T06:44:46+00:00 NOTICE Email "new_order" for order #79564 not sent: email type is disabled CONTEXT: {"email_type":"new_order","status":"disabled","recipient":"Admin_Madrasmilk","order":79564}
2026-08-09T06:44:46+00:00 NOTICE Email "customer_completed_order" for order #79565 not sent: email type is disabled CONTEXT: {"email_type":"customer_completed_order","status":"disabled","recipient":"chalam666","order":79565}
2026-08-09T06:44:46+00:00 NOTICE Email "new_order" for order #79565 not sent: email type is disabled CONTEXT: {"email_type":"new_order","status":"disabled","recipient":"Admin_Madrasmilk","order":79565}
2026-08-09T06:44:47+00:00 NOTICE Email "customer_completed_order" for order #79566 not sent: email type is disabled CONTEXT: {"email_type":"customer_completed_order","status":"disabled","recipient":"ramesh.vanaparthi3","order":79566}
2026-08-09T06:44:47+00:00 NOTICE Email "new_order" for order #79566 not sent: email type is disabled CONTEXT: {"email_type":"new_order","status":"disabled","recipient":"Admin_Madrasmilk","order":79566}
2026-08-09T06:44:47+00:00 NOTICE Email "customer_completed_order" for order #79567 not sent: email type is disabled CONTEXT: {"email_type":"customer_completed_order","status":"disabled","recipient":"vikramhari2001","order":79567}
2026-08-09T06:44:47+00:00 NOTICE Email "new_order" for order #79567 not sent: email type is disabled CONTEXT: {"email_type":"new_order","status":"disabled","recipient":"Admin_Madrasmilk","order":79567}
2026-08-09T06:44:48+00:00 NOTICE Email "customer_completed_order" for order #79568 not sent: email type is disabled CONTEXT: {"email_type":"customer_completed_order","status":"disabled","recipient":"ravkumrs","order":79568}
2026-08-09T06:44:48+00:00 NOTICE Email "new_order" for order #79568 not sent: email type is disabled CONTEXT: {"email_type":"new_order","status":"disabled","recipient":"Admin_Madrasmilk","order":79568}
2026-08-09T06:44:48+00:00 NOTICE Email "customer_completed_order" for order #79569 not sent: email type is disabled CONTEXT: {"email_type":"customer_completed_order","status":"disabled","recipient":"prathyusadam","order":79569}
2026-08-09T06:44:48+00:00 NOTICE Email "new_order" for order #79569 not sent: email type is disabled CONTEXT: {"email_type":"new_order","status":"disabled","recipient":"Admin_Madrasmilk","order":79569}
2026-08-09T06:44:48+00:00 NOTICE Email "customer_completed_order" for order #79570 not sent: email type is disabled CONTEXT: {"email_type":"customer_completed_order","status":"disabled","recipient":"amurali65","order":79570}
2026-08-09T06:44:48+00:00 NOTICE Email "new_order" for order #79570 not sent: email type is disabled CONTEXT: {"email_type":"new_order","status":"disabled","recipient":"Admin_Madrasmilk","order":79570}
2026-08-09T06:44:49+00:00 NOTICE Email "customer_completed_order" for order #79571 not sent: email type is disabled CONTEXT: {"email_type":"customer_completed_order","status":"disabled","recipient":"mohankishore80","order":79571}
2026-08-09T06:44:49+00:00 NOTICE Email "new_order" for order #79571 not sent: email type is disabled CONTEXT: {"email_type":"new_order","status":"disabled","recipient":"Admin_Madrasmilk","order":79571}
2026-08-09T06:44:49+00:00 NOTICE Email "customer_completed_order" for order #79572 not sent: email type is disabled CONTEXT: {"email_type":"customer_completed_order","status":"disabled","recipient":"jananifootball","order":79572}
2026-08-09T06:44:49+00:00 NOTICE Email "new_order" for order #79572 not sent: email type is disabled CONTEXT: {"email_type":"new_order","status":"disabled","recipient":"Admin_Madrasmilk","order":79572}
2026-08-09T06:44:49+00:00 NOTICE Email "customer_completed_order" for order #79573 not sent: email type is disabled CONTEXT: {"email_type":"customer_completed_order","status":"disabled","recipient":"guest","order":79573}
2026-08-09T06:44:49+00:00 NOTICE Email "new_order" for order #79573 not sent: email type is disabled CONTEXT: {"email_type":"new_order","status":"disabled","recipient":"Admin_Madrasmilk","order":79573}
2026-08-09T06:44:50+00:00 NOTICE Email "customer_completed_order" for order #79574 not sent: email type is disabled CONTEXT: {"email_type":"customer_completed_order","status":"disabled","recipient":"guest","order":79574}
2026-08-09T06:44:50+00:00 NOTICE Email "new_order" for order #79574 not sent: email type is disabled CONTEXT: {"email_type":"new_order","status":"disabled","recipient":"Admin_Madrasmilk","order":79574}
2026-08-09T06:44:50+00:00 NOTICE Email "customer_completed_order" for order #79575 not sent: email type is disabled CONTEXT: {"email_type":"customer_completed_order","status":"disabled","recipient":"guest","order":79575}
2026-08-09T06:44:50+00:00 NOTICE Email "new_order" for order #79575 not sent: email type is disabled CONTEXT: {"email_type":"new_order","status":"disabled","recipient":"Admin_Madrasmilk","order":79575}
2026-08-09T06:44:50+00:00 NOTICE Email "customer_completed_order" for order #79576 not sent: email type is disabled CONTEXT: {"email_type":"customer_completed_order","status":"disabled","recipient":"guest","order":79576}
2026-08-09T06:44:50+00:00 NOTICE Email "new_order" for order #79576 not sent: email type is disabled CONTEXT: {"email_type":"new_order","status":"disabled","recipient":"Admin_Madrasmilk","order":79576}
2026-08-09T06:44:51+00:00 NOTICE Email "customer_completed_order" for order #79577 not sent: email type is disabled CONTEXT: {"email_type":"customer_completed_order","status":"disabled","recipient":"guest","order":79577}
2026-08-09T06:44:51+00:00 NOTICE Email "new_order" for order #79577 not sent: email type is disabled CONTEXT: {"email_type":"new_order","status":"disabled","recipient":"Admin_Madrasmilk","order":79577}
2026-08-09T06:44:51+00:00 NOTICE Email "customer_completed_order" for order #79578 not sent: email type is disabled CONTEXT: {"email_type":"customer_completed_order","status":"disabled","recipient":"guest","order":79578}
2026-08-09T06:44:51+00:00 NOTICE Email "new_order" for order #79578 not sent: email type is disabled CONTEXT: {"email_type":"new_order","status":"disabled","recipient":"Admin_Madrasmilk","order":79578}
2026-08-09T06:44:51+00:00 NOTICE Email "customer_completed_order" for order #79579 not sent: email type is disabled CONTEXT: {"email_type":"customer_completed_order","status":"disabled","recipient":"poducipriya","order":79579}
2026-08-09T06:44:51+00:00 NOTICE Email "new_order" for order #79579 not sent: email type is disabled CONTEXT: {"email_type":"new_order","status":"disabled","recipient":"Admin_Madrasmilk","order":79579}
2026-08-09T06:44:52+00:00 NOTICE Email "customer_completed_order" for order #79580 not sent: email type is disabled CONTEXT: {"email_type":"customer_completed_order","status":"disabled","recipient":"guest","order":79580}
2026-08-09T06:44:52+00:00 NOTICE Email "new_order" for order #79580 not sent: email type is disabled CONTEXT: {"email_type":"new_order","status":"disabled","recipient":"Admin_Madrasmilk","order":79580}
2026-08-09T06:44:52+00:00 NOTICE Email "customer_completed_order" for order #79581 not sent: email type is disabled CONTEXT: {"email_type":"customer_completed_order","status":"disabled","recipient":"guest","order":79581}
2026-08-09T06:44:52+00:00 NOTICE Email "new_order" for order #79581 not sent: email type is disabled CONTEXT: {"email_type":"new_order","status":"disabled","recipient":"Admin_Madrasmilk","order":79581}
2026-08-09T06:44:52+00:00 NOTICE Email "customer_completed_order" for order #79582 not sent: email type is disabled CONTEXT: {"email_type":"customer_completed_order","status":"disabled","recipient":"logi.sekar","order":79582}
2026-08-09T06:44:52+00:00 NOTICE Email "new_order" for order #79582 not sent: email type is disabled CONTEXT: {"email_type":"new_order","status":"disabled","recipient":"Admin_Madrasmilk","order":79582}
2026-08-09T06:44:53+00:00 NOTICE Email "customer_completed_order" for order #79583 not sent: email type is disabled CONTEXT: {"email_type":"customer_completed_order","status":"disabled","recipient":"chittharasai","order":79583}
2026-08-09T06:44:53+00:00 NOTICE Email "new_order" for order #79583 not sent: email type is disabled CONTEXT: {"email_type":"new_order","status":"disabled","recipient":"Admin_Madrasmilk","order":79583}
2026-08-09T06:44:53+00:00 NOTICE Email "customer_completed_order" for order #79584 not sent: email type is disabled CONTEXT: {"email_type":"customer_completed_order","status":"disabled","recipient":"9514140417","order":79584}
2026-08-09T06:44:53+00:00 NOTICE Email "new_order" for order #79584 not sent: email type is disabled CONTEXT: {"email_type":"new_order","status":"disabled","recipient":"Admin_Madrasmilk","order":79584}
2026-08-09T06:44:54+00:00 NOTICE Email "customer_completed_order" for order #79585 not sent: email type is disabled CONTEXT: {"email_type":"customer_completed_order","status":"disabled","recipient":"ayisha03","order":79585}
2026-08-09T06:44:54+00:00 NOTICE Email "new_order" for order #79585 not sent: email type is disabled CONTEXT: {"email_type":"new_order","status":"disabled","recipient":"Admin_Madrasmilk","order":79585}
2026-08-09T06:44:54+00:00 NOTICE Email "customer_completed_order" for order #79586 not sent: email type is disabled CONTEXT: {"email_type":"customer_completed_order","status":"disabled","recipient":"guest","order":79586}
2026-08-09T06:44:54+00:00 NOTICE Email "new_order" for order #79586 not sent: email type is disabled CONTEXT: {"email_type":"new_order","status":"disabled","recipient":"Admin_Madrasmilk","order":79586}
2026-08-09T06:44:54+00:00 NOTICE Email "customer_completed_order" for order #79587 not sent: email type is disabled CONTEXT: {"email_type":"customer_completed_order","status":"disabled","recipient":"guest","order":79587}
2026-08-09T06:44:54+00:00 NOTICE Email "new_order" for order #79587 not sent: email type is disabled CONTEXT: {"email_type":"new_order","status":"disabled","recipient":"Admin_Madrasmilk","order":79587}
2026-08-09T06:44:55+00:00 NOTICE Email "customer_completed_order" for order #79588 not sent: email type is disabled CONTEXT: {"email_type":"customer_completed_order","status":"disabled","recipient":"rviji.1092","order":79588}
2026-08-09T06:44:55+00:00 NOTICE Email "new_order" for order #79588 not sent: email type is disabled CONTEXT: {"email_type":"new_order","status":"disabled","recipient":"Admin_Madrasmilk","order":79588}
2026-08-09T06:44:55+00:00 NOTICE Email "customer_completed_order" for order #79589 not sent: email type is disabled CONTEXT: {"email_type":"customer_completed_order","status":"disabled","recipient":"guest","order":79589}
2026-08-09T06:44:55+00:00 NOTICE Email "new_order" for order #79589 not sent: email type is disabled CONTEXT: {"email_type":"new_order","status":"disabled","recipient":"Admin_Madrasmilk","order":79589}
2026-08-09T06:44:56+00:00 NOTICE Email "customer_completed_order" for order #79590 not sent: email type is disabled CONTEXT: {"email_type":"customer_completed_order","status":"disabled","recipient":"meerasampath47","order":79590}
2026-08-09T06:44:56+00:00 NOTICE Email "new_order" for order #79590 not sent: email type is disabled CONTEXT: {"email_type":"new_order","status":"disabled","recipient":"Admin_Madrasmilk","order":79590}
2026-08-09T06:44:56+00:00 NOTICE Email "customer_completed_order" for order #79591 not sent: email type is disabled CONTEXT: {"email_type":"customer_completed_order","status":"disabled","recipient":"9444925093","order":79591}
2026-08-09T06:44:56+00:00 NOTICE Email "new_order" for order #79591 not sent: email type is disabled CONTEXT: {"email_type":"new_order","status":"disabled","recipient":"Admin_Madrasmilk","order":79591}
2026-08-09T06:44:56+00:00 NOTICE Email "customer_completed_order" for order #79592 not sent: email type is disabled CONTEXT: {"email_type":"customer_completed_order","status":"disabled","recipient":"meghavikram","order":79592}
2026-08-09T06:44:56+00:00 NOTICE Email "new_order" for order #79592 not sent: email type is disabled CONTEXT: {"email_type":"new_order","status":"disabled","recipient":"Admin_Madrasmilk","order":79592}
2026-08-09T06:44:57+00:00 NOTICE Email "customer_completed_order" for order #79593 not sent: email type is disabled CONTEXT: {"email_type":"customer_completed_order","status":"disabled","recipient":"guest","order":79593}
2026-08-09T06:44:57+00:00 NOTICE Email "new_order" for order #79593 not sent: email type is disabled CONTEXT: {"email_type":"new_order","status":"disabled","recipient":"Admin_Madrasmilk","order":79593}
2026-08-09T06:44:57+00:00 NOTICE Email "customer_completed_order" for order #79594 not sent: email type is disabled CONTEXT: {"email_type":"customer_completed_order","status":"disabled","recipient":"guest","order":79594}
2026-08-09T06:44:57+00:00 NOTICE Email "new_order" for order #79594 not sent: email type is disabled CONTEXT: {"email_type":"new_order","status":"disabled","recipient":"Admin_Madrasmilk","order":79594}
2026-08-09T06:44:57+00:00 NOTICE Email "customer_completed_order" for order #79595 not sent: email type is disabled CONTEXT: {"email_type":"customer_completed_order","status":"disabled","recipient":"guest","order":79595}
2026-08-09T06:44:57+00:00 NOTICE Email "new_order" for order #79595 not sent: email type is disabled CONTEXT: {"email_type":"new_order","status":"disabled","recipient":"Admin_Madrasmilk","order":79595}
2026-08-09T06:58:27+00:00 NOTICE Email "customer_note" for order #79596 not sent: email type is disabled CONTEXT: {"email_type":"customer_note","status":"disabled","recipient":"guest","order":79596}
2026-08-09T07:00:04+00:00 NOTICE Email "customer_completed_order" for order #79598 not sent: email type is disabled CONTEXT: {"email_type":"customer_completed_order","status":"disabled","recipient":"Sidharth test","order":79598}
2026-08-09T07:00:04+00:00 NOTICE Email "new_order" for order #79598 not sent: email type is disabled CONTEXT: {"email_type":"new_order","status":"disabled","recipient":"Admin_Madrasmilk","order":79598}
2026-08-09T07:09:52+00:00 INFO Email "cancelled_subscription" for order #59371 sent CONTEXT: {"email_type":"cancelled_subscription","status":"sent","recipient":"Admin_Madrasmilk","order":59371}
2026-08-09T07:11:31+00:00 NOTICE Email "customer_completed_order" for order #79600 not sent: email type is disabled CONTEXT: {"email_type":"customer_completed_order","status":"disabled","recipient":"Test Sibi","order":79600}
2026-08-09T07:11:31+00:00 NOTICE Email "new_order" for order #79600 not sent: email type is disabled CONTEXT: {"email_type":"new_order","status":"disabled","recipient":"Admin_Madrasmilk","order":79600}
2026-08-09T07:16:38+00:00 NOTICE Email "customer_note" for order #78950 not sent: email type is disabled CONTEXT: {"email_type":"customer_note","status":"disabled","recipient":"guest","order":78950}
2026-08-09T07:26:36+00:00 NOTICE Email "customer_note" for order #79603 not sent: email type is disabled CONTEXT: {"email_type":"customer_note","status":"disabled","recipient":"rviji.1092","order":79603}
2026-08-09T07:30:31+00:00 NOTICE Email "customer_note" for order #79602 not sent: email type is disabled CONTEXT: {"email_type":"customer_note","status":"disabled","recipient":"guest","order":79602}
2026-08-09T08:01:34+00:00 NOTICE Email "customer_note" for order #79605 not sent: email type is disabled CONTEXT: {"email_type":"customer_note","status":"disabled","recipient":"guest","order":79605}
2026-08-09T08:03:13+00:00 NOTICE Email "new_order" for order #79606 not sent: email type is disabled CONTEXT: {"email_type":"new_order","status":"disabled","recipient":"Admin_Madrasmilk","order":79606}
2026-08-09T08:03:13+00:00 NOTICE Email "customer_processing_order" for order #79606 not sent: email type is disabled CONTEXT: {"email_type":"customer_processing_order","status":"disabled","recipient":"mani363vel","order":79606}
2026-08-09T08:13:33+00:00 NOTICE Email "customer_note" for order #79609 not sent: email type is disabled CONTEXT: {"email_type":"customer_note","status":"disabled","recipient":"viswa22","order":79609}
2026-08-09T08:13:38+00:00 NOTICE Email "customer_note" for order #79609 not sent: email type is disabled CONTEXT: {"email_type":"customer_note","status":"disabled","recipient":"viswa22","order":79609}
2026-08-09T08:13:46+00:00 NOTICE Email "customer_note" for order #79610 not sent: email type is disabled CONTEXT: {"email_type":"customer_note","status":"disabled","recipient":"Test Sibi","order":79610}
2026-08-09T08:38:17+00:00 NOTICE Email "customer_note" for order #79612 not sent: email type is disabled CONTEXT: {"email_type":"customer_note","status":"disabled","recipient":"mr.khadeerahmed","order":79612}
2026-08-09T08:38:22+00:00 NOTICE Email "customer_note" for order #79612 not sent: email type is disabled CONTEXT: {"email_type":"customer_note","status":"disabled","recipient":"mr.khadeerahmed","order":79612}
2026-08-09T08:44:59+00:00 INFO Email "customer_new_account" for user #1589 sent CONTEXT: {"email_type":"customer_new_account","status":"sent","recipient":"balakrishna.b","user":1589}
2026-08-09T08:45:30+00:00 NOTICE Email "new_order" for order #79613 not sent: email type is disabled CONTEXT: {"email_type":"new_order","status":"disabled","recipient":"Admin_Madrasmilk","order":79613}
2026-08-09T08:45:30+00:00 NOTICE Email "customer_processing_order" for order #79613 not sent: email type is disabled CONTEXT: {"email_type":"customer_processing_order","status":"disabled","recipient":"balakrishna.b","order":79613}
2026-08-09T08:50:34+00:00 NOTICE Email "new_order" for order #79612 not sent: email type is disabled CONTEXT: {"email_type":"new_order","status":"disabled","recipient":"Admin_Madrasmilk","order":79612}
2026-08-09T08:50:34+00:00 NOTICE Email "customer_processing_order" for order #79612 not sent: email type is disabled CONTEXT: {"email_type":"customer_processing_order","status":"disabled","recipient":"mr.khadeerahmed","order":79612}
2026-08-09T08:50:47+00:00 NOTICE Email "new_order" for order #79614 not sent: email type is disabled CONTEXT: {"email_type":"new_order","status":"disabled","recipient":"Admin_Madrasmilk","order":79614}
2026-08-09T08:50:47+00:00 NOTICE Email "customer_processing_order" for order #79614 not sent: email type is disabled CONTEXT: {"email_type":"customer_processing_order","status":"disabled","recipient":"balakrishna.b","order":79614}
2026-08-09T09:31:33+00:00 NOTICE Email "new_order" for order #79616 not sent: email type is disabled CONTEXT: {"email_type":"new_order","status":"disabled","recipient":"Admin_Madrasmilk","order":79616}
2026-08-09T09:31:33+00:00 NOTICE Email "customer_processing_order" for order #79616 not sent: email type is disabled CONTEXT: {"email_type":"customer_processing_order","status":"disabled","recipient":"kishorebheema","order":79616}
2026-08-09T09:36:47+00:00 NOTICE Email "customer_note" for order #79617 not sent: email type is disabled CONTEXT: {"email_type":"customer_note","status":"disabled","recipient":"9444925093","order":79617}
2026-08-09T09:46:40+00:00 NOTICE Email "customer_note" for order #79618 not sent: email type is disabled CONTEXT: {"email_type":"customer_note","status":"disabled","recipient":"rigin.raj","order":79618}
2026-08-09T09:46:46+00:00 NOTICE Email "customer_note" for order #79619 not sent: email type is disabled CONTEXT: {"email_type":"customer_note","status":"disabled","recipient":"durgadevi2227","order":79619}
2026-08-09T09:48:37+00:00 NOTICE Email "customer_note" for order #79620 not sent: email type is disabled CONTEXT: {"email_type":"customer_note","status":"disabled","recipient":"shwethabalaji.asbs","order":79620}
2026-08-09T09:48:43+00:00 NOTICE Email "customer_note" for order #79621 not sent: email type is disabled CONTEXT: {"email_type":"customer_note","status":"disabled","recipient":"sudheer.rayanapati","order":79621}
2026-08-09T09:50:29+00:00 NOTICE Email "customer_note" for order #79622 not sent: email type is disabled CONTEXT: {"email_type":"customer_note","status":"disabled","recipient":"srksrk","order":79622}
2026-08-09T09:50:33+00:00 NOTICE Email "customer_note" for order #79622 not sent: email type is disabled CONTEXT: {"email_type":"customer_note","status":"disabled","recipient":"srksrk","order":79622}
2026-08-09T09:51:02+00:00 NOTICE Email "new_order" for order #79622 not sent: email type is disabled CONTEXT: {"email_type":"new_order","status":"disabled","recipient":"Admin_Madrasmilk","order":79622}
2026-08-09T09:51:02+00:00 NOTICE Email "customer_processing_order" for order #79622 not sent: email type is disabled CONTEXT: {"email_type":"customer_processing_order","status":"disabled","recipient":"srksrk","order":79622}
2026-08-09T10:20:16+00:00 NOTICE Email "customer_note" for order #58612 not sent: email type is disabled CONTEXT: {"email_type":"customer_note","status":"disabled","recipient":"abhir019","order":58612}
2026-08-09T10:20:21+00:00 NOTICE Email "customer_note" for order #58612 not sent: email type is disabled CONTEXT: {"email_type":"customer_note","status":"disabled","recipient":"abhir019","order":58612}
2026-08-09T10:38:52+00:00 NOTICE Email "new_order" for order #79623 not sent: email type is disabled CONTEXT: {"email_type":"new_order","status":"disabled","recipient":"Admin_Madrasmilk","order":79623}
2026-08-09T10:38:52+00:00 NOTICE Email "customer_processing_order" for order #79623 not sent: email type is disabled CONTEXT: {"email_type":"customer_processing_order","status":"disabled","recipient":"yuvrajbenches","order":79623}
2026-08-09T10:42:46+00:00 NOTICE Email "customer_note" for order #79624 not sent: email type is disabled CONTEXT: {"email_type":"customer_note","status":"disabled","recipient":"guest","order":79624}
2026-08-09T10:44:52+00:00 NOTICE Email "new_order" for order #79625 not sent: email type is disabled CONTEXT: {"email_type":"new_order","status":"disabled","recipient":"Admin_Madrasmilk","order":79625}
2026-08-09T10:44:52+00:00 NOTICE Email "customer_processing_order" for order #79625 not sent: email type is disabled CONTEXT: {"email_type":"customer_processing_order","status":"disabled","recipient":"abhir019","order":79625}
2026-08-09T11:00:25+00:00 NOTICE Email "new_order" for order #79609 not sent: email type is disabled CONTEXT: {"email_type":"new_order","status":"disabled","recipient":"Admin_Madrasmilk","order":79609}
2026-08-09T11:00:25+00:00 NOTICE Email "customer_processing_order" for order #79609 not sent: email type is disabled CONTEXT: {"email_type":"customer_processing_order","status":"disabled","recipient":"viswa22","order":79609}
2026-08-09T11:08:57+00:00 INFO Email "cancelled_subscription" for order #58568 sent CONTEXT: {"email_type":"cancelled_subscription","status":"sent","recipient":"Admin_Madrasmilk","order":58568}
2026-08-09T11:09:19+00:00 NOTICE Email "customer_completed_order" for order #78550 not sent: email type is disabled CONTEXT: {"email_type":"customer_completed_order","status":"disabled","recipient":"drlakshmibaskar","order":78550}
2026-08-09T11:10:03+00:00 NOTICE Email "customer_completed_order" for order #78322 not sent: email type is disabled CONTEXT: {"email_type":"customer_completed_order","status":"disabled","recipient":"sinhaarun59","order":78322}
2026-08-09T11:10:03+00:00 NOTICE Email "customer_completed_order" for order #78325 not sent: email type is disabled CONTEXT: {"email_type":"customer_completed_order","status":"disabled","recipient":"reachkandn","order":78325}
2026-08-09T11:10:03+00:00 NOTICE Email "customer_completed_order" for order #78335 not sent: email type is disabled CONTEXT: {"email_type":"customer_completed_order","status":"disabled","recipient":"nambibiz","order":78335}
2026-08-09T11:10:03+00:00 NOTICE Email "customer_completed_order" for order #78339 not sent: email type is disabled CONTEXT: {"email_type":"customer_completed_order","status":"disabled","recipient":"sowmya.subramanian","order":78339}
2026-08-09T11:10:03+00:00 NOTICE Email "customer_completed_order" for order #78342 not sent: email type is disabled CONTEXT: {"email_type":"customer_completed_order","status":"disabled","recipient":"kcsuman","order":78342}
2026-08-09T11:10:03+00:00 NOTICE Email "customer_completed_order" for order #76046 not sent: email type is disabled CONTEXT: {"email_type":"customer_completed_order","status":"disabled","recipient":"harin5000","order":76046}
2026-08-09T11:10:03+00:00 NOTICE Email "customer_completed_order" for order #76047 not sent: email type is disabled CONTEXT: {"email_type":"customer_completed_order","status":"disabled","recipient":"senthil.kumar.ma","order":76047}
2026-08-09T11:10:03+00:00 NOTICE Email "customer_completed_order" for order #76048 not sent: email type is disabled CONTEXT: {"email_type":"customer_completed_order","status":"disabled","recipient":"vjjaleel","order":76048}
2026-08-09T11:10:03+00:00 NOTICE Email "customer_completed_order" for order #76049 not sent: email type is disabled CONTEXT: {"email_type":"customer_completed_order","status":"disabled","recipient":"sshalu2109","order":76049}
2026-08-09T11:10:03+00:00 NOTICE Email "customer_completed_order" for order #76050 not sent: email type is disabled CONTEXT: {"email_type":"customer_completed_order","status":"disabled","recipient":"mr.khadeerahmed","order":76050}
2026-08-09T11:10:04+00:00 NOTICE Email "customer_completed_order" for order #76051 not sent: email type is disabled CONTEXT: {"email_type":"customer_completed_order","status":"disabled","recipient":"devitholkappiar","order":76051}
2026-08-09T11:10:04+00:00 NOTICE Email "customer_completed_order" for order #76052 not sent: email type is disabled CONTEXT: {"email_type":"customer_completed_order","status":"disabled","recipient":"tandonamit75","order":76052}
2026-08-09T11:10:04+00:00 NOTICE Email "customer_completed_order" for order #76053 not sent: email type is disabled CONTEXT: {"email_type":"customer_completed_order","status":"disabled","recipient":"shivanilank1312","order":76053}
2026-08-09T11:10:04+00:00 NOTICE Email "customer_completed_order" for order #76054 not sent: email type is disabled CONTEXT: {"email_type":"customer_completed_order","status":"disabled","recipient":"sandyraja","order":76054}
2026-08-09T11:10:04+00:00 NOTICE Email "customer_completed_order" for order #76055 not sent: email type is disabled CONTEXT: {"email_type":"customer_completed_order","status":"disabled","recipient":"baggubhargav","order":76055}
2026-08-09T11:10:04+00:00 NOTICE Email "customer_completed_order" for order #76056 not sent: email type is disabled CONTEXT: {"email_type":"customer_completed_order","status":"disabled","recipient":"gogul.1603","order":76056}
2026-08-09T11:10:04+00:00 NOTICE Email "customer_completed_order" for order #76057 not sent: email type is disabled CONTEXT: {"email_type":"customer_completed_order","status":"disabled","recipient":"rosanuru","order":76057}
2026-08-09T11:10:04+00:00 NOTICE Email "customer_completed_order" for order #76058 not sent: email type is disabled CONTEXT: {"email_type":"customer_completed_order","status":"disabled","recipient":"rosanuru","order":76058}
2026-08-09T11:10:04+00:00 NOTICE Email "customer_completed_order" for order #76059 not sent: email type is disabled CONTEXT: {"email_type":"customer_completed_order","status":"disabled","recipient":"caguptha2017","order":76059}
2026-08-09T11:10:04+00:00 NOTICE Email "customer_completed_order" for order #76060 not sent: email type is disabled CONTEXT: {"email_type":"customer_completed_order","status":"disabled","recipient":"eswar06","order":76060}
2026-08-09T11:10:04+00:00 NOTICE Email "customer_completed_order" for order #76061 not sent: email type is disabled CONTEXT: {"email_type":"customer_completed_order","status":"disabled","recipient":"poojareddy684","order":76061}
2026-08-09T11:10:04+00:00 NOTICE Email "customer_completed_order" for order #76062 not sent: email type is disabled CONTEXT: {"email_type":"customer_completed_order","status":"disabled","recipient":"ramsarun1","order":76062}
2026-08-09T11:10:04+00:00 NOTICE Email "customer_completed_order" for order #76063 not sent: email type is disabled CONTEXT: {"email_type":"customer_completed_order","status":"disabled","recipient":"jaysh_vijay","order":76063}
2026-08-09T11:10:04+00:00 NOTICE Email "customer_completed_order" for order #76064 not sent: email type is disabled CONTEXT: {"email_type":"customer_completed_order","status":"disabled","recipient":"ganapathy196603santhi","order":76064}
2026-08-09T11:10:04+00:00 NOTICE Email "customer_completed_order" for order #76065 not sent: email type is disabled CONTEXT: {"email_type":"customer_completed_order","status":"disabled","recipient":"santhosh9841662691","order":76065}
2026-08-09T11:10:04+00:00 NOTICE Email "customer_completed_order" for order #76066 not sent: email type is disabled CONTEXT: {"email_type":"customer_completed_order","status":"disabled","recipient":"karthik.thandapani","order":76066}
2026-08-09T11:10:04+00:00 NOTICE Email "customer_completed_order" for order #76067 not sent: email type is disabled CONTEXT: {"email_type":"customer_completed_order","status":"disabled","recipient":"guest","order":76067}
2026-08-09T11:10:04+00:00 NOTICE Email "customer_completed_order" for order #76068 not sent: email type is disabled CONTEXT: {"email_type":"customer_completed_order","status":"disabled","recipient":"raghuldeepak1991","order":76068}
2026-08-09T11:10:04+00:00 NOTICE Email "customer_completed_order" for order #78343 not sent: email type is disabled CONTEXT: {"email_type":"customer_completed_order","status":"disabled","recipient":"tandonamit75","order":78343}
2026-08-09T11:10:04+00:00 NOTICE Email "customer_completed_order" for order #78354 not sent: email type is disabled CONTEXT: {"email_type":"customer_completed_order","status":"disabled","recipient":"swaroop.sistla","order":78354}
2026-08-09T11:28:08+00:00 INFO Email "cancelled_subscription" for order #78950 sent CONTEXT: {"email_type":"cancelled_subscription","status":"sent","recipient":"Admin_Madrasmilk","order":78950}
2026-08-09T11:28:43+00:00 INFO Email "cancelled_subscription" for order #78351 sent CONTEXT: {"email_type":"cancelled_subscription","status":"sent","recipient":"Admin_Madrasmilk","order":78351}
2026-08-09T11:29:38+00:00 NOTICE Email "customer_note" for order #79626 not sent: email type is disabled CONTEXT: {"email_type":"customer_note","status":"disabled","recipient":"guest","order":79626}
2026-08-09T11:31:34+00:00 NOTICE Email "new_order" for order #79628 not sent: email type is disabled CONTEXT: {"email_type":"new_order","status":"disabled","recipient":"Admin_Madrasmilk","order":79628}
2026-08-09T11:31:34+00:00 NOTICE Email "customer_processing_order" for order #79628 not sent: email type is disabled CONTEXT: {"email_type":"customer_processing_order","status":"disabled","recipient":"swaroop.sistla","order":79628}
2026-08-09T11:48:15+00:00 NOTICE Email "new_order" for order #79630 not sent: email type is disabled CONTEXT: {"email_type":"new_order","status":"disabled","recipient":"Admin_Madrasmilk","order":79630}
2026-08-09T11:48:15+00:00 NOTICE Email "customer_processing_order" for order #79630 not sent: email type is disabled CONTEXT: {"email_type":"customer_processing_order","status":"disabled","recipient":"patapallasrinivas","order":79630}
2026-08-09T11:50:33+00:00 NOTICE Email "new_order" for order #79629 not sent: email type is disabled CONTEXT: {"email_type":"new_order","status":"disabled","recipient":"Admin_Madrasmilk","order":79629}
2026-08-09T11:50:33+00:00 NOTICE Email "customer_processing_order" for order #79629 not sent: email type is disabled CONTEXT: {"email_type":"customer_processing_order","status":"disabled","recipient":"nagarjunagarige","order":79629}
2026-08-09T12:07:56+00:00 NOTICE Email "new_order" for order #79631 not sent: email type is disabled CONTEXT: {"email_type":"new_order","status":"disabled","recipient":"Admin_Madrasmilk","order":79631}
2026-08-09T12:07:57+00:00 NOTICE Email "customer_processing_order" for order #79631 not sent: email type is disabled CONTEXT: {"email_type":"customer_processing_order","status":"disabled","recipient":"patapallasrinivas","order":79631}
2026-08-09T12:12:02+00:00 NOTICE Email "new_order" for order #79632 not sent: email type is disabled CONTEXT: {"email_type":"new_order","status":"disabled","recipient":"Admin_Madrasmilk","order":79632}
2026-08-09T12:12:02+00:00 NOTICE Email "customer_processing_order" for order #79632 not sent: email type is disabled CONTEXT: {"email_type":"customer_processing_order","status":"disabled","recipient":"patapallasrinivas","order":79632}
2026-08-09T12:21:45+00:00 NOTICE Email "customer_note" for order #79635 not sent: email type is disabled CONTEXT: {"email_type":"customer_note","status":"disabled","recipient":"guest","order":79635}
2026-08-09T12:23:01+00:00 INFO Email "cancelled_subscription" for order #59138 sent CONTEXT: {"email_type":"cancelled_subscription","status":"sent","recipient":"Admin_Madrasmilk","order":59138}
2026-08-09T12:23:06+00:00 INFO Email "cancelled_subscription" for order #59140 sent CONTEXT: {"email_type":"cancelled_subscription","status":"sent","recipient":"Admin_Madrasmilk","order":59140}
2026-08-09T12:23:11+00:00 INFO Email "cancelled_subscription" for order #59149 sent CONTEXT: {"email_type":"cancelled_subscription","status":"sent","recipient":"Admin_Madrasmilk","order":59149}
2026-08-09T12:23:16+00:00 INFO Email "cancelled_subscription" for order #59151 sent CONTEXT: {"email_type":"cancelled_subscription","status":"sent","recipient":"Admin_Madrasmilk","order":59151}
2026-08-09T12:23:18+00:00 NOTICE Email "new_order" for order #79636 not sent: email type is disabled CONTEXT: {"email_type":"new_order","status":"disabled","recipient":"Admin_Madrasmilk","order":79636}
2026-08-09T12:23:18+00:00 NOTICE Email "customer_processing_order" for order #79636 not sent: email type is disabled CONTEXT: {"email_type":"customer_processing_order","status":"disabled","recipient":"priyankaravisankar26","order":79636}
2026-08-09T12:23:21+00:00 INFO Email "cancelled_subscription" for order #59154 sent CONTEXT: {"email_type":"cancelled_subscription","status":"sent","recipient":"Admin_Madrasmilk","order":59154}
2026-08-09T12:23:25+00:00 INFO Email "cancelled_subscription" for order #59157 sent CONTEXT: {"email_type":"cancelled_subscription","status":"sent","recipient":"Admin_Madrasmilk","order":59157}
2026-08-09T12:23:30+00:00 INFO Email "cancelled_subscription" for order #59160 sent CONTEXT: {"email_type":"cancelled_subscription","status":"sent","recipient":"Admin_Madrasmilk","order":59160}
2026-08-09T12:23:34+00:00 INFO Email "cancelled_subscription" for order #59162 sent CONTEXT: {"email_type":"cancelled_subscription","status":"sent","recipient":"Admin_Madrasmilk","order":59162}
2026-08-09T12:23:38+00:00 INFO Email "cancelled_subscription" for order #59164 sent CONTEXT: {"email_type":"cancelled_subscription","status":"sent","recipient":"Admin_Madrasmilk","order":59164}
2026-08-09T12:23:43+00:00 INFO Email "cancelled_subscription" for order #59166 sent CONTEXT: {"email_type":"cancelled_subscription","status":"sent","recipient":"Admin_Madrasmilk","order":59166}
2026-08-09T12:23:47+00:00 INFO Email "cancelled_subscription" for order #59168 sent CONTEXT: {"email_type":"cancelled_subscription","status":"sent","recipient":"Admin_Madrasmilk","order":59168}
2026-08-09T12:23:53+00:00 INFO Email "cancelled_subscription" for order #59245 sent CONTEXT: {"email_type":"cancelled_subscription","status":"sent","recipient":"Admin_Madrasmilk","order":59245}
2026-08-09T12:23:57+00:00 INFO Email "cancelled_subscription" for order #59248 sent CONTEXT: {"email_type":"cancelled_subscription","status":"sent","recipient":"Admin_Madrasmilk","order":59248}
2026-08-09T12:24:02+00:00 INFO Email "cancelled_subscription" for order #59282 sent CONTEXT: {"email_type":"cancelled_subscription","status":"sent","recipient":"Admin_Madrasmilk","order":59282}
2026-08-09T12:24:11+00:00 INFO Email "cancelled_subscription" for order #59489 sent CONTEXT: {"email_type":"cancelled_subscription","status":"sent","recipient":"Admin_Madrasmilk","order":59489}
2026-08-09T12:24:16+00:00 INFO Email "cancelled_subscription" for order #59619 sent CONTEXT: {"email_type":"cancelled_subscription","status":"sent","recipient":"Admin_Madrasmilk","order":59619}
2026-08-09T12:24:22+00:00 INFO Email "cancelled_subscription" for order #78331 sent CONTEXT: {"email_type":"cancelled_subscription","status":"sent","recipient":"Admin_Madrasmilk","order":78331}
2026-08-09T12:24:26+00:00 INFO Email "cancelled_subscription" for order #79635 sent CONTEXT: {"email_type":"cancelled_subscription","status":"sent","recipient":"Admin_Madrasmilk","order":79635}
2026-08-09T12:31:42+00:00 NOTICE Email "customer_note" for order #79614 not sent: email type is disabled CONTEXT: {"email_type":"customer_note","status":"disabled","recipient":"balakrishna.b","order":79614}
2026-08-09T12:34:50+00:00 NOTICE Email "customer_note" for order #78948 not sent: email type is disabled CONTEXT: {"email_type":"customer_note","status":"disabled","recipient":"Shahul Hameed T","order":78948}
2026-08-09T12:34:54+00:00 NOTICE Email "customer_note" for order #78948 not sent: email type is disabled CONTEXT: {"email_type":"customer_note","status":"disabled","recipient":"Shahul Hameed T","order":78948}
2026-08-09T12:42:40+00:00 NOTICE Email "customer_note" for order #79638 not sent: email type is disabled CONTEXT: {"email_type":"customer_note","status":"disabled","recipient":"guest","order":79638}
2026-08-09T12:43:34+00:00 NOTICE Email "new_order" for order #79639 not sent: email type is disabled CONTEXT: {"email_type":"new_order","status":"disabled","recipient":"Admin_Madrasmilk","order":79639}
2026-08-09T12:43:34+00:00 NOTICE Email "customer_processing_order" for order #79639 not sent: email type is disabled CONTEXT: {"email_type":"customer_processing_order","status":"disabled","recipient":"priyankaravisankar26","order":79639}
2026-08-09T12:53:52+00:00 NOTICE Email "customer_note" for order #79641 not sent: email type is disabled CONTEXT: {"email_type":"customer_note","status":"disabled","recipient":"guest","order":79641}
2026-08-09T12:54:29+00:00 NOTICE Email "new_order" for order #79642 not sent: email type is disabled CONTEXT: {"email_type":"new_order","status":"disabled","recipient":"Admin_Madrasmilk","order":79642}
2026-08-09T12:54:29+00:00 NOTICE Email "customer_processing_order" for order #79642 not sent: email type is disabled CONTEXT: {"email_type":"customer_processing_order","status":"disabled","recipient":"sharmilakrishnan","order":79642}
2026-08-09T12:55:33+00:00 INFO Email "cancelled_subscription" for order #79641 sent CONTEXT: {"email_type":"cancelled_subscription","status":"sent","recipient":"Admin_Madrasmilk","order":79641}
2026-08-09T12:55:53+00:00 NOTICE Email "customer_note" for order #79643 not sent: email type is disabled CONTEXT: {"email_type":"customer_note","status":"disabled","recipient":"guest","order":79643}
2026-08-09T12:57:30+00:00 NOTICE Email "new_order" for order #79644 not sent: email type is disabled CONTEXT: {"email_type":"new_order","status":"disabled","recipient":"Admin_Madrasmilk","order":79644}
2026-08-09T12:57:30+00:00 NOTICE Email "customer_processing_order" for order #79644 not sent: email type is disabled CONTEXT: {"email_type":"customer_processing_order","status":"disabled","recipient":"rbkgayathri","order":79644}
2026-08-09T13:00:38+00:00 NOTICE Email "customer_note" for order #58828 not sent: email type is disabled CONTEXT: {"email_type":"customer_note","status":"disabled","recipient":"sharmilakrishnan","order":58828}
2026-08-09T13:01:40+00:00 NOTICE Email "new_order" for order #79646 not sent: email type is disabled CONTEXT: {"email_type":"new_order","status":"disabled","recipient":"Admin_Madrasmilk","order":79646}
2026-08-09T13:01:40+00:00 NOTICE Email "customer_processing_order" for order #79646 not sent: email type is disabled CONTEXT: {"email_type":"customer_processing_order","status":"disabled","recipient":"tanya.ganesan04","order":79646}
2026-08-09T13:05:34+00:00 NOTICE Email "customer_note" for order #79647 not sent: email type is disabled CONTEXT: {"email_type":"customer_note","status":"disabled","recipient":"guest","order":79647}
2026-08-09T13:06:15+00:00 NOTICE Email "new_order" for order #79649 not sent: email type is disabled CONTEXT: {"email_type":"new_order","status":"disabled","recipient":"Admin_Madrasmilk","order":79649}
2026-08-09T13:06:15+00:00 NOTICE Email "customer_processing_order" for order #79649 not sent: email type is disabled CONTEXT: {"email_type":"customer_processing_order","status":"disabled","recipient":"sujathapugazhendi","order":79649}
2026-08-09T13:06:29+00:00 NOTICE Email "new_order" for order #79650 not sent: email type is disabled CONTEXT: {"email_type":"new_order","status":"disabled","recipient":"Admin_Madrasmilk","order":79650}
2026-08-09T13:06:29+00:00 NOTICE Email "customer_processing_order" for order #79650 not sent: email type is disabled CONTEXT: {"email_type":"customer_processing_order","status":"disabled","recipient":"gsankar84","order":79650}
2026-08-09T13:08:39+00:00 NOTICE Email "customer_note" for order #79652 not sent: email type is disabled CONTEXT: {"email_type":"customer_note","status":"disabled","recipient":"guest","order":79652}
2026-08-09T13:11:14+00:00 NOTICE Email "new_order" for order #79653 not sent: email type is disabled CONTEXT: {"email_type":"new_order","status":"disabled","recipient":"Admin_Madrasmilk","order":79653}
2026-08-09T13:11:14+00:00 NOTICE Email "customer_processing_order" for order #79653 not sent: email type is disabled CONTEXT: {"email_type":"customer_processing_order","status":"disabled","recipient":"ashok.muthana","order":79653}
2026-08-09T13:12:34+00:00 NOTICE Email "customer_note" for order #79654 not sent: email type is disabled CONTEXT: {"email_type":"customer_note","status":"disabled","recipient":"guest","order":79654}
2026-08-09T13:13:14+00:00 NOTICE Email "customer_note" for order #79657 not sent: email type is disabled CONTEXT: {"email_type":"customer_note","status":"disabled","recipient":"guest","order":79657}
2026-08-09T13:13:48+00:00 NOTICE Email "new_order" for order #79656 not sent: email type is disabled CONTEXT: {"email_type":"new_order","status":"disabled","recipient":"Admin_Madrasmilk","order":79656}
2026-08-09T13:13:48+00:00 NOTICE Email "customer_processing_order" for order #79656 not sent: email type is disabled CONTEXT: {"email_type":"customer_processing_order","status":"disabled","recipient":"an.sid2212","order":79656}
2026-08-09T13:13:49+00:00 NOTICE Email "new_order" for order #79658 not sent: email type is disabled CONTEXT: {"email_type":"new_order","status":"disabled","recipient":"Admin_Madrasmilk","order":79658}
2026-08-09T13:13:49+00:00 NOTICE Email "customer_processing_order" for order #79658 not sent: email type is disabled CONTEXT: {"email_type":"customer_processing_order","status":"disabled","recipient":"an.sid2212","order":79658}
2026-08-09T13:18:36+00:00 NOTICE Email "customer_note" for order #79660 not sent: email type is disabled CONTEXT: {"email_type":"customer_note","status":"disabled","recipient":"guest","order":79660}
2026-08-09T13:21:34+00:00 NOTICE Email "customer_note" for order #79662 not sent: email type is disabled CONTEXT: {"email_type":"customer_note","status":"disabled","recipient":"guest","order":79662}
2026-08-09T13:21:59+00:00 NOTICE Email "new_order" for order #79664 not sent: email type is disabled CONTEXT: {"email_type":"new_order","status":"disabled","recipient":"Admin_Madrasmilk","order":79664}
2026-08-09T13:21:59+00:00 NOTICE Email "customer_processing_order" for order #79664 not sent: email type is disabled CONTEXT: {"email_type":"customer_processing_order","status":"disabled","recipient":"8355.akashr","order":79664}
2026-08-09T13:25:14+00:00 NOTICE Email "new_order" for order #79661 not sent: email type is disabled CONTEXT: {"email_type":"new_order","status":"disabled","recipient":"Admin_Madrasmilk","order":79661}
2026-08-09T13:25:14+00:00 NOTICE Email "customer_processing_order" for order #79661 not sent: email type is disabled CONTEXT: {"email_type":"customer_processing_order","status":"disabled","recipient":"ravikiranalam","order":79661}
2026-08-09T13:25:16+00:00 NOTICE Email "customer_note" for order #79663 not sent: email type is disabled CONTEXT: {"email_type":"customer_note","status":"disabled","recipient":"guest","order":79663}
2026-08-09T13:33:57+00:00 NOTICE Email "customer_note" for order #79666 not sent: email type is disabled CONTEXT: {"email_type":"customer_note","status":"disabled","recipient":"guest","order":79666}
2026-08-09T13:34:37+00:00 NOTICE Email "new_order" for order #79667 not sent: email type is disabled CONTEXT: {"email_type":"new_order","status":"disabled","recipient":"Admin_Madrasmilk","order":79667}
2026-08-09T13:34:37+00:00 NOTICE Email "customer_processing_order" for order #79667 not sent: email type is disabled CONTEXT: {"email_type":"customer_processing_order","status":"disabled","recipient":"nishabetala04","order":79667}
2026-08-09T13:38:06+00:00 NOTICE Email "customer_note" for order #79669 not sent: email type is disabled CONTEXT: {"email_type":"customer_note","status":"disabled","recipient":"guest","order":79669}
2026-08-09T13:38:09+00:00 NOTICE Email "customer_note" for order #79650 not sent: email type is disabled CONTEXT: {"email_type":"customer_note","status":"disabled","recipient":"gsankar84","order":79650}
2026-08-09T13:38:18+00:00 NOTICE Email "customer_note" for order #79668 not sent: email type is disabled CONTEXT: {"email_type":"customer_note","status":"disabled","recipient":"guest","order":79668}
2026-08-09T13:38:27+00:00 NOTICE Email "new_order" for order #79670 not sent: email type is disabled CONTEXT: {"email_type":"new_order","status":"disabled","recipient":"Admin_Madrasmilk","order":79670}
2026-08-09T13:38:27+00:00 NOTICE Email "customer_processing_order" for order #79670 not sent: email type is disabled CONTEXT: {"email_type":"customer_processing_order","status":"disabled","recipient":"sreevidhyaselvarajan","order":79670}
2026-08-09T13:39:23+00:00 INFO Email "cancelled_subscription" for order #79663 sent CONTEXT: {"email_type":"cancelled_subscription","status":"sent","recipient":"Admin_Madrasmilk","order":79663}
2026-08-09T13:42:21+00:00 NOTICE Email "customer_note" for order #79668 not sent: email type is disabled CONTEXT: {"email_type":"customer_note","status":"disabled","recipient":"guest","order":79668}
2026-08-09T13:43:40+00:00 NOTICE Email "new_order" for order #79671 not sent: email type is disabled CONTEXT: {"email_type":"new_order","status":"disabled","recipient":"Admin_Madrasmilk","order":79671}
2026-08-09T13:43:40+00:00 NOTICE Email "customer_processing_order" for order #79671 not sent: email type is disabled CONTEXT: {"email_type":"customer_processing_order","status":"disabled","recipient":"Mahendar.s","order":79671}
2026-08-09T13:52:33+00:00 INFO Email "cancelled_subscription" for order #58568 sent CONTEXT: {"email_type":"cancelled_subscription","status":"sent","recipient":"Admin_Madrasmilk","order":58568}
2026-08-09T13:58:32+00:00 NOTICE Email "customer_note" for order #79672 not sent: email type is disabled CONTEXT: {"email_type":"customer_note","status":"disabled","recipient":"guest","order":79672}
2026-08-09T13:59:21+00:00 NOTICE Email "customer_note" for order #79675 not sent: email type is disabled CONTEXT: {"email_type":"customer_note","status":"disabled","recipient":"guest","order":79675}
2026-08-09T13:59:47+00:00 NOTICE Email "new_order" for order #79673 not sent: email type is disabled CONTEXT: {"email_type":"new_order","status":"disabled","recipient":"Admin_Madrasmilk","order":79673}
2026-08-09T13:59:47+00:00 NOTICE Email "customer_processing_order" for order #79673 not sent: email type is disabled CONTEXT: {"email_type":"customer_processing_order","status":"disabled","recipient":"sel.shan2","order":79673}
2026-08-09T13:59:47+00:00 NOTICE Email "new_order" for order #79676 not sent: email type is disabled CONTEXT: {"email_type":"new_order","status":"disabled","recipient":"Admin_Madrasmilk","order":79676}
2026-08-09T13:59:47+00:00 NOTICE Email "customer_processing_order" for order #79676 not sent: email type is disabled CONTEXT: {"email_type":"customer_processing_order","status":"disabled","recipient":"sel.shan2","order":79676}
2026-08-09T14:15:13+00:00 INFO Email "cancelled_subscription" for order #58901 sent CONTEXT: {"email_type":"cancelled_subscription","status":"sent","recipient":"Admin_Madrasmilk","order":58901}
2026-08-09T14:16:29+00:00 NOTICE Email "customer_note" for order #79677 not sent: email type is disabled CONTEXT: {"email_type":"customer_note","status":"disabled","recipient":"guest","order":79677}
2026-08-09T14:17:19+00:00 NOTICE Email "customer_note" for order #79679 not sent: email type is disabled CONTEXT: {"email_type":"customer_note","status":"disabled","recipient":"guest","order":79679}
2026-08-09T14:17:45+00:00 NOTICE Email "new_order" for order #79678 not sent: email type is disabled CONTEXT: {"email_type":"new_order","status":"disabled","recipient":"Admin_Madrasmilk","order":79678}
2026-08-09T14:17:45+00:00 NOTICE Email "customer_processing_order" for order #79678 not sent: email type is disabled CONTEXT: {"email_type":"customer_processing_order","status":"disabled","recipient":"sridhar_a_hll","order":79678}
2026-08-09T14:17:46+00:00 NOTICE Email "new_order" for order #79680 not sent: email type is disabled CONTEXT: {"email_type":"new_order","status":"disabled","recipient":"Admin_Madrasmilk","order":79680}
2026-08-09T14:17:46+00:00 NOTICE Email "customer_processing_order" for order #79680 not sent: email type is disabled CONTEXT: {"email_type":"customer_processing_order","status":"disabled","recipient":"sridhar_a_hll","order":79680}
2026-08-09T14:45:57+00:00 NOTICE Email "new_order" for order #79682 not sent: email type is disabled CONTEXT: {"email_type":"new_order","status":"disabled","recipient":"Admin_Madrasmilk","order":79682}
2026-08-09T14:45:57+00:00 NOTICE Email "customer_processing_order" for order #79682 not sent: email type is disabled CONTEXT: {"email_type":"customer_processing_order","status":"disabled","recipient":"Aritra Pan","order":79682}
2026-08-09T14:46:34+00:00 NOTICE Email "new_order" for order #79681 not sent: email type is disabled CONTEXT: {"email_type":"new_order","status":"disabled","recipient":"Admin_Madrasmilk","order":79681}
2026-08-09T14:46:34+00:00 NOTICE Email "customer_processing_order" for order #79681 not sent: email type is disabled CONTEXT: {"email_type":"customer_processing_order","status":"disabled","recipient":"sandyraja","order":79681}
2026-08-09T14:53:20+00:00 NOTICE Email "customer_note" for order #79682 not sent: email type is disabled CONTEXT: {"email_type":"customer_note","status":"disabled","recipient":"Aritra Pan","order":79682}
2026-08-09T15:31:31+00:00 NOTICE Email "customer_note" for order #79683 not sent: email type is disabled CONTEXT: {"email_type":"customer_note","status":"disabled","recipient":"aarthisrin","order":79683}
2026-08-09T15:31:37+00:00 NOTICE Email "customer_note" for order #79684 not sent: email type is disabled CONTEXT: {"email_type":"customer_note","status":"disabled","recipient":"ramanathanlr","order":79684}
2026-08-09T15:32:38+00:00 NOTICE Email "customer_note" for order #79685 not sent: email type is disabled CONTEXT: {"email_type":"customer_note","status":"disabled","recipient":"shomprabu","order":79685}
2026-08-09T15:32:43+00:00 NOTICE Email "customer_note" for order #79686 not sent: email type is disabled CONTEXT: {"email_type":"customer_note","status":"disabled","recipient":"shomprabu","order":79686}
2026-08-09T15:32:48+00:00 NOTICE Email "customer_note" for order #79687 not sent: email type is disabled CONTEXT: {"email_type":"customer_note","status":"disabled","recipient":"nav_dita","order":79687}
2026-08-09T15:35:18+00:00 INFO Email "cancelled_subscription" for order #79689 sent CONTEXT: {"email_type":"cancelled_subscription","status":"sent","recipient":"Admin_Madrasmilk","order":79689}
2026-08-09T15:36:35+00:00 INFO Email "cancelled_subscription" for order #79693 sent CONTEXT: {"email_type":"cancelled_subscription","status":"sent","recipient":"Admin_Madrasmilk","order":79693}
2026-08-09T15:36:36+00:00 NOTICE Email "customer_note" for order #79694 not sent: email type is disabled CONTEXT: {"email_type":"customer_note","status":"disabled","recipient":"senthil.kumar.ma","order":79694}
2026-08-09T15:38:26+00:00 NOTICE Email "customer_note" for order #79695 not sent: email type is disabled CONTEXT: {"email_type":"customer_note","status":"disabled","recipient":"prasannadevi.1989","order":79695}
2026-08-09T15:44:42+00:00 NOTICE Email "customer_note" for order #79697 not sent: email type is disabled CONTEXT: {"email_type":"customer_note","status":"disabled","recipient":"sanjaytathed","order":79697}
2026-08-09T15:44:48+00:00 NOTICE Email "customer_note" for order #79698 not sent: email type is disabled CONTEXT: {"email_type":"customer_note","status":"disabled","recipient":"lnair01","order":79698}
2026-08-09T15:46:03+00:00 NOTICE Email "customer_note" for order #79699 not sent: email type is disabled CONTEXT: {"email_type":"customer_note","status":"disabled","recipient":"poducipriya","order":79699}
2026-08-09T15:46:09+00:00 NOTICE Email "customer_note" for order #79700 not sent: email type is disabled CONTEXT: {"email_type":"customer_note","status":"disabled","recipient":"logi.sekar","order":79700}
2026-08-09T15:47:42+00:00 NOTICE Email "customer_note" for order #79701 not sent: email type is disabled CONTEXT: {"email_type":"customer_note","status":"disabled","recipient":"9514140417","order":79701}
2026-08-09T15:47:48+00:00 NOTICE Email "customer_note" for order #79702 not sent: email type is disabled CONTEXT: {"email_type":"customer_note","status":"disabled","recipient":"ayisha03","order":79702}
2026-08-09T15:49:11+00:00 NOTICE Email "customer_note" for order #79703 not sent: email type is disabled CONTEXT: {"email_type":"customer_note","status":"disabled","recipient":"nmk369","order":79703}
2026-08-09T16:03:55+00:00 NOTICE Email "customer_note" for order #79706 not sent: email type is disabled CONTEXT: {"email_type":"customer_note","status":"disabled","recipient":"guest","order":79706}
2026-08-09T16:04:16+00:00 NOTICE Email "customer_note" for order #79708 not sent: email type is disabled CONTEXT: {"email_type":"customer_note","status":"disabled","recipient":"thomas_dason2002","order":79708}
2026-08-09T16:04:21+00:00 NOTICE Email "customer_note" for order #79709 not sent: email type is disabled CONTEXT: {"email_type":"customer_note","status":"disabled","recipient":"lolme123","order":79709}
2026-08-09T16:04:23+00:00 NOTICE Email "new_order" for order #79705 not sent: email type is disabled CONTEXT: {"email_type":"new_order","status":"disabled","recipient":"Admin_Madrasmilk","order":79705}
2026-08-09T16:04:23+00:00 NOTICE Email "customer_processing_order" for order #79705 not sent: email type is disabled CONTEXT: {"email_type":"customer_processing_order","status":"disabled","recipient":"frajan2000","order":79705}
2026-08-09T16:04:23+00:00 NOTICE Email "new_order" for order #79707 not sent: email type is disabled CONTEXT: {"email_type":"new_order","status":"disabled","recipient":"Admin_Madrasmilk","order":79707}
2026-08-09T16:04:23+00:00 NOTICE Email "customer_processing_order" for order #79707 not sent: email type is disabled CONTEXT: {"email_type":"customer_processing_order","status":"disabled","recipient":"frajan2000","order":79707}
2026-08-09T16:05:44+00:00 NOTICE Email "customer_note" for order #79710 not sent: email type is disabled CONTEXT: {"email_type":"customer_note","status":"disabled","recipient":"ravishankar","order":79710}
2026-08-09T16:05:50+00:00 NOTICE Email "customer_note" for order #79711 not sent: email type is disabled CONTEXT: {"email_type":"customer_note","status":"disabled","recipient":"ravishankar","order":79711}
2026-08-09T16:06:51+00:00 INFO Email "cancelled_subscription" for order #79704 sent CONTEXT: {"email_type":"cancelled_subscription","status":"sent","recipient":"Admin_Madrasmilk","order":79704}
2026-08-09T16:07:28+00:00 NOTICE Email "customer_note" for order #79712 not sent: email type is disabled CONTEXT: {"email_type":"customer_note","status":"disabled","recipient":"shreesekar","order":79712}
2026-08-09T16:07:34+00:00 NOTICE Email "customer_note" for order #79713 not sent: email type is disabled CONTEXT: {"email_type":"customer_note","status":"disabled","recipient":"ganeshbw","order":79713}
2026-08-09T16:07:58+00:00 NOTICE Email "customer_note" for order #79714 not sent: email type is disabled CONTEXT: {"email_type":"customer_note","status":"disabled","recipient":"ganeshbw","order":79714}
2026-08-09T16:08:04+00:00 NOTICE Email "customer_note" for order #79715 not sent: email type is disabled CONTEXT: {"email_type":"customer_note","status":"disabled","recipient":"nalinikumar","order":79715}
2026-08-09T16:10:00+00:00 NOTICE Email "customer_note" for order #79716 not sent: email type is disabled CONTEXT: {"email_type":"customer_note","status":"disabled","recipient":"anand_ranjani","order":79716}
2026-08-09T16:10:06+00:00 NOTICE Email "customer_note" for order #79717 not sent: email type is disabled CONTEXT: {"email_type":"customer_note","status":"disabled","recipient":"anand_ranjani","order":79717}
2026-08-09T16:11:17+00:00 NOTICE Email "customer_note" for order #79718 not sent: email type is disabled CONTEXT: {"email_type":"customer_note","status":"disabled","recipient":"itchingtowrite","order":79718}
2026-08-09T16:11:23+00:00 NOTICE Email "customer_note" for order #79719 not sent: email type is disabled CONTEXT: {"email_type":"customer_note","status":"disabled","recipient":"pdotadir","order":79719}
2026-08-09T16:11:29+00:00 NOTICE Email "customer_note" for order #79720 not sent: email type is disabled CONTEXT: {"email_type":"customer_note","status":"disabled","recipient":"jaysh_vijay","order":79720}
2026-08-09T16:12:02+00:00 NOTICE Email "customer_note" for order #79721 not sent: email type is disabled CONTEXT: {"email_type":"customer_note","status":"disabled","recipient":"nithin153","order":79721}
2026-08-09T16:12:07+00:00 NOTICE Email "customer_note" for order #79722 not sent: email type is disabled CONTEXT: {"email_type":"customer_note","status":"disabled","recipient":"rguruprasath","order":79722}
2026-08-09T16:13:36+00:00 NOTICE Email "customer_note" for order #79723 not sent: email type is disabled CONTEXT: {"email_type":"customer_note","status":"disabled","recipient":"senthil.m7479","order":79723}
2026-08-09T16:13:42+00:00 NOTICE Email "customer_note" for order #79724 not sent: email type is disabled CONTEXT: {"email_type":"customer_note","status":"disabled","recipient":"sriram_venkataraman","order":79724}
2026-08-09T16:15:17+00:00 NOTICE Email "customer_note" for order #79725 not sent: email type is disabled CONTEXT: {"email_type":"customer_note","status":"disabled","recipient":"abinaya.kannazhagan","order":79725}
2026-08-09T16:15:23+00:00 NOTICE Email "customer_note" for order #79726 not sent: email type is disabled CONTEXT: {"email_type":"customer_note","status":"disabled","recipient":"anic.vijay","order":79726}
2026-08-09T16:16:37+00:00 NOTICE Email "customer_note" for order #79727 not sent: email type is disabled CONTEXT: {"email_type":"customer_note","status":"disabled","recipient":"kvghome1","order":79727}
2026-08-09T16:16:43+00:00 NOTICE Email "customer_note" for order #79728 not sent: email type is disabled CONTEXT: {"email_type":"customer_note","status":"disabled","recipient":"rajalakshmi.nr","order":79728}
2026-08-09T16:18:21+00:00 NOTICE Email "customer_note" for order #79729 not sent: email type is disabled CONTEXT: {"email_type":"customer_note","status":"disabled","recipient":"uppili45","order":79729}
2026-08-09T16:18:26+00:00 NOTICE Email "customer_note" for order #79730 not sent: email type is disabled CONTEXT: {"email_type":"customer_note","status":"disabled","recipient":"shanthichandrasekar","order":79730}
2026-08-09T16:18:32+00:00 NOTICE Email "customer_note" for order #79731 not sent: email type is disabled CONTEXT: {"email_type":"customer_note","status":"disabled","recipient":"raji.mulpuri","order":79731}
2026-08-09T16:19:35+00:00 NOTICE Email "customer_note" for order #79732 not sent: email type is disabled CONTEXT: {"email_type":"customer_note","status":"disabled","recipient":"raji.mulpuri","order":79732}
2026-08-09T16:19:40+00:00 NOTICE Email "customer_note" for order #79733 not sent: email type is disabled CONTEXT: {"email_type":"customer_note","status":"disabled","recipient":"pree25","order":79733}
2026-08-09T16:19:46+00:00 NOTICE Email "customer_note" for order #79734 not sent: email type is disabled CONTEXT: {"email_type":"customer_note","status":"disabled","recipient":"victoryprathiba2006","order":79734}
2026-08-09T16:21:34+00:00 NOTICE Email "customer_note" for order #79735 not sent: email type is disabled CONTEXT: {"email_type":"customer_note","status":"disabled","recipient":"gau2am","order":79735}
2026-08-09T16:21:39+00:00 NOTICE Email "customer_note" for order #79736 not sent: email type is disabled CONTEXT: {"email_type":"customer_note","status":"disabled","recipient":"vidhyashrre","order":79736}
2026-08-09T16:21:45+00:00 NOTICE Email "customer_note" for order #79737 not sent: email type is disabled CONTEXT: {"email_type":"customer_note","status":"disabled","recipient":"amuthukumaran","order":79737}
2026-08-09T16:22:44+00:00 NOTICE Email "customer_note" for order #79738 not sent: email type is disabled CONTEXT: {"email_type":"customer_note","status":"disabled","recipient":"sangeetha.deiveegarajan","order":79738}
2026-08-09T16:22:50+00:00 NOTICE Email "customer_note" for order #79739 not sent: email type is disabled CONTEXT: {"email_type":"customer_note","status":"disabled","recipient":"renukaseshadhri","order":79739}
2026-08-09T16:22:55+00:00 NOTICE Email "customer_note" for order #79740 not sent: email type is disabled CONTEXT: {"email_type":"customer_note","status":"disabled","recipient":"sandhya5565","order":79740}
2026-08-09T16:24:36+00:00 NOTICE Email "customer_note" for order #79741 not sent: email type is disabled CONTEXT: {"email_type":"customer_note","status":"disabled","recipient":"jsridhar00","order":79741}
2026-08-09T16:24:42+00:00 NOTICE Email "customer_note" for order #79742 not sent: email type is disabled CONTEXT: {"email_type":"customer_note","status":"disabled","recipient":"mali","order":79742}
2026-08-09T16:24:47+00:00 NOTICE Email "customer_note" for order #79743 not sent: email type is disabled CONTEXT: {"email_type":"customer_note","status":"disabled","recipient":"priyag2730","order":79743}
2026-08-09T16:25:47+00:00 NOTICE Email "customer_note" for order #79744 not sent: email type is disabled CONTEXT: {"email_type":"customer_note","status":"disabled","recipient":"giddisathish","order":79744}
2026-08-09T16:25:53+00:00 NOTICE Email "customer_note" for order #79745 not sent: email type is disabled CONTEXT: {"email_type":"customer_note","status":"disabled","recipient":"marianigli","order":79745}
2026-08-09T16:25:59+00:00 NOTICE Email "customer_note" for order #79746 not sent: email type is disabled CONTEXT: {"email_type":"customer_note","status":"disabled","recipient":"hemirami","order":79746}
2026-08-09T16:27:36+00:00 NOTICE Email "customer_note" for order #79747 not sent: email type is disabled CONTEXT: {"email_type":"customer_note","status":"disabled","recipient":"jaanvi68","order":79747}
2026-08-09T16:27:42+00:00 NOTICE Email "customer_note" for order #79748 not sent: email type is disabled CONTEXT: {"email_type":"customer_note","status":"disabled","recipient":"subramoniank","order":79748}
2026-08-09T16:29:01+00:00 NOTICE Email "customer_note" for order #79749 not sent: email type is disabled CONTEXT: {"email_type":"customer_note","status":"disabled","recipient":"kevinsundha","order":79749}
2026-08-09T16:29:06+00:00 NOTICE Email "customer_note" for order #79750 not sent: email type is disabled CONTEXT: {"email_type":"customer_note","status":"disabled","recipient":"pooranyk","order":79750}
2026-08-09T16:29:12+00:00 NOTICE Email "customer_note" for order #79751 not sent: email type is disabled CONTEXT: {"email_type":"customer_note","status":"disabled","recipient":"pooranyk","order":79751}
2026-08-09T16:30:40+00:00 NOTICE Email "customer_note" for order #79752 not sent: email type is disabled CONTEXT: {"email_type":"customer_note","status":"disabled","recipient":"parithi_kasi","order":79752}
2026-08-09T16:30:45+00:00 NOTICE Email "customer_note" for order #79753 not sent: email type is disabled CONTEXT: {"email_type":"customer_note","status":"disabled","recipient":"anjana.damu","order":79753}
2026-08-09T16:30:51+00:00 NOTICE Email "customer_note" for order #79754 not sent: email type is disabled CONTEXT: {"email_type":"customer_note","status":"disabled","recipient":"geethu.er","order":79754}
2026-08-09T16:32:11+00:00 NOTICE Email "customer_note" for order #79755 not sent: email type is disabled CONTEXT: {"email_type":"customer_note","status":"disabled","recipient":"mathangi.gaj","order":79755}
2026-08-09T16:32:17+00:00 NOTICE Email "customer_note" for order #79756 not sent: email type is disabled CONTEXT: {"email_type":"customer_note","status":"disabled","recipient":"arunt2511","order":79756}
2026-08-09T16:33:38+00:00 NOTICE Email "customer_note" for order #79757 not sent: email type is disabled CONTEXT: {"email_type":"customer_note","status":"disabled","recipient":"srividhyakk","order":79757}
2026-08-09T16:33:44+00:00 NOTICE Email "customer_note" for order #79758 not sent: email type is disabled CONTEXT: {"email_type":"customer_note","status":"disabled","recipient":"jaiganesh61","order":79758}
2026-08-09T16:35:16+00:00 NOTICE Email "customer_note" for order #79759 not sent: email type is disabled CONTEXT: {"email_type":"customer_note","status":"disabled","recipient":"vasan","order":79759}
2026-08-09T16:35:22+00:00 NOTICE Email "customer_note" for order #79760 not sent: email type is disabled CONTEXT: {"email_type":"customer_note","status":"disabled","recipient":"rcharumathi","order":79760}
2026-08-09T16:35:50+00:00 INFO Email "cancelled_subscription" for order #76369 sent CONTEXT: {"email_type":"cancelled_subscription","status":"sent","recipient":"Admin_Madrasmilk","order":76369}
2026-08-09T16:35:55+00:00 INFO Email "cancelled_subscription" for order #77659 sent CONTEXT: {"email_type":"cancelled_subscription","status":"sent","recipient":"Admin_Madrasmilk","order":77659}
2026-08-09T16:35:59+00:00 INFO Email "cancelled_subscription" for order #77667 sent CONTEXT: {"email_type":"cancelled_subscription","status":"sent","recipient":"Admin_Madrasmilk","order":77667}
2026-08-09T16:36:03+00:00 INFO Email "cancelled_subscription" for order #77668 sent CONTEXT: {"email_type":"cancelled_subscription","status":"sent","recipient":"Admin_Madrasmilk","order":77668}
2026-08-09T16:36:07+00:00 INFO Email "cancelled_subscription" for order #77669 sent CONTEXT: {"email_type":"cancelled_subscription","status":"sent","recipient":"Admin_Madrasmilk","order":77669}
2026-08-09T16:36:12+00:00 INFO Email "cancelled_subscription" for order #77670 sent CONTEXT: {"email_type":"cancelled_subscription","status":"sent","recipient":"Admin_Madrasmilk","order":77670}
2026-08-09T16:36:16+00:00 INFO Email "cancelled_subscription" for order #77675 sent CONTEXT: {"email_type":"cancelled_subscription","status":"sent","recipient":"Admin_Madrasmilk","order":77675}
2026-08-09T16:36:20+00:00 INFO Email "cancelled_subscription" for order #77676 sent CONTEXT: {"email_type":"cancelled_subscription","status":"sent","recipient":"Admin_Madrasmilk","order":77676}
2026-08-09T16:36:24+00:00 INFO Email "cancelled_subscription" for order #78332 sent CONTEXT: {"email_type":"cancelled_subscription","status":"sent","recipient":"Admin_Madrasmilk","order":78332}
2026-08-09T16:36:29+00:00 INFO Email "cancelled_subscription" for order #78334 sent CONTEXT: {"email_type":"cancelled_subscription","status":"sent","recipient":"Admin_Madrasmilk","order":78334}
2026-08-09T16:36:33+00:00 INFO Email "cancelled_subscription" for order #78338 sent CONTEXT: {"email_type":"cancelled_subscription","status":"sent","recipient":"Admin_Madrasmilk","order":78338}
2026-08-09T16:36:37+00:00 INFO Email "cancelled_subscription" for order #78949 sent CONTEXT: {"email_type":"cancelled_subscription","status":"sent","recipient":"Admin_Madrasmilk","order":78949}
2026-08-09T16:36:42+00:00 INFO Email "cancelled_subscription" for order #78953 sent CONTEXT: {"email_type":"cancelled_subscription","status":"sent","recipient":"Admin_Madrasmilk","order":78953}
2026-08-09T16:36:46+00:00 INFO Email "cancelled_subscription" for order #79597 sent CONTEXT: {"email_type":"cancelled_subscription","status":"sent","recipient":"Admin_Madrasmilk","order":79597}
2026-08-09T16:36:51+00:00 INFO Email "cancelled_subscription" for order #79604 sent CONTEXT: {"email_type":"cancelled_subscription","status":"sent","recipient":"Admin_Madrasmilk","order":79604}
2026-08-09T16:36:55+00:00 INFO Email "cancelled_subscription" for order #79607 sent CONTEXT: {"email_type":"cancelled_subscription","status":"sent","recipient":"Admin_Madrasmilk","order":79607}
2026-08-09T16:37:00+00:00 INFO Email "cancelled_subscription" for order #79608 sent CONTEXT: {"email_type":"cancelled_subscription","status":"sent","recipient":"Admin_Madrasmilk","order":79608}
2026-08-09T16:37:04+00:00 INFO Email "cancelled_subscription" for order #79627 sent CONTEXT: {"email_type":"cancelled_subscription","status":"sent","recipient":"Admin_Madrasmilk","order":79627}
2026-08-09T16:37:08+00:00 INFO Email "cancelled_subscription" for order #79634 sent CONTEXT: {"email_type":"cancelled_subscription","status":"sent","recipient":"Admin_Madrasmilk","order":79634}
2026-08-09T16:37:13+00:00 INFO Email "cancelled_subscription" for order #79637 sent CONTEXT: {"email_type":"cancelled_subscription","status":"sent","recipient":"Admin_Madrasmilk","order":79637}
2026-08-09T16:37:17+00:00 INFO Email "cancelled_subscription" for order #79640 sent CONTEXT: {"email_type":"cancelled_subscription","status":"sent","recipient":"Admin_Madrasmilk","order":79640}
2026-08-09T16:37:21+00:00 INFO Email "cancelled_subscription" for order #79651 sent CONTEXT: {"email_type":"cancelled_subscription","status":"sent","recipient":"Admin_Madrasmilk","order":79651}
2026-08-09T16:37:25+00:00 INFO Email "cancelled_subscription" for order #79655 sent CONTEXT: {"email_type":"cancelled_subscription","status":"sent","recipient":"Admin_Madrasmilk","order":79655}
2026-08-09T16:37:30+00:00 INFO Email "cancelled_subscription" for order #79659 sent CONTEXT: {"email_type":"cancelled_subscription","status":"sent","recipient":"Admin_Madrasmilk","order":79659}
2026-08-09T16:38:47+00:00 INFO Email "cancelled_subscription" for order #79674 sent CONTEXT: {"email_type":"cancelled_subscription","status":"sent","recipient":"Admin_Madrasmilk","order":79674}
2026-08-09T16:38:48+00:00 NOTICE Email "new_order" for order #79690 not sent: email type is disabled CONTEXT: {"email_type":"new_order","status":"disabled","recipient":"Admin_Madrasmilk","order":79690}
2026-08-09T16:38:48+00:00 NOTICE Email "customer_processing_order" for order #79690 not sent: email type is disabled CONTEXT: {"email_type":"customer_processing_order","status":"disabled","recipient":"jananiram3011","order":79690}
2026-08-09T16:39:35+00:00 NOTICE Email "customer_note" for order #79761 not sent: email type is disabled CONTEXT: {"email_type":"customer_note","status":"disabled","recipient":"spkarri","order":79761}
2026-08-09T16:39:41+00:00 NOTICE Email "customer_note" for order #79762 not sent: email type is disabled CONTEXT: {"email_type":"customer_note","status":"disabled","recipient":"bhuulax","order":79762}
2026-08-09T16:39:46+00:00 NOTICE Email "customer_note" for order #79763 not sent: email type is disabled CONTEXT: {"email_type":"customer_note","status":"disabled","recipient":"ramadamu","order":79763}
2026-08-09T16:39:51+00:00 NOTICE Email "customer_note" for order #79764 not sent: email type is disabled CONTEXT: {"email_type":"customer_note","status":"disabled","recipient":"vinujoshua","order":79764}
2026-08-09T16:41:37+00:00 NOTICE Email "customer_note" for order #79765 not sent: email type is disabled CONTEXT: {"email_type":"customer_note","status":"disabled","recipient":"amalirayan","order":79765}
2026-08-09T16:41:43+00:00 NOTICE Email "customer_note" for order #79766 not sent: email type is disabled CONTEXT: {"email_type":"customer_note","status":"disabled","recipient":"devitholkappiar","order":79766}
2026-08-09T16:41:48+00:00 NOTICE Email "customer_note" for order #79767 not sent: email type is disabled CONTEXT: {"email_type":"customer_note","status":"disabled","recipient":"bhatt1999","order":79767}
2026-08-09T16:42:53+00:00 NOTICE Email "customer_note" for order #79768 not sent: email type is disabled CONTEXT: {"email_type":"customer_note","status":"disabled","recipient":"bhatt1999","order":79768}
2026-08-09T16:42:58+00:00 NOTICE Email "customer_note" for order #79769 not sent: email type is disabled CONTEXT: {"email_type":"customer_note","status":"disabled","recipient":"revathivel","order":79769}
2026-08-09T16:44:35+00:00 NOTICE Email "customer_note" for order #79770 not sent: email type is disabled CONTEXT: {"email_type":"customer_note","status":"disabled","recipient":"sudhagar21","order":79770}
2026-08-09T16:44:41+00:00 NOTICE Email "customer_note" for order #79771 not sent: email type is disabled CONTEXT: {"email_type":"customer_note","status":"disabled","recipient":"muralidharan.go","order":79771}
2026-08-09T16:44:46+00:00 NOTICE Email "customer_note" for order #79772 not sent: email type is disabled CONTEXT: {"email_type":"customer_note","status":"disabled","recipient":"raknas50","order":79772}
2026-08-09T16:45:25+00:00 NOTICE Email "new_order" for order #79690 not sent: email type is disabled CONTEXT: {"email_type":"new_order","status":"disabled","recipient":"Admin_Madrasmilk","order":79690}
2026-08-09T16:45:25+00:00 NOTICE Email "customer_processing_order" for order #79690 not sent: email type is disabled CONTEXT: {"email_type":"customer_processing_order","status":"disabled","recipient":"jananiram3011","order":79690}
2026-08-09T16:46:02+00:00 NOTICE Email "customer_note" for order #79773 not sent: email type is disabled CONTEXT: {"email_type":"customer_note","status":"disabled","recipient":"raknas50","order":79773}
2026-08-09T16:46:07+00:00 NOTICE Email "customer_note" for order #79774 not sent: email type is disabled CONTEXT: {"email_type":"customer_note","status":"disabled","recipient":"sripradhas","order":79774}
2026-08-09T16:46:12+00:00 NOTICE Email "customer_note" for order #79775 not sent: email type is disabled CONTEXT: {"email_type":"customer_note","status":"disabled","recipient":"sripradhas","order":79775}
2026-08-09T16:47:40+00:00 NOTICE Email "customer_note" for order #79776 not sent: email type is disabled CONTEXT: {"email_type":"customer_note","status":"disabled","recipient":"veenajhaver","order":79776}
2026-08-09T16:47:46+00:00 NOTICE Email "customer_note" for order #79777 not sent: email type is disabled CONTEXT: {"email_type":"customer_note","status":"disabled","recipient":"arjunp3000","order":79777}
2026-08-09T16:47:51+00:00 NOTICE Email "customer_note" for order #79778 not sent: email type is disabled CONTEXT: {"email_type":"customer_note","status":"disabled","recipient":"meena.radhakrishnan","order":79778}
2026-08-09T16:49:15+00:00 NOTICE Email "customer_note" for order #79779 not sent: email type is disabled CONTEXT: {"email_type":"customer_note","status":"disabled","recipient":"vanithasridhar80","order":79779}
2026-08-09T16:49:20+00:00 NOTICE Email "customer_note" for order #79780 not sent: email type is disabled CONTEXT: {"email_type":"customer_note","status":"disabled","recipient":"phoenix.cbe","order":79780}
2026-08-09T16:50:36+00:00 NOTICE Email "customer_note" for order #79781 not sent: email type is disabled CONTEXT: {"email_type":"customer_note","status":"disabled","recipient":"sujata_raman","order":79781}
2026-08-09T16:50:42+00:00 NOTICE Email "customer_note" for order #79782 not sent: email type is disabled CONTEXT: {"email_type":"customer_note","status":"disabled","recipient":"rtdhinakar","order":79782}
2026-08-09T16:52:18+00:00 NOTICE Email "customer_note" for order #79783 not sent: email type is disabled CONTEXT: {"email_type":"customer_note","status":"disabled","recipient":"shivanilank1312","order":79783}
2026-08-09T16:52:24+00:00 NOTICE Email "customer_note" for order #79784 not sent: email type is disabled CONTEXT: {"email_type":"customer_note","status":"disabled","recipient":"teja.cdtvs","order":79784}
2026-08-09T16:53:35+00:00 NOTICE Email "customer_note" for order #79785 not sent: email type is disabled CONTEXT: {"email_type":"customer_note","status":"disabled","recipient":"gotosurya","order":79785}
2026-08-09T16:53:40+00:00 NOTICE Email "customer_note" for order #79786 not sent: email type is disabled CONTEXT: {"email_type":"customer_note","status":"disabled","recipient":"gotosurya","order":79786}
2026-08-09T16:53:46+00:00 NOTICE Email "customer_note" for order #79787 not sent: email type is disabled CONTEXT: {"email_type":"customer_note","status":"disabled","recipient":"saipadmarajen","order":79787}
2026-08-09T16:55:26+00:00 NOTICE Email "customer_note" for order #79788 not sent: email type is disabled CONTEXT: {"email_type":"customer_note","status":"disabled","recipient":"cm.krishna","order":79788}
2026-08-09T16:55:32+00:00 NOTICE Email "customer_note" for order #79789 not sent: email type is disabled CONTEXT: {"email_type":"customer_note","status":"disabled","recipient":"raga.12345","order":79789}
2026-08-09T16:56:35+00:00 NOTICE Email "customer_note" for order #79790 not sent: email type is disabled CONTEXT: {"email_type":"customer_note","status":"disabled","recipient":"sukanv","order":79790}
2026-08-09T16:56:40+00:00 NOTICE Email "customer_note" for order #79791 not sent: email type is disabled CONTEXT: {"email_type":"customer_note","status":"disabled","recipient":"sukanv","order":79791}
2026-08-09T16:56:46+00:00 NOTICE Email "customer_note" for order #79792 not sent: email type is disabled CONTEXT: {"email_type":"customer_note","status":"disabled","recipient":"aradhanagopinath","order":79792}
2026-08-09T16:58:35+00:00 NOTICE Email "customer_note" for order #79793 not sent: email type is disabled CONTEXT: {"email_type":"customer_note","status":"disabled","recipient":"kti377","order":79793}
2026-08-09T16:58:41+00:00 NOTICE Email "customer_note" for order #79794 not sent: email type is disabled CONTEXT: {"email_type":"customer_note","status":"disabled","recipient":"karthik.vv","order":79794}
2026-08-09T16:58:46+00:00 NOTICE Email "customer_note" for order #79795 not sent: email type is disabled CONTEXT: {"email_type":"customer_note","status":"disabled","recipient":"durgasivakumar","order":79795}
2026-08-09T16:58:53+00:00 NOTICE Email "customer_note" for order #79796 not sent: email type is disabled CONTEXT: {"email_type":"customer_note","status":"disabled","recipient":"durgasivakumar","order":79796}
2026-08-09T16:58:58+00:00 NOTICE Email "customer_note" for order #79797 not sent: email type is disabled CONTEXT: {"email_type":"customer_note","status":"disabled","recipient":"jaanu23ravi","order":79797}
2026-08-09T16:59:04+00:00 NOTICE Email "customer_note" for order #79798 not sent: email type is disabled CONTEXT: {"email_type":"customer_note","status":"disabled","recipient":"nals1428","order":79798}
2026-08-09T16:59:26+00:00 NOTICE Email "customer_note" for order #79799 not sent: email type is disabled CONTEXT: {"email_type":"customer_note","status":"disabled","recipient":"g.poorni24","order":79799}
2026-08-09T16:59:32+00:00 NOTICE Email "customer_note" for order #79800 not sent: email type is disabled CONTEXT: {"email_type":"customer_note","status":"disabled","recipient":"indu_pandurangan","order":79800}
2026-08-09T16:59:44+00:00 NOTICE Email "customer_note" for order #79801 not sent: email type is disabled CONTEXT: {"email_type":"customer_note","status":"disabled","recipient":"vaikarthi","order":79801}
2026-08-09T16:59:49+00:00 NOTICE Email "customer_note" for order #79802 not sent: email type is disabled CONTEXT: {"email_type":"customer_note","status":"disabled","recipient":"mugdhasethi","order":79802}
2026-08-09T16:59:55+00:00 NOTICE Email "customer_note" for order #79803 not sent: email type is disabled CONTEXT: {"email_type":"customer_note","status":"disabled","recipient":"stratos71","order":79803}
2026-08-09T17:00:17+00:00 NOTICE Email "customer_note" for order #79804 not sent: email type is disabled CONTEXT: {"email_type":"customer_note","status":"disabled","recipient":"kannusamy","order":79804}
2026-08-09T17:00:23+00:00 NOTICE Email "customer_note" for order #79805 not sent: email type is disabled CONTEXT: {"email_type":"customer_note","status":"disabled","recipient":"drnarenkarthik","order":79805}
2026-08-09T17:00:29+00:00 NOTICE Email "customer_note" for order #79806 not sent: email type is disabled CONTEXT: {"email_type":"customer_note","status":"disabled","recipient":"kantsrik","order":79806}
2026-08-09T17:00:44+00:00 NOTICE Email "customer_note" for order #79807 not sent: email type is disabled CONTEXT: {"email_type":"customer_note","status":"disabled","recipient":"raj","order":79807}
2026-08-09T17:00:58+00:00 NOTICE Email "customer_note" for order #79808 not sent: email type is disabled CONTEXT: {"email_type":"customer_note","status":"disabled","recipient":"kantsrik","order":79808}
2026-08-09T17:01:04+00:00 NOTICE Email "customer_note" for order #79809 not sent: email type is disabled CONTEXT: {"email_type":"customer_note","status":"disabled","recipient":"sndas108","order":79809}
2026-08-09T17:01:27+00:00 NOTICE Email "customer_note" for order #79810 not sent: email type is disabled CONTEXT: {"email_type":"customer_note","status":"disabled","recipient":"preethi.kashyap","order":79810}
2026-08-09T17:01:32+00:00 NOTICE Email "customer_note" for order #79811 not sent: email type is disabled CONTEXT: {"email_type":"customer_note","status":"disabled","recipient":"ssmanister","order":79811}
2026-08-09T17:01:38+00:00 NOTICE Email "customer_note" for order #79812 not sent: email type is disabled CONTEXT: {"email_type":"customer_note","status":"disabled","recipient":"kpraneeth","order":79812}
2026-08-09T17:01:49+00:00 NOTICE Email "customer_note" for order #79813 not sent: email type is disabled CONTEXT: {"email_type":"customer_note","status":"disabled","recipient":"giri.ramamoorthy","order":79813}
2026-08-09T17:01:55+00:00 NOTICE Email "customer_note" for order #79814 not sent: email type is disabled CONTEXT: {"email_type":"customer_note","status":"disabled","recipient":"sunil","order":79814}
2026-08-09T17:03:36+00:00 NOTICE Email "customer_note" for order #79815 not sent: email type is disabled CONTEXT: {"email_type":"customer_note","status":"disabled","recipient":"pork_gee","order":79815}
2026-08-09T17:03:42+00:00 NOTICE Email "customer_note" for order #79816 not sent: email type is disabled CONTEXT: {"email_type":"customer_note","status":"disabled","recipient":"maha.prakrti","order":79816}
2026-08-09T17:03:48+00:00 NOTICE Email "customer_note" for order #79817 not sent: email type is disabled CONTEXT: {"email_type":"customer_note","status":"disabled","recipient":"maha.prakrti","order":79817}
2026-08-09T17:05:02+00:00 NOTICE Email "customer_note" for order #79818 not sent: email type is disabled CONTEXT: {"email_type":"customer_note","status":"disabled","recipient":"mr.khadeerahmed","order":79818}
2026-08-09T17:05:08+00:00 NOTICE Email "customer_note" for order #79819 not sent: email type is disabled CONTEXT: {"email_type":"customer_note","status":"disabled","recipient":"gayatrid17","order":79819}
2026-08-09T17:05:13+00:00 NOTICE Email "customer_note" for order #79820 not sent: email type is disabled CONTEXT: {"email_type":"customer_note","status":"disabled","recipient":"harin5000","order":79820}
2026-08-09T17:06:40+00:00 NOTICE Email "customer_note" for order #79821 not sent: email type is disabled CONTEXT: {"email_type":"customer_note","status":"disabled","recipient":"anushajinadas","order":79821}
2026-08-09T17:06:45+00:00 NOTICE Email "customer_note" for order #79822 not sent: email type is disabled CONTEXT: {"email_type":"customer_note","status":"disabled","recipient":"thiagarajan.krishnaraj","order":79822}
2026-08-09T17:06:50+00:00 NOTICE Email "customer_note" for order #79823 not sent: email type is disabled CONTEXT: {"email_type":"customer_note","status":"disabled","recipient":"ganes.s","order":79823}
2026-08-09T17:08:12+00:00 NOTICE Email "customer_note" for order #79824 not sent: email type is disabled CONTEXT: {"email_type":"customer_note","status":"disabled","recipient":"shankar.b1987","order":79824}
2026-08-09T17:08:18+00:00 NOTICE Email "customer_note" for order #79825 not sent: email type is disabled CONTEXT: {"email_type":"customer_note","status":"disabled","recipient":"santhipriya.mohan","order":79825}
2026-08-09T17:09:35+00:00 NOTICE Email "customer_note" for order #79826 not sent: email type is disabled CONTEXT: {"email_type":"customer_note","status":"disabled","recipient":"aparna.saravananj","order":79826}
2026-08-09T17:09:41+00:00 NOTICE Email "customer_note" for order #79827 not sent: email type is disabled CONTEXT: {"email_type":"customer_note","status":"disabled","recipient":"rshankar79","order":79827}
2026-08-09T17:09:46+00:00 NOTICE Email "customer_note" for order #79828 not sent: email type is disabled CONTEXT: {"email_type":"customer_note","status":"disabled","recipient":"sviji24","order":79828}
2026-08-09T17:11:35+00:00 NOTICE Email "customer_note" for order #79829 not sent: email type is disabled CONTEXT: {"email_type":"customer_note","status":"disabled","recipient":"srininsv","order":79829}
2026-08-09T17:11:41+00:00 NOTICE Email "customer_note" for order #79830 not sent: email type is disabled CONTEXT: {"email_type":"customer_note","status":"disabled","recipient":"getvichu2000","order":79830}
2026-08-09T17:13:07+00:00 NOTICE Email "customer_note" for order #79831 not sent: email type is disabled CONTEXT: {"email_type":"customer_note","status":"disabled","recipient":"lakshmipunna","order":79831}
2026-08-09T17:13:12+00:00 NOTICE Email "customer_note" for order #79832 not sent: email type is disabled CONTEXT: {"email_type":"customer_note","status":"disabled","recipient":"ssreddy","order":79832}
2026-08-09T17:13:18+00:00 NOTICE Email "customer_note" for order #79833 not sent: email type is disabled CONTEXT: {"email_type":"customer_note","status":"disabled","recipient":"nspriya14","order":79833}
2026-08-09T17:13:23+00:00 NOTICE Email "customer_note" for order #79834 not sent: email type is disabled CONTEXT: {"email_type":"customer_note","status":"disabled","recipient":"rajani.seshadri","order":79834}
2026-08-09T17:14:35+00:00 NOTICE Email "customer_note" for order #79835 not sent: email type is disabled CONTEXT: {"email_type":"customer_note","status":"disabled","recipient":"kannan.m84","order":79835}
2026-08-09T17:14:40+00:00 NOTICE Email "customer_note" for order #79836 not sent: email type is disabled CONTEXT: {"email_type":"customer_note","status":"disabled","recipient":"kannan.m84","order":79836}
2026-08-09T17:14:46+00:00 NOTICE Email "customer_note" for order #79837 not sent: email type is disabled CONTEXT: {"email_type":"customer_note","status":"disabled","recipient":"sujathasathyanarayanan","order":79837}
2026-08-09T17:15:47+00:00 NOTICE Email "customer_note" for order #79838 not sent: email type is disabled CONTEXT: {"email_type":"customer_note","status":"disabled","recipient":"krish2407","order":79838}
2026-08-09T17:15:52+00:00 NOTICE Email "customer_note" for order #79839 not sent: email type is disabled CONTEXT: {"email_type":"customer_note","status":"disabled","recipient":"ntsaran81","order":79839}
2026-08-09T17:17:35+00:00 NOTICE Email "customer_note" for order #79840 not sent: email type is disabled CONTEXT: {"email_type":"customer_note","status":"disabled","recipient":"subhra.hindu","order":79840}
2026-08-09T17:17:40+00:00 NOTICE Email "customer_note" for order #79841 not sent: email type is disabled CONTEXT: {"email_type":"customer_note","status":"disabled","recipient":"rajeswa2","order":79841}
2026-08-09T17:17:45+00:00 NOTICE Email "customer_note" for order #79842 not sent: email type is disabled CONTEXT: {"email_type":"customer_note","status":"disabled","recipient":"rajeswa2","order":79842}
2026-08-09T17:19:05+00:00 NOTICE Email "customer_note" for order #79843 not sent: email type is disabled CONTEXT: {"email_type":"customer_note","status":"disabled","recipient":"rrnath72","order":79843}
2026-08-09T17:19:12+00:00 NOTICE Email "customer_note" for order #79844 not sent: email type is disabled CONTEXT: {"email_type":"customer_note","status":"disabled","recipient":"vidhyavenkatesh","order":79844}
2026-08-09T17:20:38+00:00 INFO Email "customer_new_account" for user #1591 sent CONTEXT: {"email_type":"customer_new_account","status":"sent","recipient":"Kavi","user":1591}
2026-08-09T17:20:39+00:00 NOTICE Email "customer_note" for order #79845 not sent: email type is disabled CONTEXT: {"email_type":"customer_note","status":"disabled","recipient":"sankar.nx","order":79845}
2026-08-09T17:20:45+00:00 NOTICE Email "customer_note" for order #79846 not sent: email type is disabled CONTEXT: {"email_type":"customer_note","status":"disabled","recipient":"sarithacindrella","order":79846}
2026-08-09T17:20:50+00:00 NOTICE Email "customer_note" for order #79847 not sent: email type is disabled CONTEXT: {"email_type":"customer_note","status":"disabled","recipient":"jenibanancy","order":79847}
2026-08-09T17:22:47+00:00 NOTICE Email "customer_note" for order #79848 not sent: email type is disabled CONTEXT: {"email_type":"customer_note","status":"disabled","recipient":"rvsbell","order":79848}
2026-08-09T17:22:52+00:00 NOTICE Email "customer_note" for order #79849 not sent: email type is disabled CONTEXT: {"email_type":"customer_note","status":"disabled","recipient":"thaseenphysio","order":79849}
2026-08-09T17:24:02+00:00 NOTICE Email "customer_note" for order #79850 not sent: email type is disabled CONTEXT: {"email_type":"customer_note","status":"disabled","recipient":"ravishankarpv23","order":79850}
2026-08-09T17:24:08+00:00 NOTICE Email "customer_note" for order #79851 not sent: email type is disabled CONTEXT: {"email_type":"customer_note","status":"disabled","recipient":"bmanjudevi","order":79851}
2026-08-09T17:25:40+00:00 NOTICE Email "customer_note" for order #79852 not sent: email type is disabled CONTEXT: {"email_type":"customer_note","status":"disabled","recipient":"rkarthikeyan1511","order":79852}
2026-08-09T17:25:46+00:00 NOTICE Email "customer_note" for order #79853 not sent: email type is disabled CONTEXT: {"email_type":"customer_note","status":"disabled","recipient":"adline.jeni","order":79853}
2026-08-09T17:27:22+00:00 NOTICE Email "customer_note" for order #79854 not sent: email type is disabled CONTEXT: {"email_type":"customer_note","status":"disabled","recipient":"suganyagopuk","order":79854}
2026-08-09T17:27:28+00:00 NOTICE Email "customer_note" for order #79855 not sent: email type is disabled CONTEXT: {"email_type":"customer_note","status":"disabled","recipient":"grandmastervasu","order":79855}
2026-08-09T17:28:52+00:00 NOTICE Email "customer_note" for order #79856 not sent: email type is disabled CONTEXT: {"email_type":"customer_note","status":"disabled","recipient":"tanzary","order":79856}
2026-08-09T17:28:58+00:00 NOTICE Email "customer_note" for order #79857 not sent: email type is disabled CONTEXT: {"email_type":"customer_note","status":"disabled","recipient":"jayshree_kannan","order":79857}
2026-08-09T17:29:03+00:00 NOTICE Email "customer_note" for order #79858 not sent: email type is disabled CONTEXT: {"email_type":"customer_note","status":"disabled","recipient":"asokachelliah","order":79858}
2026-08-09T17:30:41+00:00 NOTICE Email "customer_note" for order #79859 not sent: email type is disabled CONTEXT: {"email_type":"customer_note","status":"disabled","recipient":"ranjithjegan","order":79859}
2026-08-09T17:30:46+00:00 NOTICE Email "customer_note" for order #79860 not sent: email type is disabled CONTEXT: {"email_type":"customer_note","status":"disabled","recipient":"c.raghuram95","order":79860}
2026-08-09T17:32:43+00:00 NOTICE Email "customer_note" for order #79861 not sent: email type is disabled CONTEXT: {"email_type":"customer_note","status":"disabled","recipient":"anuranjan","order":79861}
2026-08-09T17:32:49+00:00 NOTICE Email "customer_note" for order #79862 not sent: email type is disabled CONTEXT: {"email_type":"customer_note","status":"disabled","recipient":"renga.devarajan","order":79862}
2026-08-09T17:32:54+00:00 NOTICE Email "customer_note" for order #79863 not sent: email type is disabled CONTEXT: {"email_type":"customer_note","status":"disabled","recipient":"ravilochananiyengar","order":79863}
2026-08-09T17:34:43+00:00 NOTICE Email "customer_note" for order #79864 not sent: email type is disabled CONTEXT: {"email_type":"customer_note","status":"disabled","recipient":"ashval81","order":79864}
2026-08-09T17:34:49+00:00 NOTICE Email "customer_note" for order #79865 not sent: email type is disabled CONTEXT: {"email_type":"customer_note","status":"disabled","recipient":"mohideen.aai","order":79865}
2026-08-09T17:34:55+00:00 NOTICE Email "customer_note" for order #79866 not sent: email type is disabled CONTEXT: {"email_type":"customer_note","status":"disabled","recipient":"sugu4u","order":79866}
2026-08-09T17:36:36+00:00 NOTICE Email "customer_note" for order #79867 not sent: email type is disabled CONTEXT: {"email_type":"customer_note","status":"disabled","recipient":"rosanuru","order":79867}
2026-08-09T17:36:41+00:00 NOTICE Email "customer_note" for order #79868 not sent: email type is disabled CONTEXT: {"email_type":"customer_note","status":"disabled","recipient":"rosanuru","order":79868}
2026-08-09T17:38:03+00:00 NOTICE Email "customer_note" for order #79869 not sent: email type is disabled CONTEXT: {"email_type":"customer_note","status":"disabled","recipient":"thirumal.valavan","order":79869}
2026-08-09T17:38:09+00:00 NOTICE Email "customer_note" for order #79870 not sent: email type is disabled CONTEXT: {"email_type":"customer_note","status":"disabled","recipient":"udaymetha","order":79870}
2026-08-09T17:40:04+00:00 NOTICE Email "customer_note" for order #79871 not sent: email type is disabled CONTEXT: {"email_type":"customer_note","status":"disabled","recipient":"arunivf","order":79871}
2026-08-09T17:40:10+00:00 NOTICE Email "customer_note" for order #79872 not sent: email type is disabled CONTEXT: {"email_type":"customer_note","status":"disabled","recipient":"sunanda.undamatla","order":79872}
2026-08-09T17:41:39+00:00 NOTICE Email "customer_note" for order #79873 not sent: email type is disabled CONTEXT: {"email_type":"customer_note","status":"disabled","recipient":"tpkiruthika","order":79873}
2026-08-09T17:41:44+00:00 NOTICE Email "customer_note" for order #79874 not sent: email type is disabled CONTEXT: {"email_type":"customer_note","status":"disabled","recipient":"chennaibullpower","order":79874}
2026-08-09T17:41:49+00:00 NOTICE Email "customer_note" for order #79875 not sent: email type is disabled CONTEXT: {"email_type":"customer_note","status":"disabled","recipient":"mail2anantha","order":79875}
2026-08-09T17:44:06+00:00 NOTICE Email "customer_note" for order #79876 not sent: email type is disabled CONTEXT: {"email_type":"customer_note","status":"disabled","recipient":"r.sasankan","order":79876}
2026-08-09T17:44:12+00:00 NOTICE Email "customer_note" for order #79877 not sent: email type is disabled CONTEXT: {"email_type":"customer_note","status":"disabled","recipient":"pritam.reddyn","order":79877}
2026-08-09T17:45:38+00:00 NOTICE Email "customer_note" for order #79878 not sent: email type is disabled CONTEXT: {"email_type":"customer_note","status":"disabled","recipient":"lakshmiwai","order":79878}
2026-08-09T17:45:43+00:00 NOTICE Email "customer_note" for order #79879 not sent: email type is disabled CONTEXT: {"email_type":"customer_note","status":"disabled","recipient":"nyolapriya","order":79879}
2026-08-09T17:45:48+00:00 NOTICE Email "customer_note" for order #79880 not sent: email type is disabled CONTEXT: {"email_type":"customer_note","status":"disabled","recipient":"ushabmoorthy","order":79880}
2026-08-09T17:47:38+00:00 NOTICE Email "customer_note" for order #79881 not sent: email type is disabled CONTEXT: {"email_type":"customer_note","status":"disabled","recipient":"ushabmoorthy","order":79881}
2026-08-09T17:47:44+00:00 NOTICE Email "customer_note" for order #79882 not sent: email type is disabled CONTEXT: {"email_type":"customer_note","status":"disabled","recipient":"krishnan.gnv","order":79882}
2026-08-09T17:47:49+00:00 NOTICE Email "customer_note" for order #79883 not sent: email type is disabled CONTEXT: {"email_type":"customer_note","status":"disabled","recipient":"karthikkoti","order":79883}
2026-08-09T17:49:02+00:00 NOTICE Email "customer_note" for order #79884 not sent: email type is disabled CONTEXT: {"email_type":"customer_note","status":"disabled","recipient":"viddhari","order":79884}
2026-08-09T17:49:07+00:00 NOTICE Email "customer_note" for order #79885 not sent: email type is disabled CONTEXT: {"email_type":"customer_note","status":"disabled","recipient":"rviji.1092","order":79885}
2026-08-09T17:50:40+00:00 NOTICE Email "customer_note" for order #79886 not sent: email type is disabled CONTEXT: {"email_type":"customer_note","status":"disabled","recipient":"sangeetharanganath","order":79886}
2026-08-09T17:50:45+00:00 NOTICE Email "customer_note" for order #79887 not sent: email type is disabled CONTEXT: {"email_type":"customer_note","status":"disabled","recipient":"karthikonline","order":79887}
2026-08-09T17:50:50+00:00 NOTICE Email "customer_note" for order #79888 not sent: email type is disabled CONTEXT: {"email_type":"customer_note","status":"disabled","recipient":"smriti166","order":79888}
2026-08-09T17:50:56+00:00 NOTICE Email "customer_note" for order #79889 not sent: email type is disabled CONTEXT: {"email_type":"customer_note","status":"disabled","recipient":"v.vandhana17","order":79889}
2026-08-09T17:53:38+00:00 NOTICE Email "customer_note" for order #79890 not sent: email type is disabled CONTEXT: {"email_type":"customer_note","status":"disabled","recipient":"mrinal1.618","order":79890}
2026-08-09T17:53:43+00:00 NOTICE Email "customer_note" for order #79891 not sent: email type is disabled CONTEXT: {"email_type":"customer_note","status":"disabled","recipient":"jayashree.ramesh70","order":79891}
2026-08-09T17:55:05+00:00 NOTICE Email "customer_note" for order #79892 not sent: email type is disabled CONTEXT: {"email_type":"customer_note","status":"disabled","recipient":"srinowin","order":79892}
2026-08-09T17:55:11+00:00 NOTICE Email "customer_note" for order #79893 not sent: email type is disabled CONTEXT: {"email_type":"customer_note","status":"disabled","recipient":"nmn.gceb","order":79893}
2026-08-09T17:55:16+00:00 NOTICE Email "customer_note" for order #79894 not sent: email type is disabled CONTEXT: {"email_type":"customer_note","status":"disabled","recipient":"gramyanataraj","order":79894}
2026-08-09T17:57:38+00:00 NOTICE Email "customer_note" for order #79895 not sent: email type is disabled CONTEXT: {"email_type":"customer_note","status":"disabled","recipient":"raviraghav","order":79895}
2026-08-09T17:57:43+00:00 NOTICE Email "customer_note" for order #79896 not sent: email type is disabled CONTEXT: {"email_type":"customer_note","status":"disabled","recipient":"gowrisubha.s","order":79896}
2026-08-09T17:57:49+00:00 NOTICE Email "customer_note" for order #79897 not sent: email type is disabled CONTEXT: {"email_type":"customer_note","status":"disabled","recipient":"ramyajeevanandam","order":79897}
2026-08-09T17:58:44+00:00 NOTICE Email "customer_note" for order #79898 not sent: email type is disabled CONTEXT: {"email_type":"customer_note","status":"disabled","recipient":"anand183","order":79898}
2026-08-09T17:58:49+00:00 NOTICE Email "customer_note" for order #79899 not sent: email type is disabled CONTEXT: {"email_type":"customer_note","status":"disabled","recipient":"anand183","order":79899}
2026-08-09T18:00:43+00:00 NOTICE Email "customer_note" for order #79900 not sent: email type is disabled CONTEXT: {"email_type":"customer_note","status":"disabled","recipient":"viswa22","order":79900}
2026-08-09T18:00:49+00:00 NOTICE Email "customer_note" for order #79901 not sent: email type is disabled CONTEXT: {"email_type":"customer_note","status":"disabled","recipient":"keerthykrish","order":79901}
2026-08-09T18:00:54+00:00 NOTICE Email "customer_note" for order #79902 not sent: email type is disabled CONTEXT: {"email_type":"customer_note","status":"disabled","recipient":"karthi.bala","order":79902}
2026-08-09T18:02:42+00:00 INFO Email "customer_new_account" for user #1592 sent CONTEXT: {"email_type":"customer_new_account","status":"sent","recipient":"peter","user":1592}
2026-08-09T18:02:43+00:00 NOTICE Email "customer_note" for order #79903 not sent: email type is disabled CONTEXT: {"email_type":"customer_note","status":"disabled","recipient":"jothikumarkanagaraj","order":79903}
2026-08-09T18:02:49+00:00 NOTICE Email "customer_note" for order #79904 not sent: email type is disabled CONTEXT: {"email_type":"customer_note","status":"disabled","recipient":"nshanthidurga","order":79904}
2026-08-09T18:02:54+00:00 NOTICE Email "customer_note" for order #79905 not sent: email type is disabled CONTEXT: {"email_type":"customer_note","status":"disabled","recipient":"santasudan","order":79905}
2026-08-09T18:04:09+00:00 NOTICE Email "customer_note" for order #79906 not sent: email type is disabled CONTEXT: {"email_type":"customer_note","status":"disabled","recipient":"vardhini.kalyanaraman","order":79906}
2026-08-09T18:04:14+00:00 NOTICE Email "customer_note" for order #79907 not sent: email type is disabled CONTEXT: {"email_type":"customer_note","status":"disabled","recipient":"a2osriramadesikan","order":79907}
2026-08-09T18:05:36+00:00 NOTICE Email "customer_note" for order #79908 not sent: email type is disabled CONTEXT: {"email_type":"customer_note","status":"disabled","recipient":"guest","order":79908}
2026-08-09T18:05:41+00:00 NOTICE Email "customer_note" for order #79909 not sent: email type is disabled CONTEXT: {"email_type":"customer_note","status":"disabled","recipient":"amarzee","order":79909}
2026-08-09T18:05:46+00:00 NOTICE Email "customer_note" for order #79910 not sent: email type is disabled CONTEXT: {"email_type":"customer_note","status":"disabled","recipient":"mailmenagu","order":79910}
2026-08-09T18:05:51+00:00 NOTICE Email "customer_note" for order #79911 not sent: email type is disabled CONTEXT: {"email_type":"customer_note","status":"disabled","recipient":"saranya.amudhan","order":79911}
2026-08-09T18:07:17+00:00 NOTICE Email "customer_note" for order #79912 not sent: email type is disabled CONTEXT: {"email_type":"customer_note","status":"disabled","recipient":"lssanadi","order":79912}
2026-08-09T18:07:23+00:00 NOTICE Email "customer_note" for order #79913 not sent: email type is disabled CONTEXT: {"email_type":"customer_note","status":"disabled","recipient":"balajinikhila","order":79913}
2026-08-09T18:08:36+00:00 NOTICE Email "customer_note" for order #79914 not sent: email type is disabled CONTEXT: {"email_type":"customer_note","status":"disabled","recipient":"thanupillai","order":79914}
2026-08-09T18:08:41+00:00 NOTICE Email "customer_note" for order #79915 not sent: email type is disabled CONTEXT: {"email_type":"customer_note","status":"disabled","recipient":"abhir019","order":79915}
2026-08-09T18:08:47+00:00 NOTICE Email "customer_note" for order #79916 not sent: email type is disabled CONTEXT: {"email_type":"customer_note","status":"disabled","recipient":"sayeebrindharanga","order":79916}
2026-08-09T18:10:35+00:00 NOTICE Email "customer_note" for order #79917 not sent: email type is disabled CONTEXT: {"email_type":"customer_note","status":"disabled","recipient":"manjuyes77","order":79917}
2026-08-09T18:10:41+00:00 NOTICE Email "customer_note" for order #79918 not sent: email type is disabled CONTEXT: {"email_type":"customer_note","status":"disabled","recipient":"smadhu","order":79918}
2026-08-09T18:11:48+00:00 NOTICE Email "customer_note" for order #79919 not sent: email type is disabled CONTEXT: {"email_type":"customer_note","status":"disabled","recipient":"smadhu","order":79919}
2026-08-09T18:11:53+00:00 NOTICE Email "customer_note" for order #79920 not sent: email type is disabled CONTEXT: {"email_type":"customer_note","status":"disabled","recipient":"mounikayerasani1989","order":79920}
2026-08-09T18:11:58+00:00 NOTICE Email "customer_note" for order #79921 not sent: email type is disabled CONTEXT: {"email_type":"customer_note","status":"disabled","recipient":"aravindananthavijayan","order":79921}
2026-08-09T18:13:48+00:00 NOTICE Email "customer_note" for order #79922 not sent: email type is disabled CONTEXT: {"email_type":"customer_note","status":"disabled","recipient":"aravindananthavijayan","order":79922}
2026-08-09T18:13:54+00:00 NOTICE Email "customer_note" for order #79923 not sent: email type is disabled CONTEXT: {"email_type":"customer_note","status":"disabled","recipient":"laddhadmonika","order":79923}
2026-08-09T18:15:06+00:00 NOTICE Email "customer_note" for order #79924 not sent: email type is disabled CONTEXT: {"email_type":"customer_note","status":"disabled","recipient":"msivakr","order":79924}
2026-08-09T18:15:11+00:00 NOTICE Email "customer_note" for order #79925 not sent: email type is disabled CONTEXT: {"email_type":"customer_note","status":"disabled","recipient":"joanjeroline","order":79925}
2026-08-09T18:16:40+00:00 NOTICE Email "customer_note" for order #79926 not sent: email type is disabled CONTEXT: {"email_type":"customer_note","status":"disabled","recipient":"mala.maneck","order":79926}
2026-08-09T18:16:46+00:00 NOTICE Email "customer_note" for order #79927 not sent: email type is disabled CONTEXT: {"email_type":"customer_note","status":"disabled","recipient":"nanadba17","order":79927}
2026-08-09T18:16:51+00:00 NOTICE Email "customer_note" for order #79928 not sent: email type is disabled CONTEXT: {"email_type":"customer_note","status":"disabled","recipient":"nanadba17","order":79928}
2026-08-09T18:18:49+00:00 NOTICE Email "customer_note" for order #79929 not sent: email type is disabled CONTEXT: {"email_type":"customer_note","status":"disabled","recipient":"svardhan51","order":79929}
2026-08-09T18:18:55+00:00 NOTICE Email "customer_note" for order #79930 not sent: email type is disabled CONTEXT: {"email_type":"customer_note","status":"disabled","recipient":"drsguru","order":79930}
2026-08-09T18:19:00+00:00 NOTICE Email "customer_note" for order #79931 not sent: email type is disabled CONTEXT: {"email_type":"customer_note","status":"disabled","recipient":"prakashb2k03","order":79931}
2026-08-09T18:19:58+00:00 NOTICE Email "customer_note" for order #79932 not sent: email type is disabled CONTEXT: {"email_type":"customer_note","status":"disabled","recipient":"radhika.sakhuja","order":79932}
2026-08-09T18:20:04+00:00 NOTICE Email "customer_note" for order #79933 not sent: email type is disabled CONTEXT: {"email_type":"customer_note","status":"disabled","recipient":"umail2janet","order":79933}
2026-08-09T18:20:09+00:00 NOTICE Email "customer_note" for order #79934 not sent: email type is disabled CONTEXT: {"email_type":"customer_note","status":"disabled","recipient":"peerkhan","order":79934}
2026-08-09T18:22:13+00:00 NOTICE Email "customer_note" for order #79935 not sent: email type is disabled CONTEXT: {"email_type":"customer_note","status":"disabled","recipient":"tandonamit75","order":79935}
2026-08-09T18:22:18+00:00 NOTICE Email "customer_note" for order #79936 not sent: email type is disabled CONTEXT: {"email_type":"customer_note","status":"disabled","recipient":"priyaraghupathy","order":79936}
2026-08-09T18:23:52+00:00 NOTICE Email "customer_note" for order #79937 not sent: email type is disabled CONTEXT: {"email_type":"customer_note","status":"disabled","recipient":"priyaraghupathy","order":79937}
2026-08-09T18:23:58+00:00 NOTICE Email "customer_note" for order #79938 not sent: email type is disabled CONTEXT: {"email_type":"customer_note","status":"disabled","recipient":"priyaraghupathy","order":79938}
2026-08-09T18:25:06+00:00 NOTICE Email "customer_note" for order #79939 not sent: email type is disabled CONTEXT: {"email_type":"customer_note","status":"disabled","recipient":"hemavarthini","order":79939}
2026-08-09T18:25:11+00:00 NOTICE Email "customer_note" for order #79940 not sent: email type is disabled CONTEXT: {"email_type":"customer_note","status":"disabled","recipient":"hemavarthini","order":79940}
2026-08-09T18:25:17+00:00 NOTICE Email "customer_note" for order #79941 not sent: email type is disabled CONTEXT: {"email_type":"customer_note","status":"disabled","recipient":"rajanvp","order":79941}
2026-08-09T18:26:55+00:00 NOTICE Email "customer_note" for order #79942 not sent: email type is disabled CONTEXT: {"email_type":"customer_note","status":"disabled","recipient":"namanaresh","order":79942}
2026-08-09T18:27:01+00:00 NOTICE Email "customer_note" for order #79943 not sent: email type is disabled CONTEXT: {"email_type":"customer_note","status":"disabled","recipient":"subathra.venkatesh","order":79943}
2026-08-09T18:28:10+00:00 NOTICE Email "customer_note" for order #79944 not sent: email type is disabled CONTEXT: {"email_type":"customer_note","status":"disabled","recipient":"vannitha.s","order":79944}
2026-08-09T18:28:16+00:00 NOTICE Email "customer_note" for order #79945 not sent: email type is disabled CONTEXT: {"email_type":"customer_note","status":"disabled","recipient":"gunasekaran.babu","order":79945}
2026-08-09T18:28:21+00:00 NOTICE Email "customer_note" for order #79946 not sent: email type is disabled CONTEXT: {"email_type":"customer_note","status":"disabled","recipient":"sureshship","order":79946}
2026-08-09T18:29:55+00:00 NOTICE Email "customer_note" for order #79947 not sent: email type is disabled CONTEXT: {"email_type":"customer_note","status":"disabled","recipient":"poovarna","order":79947}
2026-08-09T18:30:01+00:00 NOTICE Email "customer_note" for order #79948 not sent: email type is disabled CONTEXT: {"email_type":"customer_note","status":"disabled","recipient":"venkateshsuba","order":79948}
2026-08-09T18:53:36+00:00 INFO Email "customer_new_account" for user #1593 sent CONTEXT: {"email_type":"customer_new_account","status":"sent","recipient":"Manimegalai","user":1593}
2026-08-09T19:06:48+00:00 NOTICE Email "customer_note" for order #79949 not sent: email type is disabled CONTEXT: {"email_type":"customer_note","status":"disabled","recipient":"sansik26","order":79949}
2026-08-09T19:06:54+00:00 NOTICE Email "customer_note" for order #79950 not sent: email type is disabled CONTEXT: {"email_type":"customer_note","status":"disabled","recipient":"sndas108","order":79950}
2026-08-09T19:08:49+00:00 NOTICE Email "customer_note" for order #79951 not sent: email type is disabled CONTEXT: {"email_type":"customer_note","status":"disabled","recipient":"krish2407","order":79951}
2026-08-09T19:08:55+00:00 NOTICE Email "customer_note" for order #79952 not sent: email type is disabled CONTEXT: {"email_type":"customer_note","status":"disabled","recipient":"dsuriyadeepan","order":79952}
2026-08-09T19:10:36+00:00 NOTICE Email "customer_note" for order #79953 not sent: email type is disabled CONTEXT: {"email_type":"customer_note","status":"disabled","recipient":"srksrk","order":79953}
2026-08-09T19:10:41+00:00 NOTICE Email "customer_note" for order #79954 not sent: email type is disabled CONTEXT: {"email_type":"customer_note","status":"disabled","recipient":"lavanat","order":79954}
2026-08-09T19:10:47+00:00 NOTICE Email "customer_note" for order #79955 not sent: email type is disabled CONTEXT: {"email_type":"customer_note","status":"disabled","recipient":"kkpgreetsu","order":79955}
2026-08-09T19:10:49+00:00 NOTICE Email "customer_note" for order #79956 not sent: email type is disabled CONTEXT: {"email_type":"customer_note","status":"disabled","recipient":"nritijuna","order":79956}
2026-08-09T19:10:54+00:00 NOTICE Email "customer_note" for order #79957 not sent: email type is disabled CONTEXT: {"email_type":"customer_note","status":"disabled","recipient":"vini.ramani","order":79957}
2026-08-09T19:11:00+00:00 NOTICE Email "customer_note" for order #79958 not sent: email type is disabled CONTEXT: {"email_type":"customer_note","status":"disabled","recipient":"joechris.j","order":79958}
2026-08-09T19:11:23+00:00 NOTICE Email "customer_note" for order #79959 not sent: email type is disabled CONTEXT: {"email_type":"customer_note","status":"disabled","recipient":"nithyareddy584","order":79959}
2026-08-09T19:11:30+00:00 NOTICE Email "customer_note" for order #79960 not sent: email type is disabled CONTEXT: {"email_type":"customer_note","status":"disabled","recipient":"bobbycmathews","order":79960}
2026-08-09T19:11:41+00:00 INFO Email "customer_new_account" for user #1594 sent CONTEXT: {"email_type":"customer_new_account","status":"sent","recipient":"Rajesh Kanna","user":1594}
2026-08-09T19:11:41+00:00 NOTICE Email "customer_note" for order #79961 not sent: email type is disabled CONTEXT: {"email_type":"customer_note","status":"disabled","recipient":"skannanv","order":79961}
2026-08-09T19:11:47+00:00 NOTICE Email "customer_note" for order #79962 not sent: email type is disabled CONTEXT: {"email_type":"customer_note","status":"disabled","recipient":"merlia.shaukath","order":79962}
2026-08-09T19:13:35+00:00 NOTICE Email "customer_note" for order #79963 not sent: email type is disabled CONTEXT: {"email_type":"customer_note","status":"disabled","recipient":"ashok.infodrive","order":79963}
2026-08-09T19:13:41+00:00 NOTICE Email "customer_note" for order #79964 not sent: email type is disabled CONTEXT: {"email_type":"customer_note","status":"disabled","recipient":"s.babumahesh","order":79964}
2026-08-09T19:15:06+00:00 NOTICE Email "customer_note" for order #79965 not sent: email type is disabled CONTEXT: {"email_type":"customer_note","status":"disabled","recipient":"padmasini.bashyam","order":79965}
2026-08-09T19:15:12+00:00 NOTICE Email "customer_note" for order #79966 not sent: email type is disabled CONTEXT: {"email_type":"customer_note","status":"disabled","recipient":"kashefa5819","order":79966}
2026-08-09T19:16:48+00:00 NOTICE Email "customer_note" for order #79967 not sent: email type is disabled CONTEXT: {"email_type":"customer_note","status":"disabled","recipient":"ardramana89","order":79967}
2026-08-09T19:16:53+00:00 NOTICE Email "customer_note" for order #79968 not sent: email type is disabled CONTEXT: {"email_type":"customer_note","status":"disabled","recipient":"blog4686","order":79968}
2026-08-09T19:16:58+00:00 NOTICE Email "customer_note" for order #79969 not sent: email type is disabled CONTEXT: {"email_type":"customer_note","status":"disabled","recipient":"miryala.pranahitha","order":79969}
2026-08-09T19:19:39+00:00 NOTICE Email "customer_note" for order #79970 not sent: email type is disabled CONTEXT: {"email_type":"customer_note","status":"disabled","recipient":"muthunarayanang","order":79970}
2026-08-09T19:19:45+00:00 NOTICE Email "customer_note" for order #79971 not sent: email type is disabled CONTEXT: {"email_type":"customer_note","status":"disabled","recipient":"rakhi27","order":79971}
2026-08-09T19:19:50+00:00 NOTICE Email "customer_note" for order #79972 not sent: email type is disabled CONTEXT: {"email_type":"customer_note","status":"disabled","recipient":"mahendiran9889","order":79972}
2026-08-09T19:24:10+00:00 NOTICE Email "customer_note" for order #79973 not sent: email type is disabled CONTEXT: {"email_type":"customer_note","status":"disabled","recipient":"drgitasankaran","order":79973}
2026-08-09T19:24:16+00:00 NOTICE Email "customer_note" for order #79974 not sent: email type is disabled CONTEXT: {"email_type":"customer_note","status":"disabled","recipient":"avrroshini2007","order":79974}
2026-08-09T19:25:25+00:00 NOTICE Email "customer_note" for order #79975 not sent: email type is disabled CONTEXT: {"email_type":"customer_note","status":"disabled","recipient":"jayalakshmi_kumaresan","order":79975}
2026-08-09T19:25:31+00:00 NOTICE Email "customer_note" for order #79976 not sent: email type is disabled CONTEXT: {"email_type":"customer_note","status":"disabled","recipient":"srik.varad","order":79976}
2026-08-09T19:25:36+00:00 NOTICE Email "customer_note" for order #79977 not sent: email type is disabled CONTEXT: {"email_type":"customer_note","status":"disabled","recipient":"deepikanagasamy","order":79977}
2026-08-09T19:40:43+00:00 NOTICE Email "customer_note" for order #79978 not sent: email type is disabled CONTEXT: {"email_type":"customer_note","status":"disabled","recipient":"deepikanagasamy","order":79978}
2026-08-09T19:40:48+00:00 NOTICE Email "customer_note" for order #79979 not sent: email type is disabled CONTEXT: {"email_type":"customer_note","status":"disabled","recipient":"sandhiyamadanagopal","order":79979}
2026-08-09T19:42:36+00:00 NOTICE Email "customer_note" for order #79980 not sent: email type is disabled CONTEXT: {"email_type":"customer_note","status":"disabled","recipient":"bindu.kakani","order":79980}
2026-08-09T19:42:41+00:00 NOTICE Email "customer_note" for order #79981 not sent: email type is disabled CONTEXT: {"email_type":"customer_note","status":"disabled","recipient":"pujaquiet","order":79981}
2026-08-09T19:42:47+00:00 NOTICE Email "customer_note" for order #79982 not sent: email type is disabled CONTEXT: {"email_type":"customer_note","status":"disabled","recipient":"ven_v2","order":79982}
2026-08-09T19:51:12+00:00 NOTICE Email "customer_note" for order #79983 not sent: email type is disabled CONTEXT: {"email_type":"customer_note","status":"disabled","recipient":"madhumathic","order":79983}
2026-08-09T19:51:18+00:00 NOTICE Email "customer_note" for order #79984 not sent: email type is disabled CONTEXT: {"email_type":"customer_note","status":"disabled","recipient":"deepakhraj","order":79984}
2026-08-09T19:51:23+00:00 NOTICE Email "customer_note" for order #79985 not sent: email type is disabled CONTEXT: {"email_type":"customer_note","status":"disabled","recipient":"sucharita.anand2","order":79985}
2026-08-09T19:53:16+00:00 NOTICE Email "customer_note" for order #79986 not sent: email type is disabled CONTEXT: {"email_type":"customer_note","status":"disabled","recipient":"shanky.viswanathan","order":79986}
2026-08-09T19:53:22+00:00 NOTICE Email "customer_note" for order #79987 not sent: email type is disabled CONTEXT: {"email_type":"customer_note","status":"disabled","recipient":"capt.6516ansari","order":79987}
2026-08-09T19:53:27+00:00 NOTICE Email "customer_note" for order #79988 not sent: email type is disabled CONTEXT: {"email_type":"customer_note","status":"disabled","recipient":"swathu20","order":79988}
2026-08-09T20:04:38+00:00 NOTICE Email "customer_note" for order #79989 not sent: email type is disabled CONTEXT: {"email_type":"customer_note","status":"disabled","recipient":"sivaranjani2282","order":79989}
2026-08-09T20:04:43+00:00 NOTICE Email "customer_note" for order #79990 not sent: email type is disabled CONTEXT: {"email_type":"customer_note","status":"disabled","recipient":"raji.sreeprakash","order":79990}
2026-08-09T20:05:49+00:00 NOTICE Email "customer_note" for order #79991 not sent: email type is disabled CONTEXT: {"email_type":"customer_note","status":"disabled","recipient":"suganyaindia","order":79991}
2026-08-09T20:05:55+00:00 NOTICE Email "customer_note" for order #79992 not sent: email type is disabled CONTEXT: {"email_type":"customer_note","status":"disabled","recipient":"agatha.ryazhl","order":79992}
2026-08-09T20:06:00+00:00 NOTICE Email "customer_note" for order #79993 not sent: email type is disabled CONTEXT: {"email_type":"customer_note","status":"disabled","recipient":"rajeswari.sivam","order":79993}
2026-08-09T20:07:42+00:00 NOTICE Email "customer_note" for order #79994 not sent: email type is disabled CONTEXT: {"email_type":"customer_note","status":"disabled","recipient":"flamingotravels2010","order":79994}
2026-08-09T20:07:47+00:00 NOTICE Email "customer_note" for order #79995 not sent: email type is disabled CONTEXT: {"email_type":"customer_note","status":"disabled","recipient":"syed.wasim4567","order":79995}
2026-08-09T20:09:21+00:00 NOTICE Email "customer_note" for order #79996 not sent: email type is disabled CONTEXT: {"email_type":"customer_note","status":"disabled","recipient":"naveen.durai92","order":79996}
2026-08-09T20:09:27+00:00 NOTICE Email "customer_note" for order #79997 not sent: email type is disabled CONTEXT: {"email_type":"customer_note","status":"disabled","recipient":"vani.vj","order":79997}
2026-08-09T20:11:24+00:00 NOTICE Email "customer_note" for order #79998 not sent: email type is disabled CONTEXT: {"email_type":"customer_note","status":"disabled","recipient":"khkarthick","order":79998}
2026-08-09T20:11:29+00:00 NOTICE Email "customer_note" for order #79999 not sent: email type is disabled CONTEXT: {"email_type":"customer_note","status":"disabled","recipient":"ganeshp2","order":79999}
2026-08-09T20:15:15+00:00 NOTICE Email "customer_note" for order #80000 not sent: email type is disabled CONTEXT: {"email_type":"customer_note","status":"disabled","recipient":"eksamy.subscribe","order":80000}
2026-08-09T20:15:21+00:00 NOTICE Email "customer_note" for order #80001 not sent: email type is disabled CONTEXT: {"email_type":"customer_note","status":"disabled","recipient":"karthik.thandapani","order":80001}
2026-08-09T20:19:35+00:00 NOTICE Email "customer_note" for order #80002 not sent: email type is disabled CONTEXT: {"email_type":"customer_note","status":"disabled","recipient":"kannammalknp","order":80002}
2026-08-09T20:19:41+00:00 NOTICE Email "customer_note" for order #80003 not sent: email type is disabled CONTEXT: {"email_type":"customer_note","status":"disabled","recipient":"divioct23","order":80003}
2026-08-09T20:19:46+00:00 NOTICE Email "customer_note" for order #80004 not sent: email type is disabled CONTEXT: {"email_type":"customer_note","status":"disabled","recipient":"danishs764","order":80004}
2026-08-09T20:21:24+00:00 NOTICE Email "customer_note" for order #80005 not sent: email type is disabled CONTEXT: {"email_type":"customer_note","status":"disabled","recipient":"krishhants","order":80005}
2026-08-09T20:21:29+00:00 NOTICE Email "customer_note" for order #80006 not sent: email type is disabled CONTEXT: {"email_type":"customer_note","status":"disabled","recipient":"krishnagseshadri","order":80006}
2026-08-09T20:21:35+00:00 NOTICE Email "customer_note" for order #80007 not sent: email type is disabled CONTEXT: {"email_type":"customer_note","status":"disabled","recipient":"krishnagseshadri","order":80007}
2026-08-09T20:23:18+00:00 NOTICE Email "customer_note" for order #80008 not sent: email type is disabled CONTEXT: {"email_type":"customer_note","status":"disabled","recipient":"gayviji","order":80008}
2026-08-09T20:23:23+00:00 NOTICE Email "customer_note" for order #80009 not sent: email type is disabled CONTEXT: {"email_type":"customer_note","status":"disabled","recipient":"raghavan512000","order":80009}
2026-08-09T20:23:29+00:00 NOTICE Email "customer_note" for order #80010 not sent: email type is disabled CONTEXT: {"email_type":"customer_note","status":"disabled","recipient":"tanya.ganesan04","order":80010}
2026-08-09T20:36:37+00:00 NOTICE Email "customer_note" for order #80011 not sent: email type is disabled CONTEXT: {"email_type":"customer_note","status":"disabled","recipient":"vaishnavi.kandala","order":80011}
2026-08-09T20:36:43+00:00 NOTICE Email "customer_note" for order #80012 not sent: email type is disabled CONTEXT: {"email_type":"customer_note","status":"disabled","recipient":"vaishnavi.kandala","order":80012}
2026-08-09T20:36:48+00:00 NOTICE Email "customer_note" for order #80013 not sent: email type is disabled CONTEXT: {"email_type":"customer_note","status":"disabled","recipient":"elisha.ebenezer","order":80013}
2026-08-09T20:38:59+00:00 NOTICE Email "customer_note" for order #80014 not sent: email type is disabled CONTEXT: {"email_type":"customer_note","status":"disabled","recipient":"dndmi","order":80014}
2026-08-09T20:39:05+00:00 NOTICE Email "customer_note" for order #80015 not sent: email type is disabled CONTEXT: {"email_type":"customer_note","status":"disabled","recipient":"nithyaprimrose","order":80015}
2026-08-09T20:40:47+00:00 NOTICE Email "customer_note" for order #80016 not sent: email type is disabled CONTEXT: {"email_type":"customer_note","status":"disabled","recipient":"monicaevangeline","order":80016}
2026-08-09T20:40:53+00:00 NOTICE Email "customer_note" for order #80017 not sent: email type is disabled CONTEXT: {"email_type":"customer_note","status":"disabled","recipient":"agatha.ryazhl","order":80017}
2026-08-09T20:40:58+00:00 NOTICE Email "customer_note" for order #80018 not sent: email type is disabled CONTEXT: {"email_type":"customer_note","status":"disabled","recipient":"mail2parthig","order":80018}
2026-08-09T20:42:50+00:00 NOTICE Email "customer_note" for order #80019 not sent: email type is disabled CONTEXT: {"email_type":"customer_note","status":"disabled","recipient":"durgaa.v","order":80019}
2026-08-09T20:42:56+00:00 NOTICE Email "customer_note" for order #80020 not sent: email type is disabled CONTEXT: {"email_type":"customer_note","status":"disabled","recipient":"viveksundar","order":80020}
2026-08-09T20:43:02+00:00 NOTICE Email "customer_note" for order #80021 not sent: email type is disabled CONTEXT: {"email_type":"customer_note","status":"disabled","recipient":"vsimpson","order":80021}
2026-08-09T20:43:03+00:00 INFO Email "customer_new_account" for user #1595 sent CONTEXT: {"email_type":"customer_new_account","status":"sent","recipient":"yaboisusy","user":1595}
2026-08-09T20:44:39+00:00 NOTICE Email "customer_note" for order #80022 not sent: email type is disabled CONTEXT: {"email_type":"customer_note","status":"disabled","recipient":"vanisidz","order":80022}
2026-08-09T20:44:44+00:00 NOTICE Email "customer_note" for order #80023 not sent: email type is disabled CONTEXT: {"email_type":"customer_note","status":"disabled","recipient":"deepkamalverma28","order":80023}
2026-08-09T20:44:49+00:00 NOTICE Email "customer_note" for order #80024 not sent: email type is disabled CONTEXT: {"email_type":"customer_note","status":"disabled","recipient":"pathu02","order":80024}
2026-08-09T20:45:45+00:00 NOTICE Email "customer_note" for order #80025 not sent: email type is disabled CONTEXT: {"email_type":"customer_note","status":"disabled","recipient":"arvind.ashok","order":80025}
2026-08-09T20:45:51+00:00 NOTICE Email "customer_note" for order #80026 not sent: email type is disabled CONTEXT: {"email_type":"customer_note","status":"disabled","recipient":"suneelsunsoft","order":80026}
2026-08-09T20:45:56+00:00 NOTICE Email "customer_note" for order #80027 not sent: email type is disabled CONTEXT: {"email_type":"customer_note","status":"disabled","recipient":"jhanani.montessori","order":80027}
2026-08-09T20:47:46+00:00 NOTICE Email "customer_note" for order #80028 not sent: email type is disabled CONTEXT: {"email_type":"customer_note","status":"disabled","recipient":"suneelsunsoft","order":80028}
2026-08-09T20:47:51+00:00 NOTICE Email "customer_note" for order #80029 not sent: email type is disabled CONTEXT: {"email_type":"customer_note","status":"disabled","recipient":"aishwarya4a","order":80029}
2026-08-09T20:47:57+00:00 NOTICE Email "customer_note" for order #80030 not sent: email type is disabled CONTEXT: {"email_type":"customer_note","status":"disabled","recipient":"monishakannusamy","order":80030}
2026-08-09T20:49:18+00:00 NOTICE Email "customer_note" for order #80031 not sent: email type is disabled CONTEXT: {"email_type":"customer_note","status":"disabled","recipient":"rohinirvarma","order":80031}
2026-08-09T20:49:23+00:00 NOTICE Email "customer_note" for order #80032 not sent: email type is disabled CONTEXT: {"email_type":"customer_note","status":"disabled","recipient":"laksminarasiman","order":80032}
2026-08-09T20:50:44+00:00 NOTICE Email "customer_note" for order #80033 not sent: email type is disabled CONTEXT: {"email_type":"customer_note","status":"disabled","recipient":"tanugaur","order":80033}
2026-08-09T20:50:50+00:00 NOTICE Email "customer_note" for order #80034 not sent: email type is disabled CONTEXT: {"email_type":"customer_note","status":"disabled","recipient":"tanugaur","order":80034}
2026-08-09T20:52:43+00:00 NOTICE Email "customer_note" for order #80035 not sent: email type is disabled CONTEXT: {"email_type":"customer_note","status":"disabled","recipient":"t_kart","order":80035}
2026-08-09T20:52:49+00:00 NOTICE Email "customer_note" for order #80036 not sent: email type is disabled CONTEXT: {"email_type":"customer_note","status":"disabled","recipient":"sd.nisarahmed","order":80036}
2026-08-09T20:53:54+00:00 NOTICE Email "customer_note" for order #80037 not sent: email type is disabled CONTEXT: {"email_type":"customer_note","status":"disabled","recipient":"amby85","order":80037}
2026-08-09T20:54:00+00:00 NOTICE Email "customer_note" for order #80038 not sent: email type is disabled CONTEXT: {"email_type":"customer_note","status":"disabled","recipient":"mpjyoti","order":80038}
2026-08-09T20:54:06+00:00 NOTICE Email "customer_note" for order #80039 not sent: email type is disabled CONTEXT: {"email_type":"customer_note","status":"disabled","recipient":"a2osriramadesikan","order":80039}
2026-08-09T20:55:38+00:00 NOTICE Email "customer_note" for order #80040 not sent: email type is disabled CONTEXT: {"email_type":"customer_note","status":"disabled","recipient":"abirami025","order":80040}
2026-08-09T20:55:44+00:00 NOTICE Email "customer_note" for order #80041 not sent: email type is disabled CONTEXT: {"email_type":"customer_note","status":"disabled","recipient":"rasheedahmed.ar","order":80041}
2026-08-09T20:55:50+00:00 NOTICE Email "customer_note" for order #80042 not sent: email type is disabled CONTEXT: {"email_type":"customer_note","status":"disabled","recipient":"sampath.alex","order":80042}
2026-08-09T20:55:55+00:00 NOTICE Email "customer_note" for order #80043 not sent: email type is disabled CONTEXT: {"email_type":"customer_note","status":"disabled","recipient":"navnath.j84","order":80043}
2026-08-09T20:57:10+00:00 NOTICE Email "customer_note" for order #80044 not sent: email type is disabled CONTEXT: {"email_type":"customer_note","status":"disabled","recipient":"vasanthnc","order":80044}
2026-08-09T20:57:15+00:00 NOTICE Email "customer_note" for order #80045 not sent: email type is disabled CONTEXT: {"email_type":"customer_note","status":"disabled","recipient":"gjnithyashankari","order":80045}
2026-08-09T20:58:36+00:00 NOTICE Email "customer_note" for order #80046 not sent: email type is disabled CONTEXT: {"email_type":"customer_note","status":"disabled","recipient":"poba99ads","order":80046}
2026-08-09T20:58:41+00:00 NOTICE Email "customer_note" for order #80047 not sent: email type is disabled CONTEXT: {"email_type":"customer_note","status":"disabled","recipient":"shankark313","order":80047}
2026-08-09T20:58:47+00:00 NOTICE Email "customer_note" for order #80048 not sent: email type is disabled CONTEXT: {"email_type":"customer_note","status":"disabled","recipient":"abhishekgaur.79","order":80048}
2026-08-09T20:58:52+00:00 NOTICE Email "customer_note" for order #80049 not sent: email type is disabled CONTEXT: {"email_type":"customer_note","status":"disabled","recipient":"swathi270391","order":80049}
2026-08-09T21:00:39+00:00 NOTICE Email "customer_note" for order #80050 not sent: email type is disabled CONTEXT: {"email_type":"customer_note","status":"disabled","recipient":"iluvgold6","order":80050}
2026-08-09T21:00:44+00:00 NOTICE Email "customer_note" for order #80051 not sent: email type is disabled CONTEXT: {"email_type":"customer_note","status":"disabled","recipient":"vijikrish85","order":80051}
2026-08-09T21:00:50+00:00 NOTICE Email "customer_note" for order #80052 not sent: email type is disabled CONTEXT: {"email_type":"customer_note","status":"disabled","recipient":"nanditha.sivaramakrishnan","order":80052}
2026-08-09T21:01:53+00:00 NOTICE Email "customer_note" for order #80053 not sent: email type is disabled CONTEXT: {"email_type":"customer_note","status":"disabled","recipient":"mrsananthavalli","order":80053}
2026-08-09T21:01:58+00:00 NOTICE Email "customer_note" for order #80054 not sent: email type is disabled CONTEXT: {"email_type":"customer_note","status":"disabled","recipient":"sudhanshu.shukla86","order":80054}
2026-08-09T21:02:04+00:00 NOTICE Email "customer_note" for order #80055 not sent: email type is disabled CONTEXT: {"email_type":"customer_note","status":"disabled","recipient":"mrsananthavalli","order":80055}
2026-08-09T21:04:04+00:00 NOTICE Email "customer_note" for order #80056 not sent: email type is disabled CONTEXT: {"email_type":"customer_note","status":"disabled","recipient":"febinar","order":80056}
2026-08-09T21:04:10+00:00 NOTICE Email "customer_note" for order #80057 not sent: email type is disabled CONTEXT: {"email_type":"customer_note","status":"disabled","recipient":"prakashbhai123","order":80057}
2026-08-09T21:05:16+00:00 NOTICE Email "customer_note" for order #80058 not sent: email type is disabled CONTEXT: {"email_type":"customer_note","status":"disabled","recipient":"squareofgold","order":80058}
2026-08-09T21:05:21+00:00 NOTICE Email "customer_note" for order #80059 not sent: email type is disabled CONTEXT: {"email_type":"customer_note","status":"disabled","recipient":"prakashbhai123","order":80059}
2026-08-09T21:05:26+00:00 NOTICE Email "customer_note" for order #80060 not sent: email type is disabled CONTEXT: {"email_type":"customer_note","status":"disabled","recipient":"anushb6","order":80060}
2026-08-09T21:06:40+00:00 NOTICE Email "customer_note" for order #80061 not sent: email type is disabled CONTEXT: {"email_type":"customer_note","status":"disabled","recipient":"anushb6","order":80061}
2026-08-09T21:06:45+00:00 NOTICE Email "customer_note" for order #80062 not sent: email type is disabled CONTEXT: {"email_type":"customer_note","status":"disabled","recipient":"tincysarasolomon","order":80062}
2026-08-09T21:06:51+00:00 NOTICE Email "customer_note" for order #80063 not sent: email type is disabled CONTEXT: {"email_type":"customer_note","status":"disabled","recipient":"ramsarun1","order":80063}
2026-08-09T21:08:40+00:00 NOTICE Email "customer_note" for order #80064 not sent: email type is disabled CONTEXT: {"email_type":"customer_note","status":"disabled","recipient":"meenatom","order":80064}
2026-08-09T21:08:46+00:00 NOTICE Email "customer_note" for order #80065 not sent: email type is disabled CONTEXT: {"email_type":"customer_note","status":"disabled","recipient":"kumaralagappan","order":80065}
2026-08-09T21:08:51+00:00 NOTICE Email "customer_note" for order #80066 not sent: email type is disabled CONTEXT: {"email_type":"customer_note","status":"disabled","recipient":"anishamn","order":80066}
2026-08-09T21:08:57+00:00 NOTICE Email "customer_note" for order #80067 not sent: email type is disabled CONTEXT: {"email_type":"customer_note","status":"disabled","recipient":"psdvpraju","order":80067}
2026-08-09T21:09:47+00:00 NOTICE Email "customer_note" for order #80068 not sent: email type is disabled CONTEXT: {"email_type":"customer_note","status":"disabled","recipient":"jayshreethaker1","order":80068}
2026-08-09T21:09:52+00:00 NOTICE Email "customer_note" for order #80069 not sent: email type is disabled CONTEXT: {"email_type":"customer_note","status":"disabled","recipient":"ramyabashyam298","order":80069}
2026-08-09T21:09:57+00:00 NOTICE Email "customer_note" for order #80070 not sent: email type is disabled CONTEXT: {"email_type":"customer_note","status":"disabled","recipient":"gary3889","order":80070}
2026-08-09T21:11:35+00:00 NOTICE Email "customer_note" for order #80071 not sent: email type is disabled CONTEXT: {"email_type":"customer_note","status":"disabled","recipient":"nrrlatha","order":80071}
2026-08-09T21:11:41+00:00 NOTICE Email "customer_note" for order #80072 not sent: email type is disabled CONTEXT: {"email_type":"customer_note","status":"disabled","recipient":"ragulrajamani","order":80072}
2026-08-09T21:12:53+00:00 NOTICE Email "customer_note" for order #80073 not sent: email type is disabled CONTEXT: {"email_type":"customer_note","status":"disabled","recipient":"its_bijur","order":80073}
2026-08-09T21:12:58+00:00 NOTICE Email "customer_note" for order #80074 not sent: email type is disabled CONTEXT: {"email_type":"customer_note","status":"disabled","recipient":"ambica11880","order":80074}
2026-08-09T21:14:36+00:00 NOTICE Email "customer_note" for order #80075 not sent: email type is disabled CONTEXT: {"email_type":"customer_note","status":"disabled","recipient":"dinesh.kmurthy","order":80075}
2026-08-09T21:14:43+00:00 NOTICE Email "customer_note" for order #80076 not sent: email type is disabled CONTEXT: {"email_type":"customer_note","status":"disabled","recipient":"sainikamini045","order":80076}
2026-08-09T21:16:15+00:00 NOTICE Email "customer_note" for order #80077 not sent: email type is disabled CONTEXT: {"email_type":"customer_note","status":"disabled","recipient":"bhradv73","order":80077}
2026-08-09T21:16:21+00:00 NOTICE Email "customer_note" for order #80078 not sent: email type is disabled CONTEXT: {"email_type":"customer_note","status":"disabled","recipient":"ra.ramesh1963","order":80078}
2026-08-09T21:17:42+00:00 NOTICE Email "customer_note" for order #80079 not sent: email type is disabled CONTEXT: {"email_type":"customer_note","status":"disabled","recipient":"jayanthi.hari","order":80079}
2026-08-09T21:17:48+00:00 NOTICE Email "customer_note" for order #80080 not sent: email type is disabled CONTEXT: {"email_type":"customer_note","status":"disabled","recipient":"kkaran1993","order":80080}
2026-08-09T21:19:29+00:00 NOTICE Email "customer_note" for order #80081 not sent: email type is disabled CONTEXT: {"email_type":"customer_note","status":"disabled","recipient":"vinitha_jpr","order":80081}
2026-08-09T21:19:35+00:00 NOTICE Email "customer_note" for order #80082 not sent: email type is disabled CONTEXT: {"email_type":"customer_note","status":"disabled","recipient":"dhyaneshwarganesh","order":80082}
2026-08-09T21:20:44+00:00 NOTICE Email "customer_note" for order #80083 not sent: email type is disabled CONTEXT: {"email_type":"customer_note","status":"disabled","recipient":"ums.susmitha","order":80083}
2026-08-09T21:20:50+00:00 NOTICE Email "customer_note" for order #80084 not sent: email type is disabled CONTEXT: {"email_type":"customer_note","status":"disabled","recipient":"nathanveer","order":80084}
2026-08-09T21:22:58+00:00 NOTICE Email "customer_note" for order #80085 not sent: email type is disabled CONTEXT: {"email_type":"customer_note","status":"disabled","recipient":"aprajita_sapra","order":80085}
2026-08-09T21:23:04+00:00 NOTICE Email "customer_note" for order #80086 not sent: email type is disabled CONTEXT: {"email_type":"customer_note","status":"disabled","recipient":"captainharisd","order":80086}
2026-08-09T21:24:15+00:00 NOTICE Email "customer_note" for order #80087 not sent: email type is disabled CONTEXT: {"email_type":"customer_note","status":"disabled","recipient":"shopping.sivasuganya","order":80087}
2026-08-09T21:24:21+00:00 NOTICE Email "customer_note" for order #80088 not sent: email type is disabled CONTEXT: {"email_type":"customer_note","status":"disabled","recipient":"rithvikmahendhiran","order":80088}
2026-08-09T21:24:26+00:00 NOTICE Email "customer_note" for order #80089 not sent: email type is disabled CONTEXT: {"email_type":"customer_note","status":"disabled","recipient":"sashi.santhosh","order":80089}
2026-08-09T21:25:47+00:00 NOTICE Email "customer_note" for order #80090 not sent: email type is disabled CONTEXT: {"email_type":"customer_note","status":"disabled","recipient":"muralicbe83","order":80090}
2026-08-09T21:25:52+00:00 NOTICE Email "customer_note" for order #80091 not sent: email type is disabled CONTEXT: {"email_type":"customer_note","status":"disabled","recipient":"vanajhari","order":80091}
2026-08-09T21:25:57+00:00 NOTICE Email "customer_note" for order #80092 not sent: email type is disabled CONTEXT: {"email_type":"customer_note","status":"disabled","recipient":"sdibrahim.asi","order":80092}
2026-08-09T21:26:03+00:00 NOTICE Email "customer_note" for order #80093 not sent: email type is disabled CONTEXT: {"email_type":"customer_note","status":"disabled","recipient":"subhanainar","order":80093}
2026-08-09T21:27:47+00:00 NOTICE Email "customer_note" for order #80094 not sent: email type is disabled CONTEXT: {"email_type":"customer_note","status":"disabled","recipient":"leorajkumars","order":80094}
2026-08-09T21:27:53+00:00 NOTICE Email "customer_note" for order #80095 not sent: email type is disabled CONTEXT: {"email_type":"customer_note","status":"disabled","recipient":"emiljoshva","order":80095}
2026-08-09T21:29:00+00:00 NOTICE Email "customer_note" for order #80096 not sent: email type is disabled CONTEXT: {"email_type":"customer_note","status":"disabled","recipient":"sinhaarun59","order":80096}
2026-08-09T21:29:06+00:00 NOTICE Email "customer_note" for order #80097 not sent: email type is disabled CONTEXT: {"email_type":"customer_note","status":"disabled","recipient":"spavithrasundar","order":80097}
2026-08-09T21:29:11+00:00 NOTICE Email "customer_note" for order #80098 not sent: email type is disabled CONTEXT: {"email_type":"customer_note","status":"disabled","recipient":"maheshvangala","order":80098}
2026-08-09T21:30:46+00:00 NOTICE Email "customer_note" for order #80099 not sent: email type is disabled CONTEXT: {"email_type":"customer_note","status":"disabled","recipient":"kaliyaperumal","order":80099}
2026-08-09T21:30:52+00:00 NOTICE Email "customer_note" for order #80100 not sent: email type is disabled CONTEXT: {"email_type":"customer_note","status":"disabled","recipient":"jayendra.panchapakesan","order":80100}
2026-08-09T21:32:50+00:00 NOTICE Email "customer_note" for order #80101 not sent: email type is disabled CONTEXT: {"email_type":"customer_note","status":"disabled","recipient":"ayushnarpatparakh","order":80101}
2026-08-09T21:32:56+00:00 NOTICE Email "customer_note" for order #80102 not sent: email type is disabled CONTEXT: {"email_type":"customer_note","status":"disabled","recipient":"sul.rahman","order":80102}
2026-08-09T21:34:24+00:00 NOTICE Email "customer_note" for order #80103 not sent: email type is disabled CONTEXT: {"email_type":"customer_note","status":"disabled","recipient":"ramarama56","order":80103}
2026-08-09T21:34:29+00:00 NOTICE Email "customer_note" for order #80104 not sent: email type is disabled CONTEXT: {"email_type":"customer_note","status":"disabled","recipient":"nanduparekh777","order":80104}
2026-08-09T21:34:34+00:00 NOTICE Email "customer_note" for order #80105 not sent: email type is disabled CONTEXT: {"email_type":"customer_note","status":"disabled","recipient":"srisanss22","order":80105}
2026-08-09T21:35:54+00:00 NOTICE Email "customer_note" for order #80106 not sent: email type is disabled CONTEXT: {"email_type":"customer_note","status":"disabled","recipient":"gasiveshvarshan","order":80106}
2026-08-09T21:36:00+00:00 NOTICE Email "customer_note" for order #80107 not sent: email type is disabled CONTEXT: {"email_type":"customer_note","status":"disabled","recipient":"sri","order":80107}
2026-08-09T21:36:06+00:00 NOTICE Email "customer_note" for order #80108 not sent: email type is disabled CONTEXT: {"email_type":"customer_note","status":"disabled","recipient":"anushadoraiswamy","order":80108}
2026-08-09T21:38:13+00:00 NOTICE Email "customer_note" for order #80109 not sent: email type is disabled CONTEXT: {"email_type":"customer_note","status":"disabled","recipient":"chuvi2009","order":80109}
2026-08-09T21:38:19+00:00 NOTICE Email "customer_note" for order #80110 not sent: email type is disabled CONTEXT: {"email_type":"customer_note","status":"disabled","recipient":"drarshee","order":80110}
2026-08-09T21:39:26+00:00 NOTICE Email "customer_note" for order #80111 not sent: email type is disabled CONTEXT: {"email_type":"customer_note","status":"disabled","recipient":"rgiridharan2007","order":80111}
2026-08-09T21:39:31+00:00 NOTICE Email "customer_note" for order #80112 not sent: email type is disabled CONTEXT: {"email_type":"customer_note","status":"disabled","recipient":"aravind.kesavan","order":80112}
2026-08-09T21:44:41+00:00 NOTICE Email "customer_note" for order #80113 not sent: email type is disabled CONTEXT: {"email_type":"customer_note","status":"disabled","recipient":"chitvanp","order":80113}
2026-08-09T21:44:47+00:00 NOTICE Email "customer_note" for order #80114 not sent: email type is disabled CONTEXT: {"email_type":"customer_note","status":"disabled","recipient":"reshmi.ganapathy","order":80114}
2026-08-09T21:44:52+00:00 NOTICE Email "customer_note" for order #80115 not sent: email type is disabled CONTEXT: {"email_type":"customer_note","status":"disabled","recipient":"sharmilakrishnan","order":80115}
2026-08-09T21:46:42+00:00 NOTICE Email "customer_note" for order #80116 not sent: email type is disabled CONTEXT: {"email_type":"customer_note","status":"disabled","recipient":"navya.kari34","order":80116}
2026-08-09T21:46:47+00:00 NOTICE Email "customer_note" for order #80117 not sent: email type is disabled CONTEXT: {"email_type":"customer_note","status":"disabled","recipient":"senthil4117","order":80117}
2026-08-09T21:46:52+00:00 NOTICE Email "customer_note" for order #80118 not sent: email type is disabled CONTEXT: {"email_type":"customer_note","status":"disabled","recipient":"ganapathy196603santhi","order":80118}
2026-08-09T21:48:43+00:00 NOTICE Email "customer_note" for order #80119 not sent: email type is disabled CONTEXT: {"email_type":"customer_note","status":"disabled","recipient":"ankitabetala.2014","order":80119}
2026-08-09T21:48:48+00:00 NOTICE Email "customer_note" for order #80120 not sent: email type is disabled CONTEXT: {"email_type":"customer_note","status":"disabled","recipient":"kalpanakarthikaug22","order":80120}
2026-08-09T21:50:14+00:00 NOTICE Email "customer_note" for order #80121 not sent: email type is disabled CONTEXT: {"email_type":"customer_note","status":"disabled","recipient":"sravanthichalla450","order":80121}
2026-08-09T21:50:19+00:00 NOTICE Email "customer_note" for order #80122 not sent: email type is disabled CONTEXT: {"email_type":"customer_note","status":"disabled","recipient":"dhamuvenkat","order":80122}
2026-08-09T21:51:40+00:00 NOTICE Email "customer_note" for order #80123 not sent: email type is disabled CONTEXT: {"email_type":"customer_note","status":"disabled","recipient":"drlakshmibaskar","order":80123}
2026-08-09T21:51:45+00:00 NOTICE Email "customer_note" for order #80124 not sent: email type is disabled CONTEXT: {"email_type":"customer_note","status":"disabled","recipient":"helina06","order":80124}
2026-08-09T21:51:51+00:00 NOTICE Email "customer_note" for order #80125 not sent: email type is disabled CONTEXT: {"email_type":"customer_note","status":"disabled","recipient":"claramleonard89","order":80125}
2026-08-09T21:51:56+00:00 NOTICE Email "customer_note" for order #80126 not sent: email type is disabled CONTEXT: {"email_type":"customer_note","status":"disabled","recipient":"ranishan","order":80126}
2026-08-09T21:53:26+00:00 NOTICE Email "customer_note" for order #80127 not sent: email type is disabled CONTEXT: {"email_type":"customer_note","status":"disabled","recipient":"susilastephenraj","order":80127}
2026-08-09T21:53:31+00:00 NOTICE Email "customer_note" for order #80128 not sent: email type is disabled CONTEXT: {"email_type":"customer_note","status":"disabled","recipient":"mahamariappan","order":80128}
2026-08-09T21:54:37+00:00 NOTICE Email "customer_note" for order #80129 not sent: email type is disabled CONTEXT: {"email_type":"customer_note","status":"disabled","recipient":"siddarth01","order":80129}
2026-08-09T21:54:42+00:00 NOTICE Email "customer_note" for order #80130 not sent: email type is disabled CONTEXT: {"email_type":"customer_note","status":"disabled","recipient":"parkerassociates71","order":80130}
2026-08-09T21:54:47+00:00 NOTICE Email "customer_note" for order #80131 not sent: email type is disabled CONTEXT: {"email_type":"customer_note","status":"disabled","recipient":"deepiga09","order":80131}
2026-08-09T21:54:52+00:00 NOTICE Email "customer_note" for order #80132 not sent: email type is disabled CONTEXT: {"email_type":"customer_note","status":"disabled","recipient":"itsmalai","order":80132}
2026-08-09T21:56:47+00:00 NOTICE Email "customer_note" for order #80133 not sent: email type is disabled CONTEXT: {"email_type":"customer_note","status":"disabled","recipient":"docpriti","order":80133}
2026-08-09T21:56:53+00:00 NOTICE Email "customer_note" for order #80134 not sent: email type is disabled CONTEXT: {"email_type":"customer_note","status":"disabled","recipient":"priyas.2800","order":80134}
2026-08-09T21:57:48+00:00 NOTICE Email "customer_note" for order #80135 not sent: email type is disabled CONTEXT: {"email_type":"customer_note","status":"disabled","recipient":"rajalakshmi.email","order":80135}
2026-08-09T21:57:55+00:00 NOTICE Email "customer_note" for order #80136 not sent: email type is disabled CONTEXT: {"email_type":"customer_note","status":"disabled","recipient":"kripamrajani","order":80136}
2026-08-09T21:58:00+00:00 NOTICE Email "customer_note" for order #80137 not sent: email type is disabled CONTEXT: {"email_type":"customer_note","status":"disabled","recipient":"yuva1177","order":80137}
2026-08-09T21:59:58+00:00 NOTICE Email "customer_note" for order #80138 not sent: email type is disabled CONTEXT: {"email_type":"customer_note","status":"disabled","recipient":"rajalakshmi.email","order":80138}
2026-08-09T22:00:03+00:00 NOTICE Email "customer_note" for order #80139 not sent: email type is disabled CONTEXT: {"email_type":"customer_note","status":"disabled","recipient":"kripamrajani","order":80139}
2026-08-09T22:03:49+00:00 NOTICE Email "customer_note" for order #80140 not sent: email type is disabled CONTEXT: {"email_type":"customer_note","status":"disabled","recipient":"vaibhavjain5695","order":80140}
2026-08-09T22:03:55+00:00 NOTICE Email "customer_note" for order #80141 not sent: email type is disabled CONTEXT: {"email_type":"customer_note","status":"disabled","recipient":"docpriti","order":80141}
2026-08-09T22:05:36+00:00 NOTICE Email "customer_note" for order #80142 not sent: email type is disabled CONTEXT: {"email_type":"customer_note","status":"disabled","recipient":"akilasaravankumar","order":80142}
2026-08-09T22:05:42+00:00 NOTICE Email "customer_note" for order #80143 not sent: email type is disabled CONTEXT: {"email_type":"customer_note","status":"disabled","recipient":"ksprem1215","order":80143}
2026-08-09T22:07:25+00:00 NOTICE Email "customer_note" for order #80144 not sent: email type is disabled CONTEXT: {"email_type":"customer_note","status":"disabled","recipient":"vijisudhakar2008","order":80144}
2026-08-09T22:07:31+00:00 NOTICE Email "customer_note" for order #80145 not sent: email type is disabled CONTEXT: {"email_type":"customer_note","status":"disabled","recipient":"phanibalusu3","order":80145}
2026-08-09T22:08:51+00:00 NOTICE Email "customer_note" for order #80146 not sent: email type is disabled CONTEXT: {"email_type":"customer_note","status":"disabled","recipient":"jsamar24","order":80146}
2026-08-09T22:08:57+00:00 NOTICE Email "customer_note" for order #80147 not sent: email type is disabled CONTEXT: {"email_type":"customer_note","status":"disabled","recipient":"adishah85","order":80147}
2026-08-09T22:09:02+00:00 NOTICE Email "customer_note" for order #80148 not sent: email type is disabled CONTEXT: {"email_type":"customer_note","status":"disabled","recipient":"venuthan1105","order":80148}
2026-08-09T22:10:46+00:00 NOTICE Email "customer_note" for order #80149 not sent: email type is disabled CONTEXT: {"email_type":"customer_note","status":"disabled","recipient":"sshalu2109","order":80149}
2026-08-09T22:10:51+00:00 NOTICE Email "customer_note" for order #80150 not sent: email type is disabled CONTEXT: {"email_type":"customer_note","status":"disabled","recipient":"karthiknaga89","order":80150}
2026-08-09T22:10:56+00:00 NOTICE Email "customer_note" for order #80151 not sent: email type is disabled CONTEXT: {"email_type":"customer_note","status":"disabled","recipient":"spaan05","order":80151}
2026-08-09T22:11:02+00:00 NOTICE Email "customer_note" for order #80152 not sent: email type is disabled CONTEXT: {"email_type":"customer_note","status":"disabled","recipient":"neethu0214","order":80152}
2026-08-09T22:12:28+00:00 NOTICE Email "customer_note" for order #80153 not sent: email type is disabled CONTEXT: {"email_type":"customer_note","status":"disabled","recipient":"naziamodak","order":80153}
2026-08-09T22:12:33+00:00 NOTICE Email "customer_note" for order #80154 not sent: email type is disabled CONTEXT: {"email_type":"customer_note","status":"disabled","recipient":"umaspriya","order":80154}
2026-08-09T22:12:39+00:00 NOTICE Email "customer_note" for order #80155 not sent: email type is disabled CONTEXT: {"email_type":"customer_note","status":"disabled","recipient":"simplymoda.noopur","order":80155}
2026-08-09T22:13:47+00:00 NOTICE Email "customer_note" for order #80156 not sent: email type is disabled CONTEXT: {"email_type":"customer_note","status":"disabled","recipient":"jeyanthinagu","order":80156}
2026-08-09T22:13:52+00:00 NOTICE Email "customer_note" for order #80157 not sent: email type is disabled CONTEXT: {"email_type":"customer_note","status":"disabled","recipient":"balakrishnaharaiharian","order":80157}
2026-08-09T22:13:57+00:00 NOTICE Email "customer_note" for order #80158 not sent: email type is disabled CONTEXT: {"email_type":"customer_note","status":"disabled","recipient":"saha7188","order":80158}
2026-08-09T22:15:46+00:00 NOTICE Email "customer_note" for order #80159 not sent: email type is disabled CONTEXT: {"email_type":"customer_note","status":"disabled","recipient":"satish1982","order":80159}
2026-08-09T22:15:52+00:00 NOTICE Email "customer_note" for order #80160 not sent: email type is disabled CONTEXT: {"email_type":"customer_note","status":"disabled","recipient":"lavaledshiva17","order":80160}
2026-08-09T22:15:58+00:00 NOTICE Email "customer_note" for order #80161 not sent: email type is disabled CONTEXT: {"email_type":"customer_note","status":"disabled","recipient":"sindhushanker","order":80161}
2026-08-09T22:17:25+00:00 NOTICE Email "customer_note" for order #80162 not sent: email type is disabled CONTEXT: {"email_type":"customer_note","status":"disabled","recipient":"varadhanmanibala20","order":80162}
2026-08-09T22:17:31+00:00 NOTICE Email "customer_note" for order #80163 not sent: email type is disabled CONTEXT: {"email_type":"customer_note","status":"disabled","recipient":"sanjaytathed","order":80163}
2026-08-09T22:18:45+00:00 NOTICE Email "customer_note" for order #80164 not sent: email type is disabled CONTEXT: {"email_type":"customer_note","status":"disabled","recipient":"iamnitheeshck","order":80164}
2026-08-09T22:18:50+00:00 NOTICE Email "customer_note" for order #80165 not sent: email type is disabled CONTEXT: {"email_type":"customer_note","status":"disabled","recipient":"uiop0944","order":80165}
2026-08-09T22:18:55+00:00 NOTICE Email "customer_note" for order #80166 not sent: email type is disabled CONTEXT: {"email_type":"customer_note","status":"disabled","recipient":"umarsalaluddin","order":80166}
2026-08-09T22:19:01+00:00 NOTICE Email "customer_note" for order #80167 not sent: email type is disabled CONTEXT: {"email_type":"customer_note","status":"disabled","recipient":"aranarjun007","order":80167}
2026-08-09T22:20:38+00:00 NOTICE Email "customer_note" for order #80168 not sent: email type is disabled CONTEXT: {"email_type":"customer_note","status":"disabled","recipient":"lalitharlp","order":80168}
2026-08-09T22:20:43+00:00 NOTICE Email "customer_note" for order #80169 not sent: email type is disabled CONTEXT: {"email_type":"customer_note","status":"disabled","recipient":"shayanareddy","order":80169}
2026-08-09T22:20:48+00:00 NOTICE Email "customer_note" for order #80170 not sent: email type is disabled CONTEXT: {"email_type":"customer_note","status":"disabled","recipient":"resham7267","order":80170}
2026-08-09T22:22:05+00:00 NOTICE Email "customer_note" for order #80171 not sent: email type is disabled CONTEXT: {"email_type":"customer_note","status":"disabled","recipient":"rderive","order":80171}
2026-08-09T22:22:10+00:00 NOTICE Email "customer_note" for order #80172 not sent: email type is disabled CONTEXT: {"email_type":"customer_note","status":"disabled","recipient":"resham7267","order":80172}
2026-08-09T22:24:16+00:00 NOTICE Email "customer_note" for order #80173 not sent: email type is disabled CONTEXT: {"email_type":"customer_note","status":"disabled","recipient":"drmani76","order":80173}
2026-08-09T22:24:22+00:00 NOTICE Email "customer_note" for order #80174 not sent: email type is disabled CONTEXT: {"email_type":"customer_note","status":"disabled","recipient":"sudhakumar5577","order":80174}
2026-08-09T22:25:37+00:00 NOTICE Email "customer_note" for order #80175 not sent: email type is disabled CONTEXT: {"email_type":"customer_note","status":"disabled","recipient":"meenatchi1995","order":80175}
2026-08-09T22:25:43+00:00 NOTICE Email "customer_note" for order #80176 not sent: email type is disabled CONTEXT: {"email_type":"customer_note","status":"disabled","recipient":"vchamundeswari1999","order":80176}
2026-08-09T22:25:48+00:00 NOTICE Email "customer_note" for order #80177 not sent: email type is disabled CONTEXT: {"email_type":"customer_note","status":"disabled","recipient":"shravan.bangaru2022","order":80177}
2026-08-09T22:27:24+00:00 NOTICE Email "customer_note" for order #80178 not sent: email type is disabled CONTEXT: {"email_type":"customer_note","status":"disabled","recipient":"dab3344.3344","order":80178}
2026-08-09T22:27:30+00:00 NOTICE Email "customer_note" for order #80179 not sent: email type is disabled CONTEXT: {"email_type":"customer_note","status":"disabled","recipient":"jyothireddyganuthula","order":80179}
2026-08-09T22:28:37+00:00 NOTICE Email "customer_note" for order #80181 not sent: email type is disabled CONTEXT: {"email_type":"customer_note","status":"disabled","recipient":"hemadricpc","order":80181}
2026-08-09T22:28:42+00:00 NOTICE Email "customer_note" for order #80182 not sent: email type is disabled CONTEXT: {"email_type":"customer_note","status":"disabled","recipient":"accounts","order":80182}
2026-08-09T22:28:47+00:00 NOTICE Email "customer_note" for order #80183 not sent: email type is disabled CONTEXT: {"email_type":"customer_note","status":"disabled","recipient":"ilakkiyaasp","order":80183}
2026-08-09T22:30:40+00:00 NOTICE Email "customer_note" for order #80184 not sent: email type is disabled CONTEXT: {"email_type":"customer_note","status":"disabled","recipient":"syedmushtaqahmed","order":80184}
2026-08-09T22:30:46+00:00 NOTICE Email "customer_note" for order #80185 not sent: email type is disabled CONTEXT: {"email_type":"customer_note","status":"disabled","recipient":"nambibiz","order":80185}
2026-08-09T22:30:51+00:00 NOTICE Email "customer_note" for order #80186 not sent: email type is disabled CONTEXT: {"email_type":"customer_note","status":"disabled","recipient":"krishnasai.pittala","order":80186}
2026-08-09T22:32:40+00:00 NOTICE Email "customer_note" for order #80187 not sent: email type is disabled CONTEXT: {"email_type":"customer_note","status":"disabled","recipient":"ravisankar_k2000","order":80187}
2026-08-09T22:32:45+00:00 NOTICE Email "customer_note" for order #80188 not sent: email type is disabled CONTEXT: {"email_type":"customer_note","status":"disabled","recipient":"rushilbothra4","order":80188}
2026-08-09T22:32:50+00:00 NOTICE Email "customer_note" for order #80189 not sent: email type is disabled CONTEXT: {"email_type":"customer_note","status":"disabled","recipient":"pipestressuser","order":80189}
2026-08-09T22:34:32+00:00 NOTICE Email "customer_note" for order #80190 not sent: email type is disabled CONTEXT: {"email_type":"customer_note","status":"disabled","recipient":"vp.doss28","order":80190}
2026-08-09T22:34:37+00:00 NOTICE Email "customer_note" for order #80191 not sent: email type is disabled CONTEXT: {"email_type":"customer_note","status":"disabled","recipient":"k46105012","order":80191}
2026-08-09T22:35:51+00:00 NOTICE Email "customer_note" for order #80192 not sent: email type is disabled CONTEXT: {"email_type":"customer_note","status":"disabled","recipient":"viji.kirthi","order":80192}
2026-08-09T22:35:56+00:00 NOTICE Email "customer_note" for order #80193 not sent: email type is disabled CONTEXT: {"email_type":"customer_note","status":"disabled","recipient":"kedsca2503","order":80193}
2026-08-09T22:36:01+00:00 NOTICE Email "customer_note" for order #80194 not sent: email type is disabled CONTEXT: {"email_type":"customer_note","status":"disabled","recipient":"koushikrishna07","order":80194}
2026-08-09T22:38:23+00:00 NOTICE Email "customer_note" for order #80195 not sent: email type is disabled CONTEXT: {"email_type":"customer_note","status":"disabled","recipient":"jalaj.sm","order":80195}
2026-08-09T22:38:28+00:00 NOTICE Email "customer_note" for order #80196 not sent: email type is disabled CONTEXT: {"email_type":"customer_note","status":"disabled","recipient":"kavithaananth91","order":80196}
2026-08-09T22:40:04+00:00 NOTICE Email "customer_note" for order #80197 not sent: email type is disabled CONTEXT: {"email_type":"customer_note","status":"disabled","recipient":"hayiamarvind","order":80197}
2026-08-09T22:40:10+00:00 NOTICE Email "customer_note" for order #80198 not sent: email type is disabled CONTEXT: {"email_type":"customer_note","status":"disabled","recipient":"arunba2991","order":80198}
2026-08-09T22:40:15+00:00 NOTICE Email "customer_note" for order #80199 not sent: email type is disabled CONTEXT: {"email_type":"customer_note","status":"disabled","recipient":"rishubjj","order":80199}
2026-08-09T22:40:21+00:00 NOTICE Email "customer_note" for order #80200 not sent: email type is disabled CONTEXT: {"email_type":"customer_note","status":"disabled","recipient":"shwethabalaji.asbs","order":80200}
2026-08-09T22:43:10+00:00 NOTICE Email "customer_note" for order #80201 not sent: email type is disabled CONTEXT: {"email_type":"customer_note","status":"disabled","recipient":"sidharthan4594","order":80201}
2026-08-09T22:43:16+00:00 NOTICE Email "customer_note" for order #80202 not sent: email type is disabled CONTEXT: {"email_type":"customer_note","status":"disabled","recipient":"cpamma","order":80202}
2026-08-09T22:49:13+00:00 NOTICE Email "customer_note" for order #80203 not sent: email type is disabled CONTEXT: {"email_type":"customer_note","status":"disabled","recipient":"revanthv981","order":80203}
2026-08-09T22:49:18+00:00 NOTICE Email "customer_note" for order #80204 not sent: email type is disabled CONTEXT: {"email_type":"customer_note","status":"disabled","recipient":"vishnupriya.krishna","order":80204}
2026-08-09T22:49:24+00:00 NOTICE Email "customer_note" for order #80205 not sent: email type is disabled CONTEXT: {"email_type":"customer_note","status":"disabled","recipient":"indigoyuva","order":80205}
2026-08-09T22:51:13+00:00 NOTICE Email "customer_note" for order #80206 not sent: email type is disabled CONTEXT: {"email_type":"customer_note","status":"disabled","recipient":"jenydarling2897","order":80206}
2026-08-09T22:51:18+00:00 NOTICE Email "customer_note" for order #80207 not sent: email type is disabled CONTEXT: {"email_type":"customer_note","status":"disabled","recipient":"9444925093","order":80207}
2026-08-09T22:51:24+00:00 NOTICE Email "customer_note" for order #80208 not sent: email type is disabled CONTEXT: {"email_type":"customer_note","status":"disabled","recipient":"lalithapatnaik15","order":80208}
2026-08-09T22:52:46+00:00 NOTICE Email "customer_note" for order #80209 not sent: email type is disabled CONTEXT: {"email_type":"customer_note","status":"disabled","recipient":"chalam666","order":80209}
2026-08-09T22:52:51+00:00 NOTICE Email "customer_note" for order #80210 not sent: email type is disabled CONTEXT: {"email_type":"customer_note","status":"disabled","recipient":"rs_vinodh","order":80210}
2026-08-09T22:54:07+00:00 NOTICE Email "customer_note" for order #80211 not sent: email type is disabled CONTEXT: {"email_type":"customer_note","status":"disabled","recipient":"ramesh.vanaparthi3","order":80211}
2026-08-09T22:54:12+00:00 NOTICE Email "customer_note" for order #80212 not sent: email type is disabled CONTEXT: {"email_type":"customer_note","status":"disabled","recipient":"ravkumrs","order":80212}
2026-08-09T22:54:17+00:00 NOTICE Email "customer_note" for order #80213 not sent: email type is disabled CONTEXT: {"email_type":"customer_note","status":"disabled","recipient":"vikramhari2001","order":80213}
2026-08-09T22:56:08+00:00 NOTICE Email "customer_note" for order #80214 not sent: email type is disabled CONTEXT: {"email_type":"customer_note","status":"disabled","recipient":"prathyusadam","order":80214}
2026-08-09T22:56:14+00:00 NOTICE Email "customer_note" for order #80215 not sent: email type is disabled CONTEXT: {"email_type":"customer_note","status":"disabled","recipient":"mohankishore80","order":80215}
2026-08-09T22:56:19+00:00 NOTICE Email "customer_note" for order #80216 not sent: email type is disabled CONTEXT: {"email_type":"customer_note","status":"disabled","recipient":"amurali65","order":80216}
2026-08-09T22:57:14+00:00 NOTICE Email "customer_note" for order #80217 not sent: email type is disabled CONTEXT: {"email_type":"customer_note","status":"disabled","recipient":"jananifootball","order":80217}
2026-08-09T22:57:19+00:00 NOTICE Email "customer_note" for order #80218 not sent: email type is disabled CONTEXT: {"email_type":"customer_note","status":"disabled","recipient":"vinay","order":80218}
2026-08-09T22:57:25+00:00 NOTICE Email "customer_note" for order #80219 not sent: email type is disabled CONTEXT: {"email_type":"customer_note","status":"disabled","recipient":"mailmekarthic","order":80219}
2026-08-09T22:59:09+00:00 NOTICE Email "customer_note" for order #80220 not sent: email type is disabled CONTEXT: {"email_type":"customer_note","status":"disabled","recipient":"nikenahar","order":80220}
2026-08-09T23:28:01+00:00 NOTICE Email "new_order" for order #80180 not sent: email type is disabled CONTEXT: {"email_type":"new_order","status":"disabled","recipient":"Admin_Madrasmilk","order":80180}
2026-08-09T23:28:01+00:00 NOTICE Email "customer_processing_order" for order #80180 not sent: email type is disabled CONTEXT: {"email_type":"customer_processing_order","status":"disabled","recipient":"sowmya.subramanian","order":80180}
