2026-08-07T00:14:59+00:00 INFO Email "wps_wswp_wallet_credit" for user #1539 sent CONTEXT: {"email_type":"wps_wswp_wallet_credit","status":"sent","recipient":"S3 Kumar","user":1539}
2026-08-07T00:46:07+00:00 INFO Email "customer_new_account" for user #1568 sent CONTEXT: {"email_type":"customer_new_account","status":"sent","recipient":"Gurumurthy K","user":1568}
2026-08-07T00:48:02+00:00 INFO Email "wps_wswp_wallet_credit" for user #140 sent CONTEXT: {"email_type":"wps_wswp_wallet_credit","status":"sent","recipient":"stratos71","user":140}
2026-08-07T00:50:12+00:00 INFO Email "new_order" for order #77652 sent CONTEXT: {"email_type":"new_order","status":"sent","recipient":"Admin_Madrasmilk","order":77652}
2026-08-07T00:50:16+00:00 INFO Email "customer_processing_order" for order #77652 sent CONTEXT: {"email_type":"customer_processing_order","status":"sent","recipient":"Gurumurthy K","order":77652}
2026-08-07T01:10:10+00:00 NOTICE Email "customer_note" for order #77653 not sent: email type is disabled CONTEXT: {"email_type":"customer_note","status":"disabled","recipient":"preethi.kashyap","order":77653}
2026-08-07T01:10:15+00:00 NOTICE Email "customer_note" for order #77653 not sent: email type is disabled CONTEXT: {"email_type":"customer_note","status":"disabled","recipient":"preethi.kashyap","order":77653}
2026-08-07T01:19:09+00:00 INFO Email "customer_new_account" for user #1569 sent CONTEXT: {"email_type":"customer_new_account","status":"sent","recipient":"sagar loka","user":1569}
2026-08-07T01:24:47+00:00 INFO Email "new_order" for order #77654 sent CONTEXT: {"email_type":"new_order","status":"sent","recipient":"Admin_Madrasmilk","order":77654}
2026-08-07T01:24:51+00:00 INFO Email "customer_processing_order" for order #77654 sent CONTEXT: {"email_type":"customer_processing_order","status":"sent","recipient":"sagar loka","order":77654}
2026-08-07T01:58:02+00:00 NOTICE Email "customer_note" for order #77655 not sent: email type is disabled CONTEXT: {"email_type":"customer_note","status":"disabled","recipient":"nritijuna","order":77655}
2026-08-07T01:58:07+00:00 NOTICE Email "customer_note" for order #77655 not sent: email type is disabled CONTEXT: {"email_type":"customer_note","status":"disabled","recipient":"nritijuna","order":77655}
2026-08-07T01:58:59+00:00 INFO Email "new_order" for order #77655 sent CONTEXT: {"email_type":"new_order","status":"sent","recipient":"Admin_Madrasmilk","order":77655}
2026-08-07T01:59:03+00:00 INFO Email "customer_processing_order" for order #77655 sent CONTEXT: {"email_type":"customer_processing_order","status":"sent","recipient":"nritijuna","order":77655}
2026-08-07T03:30:36+00:00 INFO Email "customer_reset_password" for user #139 sent CONTEXT: {"email_type":"customer_reset_password","status":"sent","recipient":"mugdhasethi","user":139}
2026-08-07T04:22:35+00:00 INFO Email "customer_new_account" for user #1570 sent CONTEXT: {"email_type":"customer_new_account","status":"sent","recipient":"francisjimmy18","user":1570}
2026-08-07T04:47:01+00:00 NOTICE Email "customer_note" for order #58819 not sent: email type is disabled CONTEXT: {"email_type":"customer_note","status":"disabled","recipient":"sri","order":58819}
2026-08-07T04:53:48+00:00 NOTICE Email "customer_note" for order #58819 not sent: email type is disabled CONTEXT: {"email_type":"customer_note","status":"disabled","recipient":"sri","order":58819}
2026-08-07T04:57:03+00:00 NOTICE Email "customer_note" for order #58875 not sent: email type is disabled CONTEXT: {"email_type":"customer_note","status":"disabled","recipient":"sshalu2109","order":58875}
2026-08-07T05:20:20+00:00 NOTICE Email "customer_note" for order #77657 not sent: email type is disabled CONTEXT: {"email_type":"customer_note","status":"disabled","recipient":"t_kart","order":77657}
2026-08-07T05:20:25+00:00 NOTICE Email "customer_note" for order #77657 not sent: email type is disabled CONTEXT: {"email_type":"customer_note","status":"disabled","recipient":"t_kart","order":77657}
2026-08-07T05:45:39+00:00 INFO Email "new_order" for order #77658 sent CONTEXT: {"email_type":"new_order","status":"sent","recipient":"Admin_Madrasmilk","order":77658}
2026-08-07T05:45:44+00:00 INFO Email "customer_processing_order" for order #77658 sent CONTEXT: {"email_type":"customer_processing_order","status":"sent","recipient":"Aritra Pan","order":77658}
2026-08-07T07:19:52+00:00 INFO Email "new_order" for order #77662 sent CONTEXT: {"email_type":"new_order","status":"sent","recipient":"Admin_Madrasmilk","order":77662}
2026-08-07T07:19:56+00:00 INFO Email "customer_processing_order" for order #77662 sent CONTEXT: {"email_type":"customer_processing_order","status":"sent","recipient":"emiljoshva","order":77662}
2026-08-07T07:59:22+00:00 INFO Email "cancelled_subscription" for order #77664 sent CONTEXT: {"email_type":"cancelled_subscription","status":"sent","recipient":"Admin_Madrasmilk","order":77664}
2026-08-07T08:03:33+00:00 NOTICE Email "customer_note" for order #77665 not sent: email type is disabled CONTEXT: {"email_type":"customer_note","status":"disabled","recipient":"tanya.ganesan04","order":77665}
2026-08-07T08:03:38+00:00 NOTICE Email "customer_note" for order #77665 not sent: email type is disabled CONTEXT: {"email_type":"customer_note","status":"disabled","recipient":"tanya.ganesan04","order":77665}
2026-08-07T08:13:24+00:00 INFO Email "new_order" for order #77666 sent CONTEXT: {"email_type":"new_order","status":"sent","recipient":"Admin_Madrasmilk","order":77666}
2026-08-07T08:13:28+00:00 INFO Email "customer_processing_order" for order #77666 sent CONTEXT: {"email_type":"customer_processing_order","status":"sent","recipient":"sharmilakrishnan","order":77666}
2026-08-07T09:04:44+00:00 INFO Email "customer_new_account" for user #1571 sent CONTEXT: {"email_type":"customer_new_account","status":"sent","recipient":"sadaf","user":1571}
2026-08-07T09:26:05+00:00 NOTICE Email "customer_note" for order #77673 not sent: email type is disabled CONTEXT: {"email_type":"customer_note","status":"disabled","recipient":"guest","order":77673}
2026-08-07T09:41:19+00:00 INFO Email "new_order" for order #77677 sent CONTEXT: {"email_type":"new_order","status":"sent","recipient":"Admin_Madrasmilk","order":77677}
2026-08-07T09:41:24+00:00 INFO Email "customer_processing_order" for order #77677 sent CONTEXT: {"email_type":"customer_processing_order","status":"sent","recipient":"sowmya.subramanian","order":77677}
2026-08-07T10:29:50+00:00 INFO Email "new_order" for order #77682 sent CONTEXT: {"email_type":"new_order","status":"sent","recipient":"Admin_Madrasmilk","order":77682}
2026-08-07T10:29:56+00:00 INFO Email "customer_processing_order" for order #77682 sent CONTEXT: {"email_type":"customer_processing_order","status":"sent","recipient":"senthil.kumar.ma","order":77682}
2026-08-07T10:46:43+00:00 NOTICE Email "customer_note" for order #77684 not sent: email type is disabled CONTEXT: {"email_type":"customer_note","status":"disabled","recipient":"itchingtowrite","order":77684}
2026-08-07T10:46:49+00:00 NOTICE Email "customer_note" for order #77684 not sent: email type is disabled CONTEXT: {"email_type":"customer_note","status":"disabled","recipient":"itchingtowrite","order":77684}
2026-08-07T11:06:22+00:00 NOTICE Email "customer_completed_order" for order #77684 not sent: email type is disabled CONTEXT: {"email_type":"customer_completed_order","status":"disabled","recipient":"itchingtowrite","order":77684}
2026-08-07T11:06:29+00:00 INFO Email "new_order" for order #77684 sent CONTEXT: {"email_type":"new_order","status":"sent","recipient":"Admin_Madrasmilk","order":77684}
2026-08-07T11:09:40+00:00 NOTICE Email "customer_completed_order" for order #75933 not sent: email type is disabled CONTEXT: {"email_type":"customer_completed_order","status":"disabled","recipient":"nritijuna","order":75933}
2026-08-07T11:09:41+00:00 NOTICE Email "customer_completed_order" for order #77655 not sent: email type is disabled CONTEXT: {"email_type":"customer_completed_order","status":"disabled","recipient":"nritijuna","order":77655}
2026-08-07T11:09:41+00:00 NOTICE Email "customer_completed_order" for order #76025 not sent: email type is disabled CONTEXT: {"email_type":"customer_completed_order","status":"disabled","recipient":"itchingtowrite","order":76025}
2026-08-07T11:09:41+00:00 NOTICE Email "customer_completed_order" for order #76028 not sent: email type is disabled CONTEXT: {"email_type":"customer_completed_order","status":"disabled","recipient":"itchingtowrite","order":76028}
2026-08-07T11:15:35+00:00 INFO Email "new_order" for order #77681 sent CONTEXT: {"email_type":"new_order","status":"sent","recipient":"Admin_Madrasmilk","order":77681}
2026-08-07T11:15:36+00:00 INFO Email "new_order" for order #77686 sent CONTEXT: {"email_type":"new_order","status":"sent","recipient":"Admin_Madrasmilk","order":77686}
2026-08-07T11:15:40+00:00 INFO Email "customer_processing_order" for order #77681 sent CONTEXT: {"email_type":"customer_processing_order","status":"sent","recipient":"siddarth01","order":77681}
2026-08-07T11:15:40+00:00 INFO Email "customer_processing_order" for order #77686 sent CONTEXT: {"email_type":"customer_processing_order","status":"sent","recipient":"sr.ranjani.24","order":77686}
2026-08-07T11:17:03+00:00 INFO Email "customer_new_account" for user #1573 sent CONTEXT: {"email_type":"customer_new_account","status":"sent","recipient":"nmk369","user":1573}
2026-08-07T11:18:55+00:00 INFO Email "new_order" for order #77665 sent CONTEXT: {"email_type":"new_order","status":"sent","recipient":"Admin_Madrasmilk","order":77665}
2026-08-07T11:18:59+00:00 INFO Email "customer_processing_order" for order #77665 sent CONTEXT: {"email_type":"customer_processing_order","status":"sent","recipient":"tanya.ganesan04","order":77665}
2026-08-07T11:22:36+00:00 INFO Email "new_order" for order #77656 sent CONTEXT: {"email_type":"new_order","status":"sent","recipient":"Admin_Madrasmilk","order":77656}
2026-08-07T11:22:41+00:00 INFO Email "customer_processing_order" for order #77656 sent CONTEXT: {"email_type":"customer_processing_order","status":"sent","recipient":"umayal_r3","order":77656}
2026-08-07T11:25:09+00:00 INFO Email "new_order" for order #77687 sent CONTEXT: {"email_type":"new_order","status":"sent","recipient":"Admin_Madrasmilk","order":77687}
2026-08-07T11:25:15+00:00 INFO Email "customer_processing_order" for order #77687 sent CONTEXT: {"email_type":"customer_processing_order","status":"sent","recipient":"Sidharth test","order":77687}
2026-08-07T11:27:25+00:00 INFO Email "new_order" for order #77688 sent CONTEXT: {"email_type":"new_order","status":"sent","recipient":"Admin_Madrasmilk","order":77688}
2026-08-07T11:27:31+00:00 INFO Email "customer_processing_order" for order #77688 sent CONTEXT: {"email_type":"customer_processing_order","status":"sent","recipient":"nmk369","order":77688}
2026-08-07T11:36:06+00:00 NOTICE Email "customer_completed_order" for order #77012 not sent: email type is disabled CONTEXT: {"email_type":"customer_completed_order","status":"disabled","recipient":"SaravanaPriya","order":77012}
2026-08-07T11:36:10+00:00 INFO Email "new_order" for order #77012 sent CONTEXT: {"email_type":"new_order","status":"sent","recipient":"Admin_Madrasmilk","order":77012}
2026-08-07T11:56:50+00:00 NOTICE Email "customer_note" for order #77690 not sent: email type is disabled CONTEXT: {"email_type":"customer_note","status":"disabled","recipient":"Test Sibi","order":77690}
2026-08-07T12:16:35+00:00 INFO Email "new_order" for order #77691 sent CONTEXT: {"email_type":"new_order","status":"sent","recipient":"Admin_Madrasmilk","order":77691}
2026-08-07T12:16:40+00:00 INFO Email "customer_processing_order" for order #77691 sent CONTEXT: {"email_type":"customer_processing_order","status":"sent","recipient":"revathivel","order":77691}
2026-08-07T12:26:30+00:00 INFO Email "customer_new_account" for user #1574 sent CONTEXT: {"email_type":"customer_new_account","status":"sent","recipient":"A.Viswanathan","user":1574}
2026-08-07T12:44:30+00:00 INFO Email "new_order" for order #77693 sent CONTEXT: {"email_type":"new_order","status":"sent","recipient":"Admin_Madrasmilk","order":77693}
2026-08-07T12:44:35+00:00 INFO Email "customer_processing_order" for order #77693 sent CONTEXT: {"email_type":"customer_processing_order","status":"sent","recipient":"Haresh","order":77693}
2026-08-07T12:53:39+00:00 NOTICE Email "customer_completed_order" for order #75947 not sent: email type is disabled CONTEXT: {"email_type":"customer_completed_order","status":"disabled","recipient":"tandonamit75","order":75947}
2026-08-07T12:53:39+00:00 NOTICE Email "customer_completed_order" for order #75991 not sent: email type is disabled CONTEXT: {"email_type":"customer_completed_order","status":"disabled","recipient":"tandonamit75","order":75991}
2026-08-07T13:20:09+00:00 INFO Email "cancelled_subscription" for order #77651 sent CONTEXT: {"email_type":"cancelled_subscription","status":"sent","recipient":"Admin_Madrasmilk","order":77651}
2026-08-07T13:20:14+00:00 INFO Email "cancelled_subscription" for order #77672 sent CONTEXT: {"email_type":"cancelled_subscription","status":"sent","recipient":"Admin_Madrasmilk","order":77672}
2026-08-07T13:26:57+00:00 INFO Email "new_order" for order #77695 sent CONTEXT: {"email_type":"new_order","status":"sent","recipient":"Admin_Madrasmilk","order":77695}
2026-08-07T13:27:01+00:00 INFO Email "customer_processing_order" for order #77695 sent CONTEXT: {"email_type":"customer_processing_order","status":"sent","recipient":"arvind.ashok","order":77695}
2026-08-07T13:48:11+00:00 INFO Email "cancelled_subscription" for order #77698 sent CONTEXT: {"email_type":"cancelled_subscription","status":"sent","recipient":"Admin_Madrasmilk","order":77698}
2026-08-07T14:19:02+00:00 NOTICE Email "customer_note" for order #77699 not sent: email type is disabled CONTEXT: {"email_type":"customer_note","status":"disabled","recipient":"Test Sibi","order":77699}
2026-08-07T14:25:09+00:00 INFO Email "new_order" for order #77700 sent CONTEXT: {"email_type":"new_order","status":"sent","recipient":"Admin_Madrasmilk","order":77700}
2026-08-07T14:25:14+00:00 INFO Email "customer_processing_order" for order #77700 sent CONTEXT: {"email_type":"customer_processing_order","status":"sent","recipient":"siddharthsridharan92","order":77700}
2026-08-07T14:31:48+00:00 INFO Email "customer_partially_refunded_order" for order #77700 sent CONTEXT: {"email_type":"customer_partially_refunded_order","status":"sent","recipient":"siddharthsridharan92","order":77700}
2026-08-07T14:38:59+00:00 INFO Email "customer_processing_order" for order #77700 sent CONTEXT: {"email_type":"customer_processing_order","status":"sent","recipient":"siddharthsridharan92","order":77700}
2026-08-07T14:51:51+00:00 INFO Email "cancelled_subscription" for order #77703 sent CONTEXT: {"email_type":"cancelled_subscription","status":"sent","recipient":"Admin_Madrasmilk","order":77703}
2026-08-07T14:52:30+00:00 INFO Email "new_order" for order #77704 sent CONTEXT: {"email_type":"new_order","status":"sent","recipient":"Admin_Madrasmilk","order":77704}
2026-08-07T14:52:35+00:00 INFO Email "customer_processing_order" for order #77704 sent CONTEXT: {"email_type":"customer_processing_order","status":"sent","recipient":"hariharan.t","order":77704}
2026-08-07T14:54:35+00:00 INFO Email "cancelled_subscription" for order #77705 sent CONTEXT: {"email_type":"cancelled_subscription","status":"sent","recipient":"Admin_Madrasmilk","order":77705}
2026-08-07T14:54:40+00:00 INFO Email "cancelled_order" for order #77704 sent CONTEXT: {"email_type":"cancelled_order","status":"sent","recipient":"Admin_Madrasmilk","order":77704}
2026-08-07T14:54:44+00:00 INFO Email "customer_cancelled_order" for order #77704 sent CONTEXT: {"email_type":"customer_cancelled_order","status":"sent","recipient":"hariharan.t","order":77704}
2026-08-07T15:35:02+00:00 NOTICE Email "customer_note" for order #77706 not sent: email type is disabled CONTEXT: {"email_type":"customer_note","status":"disabled","recipient":"senthil.kumar.ma","order":77706}
2026-08-07T15:35:11+00:00 NOTICE Email "customer_note" for order #77707 not sent: email type is disabled CONTEXT: {"email_type":"customer_note","status":"disabled","recipient":"davinaeddy","order":77707}
2026-08-07T15:35:17+00:00 NOTICE Email "customer_note" for order #77708 not sent: email type is disabled CONTEXT: {"email_type":"customer_note","status":"disabled","recipient":"prasannadevi.1989","order":77708}
2026-08-07T15:35:24+00:00 NOTICE Email "customer_note" for order #77709 not sent: email type is disabled CONTEXT: {"email_type":"customer_note","status":"disabled","recipient":"dineshbaskaran","order":77709}
2026-08-07T15:35:33+00:00 NOTICE Email "customer_note" for order #77710 not sent: email type is disabled CONTEXT: {"email_type":"customer_note","status":"disabled","recipient":"Test Sibi","order":77710}
2026-08-07T15:35:40+00:00 NOTICE Email "customer_note" for order #77711 not sent: email type is disabled CONTEXT: {"email_type":"customer_note","status":"disabled","recipient":"Test Sibi","order":77711}
2026-08-07T15:35:49+00:00 NOTICE Email "customer_note" for order #77712 not sent: email type is disabled CONTEXT: {"email_type":"customer_note","status":"disabled","recipient":"Sidharth test","order":77712}
2026-08-07T15:35:56+00:00 NOTICE Email "customer_note" for order #77713 not sent: email type is disabled CONTEXT: {"email_type":"customer_note","status":"disabled","recipient":"sanjaytathed","order":77713}
2026-08-07T15:36:07+00:00 NOTICE Email "customer_note" for order #77714 not sent: email type is disabled CONTEXT: {"email_type":"customer_note","status":"disabled","recipient":"lnair01","order":77714}
2026-08-07T15:36:15+00:00 NOTICE Email "customer_note" for order #77716 not sent: email type is disabled CONTEXT: {"email_type":"customer_note","status":"disabled","recipient":"poducipriya","order":77716}
2026-08-07T15:36:22+00:00 NOTICE Email "customer_note" for order #77717 not sent: email type is disabled CONTEXT: {"email_type":"customer_note","status":"disabled","recipient":"logi.sekar","order":77717}
2026-08-07T15:36:29+00:00 NOTICE Email "customer_note" for order #77718 not sent: email type is disabled CONTEXT: {"email_type":"customer_note","status":"disabled","recipient":"chittharasai","order":77718}
2026-08-07T15:36:36+00:00 NOTICE Email "customer_note" for order #77719 not sent: email type is disabled CONTEXT: {"email_type":"customer_note","status":"disabled","recipient":"9514140417","order":77719}
2026-08-07T15:36:42+00:00 NOTICE Email "customer_note" for order #77720 not sent: email type is disabled CONTEXT: {"email_type":"customer_note","status":"disabled","recipient":"ayisha03","order":77720}
2026-08-07T15:36:50+00:00 NOTICE Email "customer_note" for order #77721 not sent: email type is disabled CONTEXT: {"email_type":"customer_note","status":"disabled","recipient":"itchingtowrite","order":77721}
2026-08-07T15:36:57+00:00 NOTICE Email "customer_note" for order #77722 not sent: email type is disabled CONTEXT: {"email_type":"customer_note","status":"disabled","recipient":"nmk369","order":77722}
2026-08-07T15:37:08+00:00 INFO Email "failed_order" for order #77722 sent CONTEXT: {"email_type":"failed_order","status":"sent","recipient":"Admin_Madrasmilk","order":77722}
2026-08-07T16:13:28+00:00 NOTICE Email "customer_note" for order #77724 not sent: email type is disabled CONTEXT: {"email_type":"customer_note","status":"disabled","recipient":"thomas_dason2002","order":77724}
2026-08-07T16:13:34+00:00 NOTICE Email "customer_note" for order #77725 not sent: email type is disabled CONTEXT: {"email_type":"customer_note","status":"disabled","recipient":"lolme123","order":77725}
2026-08-07T16:13:41+00:00 NOTICE Email "customer_note" for order #77726 not sent: email type is disabled CONTEXT: {"email_type":"customer_note","status":"disabled","recipient":"ravishankar","order":77726}
2026-08-07T16:13:48+00:00 NOTICE Email "customer_note" for order #77727 not sent: email type is disabled CONTEXT: {"email_type":"customer_note","status":"disabled","recipient":"ravishankar","order":77727}
2026-08-07T16:13:54+00:00 NOTICE Email "customer_note" for order #77728 not sent: email type is disabled CONTEXT: {"email_type":"customer_note","status":"disabled","recipient":"shreesekar","order":77728}
2026-08-07T16:14:05+00:00 NOTICE Email "customer_note" for order #77729 not sent: email type is disabled CONTEXT: {"email_type":"customer_note","status":"disabled","recipient":"ganeshbw","order":77729}
2026-08-07T16:14:12+00:00 NOTICE Email "customer_note" for order #77730 not sent: email type is disabled CONTEXT: {"email_type":"customer_note","status":"disabled","recipient":"ganeshbw","order":77730}
2026-08-07T16:14:19+00:00 NOTICE Email "customer_note" for order #77731 not sent: email type is disabled CONTEXT: {"email_type":"customer_note","status":"disabled","recipient":"nalinikumar","order":77731}
2026-08-07T16:14:27+00:00 NOTICE Email "customer_note" for order #77732 not sent: email type is disabled CONTEXT: {"email_type":"customer_note","status":"disabled","recipient":"anand_ranjani","order":77732}
2026-08-07T16:14:33+00:00 NOTICE Email "customer_note" for order #77733 not sent: email type is disabled CONTEXT: {"email_type":"customer_note","status":"disabled","recipient":"anand_ranjani","order":77733}
2026-08-07T16:14:41+00:00 NOTICE Email "customer_note" for order #77734 not sent: email type is disabled CONTEXT: {"email_type":"customer_note","status":"disabled","recipient":"itchingtowrite","order":77734}
2026-08-07T16:14:47+00:00 NOTICE Email "customer_note" for order #77735 not sent: email type is disabled CONTEXT: {"email_type":"customer_note","status":"disabled","recipient":"pdotadir","order":77735}
2026-08-07T16:14:53+00:00 NOTICE Email "customer_note" for order #77736 not sent: email type is disabled CONTEXT: {"email_type":"customer_note","status":"disabled","recipient":"jaysh_vijay","order":77736}
2026-08-07T16:15:01+00:00 NOTICE Email "customer_note" for order #77737 not sent: email type is disabled CONTEXT: {"email_type":"customer_note","status":"disabled","recipient":"nithin153","order":77737}
2026-08-07T16:15:07+00:00 NOTICE Email "customer_note" for order #77738 not sent: email type is disabled CONTEXT: {"email_type":"customer_note","status":"disabled","recipient":"sanguthebest","order":77738}
2026-08-07T16:15:13+00:00 NOTICE Email "customer_note" for order #77739 not sent: email type is disabled CONTEXT: {"email_type":"customer_note","status":"disabled","recipient":"rguruprasath","order":77739}
2026-08-07T16:15:20+00:00 NOTICE Email "customer_note" for order #77740 not sent: email type is disabled CONTEXT: {"email_type":"customer_note","status":"disabled","recipient":"senthil.m7479","order":77740}
2026-08-07T16:15:26+00:00 NOTICE Email "customer_note" for order #77741 not sent: email type is disabled CONTEXT: {"email_type":"customer_note","status":"disabled","recipient":"raj","order":77741}
2026-08-07T16:15:32+00:00 NOTICE Email "customer_note" for order #77742 not sent: email type is disabled CONTEXT: {"email_type":"customer_note","status":"disabled","recipient":"sriram_venkataraman","order":77742}
2026-08-07T16:15:39+00:00 NOTICE Email "customer_note" for order #77743 not sent: email type is disabled CONTEXT: {"email_type":"customer_note","status":"disabled","recipient":"abinaya.kannazhagan","order":77743}
2026-08-07T16:15:46+00:00 NOTICE Email "customer_note" for order #77744 not sent: email type is disabled CONTEXT: {"email_type":"customer_note","status":"disabled","recipient":"anic.vijay","order":77744}
2026-08-07T16:15:52+00:00 NOTICE Email "customer_note" for order #77745 not sent: email type is disabled CONTEXT: {"email_type":"customer_note","status":"disabled","recipient":"kvghome1","order":77745}
2026-08-07T16:15:58+00:00 NOTICE Email "customer_note" for order #77746 not sent: email type is disabled CONTEXT: {"email_type":"customer_note","status":"disabled","recipient":"rajalakshmi.nr","order":77746}
2026-08-07T16:16:04+00:00 NOTICE Email "customer_note" for order #77747 not sent: email type is disabled CONTEXT: {"email_type":"customer_note","status":"disabled","recipient":"uppili45","order":77747}
2026-08-07T16:16:10+00:00 NOTICE Email "customer_note" for order #77748 not sent: email type is disabled CONTEXT: {"email_type":"customer_note","status":"disabled","recipient":"shanthichandrasekar","order":77748}
2026-08-07T16:16:15+00:00 NOTICE Email "customer_note" for order #77749 not sent: email type is disabled CONTEXT: {"email_type":"customer_note","status":"disabled","recipient":"raji.mulpuri","order":77749}
2026-08-07T16:16:23+00:00 NOTICE Email "customer_note" for order #77750 not sent: email type is disabled CONTEXT: {"email_type":"customer_note","status":"disabled","recipient":"raji.mulpuri","order":77750}
2026-08-07T16:16:31+00:00 NOTICE Email "customer_note" for order #77751 not sent: email type is disabled CONTEXT: {"email_type":"customer_note","status":"disabled","recipient":"pree25","order":77751}
2026-08-07T16:16:39+00:00 NOTICE Email "customer_note" for order #77752 not sent: email type is disabled CONTEXT: {"email_type":"customer_note","status":"disabled","recipient":"victoryprathiba2006","order":77752}
2026-08-07T16:16:46+00:00 NOTICE Email "customer_note" for order #77753 not sent: email type is disabled CONTEXT: {"email_type":"customer_note","status":"disabled","recipient":"gau2am","order":77753}
2026-08-07T16:16:53+00:00 NOTICE Email "customer_note" for order #77754 not sent: email type is disabled CONTEXT: {"email_type":"customer_note","status":"disabled","recipient":"vidhyashrre","order":77754}
2026-08-07T16:16:59+00:00 NOTICE Email "customer_note" for order #77755 not sent: email type is disabled CONTEXT: {"email_type":"customer_note","status":"disabled","recipient":"hariharan.t","order":77755}
2026-08-07T16:17:07+00:00 NOTICE Email "customer_note" for order #77756 not sent: email type is disabled CONTEXT: {"email_type":"customer_note","status":"disabled","recipient":"amuthukumaran","order":77756}
2026-08-07T16:17:13+00:00 NOTICE Email "customer_note" for order #77757 not sent: email type is disabled CONTEXT: {"email_type":"customer_note","status":"disabled","recipient":"pork_gee","order":77757}
2026-08-07T16:17:19+00:00 NOTICE Email "customer_note" for order #77758 not sent: email type is disabled CONTEXT: {"email_type":"customer_note","status":"disabled","recipient":"sangeetha.deiveegarajan","order":77758}
2026-08-07T16:17:27+00:00 NOTICE Email "customer_note" for order #77759 not sent: email type is disabled CONTEXT: {"email_type":"customer_note","status":"disabled","recipient":"renukaseshadhri","order":77759}
2026-08-07T16:26:48+00:00 NOTICE Email "customer_note" for order #77760 not sent: email type is disabled CONTEXT: {"email_type":"customer_note","status":"disabled","recipient":"sandhya5565","order":77760}
2026-08-07T16:26:55+00:00 NOTICE Email "customer_note" for order #77761 not sent: email type is disabled CONTEXT: {"email_type":"customer_note","status":"disabled","recipient":"jsridhar00","order":77761}
2026-08-07T16:27:01+00:00 NOTICE Email "customer_note" for order #77762 not sent: email type is disabled CONTEXT: {"email_type":"customer_note","status":"disabled","recipient":"mali","order":77762}
2026-08-07T16:27:08+00:00 NOTICE Email "customer_note" for order #77763 not sent: email type is disabled CONTEXT: {"email_type":"customer_note","status":"disabled","recipient":"priyag2730","order":77763}
2026-08-07T16:27:14+00:00 NOTICE Email "customer_note" for order #77764 not sent: email type is disabled CONTEXT: {"email_type":"customer_note","status":"disabled","recipient":"giddisathish","order":77764}
2026-08-07T16:27:20+00:00 NOTICE Email "customer_note" for order #77765 not sent: email type is disabled CONTEXT: {"email_type":"customer_note","status":"disabled","recipient":"marianigli","order":77765}
2026-08-07T16:27:26+00:00 NOTICE Email "customer_note" for order #77766 not sent: email type is disabled CONTEXT: {"email_type":"customer_note","status":"disabled","recipient":"sansik26","order":77766}
2026-08-07T16:27:33+00:00 NOTICE Email "customer_note" for order #77767 not sent: email type is disabled CONTEXT: {"email_type":"customer_note","status":"disabled","recipient":"hemirami","order":77767}
2026-08-07T16:27:39+00:00 NOTICE Email "customer_note" for order #77768 not sent: email type is disabled CONTEXT: {"email_type":"customer_note","status":"disabled","recipient":"jaanvi68","order":77768}
2026-08-07T16:27:45+00:00 NOTICE Email "customer_note" for order #77769 not sent: email type is disabled CONTEXT: {"email_type":"customer_note","status":"disabled","recipient":"subramoniank","order":77769}
2026-08-07T16:27:51+00:00 NOTICE Email "customer_note" for order #77770 not sent: email type is disabled CONTEXT: {"email_type":"customer_note","status":"disabled","recipient":"kevinsundha","order":77770}
2026-08-07T16:27:57+00:00 NOTICE Email "customer_note" for order #77771 not sent: email type is disabled CONTEXT: {"email_type":"customer_note","status":"disabled","recipient":"pooranyk","order":77771}
2026-08-07T16:28:02+00:00 NOTICE Email "customer_note" for order #77772 not sent: email type is disabled CONTEXT: {"email_type":"customer_note","status":"disabled","recipient":"pooranyk","order":77772}
2026-08-07T16:28:11+00:00 NOTICE Email "customer_note" for order #77773 not sent: email type is disabled CONTEXT: {"email_type":"customer_note","status":"disabled","recipient":"parithi_kasi","order":77773}
2026-08-07T16:28:16+00:00 NOTICE Email "customer_note" for order #77774 not sent: email type is disabled CONTEXT: {"email_type":"customer_note","status":"disabled","recipient":"anjana.damu","order":77774}
2026-08-07T16:28:22+00:00 NOTICE Email "customer_note" for order #77775 not sent: email type is disabled CONTEXT: {"email_type":"customer_note","status":"disabled","recipient":"geethu.er","order":77775}
2026-08-07T16:28:27+00:00 NOTICE Email "customer_note" for order #77776 not sent: email type is disabled CONTEXT: {"email_type":"customer_note","status":"disabled","recipient":"mathangi.gaj","order":77776}
2026-08-07T16:28:35+00:00 NOTICE Email "customer_note" for order #77777 not sent: email type is disabled CONTEXT: {"email_type":"customer_note","status":"disabled","recipient":"arunt2511","order":77777}
2026-08-07T16:28:42+00:00 NOTICE Email "customer_note" for order #77778 not sent: email type is disabled CONTEXT: {"email_type":"customer_note","status":"disabled","recipient":"spkarri","order":77778}
2026-08-07T16:28:48+00:00 NOTICE Email "customer_note" for order #77779 not sent: email type is disabled CONTEXT: {"email_type":"customer_note","status":"disabled","recipient":"siva","order":77779}
2026-08-07T16:28:54+00:00 NOTICE Email "customer_note" for order #77780 not sent: email type is disabled CONTEXT: {"email_type":"customer_note","status":"disabled","recipient":"bhuulax","order":77780}
2026-08-07T16:29:00+00:00 NOTICE Email "customer_note" for order #77781 not sent: email type is disabled CONTEXT: {"email_type":"customer_note","status":"disabled","recipient":"kannan_s11","order":77781}
2026-08-07T16:29:06+00:00 NOTICE Email "customer_note" for order #77782 not sent: email type is disabled CONTEXT: {"email_type":"customer_note","status":"disabled","recipient":"ramadamu","order":77782}
2026-08-07T16:29:13+00:00 NOTICE Email "customer_note" for order #77783 not sent: email type is disabled CONTEXT: {"email_type":"customer_note","status":"disabled","recipient":"vinujoshua","order":77783}
2026-08-07T16:29:19+00:00 NOTICE Email "customer_note" for order #77784 not sent: email type is disabled CONTEXT: {"email_type":"customer_note","status":"disabled","recipient":"amalirayan","order":77784}
2026-08-07T16:29:26+00:00 NOTICE Email "customer_note" for order #77786 not sent: email type is disabled CONTEXT: {"email_type":"customer_note","status":"disabled","recipient":"mailmenagu","order":77786}
2026-08-07T16:29:32+00:00 NOTICE Email "customer_note" for order #77787 not sent: email type is disabled CONTEXT: {"email_type":"customer_note","status":"disabled","recipient":"arathianan","order":77787}
2026-08-07T16:29:38+00:00 NOTICE Email "customer_note" for order #77788 not sent: email type is disabled CONTEXT: {"email_type":"customer_note","status":"disabled","recipient":"devitholkappiar","order":77788}
2026-08-07T16:29:44+00:00 NOTICE Email "customer_note" for order #77789 not sent: email type is disabled CONTEXT: {"email_type":"customer_note","status":"disabled","recipient":"bhatt1999","order":77789}
2026-08-07T16:29:50+00:00 NOTICE Email "customer_note" for order #77790 not sent: email type is disabled CONTEXT: {"email_type":"customer_note","status":"disabled","recipient":"bhatt1999","order":77790}
2026-08-07T16:29:57+00:00 NOTICE Email "customer_note" for order #77791 not sent: email type is disabled CONTEXT: {"email_type":"customer_note","status":"disabled","recipient":"revathivel","order":77791}
2026-08-07T16:30:03+00:00 NOTICE Email "customer_note" for order #77792 not sent: email type is disabled CONTEXT: {"email_type":"customer_note","status":"disabled","recipient":"sudhagar21","order":77792}
2026-08-07T16:30:09+00:00 INFO Email "new_order" for order #77785 sent CONTEXT: {"email_type":"new_order","status":"sent","recipient":"Admin_Madrasmilk","order":77785}
2026-08-07T16:30:11+00:00 NOTICE Email "customer_note" for order #77793 not sent: email type is disabled CONTEXT: {"email_type":"customer_note","status":"disabled","recipient":"muralidharan.go","order":77793}
2026-08-07T16:30:16+00:00 INFO Email "customer_processing_order" for order #77785 sent CONTEXT: {"email_type":"customer_processing_order","status":"sent","recipient":"drlakshmibaskar","order":77785}
2026-08-07T16:30:17+00:00 NOTICE Email "customer_note" for order #77794 not sent: email type is disabled CONTEXT: {"email_type":"customer_note","status":"disabled","recipient":"raknas50","order":77794}
2026-08-07T16:30:24+00:00 NOTICE Email "customer_note" for order #77795 not sent: email type is disabled CONTEXT: {"email_type":"customer_note","status":"disabled","recipient":"raknas50","order":77795}
2026-08-07T16:30:30+00:00 NOTICE Email "customer_note" for order #77796 not sent: email type is disabled CONTEXT: {"email_type":"customer_note","status":"disabled","recipient":"sripradhas","order":77796}
2026-08-07T16:30:38+00:00 NOTICE Email "customer_note" for order #77797 not sent: email type is disabled CONTEXT: {"email_type":"customer_note","status":"disabled","recipient":"sripradhas","order":77797}
2026-08-07T16:30:45+00:00 NOTICE Email "customer_note" for order #77798 not sent: email type is disabled CONTEXT: {"email_type":"customer_note","status":"disabled","recipient":"veenajhaver","order":77798}
2026-08-07T16:31:36+00:00 NOTICE Email "customer_note" for order #77799 not sent: email type is disabled CONTEXT: {"email_type":"customer_note","status":"disabled","recipient":"nav_dita","order":77799}
2026-08-07T16:31:43+00:00 NOTICE Email "customer_note" for order #77800 not sent: email type is disabled CONTEXT: {"email_type":"customer_note","status":"disabled","recipient":"aarthisrin","order":77800}
2026-08-07T16:31:48+00:00 NOTICE Email "customer_note" for order #77801 not sent: email type is disabled CONTEXT: {"email_type":"customer_note","status":"disabled","recipient":"ramanathanlr","order":77801}
2026-08-07T16:31:54+00:00 NOTICE Email "customer_note" for order #77802 not sent: email type is disabled CONTEXT: {"email_type":"customer_note","status":"disabled","recipient":"shomprabu","order":77802}
2026-08-07T16:32:00+00:00 NOTICE Email "customer_note" for order #77803 not sent: email type is disabled CONTEXT: {"email_type":"customer_note","status":"disabled","recipient":"shomprabu","order":77803}
2026-08-07T16:32:07+00:00 NOTICE Email "customer_note" for order #77804 not sent: email type is disabled CONTEXT: {"email_type":"customer_note","status":"disabled","recipient":"arjunp3000","order":77804}
2026-08-07T16:32:13+00:00 NOTICE Email "customer_note" for order #77805 not sent: email type is disabled CONTEXT: {"email_type":"customer_note","status":"disabled","recipient":"meena.radhakrishnan","order":77805}
2026-08-07T16:32:20+00:00 NOTICE Email "customer_note" for order #77806 not sent: email type is disabled CONTEXT: {"email_type":"customer_note","status":"disabled","recipient":"vanithasridhar80","order":77806}
2026-08-07T16:32:28+00:00 NOTICE Email "customer_note" for order #77807 not sent: email type is disabled CONTEXT: {"email_type":"customer_note","status":"disabled","recipient":"phoenix.cbe","order":77807}
2026-08-07T16:32:34+00:00 NOTICE Email "customer_note" for order #77808 not sent: email type is disabled CONTEXT: {"email_type":"customer_note","status":"disabled","recipient":"cm.krishna","order":77808}
2026-08-07T16:32:41+00:00 NOTICE Email "customer_note" for order #77809 not sent: email type is disabled CONTEXT: {"email_type":"customer_note","status":"disabled","recipient":"srividhyakk","order":77809}
2026-08-07T16:32:47+00:00 NOTICE Email "customer_note" for order #77810 not sent: email type is disabled CONTEXT: {"email_type":"customer_note","status":"disabled","recipient":"jaiganesh61","order":77810}
2026-08-07T16:32:53+00:00 NOTICE Email "customer_note" for order #77811 not sent: email type is disabled CONTEXT: {"email_type":"customer_note","status":"disabled","recipient":"vasan","order":77811}
2026-08-07T16:33:00+00:00 NOTICE Email "customer_note" for order #77812 not sent: email type is disabled CONTEXT: {"email_type":"customer_note","status":"disabled","recipient":"rcharumathi","order":77812}
2026-08-07T16:33:06+00:00 NOTICE Email "customer_note" for order #77813 not sent: email type is disabled CONTEXT: {"email_type":"customer_note","status":"disabled","recipient":"raga.12345","order":77813}
2026-08-07T16:33:12+00:00 NOTICE Email "customer_note" for order #77814 not sent: email type is disabled CONTEXT: {"email_type":"customer_note","status":"disabled","recipient":"sukanv","order":77814}
2026-08-07T16:33:18+00:00 NOTICE Email "customer_note" for order #77815 not sent: email type is disabled CONTEXT: {"email_type":"customer_note","status":"disabled","recipient":"sukanv","order":77815}
2026-08-07T16:33:24+00:00 NOTICE Email "customer_note" for order #77816 not sent: email type is disabled CONTEXT: {"email_type":"customer_note","status":"disabled","recipient":"aradhanagopinath","order":77816}
2026-08-07T16:33:31+00:00 NOTICE Email "customer_note" for order #77817 not sent: email type is disabled CONTEXT: {"email_type":"customer_note","status":"disabled","recipient":"kti377","order":77817}
2026-08-07T16:33:37+00:00 NOTICE Email "customer_note" for order #77818 not sent: email type is disabled CONTEXT: {"email_type":"customer_note","status":"disabled","recipient":"karthik.vv","order":77818}
2026-08-07T16:33:43+00:00 NOTICE Email "customer_note" for order #77819 not sent: email type is disabled CONTEXT: {"email_type":"customer_note","status":"disabled","recipient":"durgasivakumar","order":77819}
2026-08-07T16:33:51+00:00 NOTICE Email "customer_note" for order #77820 not sent: email type is disabled CONTEXT: {"email_type":"customer_note","status":"disabled","recipient":"durgasivakumar","order":77820}
2026-08-07T16:33:59+00:00 NOTICE Email "customer_note" for order #77821 not sent: email type is disabled CONTEXT: {"email_type":"customer_note","status":"disabled","recipient":"jaanu23ravi","order":77821}
2026-08-07T16:34:07+00:00 NOTICE Email "customer_note" for order #77822 not sent: email type is disabled CONTEXT: {"email_type":"customer_note","status":"disabled","recipient":"nals1428","order":77822}
2026-08-07T16:34:14+00:00 NOTICE Email "customer_note" for order #77823 not sent: email type is disabled CONTEXT: {"email_type":"customer_note","status":"disabled","recipient":"krishna.obul","order":77823}
2026-08-07T16:34:21+00:00 NOTICE Email "customer_note" for order #77824 not sent: email type is disabled CONTEXT: {"email_type":"customer_note","status":"disabled","recipient":"g.poorni24","order":77824}
2026-08-07T16:34:27+00:00 NOTICE Email "customer_note" for order #77825 not sent: email type is disabled CONTEXT: {"email_type":"customer_note","status":"disabled","recipient":"laksminarasiman","order":77825}
2026-08-07T16:34:36+00:00 NOTICE Email "customer_note" for order #77826 not sent: email type is disabled CONTEXT: {"email_type":"customer_note","status":"disabled","recipient":"dhivya619","order":77826}
2026-08-07T16:34:42+00:00 NOTICE Email "customer_note" for order #77827 not sent: email type is disabled CONTEXT: {"email_type":"customer_note","status":"disabled","recipient":"indu_pandurangan","order":77827}
2026-08-07T16:34:50+00:00 NOTICE Email "customer_note" for order #77828 not sent: email type is disabled CONTEXT: {"email_type":"customer_note","status":"disabled","recipient":"rohinirvarma","order":77828}
2026-08-07T16:34:56+00:00 NOTICE Email "customer_note" for order #77829 not sent: email type is disabled CONTEXT: {"email_type":"customer_note","status":"disabled","recipient":"vaikarthi","order":77829}
2026-08-07T16:35:03+00:00 NOTICE Email "customer_note" for order #77830 not sent: email type is disabled CONTEXT: {"email_type":"customer_note","status":"disabled","recipient":"mugdhasethi","order":77830}
2026-08-07T16:35:11+00:00 NOTICE Email "customer_note" for order #77831 not sent: email type is disabled CONTEXT: {"email_type":"customer_note","status":"disabled","recipient":"stratos71","order":77831}
2026-08-07T16:35:20+00:00 NOTICE Email "customer_note" for order #77832 not sent: email type is disabled CONTEXT: {"email_type":"customer_note","status":"disabled","recipient":"kannusamy","order":77832}
2026-08-07T16:35:29+00:00 NOTICE Email "customer_note" for order #77833 not sent: email type is disabled CONTEXT: {"email_type":"customer_note","status":"disabled","recipient":"drnarenkarthik","order":77833}
2026-08-07T16:35:35+00:00 NOTICE Email "customer_note" for order #77834 not sent: email type is disabled CONTEXT: {"email_type":"customer_note","status":"disabled","recipient":"kantsrik","order":77834}
2026-08-07T16:35:41+00:00 NOTICE Email "customer_note" for order #77835 not sent: email type is disabled CONTEXT: {"email_type":"customer_note","status":"disabled","recipient":"kantsrik","order":77835}
2026-08-07T16:35:48+00:00 NOTICE Email "customer_note" for order #77836 not sent: email type is disabled CONTEXT: {"email_type":"customer_note","status":"disabled","recipient":"tanugaur","order":77836}
2026-08-07T16:35:54+00:00 NOTICE Email "customer_note" for order #77837 not sent: email type is disabled CONTEXT: {"email_type":"customer_note","status":"disabled","recipient":"tanugaur","order":77837}
2026-08-07T16:36:00+00:00 NOTICE Email "customer_note" for order #77838 not sent: email type is disabled CONTEXT: {"email_type":"customer_note","status":"disabled","recipient":"sndas108","order":77838}
2026-08-07T16:36:06+00:00 NOTICE Email "customer_note" for order #77839 not sent: email type is disabled CONTEXT: {"email_type":"customer_note","status":"disabled","recipient":"sndas108","order":77839}
2026-08-07T16:36:14+00:00 NOTICE Email "customer_note" for order #77840 not sent: email type is disabled CONTEXT: {"email_type":"customer_note","status":"disabled","recipient":"preethi.kashyap","order":77840}
2026-08-07T16:36:20+00:00 NOTICE Email "customer_note" for order #77841 not sent: email type is disabled CONTEXT: {"email_type":"customer_note","status":"disabled","recipient":"sujata_raman","order":77841}
2026-08-07T16:36:29+00:00 NOTICE Email "customer_note" for order #77842 not sent: email type is disabled CONTEXT: {"email_type":"customer_note","status":"disabled","recipient":"rtdhinakar","order":77842}
2026-08-07T16:36:38+00:00 NOTICE Email "customer_note" for order #77843 not sent: email type is disabled CONTEXT: {"email_type":"customer_note","status":"disabled","recipient":"shivanilank1312","order":77843}
2026-08-07T16:36:44+00:00 NOTICE Email "customer_note" for order #77844 not sent: email type is disabled CONTEXT: {"email_type":"customer_note","status":"disabled","recipient":"teja.cdtvs","order":77844}
2026-08-07T16:36:50+00:00 NOTICE Email "customer_note" for order #77845 not sent: email type is disabled CONTEXT: {"email_type":"customer_note","status":"disabled","recipient":"gotosurya","order":77845}
2026-08-07T16:36:57+00:00 NOTICE Email "customer_note" for order #77846 not sent: email type is disabled CONTEXT: {"email_type":"customer_note","status":"disabled","recipient":"gotosurya","order":77846}
2026-08-07T16:37:05+00:00 NOTICE Email "customer_note" for order #77847 not sent: email type is disabled CONTEXT: {"email_type":"customer_note","status":"disabled","recipient":"saipadmarajen","order":77847}
2026-08-07T16:37:14+00:00 NOTICE Email "customer_note" for order #77848 not sent: email type is disabled CONTEXT: {"email_type":"customer_note","status":"disabled","recipient":"ssmanister","order":77848}
2026-08-07T16:37:21+00:00 NOTICE Email "customer_note" for order #77849 not sent: email type is disabled CONTEXT: {"email_type":"customer_note","status":"disabled","recipient":"kpraneeth","order":77849}
2026-08-07T16:37:29+00:00 NOTICE Email "customer_note" for order #77850 not sent: email type is disabled CONTEXT: {"email_type":"customer_note","status":"disabled","recipient":"giri.ramamoorthy","order":77850}
2026-08-07T16:37:37+00:00 NOTICE Email "customer_note" for order #77851 not sent: email type is disabled CONTEXT: {"email_type":"customer_note","status":"disabled","recipient":"sunil","order":77851}
2026-08-07T16:37:46+00:00 NOTICE Email "customer_note" for order #77852 not sent: email type is disabled CONTEXT: {"email_type":"customer_note","status":"disabled","recipient":"nandhuash","order":77852}
2026-08-07T16:37:54+00:00 NOTICE Email "customer_note" for order #77853 not sent: email type is disabled CONTEXT: {"email_type":"customer_note","status":"disabled","recipient":"maha.prakrti","order":77853}
2026-08-07T16:38:02+00:00 NOTICE Email "customer_note" for order #77854 not sent: email type is disabled CONTEXT: {"email_type":"customer_note","status":"disabled","recipient":"maha.prakrti","order":77854}
2026-08-07T16:38:08+00:00 NOTICE Email "customer_note" for order #77855 not sent: email type is disabled CONTEXT: {"email_type":"customer_note","status":"disabled","recipient":"mr.khadeerahmed","order":77855}
2026-08-07T16:38:17+00:00 NOTICE Email "customer_note" for order #77856 not sent: email type is disabled CONTEXT: {"email_type":"customer_note","status":"disabled","recipient":"gayatrid17","order":77856}
2026-08-07T16:38:24+00:00 NOTICE Email "customer_note" for order #77857 not sent: email type is disabled CONTEXT: {"email_type":"customer_note","status":"disabled","recipient":"harin5000","order":77857}
2026-08-07T16:38:33+00:00 NOTICE Email "customer_note" for order #77858 not sent: email type is disabled CONTEXT: {"email_type":"customer_note","status":"disabled","recipient":"anushajinadas","order":77858}
2026-08-07T16:38:41+00:00 NOTICE Email "customer_note" for order #77859 not sent: email type is disabled CONTEXT: {"email_type":"customer_note","status":"disabled","recipient":"thiagarajan.krishnaraj","order":77859}
2026-08-07T16:38:51+00:00 NOTICE Email "customer_note" for order #77860 not sent: email type is disabled CONTEXT: {"email_type":"customer_note","status":"disabled","recipient":"ganes.s","order":77860}
2026-08-07T16:38:58+00:00 NOTICE Email "customer_note" for order #77861 not sent: email type is disabled CONTEXT: {"email_type":"customer_note","status":"disabled","recipient":"shankar.b1987","order":77861}
2026-08-07T16:39:07+00:00 NOTICE Email "customer_note" for order #77862 not sent: email type is disabled CONTEXT: {"email_type":"customer_note","status":"disabled","recipient":"santhipriya.mohan","order":77862}
2026-08-07T16:39:18+00:00 NOTICE Email "customer_note" for order #77863 not sent: email type is disabled CONTEXT: {"email_type":"customer_note","status":"disabled","recipient":"aparna.saravananj","order":77863}
2026-08-07T16:39:24+00:00 NOTICE Email "customer_note" for order #77864 not sent: email type is disabled CONTEXT: {"email_type":"customer_note","status":"disabled","recipient":"ganesan.adv","order":77864}
2026-08-07T16:39:34+00:00 NOTICE Email "customer_note" for order #77865 not sent: email type is disabled CONTEXT: {"email_type":"customer_note","status":"disabled","recipient":"rshankar79","order":77865}
2026-08-07T16:41:36+00:00 NOTICE Email "customer_note" for order #77866 not sent: email type is disabled CONTEXT: {"email_type":"customer_note","status":"disabled","recipient":"alphonsejacintha","order":77866}
2026-08-07T16:41:44+00:00 NOTICE Email "customer_note" for order #77867 not sent: email type is disabled CONTEXT: {"email_type":"customer_note","status":"disabled","recipient":"sviji24","order":77867}
2026-08-07T16:41:52+00:00 NOTICE Email "customer_note" for order #77868 not sent: email type is disabled CONTEXT: {"email_type":"customer_note","status":"disabled","recipient":"srininsv","order":77868}
2026-08-07T16:41:59+00:00 NOTICE Email "customer_note" for order #77869 not sent: email type is disabled CONTEXT: {"email_type":"customer_note","status":"disabled","recipient":"getvichu2000","order":77869}
2026-08-07T16:42:06+00:00 NOTICE Email "customer_note" for order #77870 not sent: email type is disabled CONTEXT: {"email_type":"customer_note","status":"disabled","recipient":"wejai4ever","order":77870}
2026-08-07T16:42:16+00:00 NOTICE Email "customer_note" for order #77871 not sent: email type is disabled CONTEXT: {"email_type":"customer_note","status":"disabled","recipient":"lakshmipunna","order":77871}
2026-08-07T16:42:27+00:00 NOTICE Email "customer_note" for order #77872 not sent: email type is disabled CONTEXT: {"email_type":"customer_note","status":"disabled","recipient":"ssreddy","order":77872}
2026-08-07T16:42:35+00:00 NOTICE Email "customer_note" for order #77873 not sent: email type is disabled CONTEXT: {"email_type":"customer_note","status":"disabled","recipient":"nspriya14","order":77873}
2026-08-07T16:42:42+00:00 NOTICE Email "customer_note" for order #77874 not sent: email type is disabled CONTEXT: {"email_type":"customer_note","status":"disabled","recipient":"rajani.seshadri","order":77874}
2026-08-07T16:42:49+00:00 NOTICE Email "customer_note" for order #77875 not sent: email type is disabled CONTEXT: {"email_type":"customer_note","status":"disabled","recipient":"puaravind","order":77875}
2026-08-07T16:42:56+00:00 NOTICE Email "customer_note" for order #77876 not sent: email type is disabled CONTEXT: {"email_type":"customer_note","status":"disabled","recipient":"kannan.m84","order":77876}
2026-08-07T16:43:02+00:00 NOTICE Email "customer_note" for order #77877 not sent: email type is disabled CONTEXT: {"email_type":"customer_note","status":"disabled","recipient":"kannan.m84","order":77877}
2026-08-07T16:43:09+00:00 NOTICE Email "customer_note" for order #77878 not sent: email type is disabled CONTEXT: {"email_type":"customer_note","status":"disabled","recipient":"sujathasathyanarayanan","order":77878}
2026-08-07T16:43:15+00:00 NOTICE Email "customer_note" for order #77879 not sent: email type is disabled CONTEXT: {"email_type":"customer_note","status":"disabled","recipient":"krish2407","order":77879}
2026-08-07T16:43:26+00:00 NOTICE Email "customer_note" for order #77880 not sent: email type is disabled CONTEXT: {"email_type":"customer_note","status":"disabled","recipient":"krish2407","order":77880}
2026-08-07T16:43:32+00:00 NOTICE Email "customer_note" for order #77881 not sent: email type is disabled CONTEXT: {"email_type":"customer_note","status":"disabled","recipient":"ntsaran81","order":77881}
2026-08-07T16:43:39+00:00 NOTICE Email "customer_note" for order #77882 not sent: email type is disabled CONTEXT: {"email_type":"customer_note","status":"disabled","recipient":"subhra.hindu","order":77882}
2026-08-07T16:43:46+00:00 NOTICE Email "customer_note" for order #77883 not sent: email type is disabled CONTEXT: {"email_type":"customer_note","status":"disabled","recipient":"nagarjunagarige","order":77883}
2026-08-07T16:43:53+00:00 NOTICE Email "customer_note" for order #77884 not sent: email type is disabled CONTEXT: {"email_type":"customer_note","status":"disabled","recipient":"nagarjunagarige","order":77884}
2026-08-07T16:44:01+00:00 NOTICE Email "customer_note" for order #77885 not sent: email type is disabled CONTEXT: {"email_type":"customer_note","status":"disabled","recipient":"rajeswa2","order":77885}
2026-08-07T16:44:07+00:00 NOTICE Email "customer_note" for order #77886 not sent: email type is disabled CONTEXT: {"email_type":"customer_note","status":"disabled","recipient":"rajeswa2","order":77886}
2026-08-07T16:44:16+00:00 NOTICE Email "customer_note" for order #77887 not sent: email type is disabled CONTEXT: {"email_type":"customer_note","status":"disabled","recipient":"soori007","order":77887}
2026-08-07T16:44:23+00:00 NOTICE Email "customer_note" for order #77888 not sent: email type is disabled CONTEXT: {"email_type":"customer_note","status":"disabled","recipient":"rrnath72","order":77888}
2026-08-07T16:44:29+00:00 NOTICE Email "customer_note" for order #77889 not sent: email type is disabled CONTEXT: {"email_type":"customer_note","status":"disabled","recipient":"t_kart","order":77889}
2026-08-07T16:44:37+00:00 NOTICE Email "customer_note" for order #77890 not sent: email type is disabled CONTEXT: {"email_type":"customer_note","status":"disabled","recipient":"vidhyavenkatesh","order":77890}
2026-08-07T16:44:47+00:00 NOTICE Email "customer_note" for order #77891 not sent: email type is disabled CONTEXT: {"email_type":"customer_note","status":"disabled","recipient":"sankar.nx","order":77891}
2026-08-07T16:44:55+00:00 NOTICE Email "customer_note" for order #77892 not sent: email type is disabled CONTEXT: {"email_type":"customer_note","status":"disabled","recipient":"sarithacindrella","order":77892}
2026-08-07T16:45:02+00:00 NOTICE Email "customer_note" for order #77893 not sent: email type is disabled CONTEXT: {"email_type":"customer_note","status":"disabled","recipient":"rvsbell","order":77893}
2026-08-07T16:45:10+00:00 NOTICE Email "customer_note" for order #77894 not sent: email type is disabled CONTEXT: {"email_type":"customer_note","status":"disabled","recipient":"thaseenphysio","order":77894}
2026-08-07T16:45:18+00:00 NOTICE Email "customer_note" for order #77895 not sent: email type is disabled CONTEXT: {"email_type":"customer_note","status":"disabled","recipient":"ravishankarpv23","order":77895}
2026-08-07T16:45:24+00:00 NOTICE Email "customer_note" for order #77896 not sent: email type is disabled CONTEXT: {"email_type":"customer_note","status":"disabled","recipient":"saradhavi","order":77896}
2026-08-07T16:45:30+00:00 NOTICE Email "customer_note" for order #77897 not sent: email type is disabled CONTEXT: {"email_type":"customer_note","status":"disabled","recipient":"bmanjudevi","order":77897}
2026-08-07T16:47:46+00:00 NOTICE Email "customer_note" for order #77898 not sent: email type is disabled CONTEXT: {"email_type":"customer_note","status":"disabled","recipient":"rkarthikeyan1511","order":77898}
2026-08-07T16:47:55+00:00 NOTICE Email "customer_note" for order #77899 not sent: email type is disabled CONTEXT: {"email_type":"customer_note","status":"disabled","recipient":"adline.jeni","order":77899}
2026-08-07T16:48:02+00:00 NOTICE Email "customer_note" for order #77900 not sent: email type is disabled CONTEXT: {"email_type":"customer_note","status":"disabled","recipient":"suganyagopuk","order":77900}
2026-08-07T16:48:09+00:00 NOTICE Email "customer_note" for order #77901 not sent: email type is disabled CONTEXT: {"email_type":"customer_note","status":"disabled","recipient":"amby85","order":77901}
2026-08-07T16:48:17+00:00 NOTICE Email "customer_note" for order #77902 not sent: email type is disabled CONTEXT: {"email_type":"customer_note","status":"disabled","recipient":"chitra003","order":77902}
2026-08-07T16:48:25+00:00 NOTICE Email "customer_note" for order #77903 not sent: email type is disabled CONTEXT: {"email_type":"customer_note","status":"disabled","recipient":"grandmastervasu","order":77903}
2026-08-07T16:48:31+00:00 NOTICE Email "customer_note" for order #77904 not sent: email type is disabled CONTEXT: {"email_type":"customer_note","status":"disabled","recipient":"tanzary","order":77904}
2026-08-07T16:48:37+00:00 NOTICE Email "customer_note" for order #77905 not sent: email type is disabled CONTEXT: {"email_type":"customer_note","status":"disabled","recipient":"jayshree_kannan","order":77905}
2026-08-07T16:48:47+00:00 NOTICE Email "customer_note" for order #77906 not sent: email type is disabled CONTEXT: {"email_type":"customer_note","status":"disabled","recipient":"asokachelliah","order":77906}
2026-08-07T16:48:54+00:00 NOTICE Email "customer_note" for order #77907 not sent: email type is disabled CONTEXT: {"email_type":"customer_note","status":"disabled","recipient":"ranjithjegan","order":77907}
2026-08-07T16:49:00+00:00 NOTICE Email "customer_note" for order #77908 not sent: email type is disabled CONTEXT: {"email_type":"customer_note","status":"disabled","recipient":"galactic.clusters","order":77908}
2026-08-07T16:49:07+00:00 NOTICE Email "customer_note" for order #77909 not sent: email type is disabled CONTEXT: {"email_type":"customer_note","status":"disabled","recipient":"c.raghuram95","order":77909}
2026-08-07T16:49:14+00:00 NOTICE Email "customer_note" for order #77910 not sent: email type is disabled CONTEXT: {"email_type":"customer_note","status":"disabled","recipient":"rosanuru","order":77910}
2026-08-07T16:49:23+00:00 NOTICE Email "customer_note" for order #77911 not sent: email type is disabled CONTEXT: {"email_type":"customer_note","status":"disabled","recipient":"rosanuru","order":77911}
2026-08-07T16:49:29+00:00 NOTICE Email "customer_note" for order #77912 not sent: email type is disabled CONTEXT: {"email_type":"customer_note","status":"disabled","recipient":"thirumal.valavan","order":77912}
2026-08-07T16:49:35+00:00 NOTICE Email "customer_note" for order #77913 not sent: email type is disabled CONTEXT: {"email_type":"customer_note","status":"disabled","recipient":"udaymetha","order":77913}
2026-08-07T16:49:44+00:00 NOTICE Email "customer_note" for order #77914 not sent: email type is disabled CONTEXT: {"email_type":"customer_note","status":"disabled","recipient":"arunivf","order":77914}
2026-08-07T16:49:50+00:00 NOTICE Email "customer_note" for order #77915 not sent: email type is disabled CONTEXT: {"email_type":"customer_note","status":"disabled","recipient":"sunanda.undamatla","order":77915}
2026-08-07T16:49:58+00:00 NOTICE Email "customer_note" for order #77916 not sent: email type is disabled CONTEXT: {"email_type":"customer_note","status":"disabled","recipient":"tpkiruthika","order":77916}
2026-08-07T16:50:05+00:00 NOTICE Email "customer_note" for order #77917 not sent: email type is disabled CONTEXT: {"email_type":"customer_note","status":"disabled","recipient":"chennaibullpower","order":77917}
2026-08-07T16:50:11+00:00 NOTICE Email "customer_note" for order #77918 not sent: email type is disabled CONTEXT: {"email_type":"customer_note","status":"disabled","recipient":"mail2anantha","order":77918}
2026-08-07T16:50:20+00:00 NOTICE Email "customer_note" for order #77919 not sent: email type is disabled CONTEXT: {"email_type":"customer_note","status":"disabled","recipient":"r.sasankan","order":77919}
2026-08-07T16:50:26+00:00 NOTICE Email "customer_note" for order #77920 not sent: email type is disabled CONTEXT: {"email_type":"customer_note","status":"disabled","recipient":"pritam.reddyn","order":77920}
2026-08-07T16:50:35+00:00 NOTICE Email "customer_note" for order #77921 not sent: email type is disabled CONTEXT: {"email_type":"customer_note","status":"disabled","recipient":"meerasampath47","order":77921}
2026-08-07T16:50:43+00:00 NOTICE Email "customer_note" for order #77922 not sent: email type is disabled CONTEXT: {"email_type":"customer_note","status":"disabled","recipient":"meerasampath47","order":77922}
2026-08-07T16:50:49+00:00 NOTICE Email "customer_note" for order #77923 not sent: email type is disabled CONTEXT: {"email_type":"customer_note","status":"disabled","recipient":"lakshmiwai","order":77923}
2026-08-07T16:50:57+00:00 NOTICE Email "customer_note" for order #77924 not sent: email type is disabled CONTEXT: {"email_type":"customer_note","status":"disabled","recipient":"nyolapriya","order":77924}
2026-08-07T16:51:04+00:00 NOTICE Email "customer_note" for order #77925 not sent: email type is disabled CONTEXT: {"email_type":"customer_note","status":"disabled","recipient":"ushabmoorthy","order":77925}
2026-08-07T16:51:12+00:00 NOTICE Email "customer_note" for order #77926 not sent: email type is disabled CONTEXT: {"email_type":"customer_note","status":"disabled","recipient":"ushabmoorthy","order":77926}
2026-08-07T16:51:17+00:00 NOTICE Email "customer_note" for order #77927 not sent: email type is disabled CONTEXT: {"email_type":"customer_note","status":"disabled","recipient":"dhanas_ga","order":77927}
2026-08-07T16:51:25+00:00 NOTICE Email "customer_note" for order #77928 not sent: email type is disabled CONTEXT: {"email_type":"customer_note","status":"disabled","recipient":"dsuriyadeepan","order":77928}
2026-08-07T16:51:31+00:00 NOTICE Email "customer_note" for order #77929 not sent: email type is disabled CONTEXT: {"email_type":"customer_note","status":"disabled","recipient":"krishnan.gnv","order":77929}
2026-08-07T16:51:39+00:00 NOTICE Email "customer_note" for order #77930 not sent: email type is disabled CONTEXT: {"email_type":"customer_note","status":"disabled","recipient":"karthikkoti","order":77930}
2026-08-07T16:51:58+00:00 NOTICE Email "customer_note" for order #77931 not sent: email type is disabled CONTEXT: {"email_type":"customer_note","status":"disabled","recipient":"sel.shan2","order":77931}
2026-08-07T16:52:05+00:00 NOTICE Email "customer_note" for order #77932 not sent: email type is disabled CONTEXT: {"email_type":"customer_note","status":"disabled","recipient":"viddhari","order":77932}
2026-08-07T16:52:11+00:00 NOTICE Email "customer_note" for order #77933 not sent: email type is disabled CONTEXT: {"email_type":"customer_note","status":"disabled","recipient":"rviji.1092","order":77933}
2026-08-07T16:52:19+00:00 NOTICE Email "customer_note" for order #77934 not sent: email type is disabled CONTEXT: {"email_type":"customer_note","status":"disabled","recipient":"sd.nisarahmed","order":77934}
2026-08-07T16:52:25+00:00 NOTICE Email "customer_note" for order #77935 not sent: email type is disabled CONTEXT: {"email_type":"customer_note","status":"disabled","recipient":"mpjyoti","order":77935}
2026-08-07T16:52:31+00:00 NOTICE Email "customer_note" for order #77936 not sent: email type is disabled CONTEXT: {"email_type":"customer_note","status":"disabled","recipient":"sangeetharanganath","order":77936}
2026-08-07T16:52:39+00:00 NOTICE Email "customer_note" for order #77937 not sent: email type is disabled CONTEXT: {"email_type":"customer_note","status":"disabled","recipient":"karthikonline","order":77937}
2026-08-07T16:52:48+00:00 NOTICE Email "customer_note" for order #77938 not sent: email type is disabled CONTEXT: {"email_type":"customer_note","status":"disabled","recipient":"rema.vnktsh","order":77938}
2026-08-07T16:52:54+00:00 NOTICE Email "customer_note" for order #77939 not sent: email type is disabled CONTEXT: {"email_type":"customer_note","status":"disabled","recipient":"smriti166","order":77939}
2026-08-07T16:53:01+00:00 NOTICE Email "customer_note" for order #77940 not sent: email type is disabled CONTEXT: {"email_type":"customer_note","status":"disabled","recipient":"anuranjan","order":77940}
2026-08-07T16:53:09+00:00 NOTICE Email "customer_note" for order #77941 not sent: email type is disabled CONTEXT: {"email_type":"customer_note","status":"disabled","recipient":"renga.devarajan","order":77941}
2026-08-07T16:53:15+00:00 NOTICE Email "customer_note" for order #77942 not sent: email type is disabled CONTEXT: {"email_type":"customer_note","status":"disabled","recipient":"ravilochananiyengar","order":77942}
2026-08-07T16:53:21+00:00 NOTICE Email "customer_note" for order #77943 not sent: email type is disabled CONTEXT: {"email_type":"customer_note","status":"disabled","recipient":"tapseshadri56","order":77943}
2026-08-07T16:53:30+00:00 NOTICE Email "customer_note" for order #77944 not sent: email type is disabled CONTEXT: {"email_type":"customer_note","status":"disabled","recipient":"ashval81","order":77944}
2026-08-07T16:53:37+00:00 NOTICE Email "customer_note" for order #77945 not sent: email type is disabled CONTEXT: {"email_type":"customer_note","status":"disabled","recipient":"mohideen.aai","order":77945}
2026-08-07T16:53:43+00:00 NOTICE Email "customer_note" for order #77946 not sent: email type is disabled CONTEXT: {"email_type":"customer_note","status":"disabled","recipient":"sugu4u","order":77946}
2026-08-07T16:53:49+00:00 NOTICE Email "customer_note" for order #77947 not sent: email type is disabled CONTEXT: {"email_type":"customer_note","status":"disabled","recipient":"v.vandhana17","order":77947}
2026-08-07T16:53:54+00:00 NOTICE Email "customer_note" for order #77948 not sent: email type is disabled CONTEXT: {"email_type":"customer_note","status":"disabled","recipient":"mrinal1.618","order":77948}
2026-08-07T16:54:03+00:00 NOTICE Email "customer_note" for order #77949 not sent: email type is disabled CONTEXT: {"email_type":"customer_note","status":"disabled","recipient":"jayashree.ramesh70","order":77949}
2026-08-07T16:54:10+00:00 NOTICE Email "customer_note" for order #77950 not sent: email type is disabled CONTEXT: {"email_type":"customer_note","status":"disabled","recipient":"srinowin","order":77950}
2026-08-07T16:54:16+00:00 NOTICE Email "customer_note" for order #77951 not sent: email type is disabled CONTEXT: {"email_type":"customer_note","status":"disabled","recipient":"nmn.gceb","order":77951}
2026-08-07T16:54:21+00:00 NOTICE Email "customer_note" for order #77952 not sent: email type is disabled CONTEXT: {"email_type":"customer_note","status":"disabled","recipient":"gramyanataraj","order":77952}
2026-08-07T16:54:29+00:00 NOTICE Email "customer_note" for order #77953 not sent: email type is disabled CONTEXT: {"email_type":"customer_note","status":"disabled","recipient":"raviraghav","order":77953}
2026-08-07T16:54:35+00:00 NOTICE Email "customer_note" for order #77954 not sent: email type is disabled CONTEXT: {"email_type":"customer_note","status":"disabled","recipient":"gowrisubha.s","order":77954}
2026-08-07T16:54:41+00:00 NOTICE Email "customer_note" for order #77955 not sent: email type is disabled CONTEXT: {"email_type":"customer_note","status":"disabled","recipient":"ramyajeevanandam","order":77955}
2026-08-07T16:54:47+00:00 NOTICE Email "customer_note" for order #77956 not sent: email type is disabled CONTEXT: {"email_type":"customer_note","status":"disabled","recipient":"anand183","order":77956}
2026-08-07T16:54:53+00:00 NOTICE Email "customer_note" for order #77957 not sent: email type is disabled CONTEXT: {"email_type":"customer_note","status":"disabled","recipient":"anand183","order":77957}
2026-08-07T16:54:59+00:00 NOTICE Email "customer_note" for order #77958 not sent: email type is disabled CONTEXT: {"email_type":"customer_note","status":"disabled","recipient":"viswa22","order":77958}
2026-08-07T16:55:06+00:00 NOTICE Email "customer_note" for order #77959 not sent: email type is disabled CONTEXT: {"email_type":"customer_note","status":"disabled","recipient":"keerthykrish","order":77959}
2026-08-07T16:55:16+00:00 NOTICE Email "customer_note" for order #77960 not sent: email type is disabled CONTEXT: {"email_type":"customer_note","status":"disabled","recipient":"karthi.bala","order":77960}
2026-08-07T16:55:23+00:00 NOTICE Email "customer_note" for order #77961 not sent: email type is disabled CONTEXT: {"email_type":"customer_note","status":"disabled","recipient":"jothikumarkanagaraj","order":77961}
2026-08-07T16:55:30+00:00 NOTICE Email "customer_note" for order #77962 not sent: email type is disabled CONTEXT: {"email_type":"customer_note","status":"disabled","recipient":"abirami025","order":77962}
2026-08-07T16:55:37+00:00 NOTICE Email "customer_note" for order #77963 not sent: email type is disabled CONTEXT: {"email_type":"customer_note","status":"disabled","recipient":"nshanthidurga","order":77963}
2026-08-07T16:55:43+00:00 NOTICE Email "customer_note" for order #77964 not sent: email type is disabled CONTEXT: {"email_type":"customer_note","status":"disabled","recipient":"santasudan","order":77964}
2026-08-07T16:55:51+00:00 NOTICE Email "customer_note" for order #77965 not sent: email type is disabled CONTEXT: {"email_type":"customer_note","status":"disabled","recipient":"vardhini.kalyanaraman","order":77965}
2026-08-07T16:57:02+00:00 NOTICE Email "customer_note" for order #77966 not sent: email type is disabled CONTEXT: {"email_type":"customer_note","status":"disabled","recipient":"a2osriramadesikan","order":77966}
2026-08-07T16:57:08+00:00 NOTICE Email "customer_note" for order #77967 not sent: email type is disabled CONTEXT: {"email_type":"customer_note","status":"disabled","recipient":"a2osriramadesikan","order":77967}
2026-08-07T16:57:14+00:00 NOTICE Email "customer_note" for order #77968 not sent: email type is disabled CONTEXT: {"email_type":"customer_note","status":"disabled","recipient":"guest","order":77968}
2026-08-07T16:57:20+00:00 NOTICE Email "customer_note" for order #77969 not sent: email type is disabled CONTEXT: {"email_type":"customer_note","status":"disabled","recipient":"amarzee","order":77969}
2026-08-07T16:57:27+00:00 NOTICE Email "customer_note" for order #77970 not sent: email type is disabled CONTEXT: {"email_type":"customer_note","status":"disabled","recipient":"saranya.amudhan","order":77970}
2026-08-07T16:57:35+00:00 NOTICE Email "customer_note" for order #77971 not sent: email type is disabled CONTEXT: {"email_type":"customer_note","status":"disabled","recipient":"srksrk","order":77971}
2026-08-07T16:57:43+00:00 NOTICE Email "customer_note" for order #77972 not sent: email type is disabled CONTEXT: {"email_type":"customer_note","status":"disabled","recipient":"lssanadi","order":77972}
2026-08-07T16:57:48+00:00 NOTICE Email "customer_note" for order #77973 not sent: email type is disabled CONTEXT: {"email_type":"customer_note","status":"disabled","recipient":"balajinikhila","order":77973}
2026-08-07T16:57:55+00:00 NOTICE Email "customer_note" for order #77974 not sent: email type is disabled CONTEXT: {"email_type":"customer_note","status":"disabled","recipient":"thanupillai","order":77974}
2026-08-07T16:58:03+00:00 NOTICE Email "customer_note" for order #77975 not sent: email type is disabled CONTEXT: {"email_type":"customer_note","status":"disabled","recipient":"abhir019","order":77975}
2026-08-07T16:58:10+00:00 NOTICE Email "customer_note" for order #77976 not sent: email type is disabled CONTEXT: {"email_type":"customer_note","status":"disabled","recipient":"sayeebrindharanga","order":77976}
2026-08-07T16:58:17+00:00 NOTICE Email "customer_note" for order #77977 not sent: email type is disabled CONTEXT: {"email_type":"customer_note","status":"disabled","recipient":"manjuyes77","order":77977}
2026-08-07T16:58:23+00:00 NOTICE Email "customer_note" for order #77978 not sent: email type is disabled CONTEXT: {"email_type":"customer_note","status":"disabled","recipient":"smadhu","order":77978}
2026-08-07T16:58:29+00:00 NOTICE Email "customer_note" for order #77979 not sent: email type is disabled CONTEXT: {"email_type":"customer_note","status":"disabled","recipient":"smadhu","order":77979}
2026-08-07T16:58:36+00:00 NOTICE Email "customer_note" for order #77980 not sent: email type is disabled CONTEXT: {"email_type":"customer_note","status":"disabled","recipient":"mounikayerasani1989","order":77980}
2026-08-07T16:58:42+00:00 NOTICE Email "customer_note" for order #77981 not sent: email type is disabled CONTEXT: {"email_type":"customer_note","status":"disabled","recipient":"laks.bhavs","order":77981}
2026-08-07T16:58:48+00:00 NOTICE Email "customer_note" for order #77982 not sent: email type is disabled CONTEXT: {"email_type":"customer_note","status":"disabled","recipient":"aravindananthavijayan","order":77982}
2026-08-07T16:58:55+00:00 NOTICE Email "customer_note" for order #77983 not sent: email type is disabled CONTEXT: {"email_type":"customer_note","status":"disabled","recipient":"aravindananthavijayan","order":77983}
2026-08-07T16:59:03+00:00 NOTICE Email "customer_note" for order #77984 not sent: email type is disabled CONTEXT: {"email_type":"customer_note","status":"disabled","recipient":"laddhadmonika","order":77984}
2026-08-07T16:59:10+00:00 NOTICE Email "customer_note" for order #77985 not sent: email type is disabled CONTEXT: {"email_type":"customer_note","status":"disabled","recipient":"msivakr","order":77985}
2026-08-07T16:59:18+00:00 NOTICE Email "customer_note" for order #77986 not sent: email type is disabled CONTEXT: {"email_type":"customer_note","status":"disabled","recipient":"joanjeroline","order":77986}
2026-08-07T16:59:23+00:00 NOTICE Email "customer_note" for order #77987 not sent: email type is disabled CONTEXT: {"email_type":"customer_note","status":"disabled","recipient":"mala.maneck","order":77987}
2026-08-07T16:59:33+00:00 NOTICE Email "customer_note" for order #77988 not sent: email type is disabled CONTEXT: {"email_type":"customer_note","status":"disabled","recipient":"nanadba17","order":77988}
2026-08-07T16:59:41+00:00 NOTICE Email "customer_note" for order #77989 not sent: email type is disabled CONTEXT: {"email_type":"customer_note","status":"disabled","recipient":"nanadba17","order":77989}
2026-08-07T16:59:48+00:00 NOTICE Email "customer_note" for order #77990 not sent: email type is disabled CONTEXT: {"email_type":"customer_note","status":"disabled","recipient":"svardhan51","order":77990}
2026-08-07T16:59:54+00:00 NOTICE Email "customer_note" for order #77991 not sent: email type is disabled CONTEXT: {"email_type":"customer_note","status":"disabled","recipient":"drsguru","order":77991}
2026-08-07T17:00:02+00:00 NOTICE Email "customer_note" for order #77992 not sent: email type is disabled CONTEXT: {"email_type":"customer_note","status":"disabled","recipient":"jothivisvanathan","order":77992}
2026-08-07T17:00:11+00:00 NOTICE Email "customer_note" for order #77993 not sent: email type is disabled CONTEXT: {"email_type":"customer_note","status":"disabled","recipient":"prakashb2k03","order":77993}
2026-08-07T17:00:17+00:00 NOTICE Email "customer_note" for order #77994 not sent: email type is disabled CONTEXT: {"email_type":"customer_note","status":"disabled","recipient":"radhika.sakhuja","order":77994}
2026-08-07T17:00:23+00:00 NOTICE Email "customer_note" for order #77995 not sent: email type is disabled CONTEXT: {"email_type":"customer_note","status":"disabled","recipient":"umail2janet","order":77995}
2026-08-07T17:00:31+00:00 NOTICE Email "customer_note" for order #77996 not sent: email type is disabled CONTEXT: {"email_type":"customer_note","status":"disabled","recipient":"peerkhan","order":77996}
2026-08-07T17:00:39+00:00 NOTICE Email "customer_note" for order #77997 not sent: email type is disabled CONTEXT: {"email_type":"customer_note","status":"disabled","recipient":"tandonamit75","order":77997}
2026-08-07T17:00:45+00:00 NOTICE Email "customer_note" for order #77998 not sent: email type is disabled CONTEXT: {"email_type":"customer_note","status":"disabled","recipient":"pappu.divs","order":77998}
2026-08-07T17:00:52+00:00 NOTICE Email "customer_note" for order #77999 not sent: email type is disabled CONTEXT: {"email_type":"customer_note","status":"disabled","recipient":"pappu.divs","order":77999}
2026-08-07T17:00:58+00:00 NOTICE Email "customer_note" for order #78000 not sent: email type is disabled CONTEXT: {"email_type":"customer_note","status":"disabled","recipient":"priyaraghupathy","order":78000}
2026-08-07T17:01:09+00:00 NOTICE Email "customer_note" for order #78001 not sent: email type is disabled CONTEXT: {"email_type":"customer_note","status":"disabled","recipient":"priyaraghupathy","order":78001}
2026-08-07T17:01:15+00:00 NOTICE Email "customer_note" for order #78002 not sent: email type is disabled CONTEXT: {"email_type":"customer_note","status":"disabled","recipient":"priyaraghupathy","order":78002}
2026-08-07T17:01:24+00:00 NOTICE Email "customer_note" for order #78003 not sent: email type is disabled CONTEXT: {"email_type":"customer_note","status":"disabled","recipient":"rasheedahmed.ar","order":78003}
2026-08-07T17:01:30+00:00 NOTICE Email "customer_note" for order #78004 not sent: email type is disabled CONTEXT: {"email_type":"customer_note","status":"disabled","recipient":"hemavarthini","order":78004}
2026-08-07T17:01:39+00:00 NOTICE Email "customer_note" for order #78005 not sent: email type is disabled CONTEXT: {"email_type":"customer_note","status":"disabled","recipient":"hemavarthini","order":78005}
2026-08-07T17:01:45+00:00 NOTICE Email "customer_note" for order #78006 not sent: email type is disabled CONTEXT: {"email_type":"customer_note","status":"disabled","recipient":"moshina.dharshini","order":78006}
2026-08-07T17:01:51+00:00 NOTICE Email "customer_note" for order #78007 not sent: email type is disabled CONTEXT: {"email_type":"customer_note","status":"disabled","recipient":"rajanvp","order":78007}
2026-08-07T17:01:58+00:00 NOTICE Email "customer_note" for order #78008 not sent: email type is disabled CONTEXT: {"email_type":"customer_note","status":"disabled","recipient":"namanaresh","order":78008}
2026-08-07T17:02:04+00:00 NOTICE Email "customer_note" for order #78009 not sent: email type is disabled CONTEXT: {"email_type":"customer_note","status":"disabled","recipient":"subathra.venkatesh","order":78009}
2026-08-07T17:02:12+00:00 NOTICE Email "customer_note" for order #78010 not sent: email type is disabled CONTEXT: {"email_type":"customer_note","status":"disabled","recipient":"vannitha.s","order":78010}
2026-08-07T17:02:17+00:00 NOTICE Email "customer_note" for order #78011 not sent: email type is disabled CONTEXT: {"email_type":"customer_note","status":"disabled","recipient":"lavanat","order":78011}
2026-08-07T17:02:25+00:00 NOTICE Email "customer_note" for order #78012 not sent: email type is disabled CONTEXT: {"email_type":"customer_note","status":"disabled","recipient":"kkpgreetsu","order":78012}
2026-08-07T17:02:32+00:00 NOTICE Email "customer_note" for order #78013 not sent: email type is disabled CONTEXT: {"email_type":"customer_note","status":"disabled","recipient":"nithyareddy584","order":78013}
2026-08-07T17:02:40+00:00 NOTICE Email "customer_note" for order #78014 not sent: email type is disabled CONTEXT: {"email_type":"customer_note","status":"disabled","recipient":"bobbycmathews","order":78014}
2026-08-07T17:02:47+00:00 NOTICE Email "customer_note" for order #78015 not sent: email type is disabled CONTEXT: {"email_type":"customer_note","status":"disabled","recipient":"skannanv","order":78015}
2026-08-07T17:02:58+00:00 NOTICE Email "customer_note" for order #78016 not sent: email type is disabled CONTEXT: {"email_type":"customer_note","status":"disabled","recipient":"merlia.shaukath","order":78016}
2026-08-07T17:03:05+00:00 NOTICE Email "customer_note" for order #78017 not sent: email type is disabled CONTEXT: {"email_type":"customer_note","status":"disabled","recipient":"msmugesh10","order":78017}
2026-08-07T17:03:11+00:00 NOTICE Email "customer_note" for order #78018 not sent: email type is disabled CONTEXT: {"email_type":"customer_note","status":"disabled","recipient":"imranziya11","order":78018}
2026-08-07T17:03:19+00:00 NOTICE Email "customer_note" for order #78019 not sent: email type is disabled CONTEXT: {"email_type":"customer_note","status":"disabled","recipient":"ashok.infodrive","order":78019}
2026-08-07T17:03:25+00:00 NOTICE Email "customer_note" for order #78020 not sent: email type is disabled CONTEXT: {"email_type":"customer_note","status":"disabled","recipient":"padmasini.bashyam","order":78020}
2026-08-07T17:03:31+00:00 NOTICE Email "customer_note" for order #78021 not sent: email type is disabled CONTEXT: {"email_type":"customer_note","status":"disabled","recipient":"s.babumahesh","order":78021}
2026-08-07T17:03:38+00:00 NOTICE Email "customer_note" for order #78022 not sent: email type is disabled CONTEXT: {"email_type":"customer_note","status":"disabled","recipient":"kashefa5819","order":78022}
2026-08-07T17:03:46+00:00 NOTICE Email "customer_note" for order #78023 not sent: email type is disabled CONTEXT: {"email_type":"customer_note","status":"disabled","recipient":"blog4686","order":78023}
2026-08-07T17:03:54+00:00 NOTICE Email "customer_note" for order #78024 not sent: email type is disabled CONTEXT: {"email_type":"customer_note","status":"disabled","recipient":"ardramana89","order":78024}
2026-08-07T17:04:02+00:00 NOTICE Email "customer_note" for order #78025 not sent: email type is disabled CONTEXT: {"email_type":"customer_note","status":"disabled","recipient":"muthunarayanang","order":78025}
2026-08-07T17:04:08+00:00 NOTICE Email "customer_note" for order #78026 not sent: email type is disabled CONTEXT: {"email_type":"customer_note","status":"disabled","recipient":"navnath.j84","order":78026}
2026-08-07T17:04:16+00:00 NOTICE Email "customer_note" for order #78027 not sent: email type is disabled CONTEXT: {"email_type":"customer_note","status":"disabled","recipient":"miryala.pranahitha","order":78027}
2026-08-07T17:04:22+00:00 NOTICE Email "customer_note" for order #78028 not sent: email type is disabled CONTEXT: {"email_type":"customer_note","status":"disabled","recipient":"rakhi27","order":78028}
2026-08-07T17:04:32+00:00 NOTICE Email "customer_note" for order #78029 not sent: email type is disabled CONTEXT: {"email_type":"customer_note","status":"disabled","recipient":"mahendiran9889","order":78029}
2026-08-07T17:04:38+00:00 NOTICE Email "customer_note" for order #78030 not sent: email type is disabled CONTEXT: {"email_type":"customer_note","status":"disabled","recipient":"drgitasankaran","order":78030}
2026-08-07T17:04:44+00:00 NOTICE Email "customer_note" for order #78031 not sent: email type is disabled CONTEXT: {"email_type":"customer_note","status":"disabled","recipient":"jayalakshmi_kumaresan","order":78031}
2026-08-07T17:04:51+00:00 NOTICE Email "customer_note" for order #78032 not sent: email type is disabled CONTEXT: {"email_type":"customer_note","status":"disabled","recipient":"avrroshini2007","order":78032}
2026-08-07T17:04:58+00:00 NOTICE Email "customer_note" for order #78033 not sent: email type is disabled CONTEXT: {"email_type":"customer_note","status":"disabled","recipient":"srik.varad","order":78033}
2026-08-07T17:05:05+00:00 NOTICE Email "customer_note" for order #78034 not sent: email type is disabled CONTEXT: {"email_type":"customer_note","status":"disabled","recipient":"shubhamsolanki163","order":78034}
2026-08-07T17:06:58+00:00 NOTICE Email "customer_note" for order #78035 not sent: email type is disabled CONTEXT: {"email_type":"customer_note","status":"disabled","recipient":"deepikanagasamy","order":78035}
2026-08-07T17:07:07+00:00 NOTICE Email "customer_note" for order #78036 not sent: email type is disabled CONTEXT: {"email_type":"customer_note","status":"disabled","recipient":"deepikanagasamy","order":78036}
2026-08-07T17:07:17+00:00 NOTICE Email "customer_note" for order #78037 not sent: email type is disabled CONTEXT: {"email_type":"customer_note","status":"disabled","recipient":"sandhiyamadanagopal","order":78037}
2026-08-07T17:07:25+00:00 NOTICE Email "customer_note" for order #78038 not sent: email type is disabled CONTEXT: {"email_type":"customer_note","status":"disabled","recipient":"nritijuna","order":78038}
2026-08-07T17:07:31+00:00 NOTICE Email "customer_note" for order #78039 not sent: email type is disabled CONTEXT: {"email_type":"customer_note","status":"disabled","recipient":"joechris.j","order":78039}
2026-08-07T17:07:37+00:00 NOTICE Email "customer_note" for order #78040 not sent: email type is disabled CONTEXT: {"email_type":"customer_note","status":"disabled","recipient":"vini.ramani","order":78040}
2026-08-07T17:07:45+00:00 NOTICE Email "customer_note" for order #78041 not sent: email type is disabled CONTEXT: {"email_type":"customer_note","status":"disabled","recipient":"bindu.kakani","order":78041}
2026-08-07T17:07:51+00:00 NOTICE Email "customer_note" for order #78042 not sent: email type is disabled CONTEXT: {"email_type":"customer_note","status":"disabled","recipient":"pujaquiet","order":78042}
2026-08-07T17:08:00+00:00 NOTICE Email "customer_note" for order #78043 not sent: email type is disabled CONTEXT: {"email_type":"customer_note","status":"disabled","recipient":"sampath.alex","order":78043}
2026-08-07T17:08:08+00:00 NOTICE Email "customer_note" for order #78044 not sent: email type is disabled CONTEXT: {"email_type":"customer_note","status":"disabled","recipient":"ven_v2","order":78044}
2026-08-07T17:08:14+00:00 NOTICE Email "customer_note" for order #78045 not sent: email type is disabled CONTEXT: {"email_type":"customer_note","status":"disabled","recipient":"madhumathic","order":78045}
2026-08-07T17:08:20+00:00 NOTICE Email "customer_note" for order #78046 not sent: email type is disabled CONTEXT: {"email_type":"customer_note","status":"disabled","recipient":"deepakhraj","order":78046}
2026-08-07T17:08:29+00:00 NOTICE Email "customer_note" for order #78047 not sent: email type is disabled CONTEXT: {"email_type":"customer_note","status":"disabled","recipient":"sucharita.anand2","order":78047}
2026-08-07T17:08:36+00:00 NOTICE Email "customer_note" for order #78048 not sent: email type is disabled CONTEXT: {"email_type":"customer_note","status":"disabled","recipient":"capt.6516ansari","order":78048}
2026-08-07T17:08:45+00:00 NOTICE Email "customer_note" for order #78049 not sent: email type is disabled CONTEXT: {"email_type":"customer_note","status":"disabled","recipient":"shanky.viswanathan","order":78049}
2026-08-07T17:08:52+00:00 NOTICE Email "customer_note" for order #78050 not sent: email type is disabled CONTEXT: {"email_type":"customer_note","status":"disabled","recipient":"sivaranjani2282","order":78050}
2026-08-07T17:08:58+00:00 NOTICE Email "customer_note" for order #78051 not sent: email type is disabled CONTEXT: {"email_type":"customer_note","status":"disabled","recipient":"swathu20","order":78051}
2026-08-07T17:09:05+00:00 NOTICE Email "customer_note" for order #78052 not sent: email type is disabled CONTEXT: {"email_type":"customer_note","status":"disabled","recipient":"raji.sreeprakash","order":78052}
2026-08-07T17:09:11+00:00 NOTICE Email "customer_note" for order #78053 not sent: email type is disabled CONTEXT: {"email_type":"customer_note","status":"disabled","recipient":"khkarthick","order":78053}
2026-08-07T17:09:18+00:00 NOTICE Email "customer_note" for order #78054 not sent: email type is disabled CONTEXT: {"email_type":"customer_note","status":"disabled","recipient":"ganeshp2","order":78054}
2026-08-07T17:09:25+00:00 NOTICE Email "customer_note" for order #78055 not sent: email type is disabled CONTEXT: {"email_type":"customer_note","status":"disabled","recipient":"eksamy.subscribe","order":78055}
2026-08-07T17:09:31+00:00 NOTICE Email "customer_note" for order #78056 not sent: email type is disabled CONTEXT: {"email_type":"customer_note","status":"disabled","recipient":"kannammalknp","order":78056}
2026-08-07T17:09:40+00:00 NOTICE Email "customer_note" for order #78057 not sent: email type is disabled CONTEXT: {"email_type":"customer_note","status":"disabled","recipient":"karthik.thandapani","order":78057}
2026-08-07T17:09:47+00:00 NOTICE Email "customer_note" for order #78058 not sent: email type is disabled CONTEXT: {"email_type":"customer_note","status":"disabled","recipient":"danishs764","order":78058}
2026-08-07T17:09:56+00:00 NOTICE Email "customer_note" for order #78059 not sent: email type is disabled CONTEXT: {"email_type":"customer_note","status":"disabled","recipient":"srinivas6rao","order":78059}
2026-08-07T17:10:03+00:00 NOTICE Email "customer_note" for order #78060 not sent: email type is disabled CONTEXT: {"email_type":"customer_note","status":"disabled","recipient":"divioct23","order":78060}
2026-08-07T17:10:11+00:00 NOTICE Email "customer_note" for order #78061 not sent: email type is disabled CONTEXT: {"email_type":"customer_note","status":"disabled","recipient":"krishhants","order":78061}
2026-08-07T17:10:17+00:00 NOTICE Email "customer_note" for order #78062 not sent: email type is disabled CONTEXT: {"email_type":"customer_note","status":"disabled","recipient":"ckvarier","order":78062}
2026-08-07T17:10:23+00:00 NOTICE Email "customer_note" for order #78063 not sent: email type is disabled CONTEXT: {"email_type":"customer_note","status":"disabled","recipient":"krishnagseshadri","order":78063}
2026-08-07T17:10:35+00:00 NOTICE Email "customer_note" for order #78064 not sent: email type is disabled CONTEXT: {"email_type":"customer_note","status":"disabled","recipient":"krishnagseshadri","order":78064}
2026-08-07T17:10:43+00:00 NOTICE Email "customer_note" for order #78065 not sent: email type is disabled CONTEXT: {"email_type":"customer_note","status":"disabled","recipient":"gayviji","order":78065}
2026-08-07T17:10:51+00:00 NOTICE Email "customer_note" for order #78066 not sent: email type is disabled CONTEXT: {"email_type":"customer_note","status":"disabled","recipient":"raghavan512000","order":78066}
2026-08-07T17:10:57+00:00 NOTICE Email "customer_note" for order #78067 not sent: email type is disabled CONTEXT: {"email_type":"customer_note","status":"disabled","recipient":"baggubhargav","order":78067}
2026-08-07T17:11:36+00:00 NOTICE Email "customer_note" for order #78068 not sent: email type is disabled CONTEXT: {"email_type":"customer_note","status":"disabled","recipient":"tanya.ganesan04","order":78068}
2026-08-07T17:11:43+00:00 NOTICE Email "customer_note" for order #78069 not sent: email type is disabled CONTEXT: {"email_type":"customer_note","status":"disabled","recipient":"vaishnavi.kandala","order":78069}
2026-08-07T17:11:50+00:00 NOTICE Email "customer_note" for order #78070 not sent: email type is disabled CONTEXT: {"email_type":"customer_note","status":"disabled","recipient":"vaishnavi.kandala","order":78070}
2026-08-07T17:11:58+00:00 NOTICE Email "customer_note" for order #78071 not sent: email type is disabled CONTEXT: {"email_type":"customer_note","status":"disabled","recipient":"dndmi","order":78071}
2026-08-07T17:12:07+00:00 NOTICE Email "customer_note" for order #78072 not sent: email type is disabled CONTEXT: {"email_type":"customer_note","status":"disabled","recipient":"gjnithyashankari","order":78072}
2026-08-07T17:12:13+00:00 NOTICE Email "customer_note" for order #78073 not sent: email type is disabled CONTEXT: {"email_type":"customer_note","status":"disabled","recipient":"elisha.ebenezer","order":78073}
2026-08-07T17:12:21+00:00 NOTICE Email "customer_note" for order #78074 not sent: email type is disabled CONTEXT: {"email_type":"customer_note","status":"disabled","recipient":"monicaevangeline","order":78074}
2026-08-07T17:12:27+00:00 NOTICE Email "customer_note" for order #78075 not sent: email type is disabled CONTEXT: {"email_type":"customer_note","status":"disabled","recipient":"nithyaprimrose","order":78075}
2026-08-07T17:12:37+00:00 NOTICE Email "customer_note" for order #78076 not sent: email type is disabled CONTEXT: {"email_type":"customer_note","status":"disabled","recipient":"mail2parthig","order":78076}
2026-08-07T17:12:44+00:00 NOTICE Email "customer_note" for order #78077 not sent: email type is disabled CONTEXT: {"email_type":"customer_note","status":"disabled","recipient":"agatha.ryazhl","order":78077}
2026-08-07T17:12:51+00:00 NOTICE Email "customer_note" for order #78078 not sent: email type is disabled CONTEXT: {"email_type":"customer_note","status":"disabled","recipient":"agatha.ryazhl","order":78078}
2026-08-07T17:12:59+00:00 NOTICE Email "customer_note" for order #78079 not sent: email type is disabled CONTEXT: {"email_type":"customer_note","status":"disabled","recipient":"suganyaindia","order":78079}
2026-08-07T17:13:07+00:00 NOTICE Email "customer_note" for order #78080 not sent: email type is disabled CONTEXT: {"email_type":"customer_note","status":"disabled","recipient":"durgaa.v","order":78080}
2026-08-07T17:13:14+00:00 NOTICE Email "customer_note" for order #78081 not sent: email type is disabled CONTEXT: {"email_type":"customer_note","status":"disabled","recipient":"rajeswari.sivam","order":78081}
2026-08-07T17:13:20+00:00 NOTICE Email "customer_note" for order #78082 not sent: email type is disabled CONTEXT: {"email_type":"customer_note","status":"disabled","recipient":"vasanthnc","order":78082}
2026-08-07T17:13:28+00:00 NOTICE Email "customer_note" for order #78083 not sent: email type is disabled CONTEXT: {"email_type":"customer_note","status":"disabled","recipient":"flamingotravels2010","order":78083}
2026-08-07T17:13:36+00:00 NOTICE Email "customer_note" for order #78084 not sent: email type is disabled CONTEXT: {"email_type":"customer_note","status":"disabled","recipient":"syed.wasim4567","order":78084}
2026-08-07T17:13:45+00:00 NOTICE Email "customer_note" for order #78085 not sent: email type is disabled CONTEXT: {"email_type":"customer_note","status":"disabled","recipient":"acgsruthi16","order":78085}
2026-08-07T17:13:51+00:00 NOTICE Email "customer_note" for order #78086 not sent: email type is disabled CONTEXT: {"email_type":"customer_note","status":"disabled","recipient":"vani.vj","order":78086}
2026-08-07T17:14:00+00:00 NOTICE Email "customer_note" for order #78087 not sent: email type is disabled CONTEXT: {"email_type":"customer_note","status":"disabled","recipient":"naveen.durai92","order":78087}
2026-08-07T17:14:08+00:00 NOTICE Email "customer_note" for order #78088 not sent: email type is disabled CONTEXT: {"email_type":"customer_note","status":"disabled","recipient":"viveksundar","order":78088}
2026-08-07T17:14:16+00:00 NOTICE Email "customer_note" for order #78089 not sent: email type is disabled CONTEXT: {"email_type":"customer_note","status":"disabled","recipient":"vanisidz","order":78089}
2026-08-07T17:14:25+00:00 NOTICE Email "customer_note" for order #78090 not sent: email type is disabled CONTEXT: {"email_type":"customer_note","status":"disabled","recipient":"vsimpson","order":78090}
2026-08-07T17:14:32+00:00 NOTICE Email "customer_note" for order #78091 not sent: email type is disabled CONTEXT: {"email_type":"customer_note","status":"disabled","recipient":"pathu02","order":78091}
2026-08-07T17:14:41+00:00 NOTICE Email "customer_note" for order #78092 not sent: email type is disabled CONTEXT: {"email_type":"customer_note","status":"disabled","recipient":"deepkamalverma28","order":78092}
2026-08-07T17:14:50+00:00 NOTICE Email "customer_note" for order #78093 not sent: email type is disabled CONTEXT: {"email_type":"customer_note","status":"disabled","recipient":"arvind.ashok","order":78093}
2026-08-07T17:15:00+00:00 NOTICE Email "customer_note" for order #78094 not sent: email type is disabled CONTEXT: {"email_type":"customer_note","status":"disabled","recipient":"suneelsunsoft","order":78094}
2026-08-07T17:15:08+00:00 NOTICE Email "customer_note" for order #78095 not sent: email type is disabled CONTEXT: {"email_type":"customer_note","status":"disabled","recipient":"suneelsunsoft","order":78095}
2026-08-07T17:15:17+00:00 NOTICE Email "customer_note" for order #78096 not sent: email type is disabled CONTEXT: {"email_type":"customer_note","status":"disabled","recipient":"jhanani.montessori","order":78096}
2026-08-07T17:15:27+00:00 NOTICE Email "customer_note" for order #78097 not sent: email type is disabled CONTEXT: {"email_type":"customer_note","status":"disabled","recipient":"aishwarya4a","order":78097}
2026-08-07T17:15:33+00:00 NOTICE Email "customer_note" for order #78098 not sent: email type is disabled CONTEXT: {"email_type":"customer_note","status":"disabled","recipient":"monishakannusamy","order":78098}
2026-08-07T17:16:37+00:00 NOTICE Email "customer_note" for order #78099 not sent: email type is disabled CONTEXT: {"email_type":"customer_note","status":"disabled","recipient":"poba99ads","order":78099}
2026-08-07T17:16:54+00:00 NOTICE Email "customer_note" for order #78100 not sent: email type is disabled CONTEXT: {"email_type":"customer_note","status":"disabled","recipient":"shankark313","order":78100}
2026-08-07T17:17:07+00:00 NOTICE Email "customer_note" for order #78101 not sent: email type is disabled CONTEXT: {"email_type":"customer_note","status":"disabled","recipient":"sameerkumar.vn","order":78101}
2026-08-07T17:17:19+00:00 NOTICE Email "customer_note" for order #78102 not sent: email type is disabled CONTEXT: {"email_type":"customer_note","status":"disabled","recipient":"sameerkumar.vn","order":78102}
2026-08-07T17:17:35+00:00 NOTICE Email "customer_note" for order #78103 not sent: email type is disabled CONTEXT: {"email_type":"customer_note","status":"disabled","recipient":"abhishekgaur.79","order":78103}
2026-08-07T17:17:44+00:00 NOTICE Email "customer_note" for order #78104 not sent: email type is disabled CONTEXT: {"email_type":"customer_note","status":"disabled","recipient":"nareshmuthiah","order":78104}
2026-08-07T17:17:51+00:00 NOTICE Email "customer_note" for order #78105 not sent: email type is disabled CONTEXT: {"email_type":"customer_note","status":"disabled","recipient":"swathi270391","order":78105}
2026-08-07T17:17:58+00:00 NOTICE Email "customer_note" for order #78106 not sent: email type is disabled CONTEXT: {"email_type":"customer_note","status":"disabled","recipient":"iluvgold6","order":78106}
2026-08-07T17:18:07+00:00 NOTICE Email "customer_note" for order #78107 not sent: email type is disabled CONTEXT: {"email_type":"customer_note","status":"disabled","recipient":"nanditha.sivaramakrishnan","order":78107}
2026-08-07T17:18:14+00:00 NOTICE Email "customer_note" for order #78108 not sent: email type is disabled CONTEXT: {"email_type":"customer_note","status":"disabled","recipient":"vijikrish85","order":78108}
2026-08-07T17:18:22+00:00 NOTICE Email "customer_note" for order #78109 not sent: email type is disabled CONTEXT: {"email_type":"customer_note","status":"disabled","recipient":"mrsananthavalli","order":78109}
2026-08-07T17:18:29+00:00 NOTICE Email "customer_note" for order #78110 not sent: email type is disabled CONTEXT: {"email_type":"customer_note","status":"disabled","recipient":"mrsananthavalli","order":78110}
2026-08-07T17:18:37+00:00 NOTICE Email "customer_note" for order #78111 not sent: email type is disabled CONTEXT: {"email_type":"customer_note","status":"disabled","recipient":"sudhanshu.shukla86","order":78111}
2026-08-07T17:18:47+00:00 NOTICE Email "customer_note" for order #78112 not sent: email type is disabled CONTEXT: {"email_type":"customer_note","status":"disabled","recipient":"febinar","order":78112}
2026-08-07T17:18:57+00:00 NOTICE Email "customer_note" for order #78113 not sent: email type is disabled CONTEXT: {"email_type":"customer_note","status":"disabled","recipient":"prakashbhai123","order":78113}
2026-08-07T17:19:04+00:00 NOTICE Email "customer_note" for order #78114 not sent: email type is disabled CONTEXT: {"email_type":"customer_note","status":"disabled","recipient":"prakashbhai123","order":78114}
2026-08-07T17:19:10+00:00 NOTICE Email "customer_note" for order #78115 not sent: email type is disabled CONTEXT: {"email_type":"customer_note","status":"disabled","recipient":"squareofgold","order":78115}
2026-08-07T17:19:19+00:00 NOTICE Email "customer_note" for order #78116 not sent: email type is disabled CONTEXT: {"email_type":"customer_note","status":"disabled","recipient":"anushb6","order":78116}
2026-08-07T17:19:25+00:00 NOTICE Email "customer_note" for order #78117 not sent: email type is disabled CONTEXT: {"email_type":"customer_note","status":"disabled","recipient":"anushb6","order":78117}
2026-08-07T17:19:34+00:00 NOTICE Email "customer_note" for order #78118 not sent: email type is disabled CONTEXT: {"email_type":"customer_note","status":"disabled","recipient":"tincysarasolomon","order":78118}
2026-08-07T17:19:41+00:00 NOTICE Email "customer_note" for order #78119 not sent: email type is disabled CONTEXT: {"email_type":"customer_note","status":"disabled","recipient":"sandyraja","order":78119}
2026-08-07T17:19:49+00:00 NOTICE Email "customer_note" for order #78120 not sent: email type is disabled CONTEXT: {"email_type":"customer_note","status":"disabled","recipient":"ramsarun1","order":78120}
2026-08-07T17:19:57+00:00 NOTICE Email "customer_note" for order #78121 not sent: email type is disabled CONTEXT: {"email_type":"customer_note","status":"disabled","recipient":"kumaralagappan","order":78121}
2026-08-07T17:20:03+00:00 NOTICE Email "customer_note" for order #78122 not sent: email type is disabled CONTEXT: {"email_type":"customer_note","status":"disabled","recipient":"meenatom","order":78122}
2026-08-07T17:20:11+00:00 NOTICE Email "customer_note" for order #78123 not sent: email type is disabled CONTEXT: {"email_type":"customer_note","status":"disabled","recipient":"balachandar.chinta","order":78123}
2026-08-07T17:20:18+00:00 NOTICE Email "customer_note" for order #78124 not sent: email type is disabled CONTEXT: {"email_type":"customer_note","status":"disabled","recipient":"anishamn","order":78124}
2026-08-07T17:20:24+00:00 NOTICE Email "customer_note" for order #78125 not sent: email type is disabled CONTEXT: {"email_type":"customer_note","status":"disabled","recipient":"psdvpraju","order":78125}
2026-08-07T17:20:31+00:00 NOTICE Email "customer_note" for order #78126 not sent: email type is disabled CONTEXT: {"email_type":"customer_note","status":"disabled","recipient":"gunasekaran.babu","order":78126}
2026-08-07T17:20:40+00:00 NOTICE Email "customer_note" for order #78127 not sent: email type is disabled CONTEXT: {"email_type":"customer_note","status":"disabled","recipient":"jayshreethaker1","order":78127}
2026-08-07T17:20:48+00:00 NOTICE Email "customer_note" for order #78128 not sent: email type is disabled CONTEXT: {"email_type":"customer_note","status":"disabled","recipient":"ramyabashyam298","order":78128}
2026-08-07T17:20:56+00:00 NOTICE Email "customer_note" for order #78130 not sent: email type is disabled CONTEXT: {"email_type":"customer_note","status":"disabled","recipient":"gary3889","order":78130}
2026-08-07T17:21:06+00:00 NOTICE Email "customer_note" for order #78131 not sent: email type is disabled CONTEXT: {"email_type":"customer_note","status":"disabled","recipient":"ragulrajamani","order":78131}
2026-08-07T17:21:13+00:00 NOTICE Email "customer_note" for order #78132 not sent: email type is disabled CONTEXT: {"email_type":"customer_note","status":"disabled","recipient":"nrrlatha","order":78132}
2026-08-07T17:21:21+00:00 NOTICE Email "customer_note" for order #78133 not sent: email type is disabled CONTEXT: {"email_type":"customer_note","status":"disabled","recipient":"smadhumitha","order":78133}
2026-08-07T17:21:27+00:00 NOTICE Email "customer_note" for order #78134 not sent: email type is disabled CONTEXT: {"email_type":"customer_note","status":"disabled","recipient":"its_bijur","order":78134}
2026-08-07T17:21:32+00:00 NOTICE Email "customer_note" for order #78135 not sent: email type is disabled CONTEXT: {"email_type":"customer_note","status":"disabled","recipient":"dinesh.kmurthy","order":78135}
2026-08-07T17:21:40+00:00 NOTICE Email "customer_note" for order #78136 not sent: email type is disabled CONTEXT: {"email_type":"customer_note","status":"disabled","recipient":"ambica11880","order":78136}
2026-08-07T17:21:48+00:00 NOTICE Email "customer_note" for order #78137 not sent: email type is disabled CONTEXT: {"email_type":"customer_note","status":"disabled","recipient":"sainikamini045","order":78137}
2026-08-07T17:21:54+00:00 NOTICE Email "customer_note" for order #78138 not sent: email type is disabled CONTEXT: {"email_type":"customer_note","status":"disabled","recipient":"bhradv73","order":78138}
2026-08-07T17:22:00+00:00 NOTICE Email "customer_note" for order #78139 not sent: email type is disabled CONTEXT: {"email_type":"customer_note","status":"disabled","recipient":"jayanthi.hari","order":78139}
2026-08-07T17:22:07+00:00 NOTICE Email "customer_note" for order #78140 not sent: email type is disabled CONTEXT: {"email_type":"customer_note","status":"disabled","recipient":"ra.ramesh1963","order":78140}
2026-08-07T17:22:13+00:00 NOTICE Email "customer_note" for order #78141 not sent: email type is disabled CONTEXT: {"email_type":"customer_note","status":"disabled","recipient":"kkaran1993","order":78141}
2026-08-07T17:22:21+00:00 NOTICE Email "customer_note" for order #78142 not sent: email type is disabled CONTEXT: {"email_type":"customer_note","status":"disabled","recipient":"dhyaneshwarganesh","order":78142}
2026-08-07T17:22:28+00:00 NOTICE Email "customer_note" for order #78143 not sent: email type is disabled CONTEXT: {"email_type":"customer_note","status":"disabled","recipient":"vinitha_jpr","order":78143}
2026-08-07T17:22:35+00:00 NOTICE Email "customer_note" for order #78144 not sent: email type is disabled CONTEXT: {"email_type":"customer_note","status":"disabled","recipient":"ums.susmitha","order":78144}
2026-08-07T17:22:44+00:00 NOTICE Email "customer_note" for order #78145 not sent: email type is disabled CONTEXT: {"email_type":"customer_note","status":"disabled","recipient":"nathanveer","order":78145}
2026-08-07T17:22:50+00:00 NOTICE Email "customer_note" for order #78146 not sent: email type is disabled CONTEXT: {"email_type":"customer_note","status":"disabled","recipient":"aprajita_sapra","order":78146}
2026-08-07T17:22:59+00:00 NOTICE Email "customer_note" for order #78147 not sent: email type is disabled CONTEXT: {"email_type":"customer_note","status":"disabled","recipient":"shopping.sivasuganya","order":78147}
2026-08-07T17:23:07+00:00 NOTICE Email "customer_note" for order #78148 not sent: email type is disabled CONTEXT: {"email_type":"customer_note","status":"disabled","recipient":"captainharisd","order":78148}
2026-08-07T17:23:15+00:00 NOTICE Email "customer_note" for order #78149 not sent: email type is disabled CONTEXT: {"email_type":"customer_note","status":"disabled","recipient":"sashi.santhosh","order":78149}
2026-08-07T17:23:22+00:00 NOTICE Email "customer_note" for order #78150 not sent: email type is disabled CONTEXT: {"email_type":"customer_note","status":"disabled","recipient":"rithvikmahendhiran","order":78150}
2026-08-07T17:23:28+00:00 NOTICE Email "customer_note" for order #78151 not sent: email type is disabled CONTEXT: {"email_type":"customer_note","status":"disabled","recipient":"muralicbe83","order":78151}
2026-08-07T17:23:34+00:00 NOTICE Email "customer_note" for order #78152 not sent: email type is disabled CONTEXT: {"email_type":"customer_note","status":"disabled","recipient":"vanajhari","order":78152}
2026-08-07T17:23:40+00:00 NOTICE Email "customer_note" for order #78153 not sent: email type is disabled CONTEXT: {"email_type":"customer_note","status":"disabled","recipient":"r.gauthamraj","order":78153}
2026-08-07T17:23:46+00:00 NOTICE Email "customer_note" for order #78154 not sent: email type is disabled CONTEXT: {"email_type":"customer_note","status":"disabled","recipient":"kamatchisatheeshkumar","order":78154}
2026-08-07T17:23:54+00:00 NOTICE Email "customer_note" for order #78155 not sent: email type is disabled CONTEXT: {"email_type":"customer_note","status":"disabled","recipient":"ramchandra_madhu","order":78155}
2026-08-07T17:24:00+00:00 NOTICE Email "customer_note" for order #78156 not sent: email type is disabled CONTEXT: {"email_type":"customer_note","status":"disabled","recipient":"sdibrahim.asi","order":78156}
2026-08-07T17:24:06+00:00 NOTICE Email "customer_note" for order #78157 not sent: email type is disabled CONTEXT: {"email_type":"customer_note","status":"disabled","recipient":"leorajkumars","order":78157}
2026-08-07T17:24:11+00:00 NOTICE Email "customer_note" for order #78158 not sent: email type is disabled CONTEXT: {"email_type":"customer_note","status":"disabled","recipient":"subhanainar","order":78158}
2026-08-07T17:24:17+00:00 NOTICE Email "customer_note" for order #78159 not sent: email type is disabled CONTEXT: {"email_type":"customer_note","status":"disabled","recipient":"sinhaarun59","order":78159}
2026-08-07T17:24:23+00:00 NOTICE Email "customer_note" for order #78160 not sent: email type is disabled CONTEXT: {"email_type":"customer_note","status":"disabled","recipient":"emiljoshva","order":78160}
2026-08-07T17:24:28+00:00 NOTICE Email "customer_note" for order #78161 not sent: email type is disabled CONTEXT: {"email_type":"customer_note","status":"disabled","recipient":"spavithrasundar","order":78161}
2026-08-07T17:24:36+00:00 NOTICE Email "customer_note" for order #78162 not sent: email type is disabled CONTEXT: {"email_type":"customer_note","status":"disabled","recipient":"rigin.raj","order":78162}
2026-08-07T17:26:46+00:00 NOTICE Email "customer_note" for order #78163 not sent: email type is disabled CONTEXT: {"email_type":"customer_note","status":"disabled","recipient":"maheshvangala","order":78163}
2026-08-07T17:26:54+00:00 NOTICE Email "customer_note" for order #78164 not sent: email type is disabled CONTEXT: {"email_type":"customer_note","status":"disabled","recipient":"kaliyaperumal","order":78164}
2026-08-07T17:27:01+00:00 NOTICE Email "customer_note" for order #78165 not sent: email type is disabled CONTEXT: {"email_type":"customer_note","status":"disabled","recipient":"jayendra.panchapakesan","order":78165}
2026-08-07T17:27:07+00:00 NOTICE Email "customer_note" for order #78166 not sent: email type is disabled CONTEXT: {"email_type":"customer_note","status":"disabled","recipient":"ayushnarpatparakh","order":78166}
2026-08-07T17:27:15+00:00 NOTICE Email "customer_note" for order #78167 not sent: email type is disabled CONTEXT: {"email_type":"customer_note","status":"disabled","recipient":"sul.rahman","order":78167}
2026-08-07T17:27:22+00:00 NOTICE Email "customer_note" for order #78168 not sent: email type is disabled CONTEXT: {"email_type":"customer_note","status":"disabled","recipient":"ramarama56","order":78168}
2026-08-07T17:27:29+00:00 NOTICE Email "customer_note" for order #78169 not sent: email type is disabled CONTEXT: {"email_type":"customer_note","status":"disabled","recipient":"nanduparekh777","order":78169}
2026-08-07T17:27:36+00:00 NOTICE Email "customer_note" for order #78170 not sent: email type is disabled CONTEXT: {"email_type":"customer_note","status":"disabled","recipient":"srisanss22","order":78170}
2026-08-07T17:27:43+00:00 NOTICE Email "customer_note" for order #78171 not sent: email type is disabled CONTEXT: {"email_type":"customer_note","status":"disabled","recipient":"vharika9999","order":78171}
2026-08-07T17:27:51+00:00 NOTICE Email "customer_note" for order #78172 not sent: email type is disabled CONTEXT: {"email_type":"customer_note","status":"disabled","recipient":"sri","order":78172}
2026-08-07T17:27:59+00:00 NOTICE Email "customer_note" for order #78173 not sent: email type is disabled CONTEXT: {"email_type":"customer_note","status":"disabled","recipient":"srividhyaragavendran17","order":78173}
2026-08-07T17:28:06+00:00 NOTICE Email "customer_note" for order #78174 not sent: email type is disabled CONTEXT: {"email_type":"customer_note","status":"disabled","recipient":"anushadoraiswamy","order":78174}
2026-08-07T17:28:13+00:00 NOTICE Email "customer_note" for order #78175 not sent: email type is disabled CONTEXT: {"email_type":"customer_note","status":"disabled","recipient":"chuvi2009","order":78175}
2026-08-07T17:28:19+00:00 NOTICE Email "customer_note" for order #78176 not sent: email type is disabled CONTEXT: {"email_type":"customer_note","status":"disabled","recipient":"keetsraj","order":78176}
2026-08-07T17:28:25+00:00 NOTICE Email "customer_note" for order #78177 not sent: email type is disabled CONTEXT: {"email_type":"customer_note","status":"disabled","recipient":"vidyaven","order":78177}
2026-08-07T17:28:34+00:00 NOTICE Email "customer_note" for order #78178 not sent: email type is disabled CONTEXT: {"email_type":"customer_note","status":"disabled","recipient":"drarshee","order":78178}
2026-08-07T17:28:40+00:00 NOTICE Email "customer_note" for order #78179 not sent: email type is disabled CONTEXT: {"email_type":"customer_note","status":"disabled","recipient":"chitvanp","order":78179}
2026-08-07T17:28:47+00:00 NOTICE Email "customer_note" for order #78180 not sent: email type is disabled CONTEXT: {"email_type":"customer_note","status":"disabled","recipient":"chitvanp","order":78180}
2026-08-07T17:28:53+00:00 NOTICE Email "customer_note" for order #78181 not sent: email type is disabled CONTEXT: {"email_type":"customer_note","status":"disabled","recipient":"sharmilakrishnan","order":78181}
2026-08-07T17:29:00+00:00 NOTICE Email "customer_note" for order #78182 not sent: email type is disabled CONTEXT: {"email_type":"customer_note","status":"disabled","recipient":"reshmi.ganapathy","order":78182}
2026-08-07T17:29:06+00:00 NOTICE Email "customer_note" for order #78183 not sent: email type is disabled CONTEXT: {"email_type":"customer_note","status":"disabled","recipient":"navya.kari34","order":78183}
2026-08-07T17:29:12+00:00 NOTICE Email "customer_note" for order #78184 not sent: email type is disabled CONTEXT: {"email_type":"customer_note","status":"disabled","recipient":"senthil4117","order":78184}
2026-08-07T17:29:19+00:00 NOTICE Email "customer_note" for order #78185 not sent: email type is disabled CONTEXT: {"email_type":"customer_note","status":"disabled","recipient":"ganapathy196603santhi","order":78185}
2026-08-07T17:29:25+00:00 NOTICE Email "customer_note" for order #78186 not sent: email type is disabled CONTEXT: {"email_type":"customer_note","status":"disabled","recipient":"ankitabetala.2014","order":78186}
2026-08-07T17:29:32+00:00 NOTICE Email "customer_note" for order #78187 not sent: email type is disabled CONTEXT: {"email_type":"customer_note","status":"disabled","recipient":"gasiveshvarshan","order":78187}
2026-08-07T17:29:38+00:00 NOTICE Email "customer_note" for order #78188 not sent: email type is disabled CONTEXT: {"email_type":"customer_note","status":"disabled","recipient":"kalpanakarthikaug22","order":78188}
2026-08-07T17:29:45+00:00 NOTICE Email "customer_note" for order #78189 not sent: email type is disabled CONTEXT: {"email_type":"customer_note","status":"disabled","recipient":"sravanthichalla450","order":78189}
2026-08-07T17:29:51+00:00 NOTICE Email "customer_note" for order #78190 not sent: email type is disabled CONTEXT: {"email_type":"customer_note","status":"disabled","recipient":"minu.manohar13","order":78190}
2026-08-07T17:29:57+00:00 NOTICE Email "customer_note" for order #78191 not sent: email type is disabled CONTEXT: {"email_type":"customer_note","status":"disabled","recipient":"dhamuvenkat","order":78191}
2026-08-07T17:30:03+00:00 NOTICE Email "customer_note" for order #78192 not sent: email type is disabled CONTEXT: {"email_type":"customer_note","status":"disabled","recipient":"drlakshmibaskar","order":78192}
2026-08-07T17:30:09+00:00 NOTICE Email "customer_note" for order #78193 not sent: email type is disabled CONTEXT: {"email_type":"customer_note","status":"disabled","recipient":"helina06","order":78193}
2026-08-07T17:30:15+00:00 NOTICE Email "customer_note" for order #78194 not sent: email type is disabled CONTEXT: {"email_type":"customer_note","status":"disabled","recipient":"asmnaveen","order":78194}
2026-08-07T17:30:22+00:00 NOTICE Email "customer_note" for order #78195 not sent: email type is disabled CONTEXT: {"email_type":"customer_note","status":"disabled","recipient":"claramleonard89","order":78195}
2026-08-07T17:30:30+00:00 NOTICE Email "customer_note" for order #78196 not sent: email type is disabled CONTEXT: {"email_type":"customer_note","status":"disabled","recipient":"rajagopal_msr","order":78196}
2026-08-07T17:30:39+00:00 NOTICE Email "customer_note" for order #78197 not sent: email type is disabled CONTEXT: {"email_type":"customer_note","status":"disabled","recipient":"ranishan","order":78197}
2026-08-07T17:30:45+00:00 NOTICE Email "customer_note" for order #78198 not sent: email type is disabled CONTEXT: {"email_type":"customer_note","status":"disabled","recipient":"durgadevi2227","order":78198}
2026-08-07T17:34:50+00:00 NOTICE Email "customer_note" for order #78199 not sent: email type is disabled CONTEXT: {"email_type":"customer_note","status":"disabled","recipient":"susilastephenraj","order":78199}
2026-08-07T17:34:57+00:00 NOTICE Email "customer_note" for order #78200 not sent: email type is disabled CONTEXT: {"email_type":"customer_note","status":"disabled","recipient":"kamal.virk006","order":78200}
2026-08-07T17:35:05+00:00 NOTICE Email "customer_note" for order #78201 not sent: email type is disabled CONTEXT: {"email_type":"customer_note","status":"disabled","recipient":"mahamariappan","order":78201}
2026-08-07T17:35:11+00:00 NOTICE Email "customer_note" for order #78202 not sent: email type is disabled CONTEXT: {"email_type":"customer_note","status":"disabled","recipient":"ggs1975","order":78202}
2026-08-07T17:35:17+00:00 NOTICE Email "customer_note" for order #78203 not sent: email type is disabled CONTEXT: {"email_type":"customer_note","status":"disabled","recipient":"rgiridharan2007","order":78203}
2026-08-07T17:35:22+00:00 NOTICE Email "customer_note" for order #78204 not sent: email type is disabled CONTEXT: {"email_type":"customer_note","status":"disabled","recipient":"ankita.nair07","order":78204}
2026-08-07T17:35:30+00:00 NOTICE Email "customer_note" for order #78205 not sent: email type is disabled CONTEXT: {"email_type":"customer_note","status":"disabled","recipient":"siddarth01","order":78205}
2026-08-07T17:35:36+00:00 NOTICE Email "customer_note" for order #78206 not sent: email type is disabled CONTEXT: {"email_type":"customer_note","status":"disabled","recipient":"aravind.kesavan","order":78206}
2026-08-07T17:35:43+00:00 NOTICE Email "customer_note" for order #78208 not sent: email type is disabled CONTEXT: {"email_type":"customer_note","status":"disabled","recipient":"parkerassociates71","order":78208}
2026-08-07T17:35:50+00:00 NOTICE Email "customer_note" for order #78209 not sent: email type is disabled CONTEXT: {"email_type":"customer_note","status":"disabled","recipient":"deepiga09","order":78209}
2026-08-07T17:35:55+00:00 NOTICE Email "customer_note" for order #78210 not sent: email type is disabled CONTEXT: {"email_type":"customer_note","status":"disabled","recipient":"itsmalai","order":78210}
2026-08-07T17:36:01+00:00 NOTICE Email "customer_note" for order #78211 not sent: email type is disabled CONTEXT: {"email_type":"customer_note","status":"disabled","recipient":"priyas.2800","order":78211}
2026-08-07T17:36:09+00:00 NOTICE Email "customer_note" for order #78212 not sent: email type is disabled CONTEXT: {"email_type":"customer_note","status":"disabled","recipient":"docpriti","order":78212}
2026-08-07T17:36:15+00:00 NOTICE Email "customer_note" for order #78213 not sent: email type is disabled CONTEXT: {"email_type":"customer_note","status":"disabled","recipient":"docpriti","order":78213}
2026-08-07T17:36:22+00:00 NOTICE Email "customer_note" for order #78214 not sent: email type is disabled CONTEXT: {"email_type":"customer_note","status":"disabled","recipient":"vaibhavjain5695","order":78214}
2026-08-07T17:36:28+00:00 NOTICE Email "customer_note" for order #78215 not sent: email type is disabled CONTEXT: {"email_type":"customer_note","status":"disabled","recipient":"ksprem1215","order":78215}
2026-08-07T17:36:34+00:00 NOTICE Email "customer_note" for order #78216 not sent: email type is disabled CONTEXT: {"email_type":"customer_note","status":"disabled","recipient":"akilasaravankumar","order":78216}
2026-08-07T17:36:40+00:00 NOTICE Email "customer_note" for order #78217 not sent: email type is disabled CONTEXT: {"email_type":"customer_note","status":"disabled","recipient":"phanibalusu3","order":78217}
2026-08-07T17:36:46+00:00 NOTICE Email "customer_note" for order #78218 not sent: email type is disabled CONTEXT: {"email_type":"customer_note","status":"disabled","recipient":"vijisudhakar2008","order":78218}
2026-08-07T17:36:53+00:00 NOTICE Email "customer_note" for order #78219 not sent: email type is disabled CONTEXT: {"email_type":"customer_note","status":"disabled","recipient":"jsamar24","order":78219}
2026-08-07T17:37:00+00:00 NOTICE Email "customer_note" for order #78220 not sent: email type is disabled CONTEXT: {"email_type":"customer_note","status":"disabled","recipient":"rpathy","order":78220}
2026-08-07T17:37:08+00:00 NOTICE Email "customer_note" for order #78221 not sent: email type is disabled CONTEXT: {"email_type":"customer_note","status":"disabled","recipient":"vinay","order":78221}
2026-08-07T17:37:13+00:00 NOTICE Email "customer_note" for order #78222 not sent: email type is disabled CONTEXT: {"email_type":"customer_note","status":"disabled","recipient":"mailmekarthic","order":78222}
2026-08-07T17:37:19+00:00 NOTICE Email "customer_note" for order #78223 not sent: email type is disabled CONTEXT: {"email_type":"customer_note","status":"disabled","recipient":"nikenahar","order":78223}
2026-08-07T17:37:27+00:00 NOTICE Email "customer_note" for order #78224 not sent: email type is disabled CONTEXT: {"email_type":"customer_note","status":"disabled","recipient":"adishah85","order":78224}
2026-08-07T17:37:35+00:00 NOTICE Email "customer_note" for order #78225 not sent: email type is disabled CONTEXT: {"email_type":"customer_note","status":"disabled","recipient":"sshalu2109","order":78225}
2026-08-07T17:37:41+00:00 NOTICE Email "customer_note" for order #78226 not sent: email type is disabled CONTEXT: {"email_type":"customer_note","status":"disabled","recipient":"venuthan1105","order":78226}
2026-08-07T17:37:48+00:00 NOTICE Email "customer_note" for order #78227 not sent: email type is disabled CONTEXT: {"email_type":"customer_note","status":"disabled","recipient":"karthiknaga89","order":78227}
2026-08-07T17:37:54+00:00 NOTICE Email "customer_note" for order #78228 not sent: email type is disabled CONTEXT: {"email_type":"customer_note","status":"disabled","recipient":"caguptha2017","order":78228}
2026-08-07T17:38:02+00:00 NOTICE Email "customer_note" for order #78229 not sent: email type is disabled CONTEXT: {"email_type":"customer_note","status":"disabled","recipient":"neethu0214","order":78229}
2026-08-07T17:38:12+00:00 NOTICE Email "customer_note" for order #78230 not sent: email type is disabled CONTEXT: {"email_type":"customer_note","status":"disabled","recipient":"spaan05","order":78230}
2026-08-07T17:38:19+00:00 NOTICE Email "customer_note" for order #78231 not sent: email type is disabled CONTEXT: {"email_type":"customer_note","status":"disabled","recipient":"umaspriya","order":78231}
2026-08-07T17:38:26+00:00 NOTICE Email "customer_note" for order #78232 not sent: email type is disabled CONTEXT: {"email_type":"customer_note","status":"disabled","recipient":"naziamodak","order":78232}
2026-08-07T17:38:33+00:00 NOTICE Email "customer_note" for order #78233 not sent: email type is disabled CONTEXT: {"email_type":"customer_note","status":"disabled","recipient":"jeyanthinagu","order":78233}
2026-08-07T17:38:41+00:00 NOTICE Email "customer_note" for order #78234 not sent: email type is disabled CONTEXT: {"email_type":"customer_note","status":"disabled","recipient":"simplymoda.noopur","order":78234}
2026-08-07T17:39:43+00:00 NOTICE Email "customer_note" for order #78236 not sent: email type is disabled CONTEXT: {"email_type":"customer_note","status":"disabled","recipient":"saha7188","order":78236}
2026-08-07T17:39:50+00:00 NOTICE Email "customer_note" for order #78237 not sent: email type is disabled CONTEXT: {"email_type":"customer_note","status":"disabled","recipient":"balakrishnaharaiharian","order":78237}
2026-08-07T17:39:56+00:00 NOTICE Email "customer_note" for order #78238 not sent: email type is disabled CONTEXT: {"email_type":"customer_note","status":"disabled","recipient":"lavaledshiva17","order":78238}
2026-08-07T17:40:04+00:00 NOTICE Email "customer_note" for order #78239 not sent: email type is disabled CONTEXT: {"email_type":"customer_note","status":"disabled","recipient":"satish1982","order":78239}
2026-08-07T17:40:11+00:00 NOTICE Email "customer_note" for order #78240 not sent: email type is disabled CONTEXT: {"email_type":"customer_note","status":"disabled","recipient":"ponnaiahboopathi","order":78240}
2026-08-07T17:40:17+00:00 NOTICE Email "customer_note" for order #78241 not sent: email type is disabled CONTEXT: {"email_type":"customer_note","status":"disabled","recipient":"kripamrajani","order":78241}
2026-08-07T17:40:23+00:00 NOTICE Email "customer_note" for order #78242 not sent: email type is disabled CONTEXT: {"email_type":"customer_note","status":"disabled","recipient":"rajalakshmi.email","order":78242}
2026-08-07T17:40:30+00:00 NOTICE Email "customer_note" for order #78243 not sent: email type is disabled CONTEXT: {"email_type":"customer_note","status":"disabled","recipient":"rajalakshmi.email","order":78243}
2026-08-07T17:40:36+00:00 NOTICE Email "customer_note" for order #78244 not sent: email type is disabled CONTEXT: {"email_type":"customer_note","status":"disabled","recipient":"yuva1177","order":78244}
2026-08-07T17:40:43+00:00 NOTICE Email "customer_note" for order #78245 not sent: email type is disabled CONTEXT: {"email_type":"customer_note","status":"disabled","recipient":"kripamrajani","order":78245}
2026-08-07T17:40:49+00:00 NOTICE Email "customer_note" for order #78246 not sent: email type is disabled CONTEXT: {"email_type":"customer_note","status":"disabled","recipient":"varadhanmanibala20","order":78246}
2026-08-07T17:40:55+00:00 NOTICE Email "customer_note" for order #78247 not sent: email type is disabled CONTEXT: {"email_type":"customer_note","status":"disabled","recipient":"sindhushanker","order":78247}
2026-08-07T17:41:02+00:00 NOTICE Email "customer_note" for order #78248 not sent: email type is disabled CONTEXT: {"email_type":"customer_note","status":"disabled","recipient":"sanjaytathed","order":78248}
2026-08-07T17:41:10+00:00 NOTICE Email "customer_note" for order #78249 not sent: email type is disabled CONTEXT: {"email_type":"customer_note","status":"disabled","recipient":"sridhar_a_hll","order":78249}
2026-08-07T17:41:20+00:00 NOTICE Email "customer_note" for order #78250 not sent: email type is disabled CONTEXT: {"email_type":"customer_note","status":"disabled","recipient":"sudhakumar5577","order":78250}
2026-08-07T17:41:28+00:00 NOTICE Email "customer_note" for order #78251 not sent: email type is disabled CONTEXT: {"email_type":"customer_note","status":"disabled","recipient":"drmani76","order":78251}
2026-08-07T17:41:35+00:00 NOTICE Email "customer_note" for order #78252 not sent: email type is disabled CONTEXT: {"email_type":"customer_note","status":"disabled","recipient":"vchamundeswari1999","order":78252}
2026-08-07T17:41:42+00:00 NOTICE Email "customer_note" for order #78253 not sent: email type is disabled CONTEXT: {"email_type":"customer_note","status":"disabled","recipient":"meenatchi1995","order":78253}
2026-08-07T17:41:48+00:00 NOTICE Email "customer_note" for order #78254 not sent: email type is disabled CONTEXT: {"email_type":"customer_note","status":"disabled","recipient":"dab3344.3344","order":78254}
2026-08-07T17:41:55+00:00 NOTICE Email "customer_note" for order #78255 not sent: email type is disabled CONTEXT: {"email_type":"customer_note","status":"disabled","recipient":"shravan.bangaru2022","order":78255}
2026-08-07T17:42:01+00:00 NOTICE Email "customer_note" for order #78256 not sent: email type is disabled CONTEXT: {"email_type":"customer_note","status":"disabled","recipient":"sowmya.subramanian","order":78256}
2026-08-07T17:42:08+00:00 NOTICE Email "customer_note" for order #78257 not sent: email type is disabled CONTEXT: {"email_type":"customer_note","status":"disabled","recipient":"jyothireddyganuthula","order":78257}
2026-08-07T17:42:14+00:00 NOTICE Email "customer_note" for order #78258 not sent: email type is disabled CONTEXT: {"email_type":"customer_note","status":"disabled","recipient":"rushilbothra4","order":78258}
2026-08-07T17:42:20+00:00 NOTICE Email "customer_note" for order #78259 not sent: email type is disabled CONTEXT: {"email_type":"customer_note","status":"disabled","recipient":"ravisankar_k2000","order":78259}
2026-08-07T17:42:27+00:00 NOTICE Email "customer_note" for order #78260 not sent: email type is disabled CONTEXT: {"email_type":"customer_note","status":"disabled","recipient":"vp.doss28","order":78260}
2026-08-07T17:42:35+00:00 NOTICE Email "customer_note" for order #78261 not sent: email type is disabled CONTEXT: {"email_type":"customer_note","status":"disabled","recipient":"pipestressuser","order":78261}
2026-08-07T17:42:41+00:00 NOTICE Email "customer_note" for order #78262 not sent: email type is disabled CONTEXT: {"email_type":"customer_note","status":"disabled","recipient":"k46105012","order":78262}
2026-08-07T17:42:48+00:00 NOTICE Email "customer_note" for order #78263 not sent: email type is disabled CONTEXT: {"email_type":"customer_note","status":"disabled","recipient":"kedsca2503","order":78263}
2026-08-07T17:42:55+00:00 NOTICE Email "customer_note" for order #78264 not sent: email type is disabled CONTEXT: {"email_type":"customer_note","status":"disabled","recipient":"viji.kirthi","order":78264}
2026-08-07T17:43:02+00:00 NOTICE Email "customer_note" for order #78265 not sent: email type is disabled CONTEXT: {"email_type":"customer_note","status":"disabled","recipient":"koushikrishna07","order":78265}
2026-08-07T17:43:09+00:00 NOTICE Email "customer_note" for order #78266 not sent: email type is disabled CONTEXT: {"email_type":"customer_note","status":"disabled","recipient":"kavithaananth91","order":78266}
2026-08-07T17:43:16+00:00 NOTICE Email "customer_note" for order #78267 not sent: email type is disabled CONTEXT: {"email_type":"customer_note","status":"disabled","recipient":"jalaj.sm","order":78267}
2026-08-07T17:43:22+00:00 NOTICE Email "customer_note" for order #78268 not sent: email type is disabled CONTEXT: {"email_type":"customer_note","status":"disabled","recipient":"hayiamarvind","order":78268}
2026-08-07T17:43:29+00:00 NOTICE Email "customer_note" for order #78269 not sent: email type is disabled CONTEXT: {"email_type":"customer_note","status":"disabled","recipient":"kmmdis","order":78269}
2026-08-07T17:43:36+00:00 NOTICE Email "customer_note" for order #78270 not sent: email type is disabled CONTEXT: {"email_type":"customer_note","status":"disabled","recipient":"arunba2991","order":78270}
2026-08-07T17:43:42+00:00 NOTICE Email "customer_note" for order #78271 not sent: email type is disabled CONTEXT: {"email_type":"customer_note","status":"disabled","recipient":"shwethabalaji.asbs","order":78271}
2026-08-07T17:47:30+00:00 NOTICE Email "customer_note" for order #78272 not sent: email type is disabled CONTEXT: {"email_type":"customer_note","status":"disabled","recipient":"shwethabalaji.asbs","order":78272}
2026-08-07T17:47:40+00:00 NOTICE Email "customer_note" for order #78273 not sent: email type is disabled CONTEXT: {"email_type":"customer_note","status":"disabled","recipient":"rishubjj","order":78273}
2026-08-07T17:47:48+00:00 NOTICE Email "customer_note" for order #78274 not sent: email type is disabled CONTEXT: {"email_type":"customer_note","status":"disabled","recipient":"uiop0944","order":78274}
2026-08-07T17:47:57+00:00 NOTICE Email "customer_note" for order #78275 not sent: email type is disabled CONTEXT: {"email_type":"customer_note","status":"disabled","recipient":"iamnitheeshck","order":78275}
2026-08-07T17:48:10+00:00 NOTICE Email "customer_note" for order #78276 not sent: email type is disabled CONTEXT: {"email_type":"customer_note","status":"disabled","recipient":"ktknitrous","order":78276}
2026-08-07T17:48:18+00:00 NOTICE Email "customer_note" for order #78277 not sent: email type is disabled CONTEXT: {"email_type":"customer_note","status":"disabled","recipient":"umarsalaluddin","order":78277}
2026-08-07T17:48:26+00:00 NOTICE Email "customer_note" for order #78278 not sent: email type is disabled CONTEXT: {"email_type":"customer_note","status":"disabled","recipient":"aranarjun007","order":78278}
2026-08-07T17:48:34+00:00 NOTICE Email "customer_note" for order #78279 not sent: email type is disabled CONTEXT: {"email_type":"customer_note","status":"disabled","recipient":"shayanareddy","order":78279}
2026-08-07T17:48:43+00:00 NOTICE Email "customer_note" for order #78280 not sent: email type is disabled CONTEXT: {"email_type":"customer_note","status":"disabled","recipient":"nagaratina","order":78280}
2026-08-07T17:48:50+00:00 NOTICE Email "customer_note" for order #78281 not sent: email type is disabled CONTEXT: {"email_type":"customer_note","status":"disabled","recipient":"lalitharlp","order":78281}
2026-08-07T17:48:58+00:00 NOTICE Email "customer_note" for order #78282 not sent: email type is disabled CONTEXT: {"email_type":"customer_note","status":"disabled","recipient":"rderive","order":78282}
2026-08-07T17:49:06+00:00 NOTICE Email "customer_note" for order #78283 not sent: email type is disabled CONTEXT: {"email_type":"customer_note","status":"disabled","recipient":"resham7267","order":78283}
2026-08-07T17:49:14+00:00 NOTICE Email "customer_note" for order #78284 not sent: email type is disabled CONTEXT: {"email_type":"customer_note","status":"disabled","recipient":"resham7267","order":78284}
2026-08-07T17:49:22+00:00 NOTICE Email "customer_note" for order #78285 not sent: email type is disabled CONTEXT: {"email_type":"customer_note","status":"disabled","recipient":"gurajada.tripura","order":78285}
2026-08-07T17:49:35+00:00 NOTICE Email "customer_note" for order #78286 not sent: email type is disabled CONTEXT: {"email_type":"customer_note","status":"disabled","recipient":"sidharthan4594","order":78286}
2026-08-07T17:49:47+00:00 NOTICE Email "customer_note" for order #78287 not sent: email type is disabled CONTEXT: {"email_type":"customer_note","status":"disabled","recipient":"cpamma","order":78287}
2026-08-07T17:49:56+00:00 NOTICE Email "customer_note" for order #78288 not sent: email type is disabled CONTEXT: {"email_type":"customer_note","status":"disabled","recipient":"vishnupriya.krishna","order":78288}
2026-08-07T17:50:05+00:00 NOTICE Email "customer_note" for order #78289 not sent: email type is disabled CONTEXT: {"email_type":"customer_note","status":"disabled","recipient":"revanthv981","order":78289}
2026-08-07T17:50:16+00:00 NOTICE Email "customer_note" for order #78290 not sent: email type is disabled CONTEXT: {"email_type":"customer_note","status":"disabled","recipient":"indigoyuva","order":78290}
2026-08-07T17:50:23+00:00 NOTICE Email "customer_note" for order #78291 not sent: email type is disabled CONTEXT: {"email_type":"customer_note","status":"disabled","recipient":"jenydarling2897","order":78291}
2026-08-07T17:50:30+00:00 NOTICE Email "customer_note" for order #78292 not sent: email type is disabled CONTEXT: {"email_type":"customer_note","status":"disabled","recipient":"balatosap","order":78292}
2026-08-07T17:50:37+00:00 NOTICE Email "customer_note" for order #78293 not sent: email type is disabled CONTEXT: {"email_type":"customer_note","status":"disabled","recipient":"venkateshsuba","order":78293}
2026-08-07T17:50:46+00:00 NOTICE Email "customer_note" for order #78294 not sent: email type is disabled CONTEXT: {"email_type":"customer_note","status":"disabled","recipient":"accounts","order":78294}
2026-08-07T17:50:56+00:00 NOTICE Email "customer_note" for order #78295 not sent: email type is disabled CONTEXT: {"email_type":"customer_note","status":"disabled","recipient":"hemadricpc","order":78295}
2026-08-07T17:51:06+00:00 NOTICE Email "customer_note" for order #78296 not sent: email type is disabled CONTEXT: {"email_type":"customer_note","status":"disabled","recipient":"ilakkiyaasp","order":78296}
2026-08-07T17:51:12+00:00 NOTICE Email "customer_note" for order #78297 not sent: email type is disabled CONTEXT: {"email_type":"customer_note","status":"disabled","recipient":"syedmushtaqahmed","order":78297}
2026-08-07T17:51:18+00:00 NOTICE Email "customer_note" for order #78298 not sent: email type is disabled CONTEXT: {"email_type":"customer_note","status":"disabled","recipient":"nambibiz","order":78298}
2026-08-07T17:51:25+00:00 NOTICE Email "customer_note" for order #78299 not sent: email type is disabled CONTEXT: {"email_type":"customer_note","status":"disabled","recipient":"sudheer.rayanapati","order":78299}
2026-08-07T17:51:56+00:00 NOTICE Email "customer_note" for order #78300 not sent: email type is disabled CONTEXT: {"email_type":"customer_note","status":"disabled","recipient":"meerasampath47","order":78300}
2026-08-07T17:52:04+00:00 NOTICE Email "customer_note" for order #78301 not sent: email type is disabled CONTEXT: {"email_type":"customer_note","status":"disabled","recipient":"meerasampath47","order":78301}
2026-08-07T17:52:10+00:00 NOTICE Email "customer_note" for order #78302 not sent: email type is disabled CONTEXT: {"email_type":"customer_note","status":"disabled","recipient":"krishnasai.pittala","order":78302}
2026-08-07T17:52:17+00:00 NOTICE Email "customer_note" for order #78303 not sent: email type is disabled CONTEXT: {"email_type":"customer_note","status":"disabled","recipient":"lalithapatnaik15","order":78303}
2026-08-07T17:52:25+00:00 NOTICE Email "customer_note" for order #78304 not sent: email type is disabled CONTEXT: {"email_type":"customer_note","status":"disabled","recipient":"rs_vinodh","order":78304}
2026-08-07T17:52:32+00:00 NOTICE Email "customer_note" for order #78305 not sent: email type is disabled CONTEXT: {"email_type":"customer_note","status":"disabled","recipient":"chalam666","order":78305}
2026-08-07T17:52:40+00:00 NOTICE Email "customer_note" for order #78306 not sent: email type is disabled CONTEXT: {"email_type":"customer_note","status":"disabled","recipient":"ramesh.vanaparthi3","order":78306}
2026-08-07T17:52:49+00:00 NOTICE Email "customer_note" for order #78307 not sent: email type is disabled CONTEXT: {"email_type":"customer_note","status":"disabled","recipient":"vikramhari2001","order":78307}
2026-08-07T17:52:57+00:00 NOTICE Email "customer_note" for order #78308 not sent: email type is disabled CONTEXT: {"email_type":"customer_note","status":"disabled","recipient":"ravkumrs","order":78308}
2026-08-07T17:53:03+00:00 NOTICE Email "customer_note" for order #78309 not sent: email type is disabled CONTEXT: {"email_type":"customer_note","status":"disabled","recipient":"prathyusadam","order":78309}
2026-08-07T17:53:10+00:00 NOTICE Email "customer_note" for order #78310 not sent: email type is disabled CONTEXT: {"email_type":"customer_note","status":"disabled","recipient":"surendar322","order":78310}
2026-08-07T17:53:16+00:00 NOTICE Email "customer_note" for order #78311 not sent: email type is disabled CONTEXT: {"email_type":"customer_note","status":"disabled","recipient":"amurali65","order":78311}
2026-08-07T17:53:23+00:00 NOTICE Email "customer_note" for order #78312 not sent: email type is disabled CONTEXT: {"email_type":"customer_note","status":"disabled","recipient":"mohankishore80","order":78312}
2026-08-07T17:53:29+00:00 NOTICE Email "customer_note" for order #78313 not sent: email type is disabled CONTEXT: {"email_type":"customer_note","status":"disabled","recipient":"jananifootball","order":78313}
2026-08-07T17:53:35+00:00 NOTICE Email "customer_note" for order #78314 not sent: email type is disabled CONTEXT: {"email_type":"customer_note","status":"disabled","recipient":"mm","order":78314}
2026-08-07T17:53:41+00:00 NOTICE Email "customer_note" for order #78315 not sent: email type is disabled CONTEXT: {"email_type":"customer_note","status":"disabled","recipient":"swaroop.sistla","order":78315}
2026-08-07T18:24:12+00:00 INFO Email "cancelled_subscription" for order #58543 sent CONTEXT: {"email_type":"cancelled_subscription","status":"sent","recipient":"Admin_Madrasmilk","order":58543}
2026-08-07T18:45:17+00:00 INFO Email "cancelled_subscription" for order #77685 sent CONTEXT: {"email_type":"cancelled_subscription","status":"sent","recipient":"Admin_Madrasmilk","order":77685}
2026-08-07T18:45:21+00:00 INFO Email "cancelled_order" for order #77684 sent CONTEXT: {"email_type":"cancelled_order","status":"sent","recipient":"Admin_Madrasmilk","order":77684}
2026-08-07T18:45:25+00:00 INFO Email "customer_cancelled_order" for order #77684 sent CONTEXT: {"email_type":"customer_cancelled_order","status":"sent","recipient":"itchingtowrite","order":77684}
2026-08-07T19:06:49+00:00 INFO Email "customer_reset_password" for user #1533 sent CONTEXT: {"email_type":"customer_reset_password","status":"sent","recipient":"Sidharth test","user":1533}
2026-08-07T20:08:03+00:00 INFO Email "cancelled_subscription" for order #78318 sent CONTEXT: {"email_type":"cancelled_subscription","status":"sent","recipient":"Admin_Madrasmilk","order":78318}
2026-08-07T21:06:01+00:00 INFO Email "new_order" for order #78322 sent CONTEXT: {"email_type":"new_order","status":"sent","recipient":"Admin_Madrasmilk","order":78322}
2026-08-07T21:06:05+00:00 INFO Email "customer_processing_order" for order #78322 sent CONTEXT: {"email_type":"customer_processing_order","status":"sent","recipient":"sinhaarun59","order":78322}
