2026-08-13T00:16:38+00:00 INFO Email "wps_wswp_wallet_credit" for user #92 sent CONTEXT: {"email_type":"wps_wswp_wallet_credit","status":"sent","recipient":"revathivel","user":92}
2026-08-13T01:53:54+00:00 NOTICE Email "customer_note" for order #82060 not sent: email type is disabled CONTEXT: {"email_type":"customer_note","status":"disabled","recipient":"s.babumahesh","order":82060}
2026-08-13T01:53:59+00:00 NOTICE Email "customer_note" for order #82060 not sent: email type is disabled CONTEXT: {"email_type":"customer_note","status":"disabled","recipient":"s.babumahesh","order":82060}
2026-08-13T01:55:50+00:00 NOTICE Email "customer_note" for order #82060 not sent: email type is disabled CONTEXT: {"email_type":"customer_note","status":"disabled","recipient":"s.babumahesh","order":82060}
2026-08-13T01:55:54+00:00 NOTICE Email "customer_note" for order #82060 not sent: email type is disabled CONTEXT: {"email_type":"customer_note","status":"disabled","recipient":"s.babumahesh","order":82060}
2026-08-13T02:33:23+00:00 INFO Email "customer_new_account" for user #1620 sent CONTEXT: {"email_type":"customer_new_account","status":"sent","recipient":"santhoshappy","user":1620}
2026-08-13T03:30:34+00:00 NOTICE Email "customer_note" for order #82063 not sent: email type is disabled CONTEXT: {"email_type":"customer_note","status":"disabled","recipient":"sukanv","order":82063}
2026-08-13T03:32:19+00:00 NOTICE Email "new_order" for order #82063 not sent: email type is disabled CONTEXT: {"email_type":"new_order","status":"disabled","recipient":"Admin_Madrasmilk","order":82063}
2026-08-13T03:32:19+00:00 NOTICE Email "customer_processing_order" for order #82063 not sent: email type is disabled CONTEXT: {"email_type":"customer_processing_order","status":"disabled","recipient":"sukanv","order":82063}
2026-08-13T03:47:06+00:00 NOTICE Email "new_order" for order #82064 not sent: email type is disabled CONTEXT: {"email_type":"new_order","status":"disabled","recipient":"Admin_Madrasmilk","order":82064}
2026-08-13T03:47:06+00:00 NOTICE Email "customer_processing_order" for order #82064 not sent: email type is disabled CONTEXT: {"email_type":"customer_processing_order","status":"disabled","recipient":"Vidhya Sukumaran","order":82064}
2026-08-13T03:59:08+00:00 NOTICE Email "customer_note" for order #82065 not sent: email type is disabled CONTEXT: {"email_type":"customer_note","status":"disabled","recipient":"t_kart","order":82065}
2026-08-13T04:17:53+00:00 NOTICE Email "new_order" for order #82066 not sent: email type is disabled CONTEXT: {"email_type":"new_order","status":"disabled","recipient":"Admin_Madrasmilk","order":82066}
2026-08-13T04:17:53+00:00 NOTICE Email "customer_processing_order" for order #82066 not sent: email type is disabled CONTEXT: {"email_type":"customer_processing_order","status":"disabled","recipient":"Vidhya Sukumaran","order":82066}
2026-08-13T04:21:53+00:00 NOTICE Email "customer_note" for order #82067 not sent: email type is disabled CONTEXT: {"email_type":"customer_note","status":"disabled","recipient":"ks.adityan","order":82067}
2026-08-13T04:22:02+00:00 INFO Email "failed_order" for order #82067 sent CONTEXT: {"email_type":"failed_order","status":"sent","recipient":"Admin_Madrasmilk","order":82067}
2026-08-13T04:56:35+00:00 NOTICE Email "new_order" for order #82068 not sent: email type is disabled CONTEXT: {"email_type":"new_order","status":"disabled","recipient":"Admin_Madrasmilk","order":82068}
2026-08-13T04:56:35+00:00 NOTICE Email "customer_processing_order" for order #82068 not sent: email type is disabled CONTEXT: {"email_type":"customer_processing_order","status":"disabled","recipient":"reachkandn","order":82068}
2026-08-13T05:43:42+00:00 NOTICE Email "new_order" for order #82072 not sent: email type is disabled CONTEXT: {"email_type":"new_order","status":"disabled","recipient":"Admin_Madrasmilk","order":82072}
2026-08-13T05:43:42+00:00 NOTICE Email "customer_processing_order" for order #82072 not sent: email type is disabled CONTEXT: {"email_type":"customer_processing_order","status":"disabled","recipient":"johnson_vinod","order":82072}
2026-08-13T05:56:56+00:00 NOTICE Email "new_order" for order #82073 not sent: email type is disabled CONTEXT: {"email_type":"new_order","status":"disabled","recipient":"Admin_Madrasmilk","order":82073}
2026-08-13T05:56:56+00:00 NOTICE Email "customer_processing_order" for order #82073 not sent: email type is disabled CONTEXT: {"email_type":"customer_processing_order","status":"disabled","recipient":"sunanda.undamatla","order":82073}
2026-08-13T06:42:18+00:00 NOTICE Email "customer_note" for order #82075 not sent: email type is disabled CONTEXT: {"email_type":"customer_note","status":"disabled","recipient":"arathianan","order":82075}
2026-08-13T06:42:23+00:00 NOTICE Email "customer_note" for order #82076 not sent: email type is disabled CONTEXT: {"email_type":"customer_note","status":"disabled","recipient":"aram2k4","order":82076}
2026-08-13T06:44:08+00:00 NOTICE Email "customer_note" for order #82077 not sent: email type is disabled CONTEXT: {"email_type":"customer_note","status":"disabled","recipient":"laks.bhavs","order":82077}
2026-08-13T06:44:14+00:00 NOTICE Email "customer_note" for order #82078 not sent: email type is disabled CONTEXT: {"email_type":"customer_note","status":"disabled","recipient":"karstocksfinals","order":82078}
2026-08-13T06:45:35+00:00 NOTICE Email "customer_note" for order #82079 not sent: email type is disabled CONTEXT: {"email_type":"customer_note","status":"disabled","recipient":"rpathy","order":82079}
2026-08-13T06:45:40+00:00 NOTICE Email "customer_note" for order #82080 not sent: email type is disabled CONTEXT: {"email_type":"customer_note","status":"disabled","recipient":"krishna.obul","order":82080}
2026-08-13T06:45:46+00:00 NOTICE Email "customer_note" for order #82081 not sent: email type is disabled CONTEXT: {"email_type":"customer_note","status":"disabled","recipient":"soori007","order":82081}
2026-08-13T06:47:45+00:00 NOTICE Email "customer_note" for order #82082 not sent: email type is disabled CONTEXT: {"email_type":"customer_note","status":"disabled","recipient":"hariharan.t","order":82082}
2026-08-13T06:47:51+00:00 NOTICE Email "customer_note" for order #82083 not sent: email type is disabled CONTEXT: {"email_type":"customer_note","status":"disabled","recipient":"sudheer.rayanapati","order":82083}
2026-08-13T06:47:57+00:00 NOTICE Email "customer_note" for order #82084 not sent: email type is disabled CONTEXT: {"email_type":"customer_note","status":"disabled","recipient":"srinivas6rao","order":82084}
2026-08-13T06:51:05+00:00 NOTICE Email "customer_note" for order #82085 not sent: email type is disabled CONTEXT: {"email_type":"customer_note","status":"disabled","recipient":"r.gauthamraj","order":82085}
2026-08-13T06:51:10+00:00 NOTICE Email "customer_note" for order #82086 not sent: email type is disabled CONTEXT: {"email_type":"customer_note","status":"disabled","recipient":"ankita.nair07","order":82086}
2026-08-13T06:53:55+00:00 NOTICE Email "customer_note" for order #82087 not sent: email type is disabled CONTEXT: {"email_type":"customer_note","status":"disabled","recipient":"kannan_s11","order":82087}
2026-08-13T06:54:01+00:00 NOTICE Email "customer_note" for order #82088 not sent: email type is disabled CONTEXT: {"email_type":"customer_note","status":"disabled","recipient":"caguptha2017","order":82088}
2026-08-13T06:55:58+00:00 NOTICE Email "customer_note" for order #82089 not sent: email type is disabled CONTEXT: {"email_type":"customer_note","status":"disabled","recipient":"aarthi.ksr","order":82089}
2026-08-13T06:57:59+00:00 NOTICE Email "customer_note" for order #82090 not sent: email type is disabled CONTEXT: {"email_type":"customer_note","status":"disabled","recipient":"meerasampath47","order":82090}
2026-08-13T06:58:05+00:00 NOTICE Email "customer_note" for order #82091 not sent: email type is disabled CONTEXT: {"email_type":"customer_note","status":"disabled","recipient":"wejai4ever","order":82091}
2026-08-13T06:59:46+00:00 NOTICE Email "customer_note" for order #82092 not sent: email type is disabled CONTEXT: {"email_type":"customer_note","status":"disabled","recipient":"ravishankarns","order":82092}
2026-08-13T06:59:52+00:00 NOTICE Email "customer_note" for order #82093 not sent: email type is disabled CONTEXT: {"email_type":"customer_note","status":"disabled","recipient":"mayam60","order":82093}
2026-08-13T07:00:01+00:00 INFO Email "failed_order" for order #82093 sent CONTEXT: {"email_type":"failed_order","status":"sent","recipient":"Admin_Madrasmilk","order":82093}
2026-08-13T07:02:50+00:00 NOTICE Email "customer_note" for order #82094 not sent: email type is disabled CONTEXT: {"email_type":"customer_note","status":"disabled","recipient":"shubhamsolanki163","order":82094}
2026-08-13T07:06:10+00:00 NOTICE Email "customer_note" for order #82095 not sent: email type is disabled CONTEXT: {"email_type":"customer_note","status":"disabled","recipient":"gurajada.tripura","order":82095}
2026-08-13T07:08:07+00:00 NOTICE Email "customer_note" for order #82096 not sent: email type is disabled CONTEXT: {"email_type":"customer_note","status":"disabled","recipient":"balachandar.chinta","order":82096}
2026-08-13T07:08:13+00:00 NOTICE Email "customer_note" for order #82097 not sent: email type is disabled CONTEXT: {"email_type":"customer_note","status":"disabled","recipient":"kamal.virk006","order":82097}
2026-08-13T07:10:50+00:00 NOTICE Email "customer_note" for order #82098 not sent: email type is disabled CONTEXT: {"email_type":"customer_note","status":"disabled","recipient":"ggs1975","order":82098}
2026-08-13T07:10:56+00:00 NOTICE Email "customer_note" for order #82099 not sent: email type is disabled CONTEXT: {"email_type":"customer_note","status":"disabled","recipient":"imranziya11","order":82099}
2026-08-13T07:12:11+00:00 NOTICE Email "customer_note" for order #82100 not sent: email type is disabled CONTEXT: {"email_type":"customer_note","status":"disabled","recipient":"chittharasai","order":82100}
2026-08-13T07:12:17+00:00 NOTICE Email "customer_note" for order #82101 not sent: email type is disabled CONTEXT: {"email_type":"customer_note","status":"disabled","recipient":"charumathi18","order":82101}
2026-08-13T07:16:12+00:00 NOTICE Email "customer_note" for order #82102 not sent: email type is disabled CONTEXT: {"email_type":"customer_note","status":"disabled","recipient":"meghavikram","order":82102}
2026-08-13T07:44:07+00:00 NOTICE Email "customer_note" for order #82103 not sent: email type is disabled CONTEXT: {"email_type":"customer_note","status":"disabled","recipient":"ksprem1215","order":82103}
2026-08-13T08:03:36+00:00 NOTICE Email "customer_note" for order #82104 not sent: email type is disabled CONTEXT: {"email_type":"customer_note","status":"disabled","recipient":"mani363vel","order":82104}
2026-08-13T08:28:38+00:00 NOTICE Email "customer_note" for order #82105 not sent: email type is disabled CONTEXT: {"email_type":"customer_note","status":"disabled","recipient":"meerasampath47","order":82105}
2026-08-13T08:46:20+00:00 NOTICE Email "customer_note" for order #82107 not sent: email type is disabled CONTEXT: {"email_type":"customer_note","status":"disabled","recipient":"guest","order":82107}
2026-08-13T08:48:20+00:00 NOTICE Email "new_order" for order #82108 not sent: email type is disabled CONTEXT: {"email_type":"new_order","status":"disabled","recipient":"Admin_Madrasmilk","order":82108}
2026-08-13T08:48:20+00:00 NOTICE Email "customer_processing_order" for order #82108 not sent: email type is disabled CONTEXT: {"email_type":"customer_processing_order","status":"disabled","recipient":"helmajoyce","order":82108}
2026-08-13T08:57:46+00:00 NOTICE Email "new_order" for order #82109 not sent: email type is disabled CONTEXT: {"email_type":"new_order","status":"disabled","recipient":"Admin_Madrasmilk","order":82109}
2026-08-13T08:57:46+00:00 NOTICE Email "customer_processing_order" for order #82109 not sent: email type is disabled CONTEXT: {"email_type":"customer_processing_order","status":"disabled","recipient":"asokachelliah","order":82109}
2026-08-13T09:02:05+00:00 NOTICE Email "customer_note" for order #82110 not sent: email type is disabled CONTEXT: {"email_type":"customer_note","status":"disabled","recipient":"guest","order":82110}
2026-08-13T09:09:21+00:00 NOTICE Email "new_order" for order #82112 not sent: email type is disabled CONTEXT: {"email_type":"new_order","status":"disabled","recipient":"Admin_Madrasmilk","order":82112}
2026-08-13T09:09:21+00:00 NOTICE Email "customer_processing_order" for order #82112 not sent: email type is disabled CONTEXT: {"email_type":"customer_processing_order","status":"disabled","recipient":"maryma","order":82112}
2026-08-13T09:10:20+00:00 NOTICE Email "new_order" for order #82111 not sent: email type is disabled CONTEXT: {"email_type":"new_order","status":"disabled","recipient":"Admin_Madrasmilk","order":82111}
2026-08-13T09:10:20+00:00 NOTICE Email "customer_processing_order" for order #82111 not sent: email type is disabled CONTEXT: {"email_type":"customer_processing_order","status":"disabled","recipient":"tas.anw","order":82111}
2026-08-13T09:40:01+00:00 NOTICE Email "customer_note" for order #82115 not sent: email type is disabled CONTEXT: {"email_type":"customer_note","status":"disabled","recipient":"babudasvgp","order":82115}
2026-08-13T09:43:40+00:00 NOTICE Email "customer_note" for order #82116 not sent: email type is disabled CONTEXT: {"email_type":"customer_note","status":"disabled","recipient":"kshreyaas","order":82116}
2026-08-13T09:47:37+00:00 NOTICE Email "customer_note" for order #58968 not sent: email type is disabled CONTEXT: {"email_type":"customer_note","status":"disabled","recipient":"chalam666","order":58968}
2026-08-13T09:47:41+00:00 NOTICE Email "customer_note" for order #82117 not sent: email type is disabled CONTEXT: {"email_type":"customer_note","status":"disabled","recipient":"anil.kumar","order":82117}
2026-08-13T09:49:12+00:00 NOTICE Email "customer_note" for order #82118 not sent: email type is disabled CONTEXT: {"email_type":"customer_note","status":"disabled","recipient":"rigin.raj","order":82118}
2026-08-13T09:50:35+00:00 NOTICE Email "customer_note" for order #82119 not sent: email type is disabled CONTEXT: {"email_type":"customer_note","status":"disabled","recipient":"shwethabalaji.asbs","order":82119}
2026-08-13T10:01:36+00:00 NOTICE Email "customer_note" for order #82121 not sent: email type is disabled CONTEXT: {"email_type":"customer_note","status":"disabled","recipient":"sr.ranjani.24","order":82121}
2026-08-13T10:03:31+00:00 NOTICE Email "customer_note" for order #82122 not sent: email type is disabled CONTEXT: {"email_type":"customer_note","status":"disabled","recipient":"guest","order":82122}
2026-08-13T10:03:36+00:00 NOTICE Email "customer_note" for order #82122 not sent: email type is disabled CONTEXT: {"email_type":"customer_note","status":"disabled","recipient":"guest","order":82122}
2026-08-13T10:04:18+00:00 NOTICE Email "new_order" for order #82123 not sent: email type is disabled CONTEXT: {"email_type":"new_order","status":"disabled","recipient":"Admin_Madrasmilk","order":82123}
2026-08-13T10:04:18+00:00 NOTICE Email "customer_processing_order" for order #82123 not sent: email type is disabled CONTEXT: {"email_type":"customer_processing_order","status":"disabled","recipient":"rosanuru","order":82123}
2026-08-13T10:09:38+00:00 NOTICE Email "customer_note" for order #82124 not sent: email type is disabled CONTEXT: {"email_type":"customer_note","status":"disabled","recipient":"geethaj175","order":82124}
2026-08-13T10:13:47+00:00 NOTICE Email "new_order" for order #82125 not sent: email type is disabled CONTEXT: {"email_type":"new_order","status":"disabled","recipient":"Admin_Madrasmilk","order":82125}
2026-08-13T10:13:47+00:00 NOTICE Email "customer_processing_order" for order #82125 not sent: email type is disabled CONTEXT: {"email_type":"customer_processing_order","status":"disabled","recipient":"Sidharth test","order":82125}
2026-08-13T10:22:00+00:00 NOTICE Email "new_order" for order #82060 not sent: email type is disabled CONTEXT: {"email_type":"new_order","status":"disabled","recipient":"Admin_Madrasmilk","order":82060}
2026-08-13T10:22:00+00:00 NOTICE Email "customer_processing_order" for order #82060 not sent: email type is disabled CONTEXT: {"email_type":"customer_processing_order","status":"disabled","recipient":"s.babumahesh","order":82060}
2026-08-13T10:23:53+00:00 NOTICE Email "customer_note" for order #82127 not sent: email type is disabled CONTEXT: {"email_type":"customer_note","status":"disabled","recipient":"ashokkhumar","order":82127}
2026-08-13T10:28:36+00:00 NOTICE Email "customer_note" for order #82128 not sent: email type is disabled CONTEXT: {"email_type":"customer_note","status":"disabled","recipient":"rohit.anand.patnaik60022161","order":82128}
2026-08-13T10:31:52+00:00 INFO Email "wps_wswp_wallet_credit" for user #5 sent CONTEXT: {"email_type":"wps_wswp_wallet_credit","status":"sent","recipient":"shreesekar","user":5}
2026-08-13T10:33:32+00:00 NOTICE Email "customer_completed_order" for order #82063 not sent: email type is disabled CONTEXT: {"email_type":"customer_completed_order","status":"disabled","recipient":"sukanv","order":82063}
2026-08-13T10:33:36+00:00 INFO Email "wps_wswp_wallet_credit" for user #123 sent CONTEXT: {"email_type":"wps_wswp_wallet_credit","status":"sent","recipient":"sukanv","user":123}
2026-08-13T10:33:50+00:00 NOTICE Email "customer_note" for order #82129 not sent: email type is disabled CONTEXT: {"email_type":"customer_note","status":"disabled","recipient":"couscapric","order":82129}
2026-08-13T10:36:45+00:00 NOTICE Email "customer_note" for order #82130 not sent: email type is disabled CONTEXT: {"email_type":"customer_note","status":"disabled","recipient":"couscapric","order":82130}
2026-08-13T10:37:49+00:00 NOTICE Email "customer_note" for order #82131 not sent: email type is disabled CONTEXT: {"email_type":"customer_note","status":"disabled","recipient":"couscapric","order":82131}
2026-08-13T10:39:14+00:00 INFO Email "wps_wswp_wallet_credit" for user #1550 sent CONTEXT: {"email_type":"wps_wswp_wallet_credit","status":"sent","recipient":"ravikiranalam","user":1550}
2026-08-13T10:45:30+00:00 INFO Email "wps_wswp_wallet_credit" for user #1387 sent CONTEXT: {"email_type":"wps_wswp_wallet_credit","status":"sent","recipient":"sudheer.rayanapati","user":1387}
2026-08-13T10:46:46+00:00 INFO Email "failed_order" for order #82132 sent CONTEXT: {"email_type":"failed_order","status":"sent","recipient":"Admin_Madrasmilk","order":82132}
2026-08-13T10:46:47+00:00 NOTICE Email "customer_note" for order #82133 not sent: email type is disabled CONTEXT: {"email_type":"customer_note","status":"disabled","recipient":"abhir019","order":82133}
2026-08-13T10:48:40+00:00 NOTICE Email "customer_refunded_order" for order #82097 not sent: email type is disabled CONTEXT: {"email_type":"customer_refunded_order","status":"disabled","recipient":"kamal.virk006","order":82097}
2026-08-13T10:48:41+00:00 NOTICE Email "customer_note" for order #82135 not sent: email type is disabled CONTEXT: {"email_type":"customer_note","status":"disabled","recipient":"Bhavesh Maisuria","order":82135}
2026-08-13T10:51:09+00:00 NOTICE Email "customer_refunded_order" for order #82036 not sent: email type is disabled CONTEXT: {"email_type":"customer_refunded_order","status":"disabled","recipient":"krishnasai.pittala","order":82036}
2026-08-13T10:58:03+00:00 NOTICE Email "customer_note" for order #82137 not sent: email type is disabled CONTEXT: {"email_type":"customer_note","status":"disabled","recipient":"thaseenphysio","order":82137}
2026-08-13T10:59:36+00:00 NOTICE Email "customer_note" for order #82139 not sent: email type is disabled CONTEXT: {"email_type":"customer_note","status":"disabled","recipient":"devitholkappiar","order":82139}
2026-08-13T11:00:00+00:00 NOTICE Email "customer_refunded_order" for order #81753 not sent: email type is disabled CONTEXT: {"email_type":"customer_refunded_order","status":"disabled","recipient":"ravikiranalam","order":81753}
2026-08-13T11:06:26+00:00 NOTICE Email "customer_note" for order #58393 not sent: email type is disabled CONTEXT: {"email_type":"customer_note","status":"disabled","recipient":"subramoniank","order":58393}
2026-08-13T11:06:44+00:00 NOTICE Email "new_order" for order #82143 not sent: email type is disabled CONTEXT: {"email_type":"new_order","status":"disabled","recipient":"Admin_Madrasmilk","order":82143}
2026-08-13T11:06:44+00:00 NOTICE Email "customer_processing_order" for order #82143 not sent: email type is disabled CONTEXT: {"email_type":"customer_processing_order","status":"disabled","recipient":"ram","order":82143}
2026-08-13T11:09:44+00:00 NOTICE Email "customer_refunded_order" for order #81243 not sent: email type is disabled CONTEXT: {"email_type":"customer_refunded_order","status":"disabled","recipient":"anand183","order":81243}
2026-08-13T11:10:30+00:00 INFO Email "wps_wswp_wallet_credit" for user #77 sent CONTEXT: {"email_type":"wps_wswp_wallet_credit","status":"sent","recipient":"ramadamu","user":77}
2026-08-13T11:11:06+00:00 INFO Email "wps_wswp_wallet_credit" for user #769 sent CONTEXT: {"email_type":"wps_wswp_wallet_credit","status":"sent","recipient":"chitvanp","user":769}
2026-08-13T11:13:33+00:00 NOTICE Email "customer_note" for order #82147 not sent: email type is disabled CONTEXT: {"email_type":"customer_note","status":"disabled","recipient":"jaysh_vijay","order":82147}
2026-08-13T11:16:07+00:00 NOTICE Email "customer_refunded_order" for order #81872 not sent: email type is disabled CONTEXT: {"email_type":"customer_refunded_order","status":"disabled","recipient":"kripamrajani","order":81872}
2026-08-13T11:21:36+00:00 NOTICE Email "customer_note" for order #82149 not sent: email type is disabled CONTEXT: {"email_type":"customer_note","status":"disabled","recipient":"sureshkumarl_ece","order":82149}
2026-08-13T11:22:59+00:00 NOTICE Email "customer_refunded_order" for order #82101 not sent: email type is disabled CONTEXT: {"email_type":"customer_refunded_order","status":"disabled","recipient":"charumathi18","order":82101}
2026-08-13T11:24:00+00:00 NOTICE Email "customer_refunded_order" for order #80823 not sent: email type is disabled CONTEXT: {"email_type":"customer_refunded_order","status":"disabled","recipient":"kannan_s11","order":80823}
2026-08-13T11:27:07+00:00 NOTICE Email "customer_note" for order #82154 not sent: email type is disabled CONTEXT: {"email_type":"customer_note","status":"disabled","recipient":"thiagarajan.krishnaraj","order":82154}
2026-08-13T11:28:32+00:00 NOTICE Email "new_order" for order #82153 not sent: email type is disabled CONTEXT: {"email_type":"new_order","status":"disabled","recipient":"Admin_Madrasmilk","order":82153}
2026-08-13T11:28:32+00:00 NOTICE Email "customer_processing_order" for order #82153 not sent: email type is disabled CONTEXT: {"email_type":"customer_processing_order","status":"disabled","recipient":"senthil.kumar.ma","order":82153}
2026-08-13T11:30:13+00:00 NOTICE Email "customer_refunded_order" for order #81458 not sent: email type is disabled CONTEXT: {"email_type":"customer_refunded_order","status":"disabled","recipient":"kannan_s11","order":81458}
2026-08-13T11:30:47+00:00 NOTICE Email "new_order" for order #82155 not sent: email type is disabled CONTEXT: {"email_type":"new_order","status":"disabled","recipient":"Admin_Madrasmilk","order":82155}
2026-08-13T11:30:47+00:00 NOTICE Email "customer_processing_order" for order #82155 not sent: email type is disabled CONTEXT: {"email_type":"customer_processing_order","status":"disabled","recipient":"senthil.kumar.ma","order":82155}
2026-08-13T11:31:15+00:00 NOTICE Email "customer_note" for order #82157 not sent: email type is disabled CONTEXT: {"email_type":"customer_note","status":"disabled","recipient":"swaroop.sistla","order":82157}
2026-08-13T11:34:38+00:00 NOTICE Email "customer_refunded_order" for order #81558 not sent: email type is disabled CONTEXT: {"email_type":"customer_refunded_order","status":"disabled","recipient":"senthil.kumar.ma","order":81558}
2026-08-13T11:35:22+00:00 NOTICE Email "customer_note" for order #82160 not sent: email type is disabled CONTEXT: {"email_type":"customer_note","status":"disabled","recipient":"thomas_dason2002","order":82160}
2026-08-13T11:37:06+00:00 NOTICE Email "customer_note" for order #82161 not sent: email type is disabled CONTEXT: {"email_type":"customer_note","status":"disabled","recipient":"ravishankar","order":82161}
2026-08-13T11:37:11+00:00 NOTICE Email "customer_note" for order #82162 not sent: email type is disabled CONTEXT: {"email_type":"customer_note","status":"disabled","recipient":"ravishankar","order":82162}
2026-08-13T11:37:17+00:00 NOTICE Email "customer_note" for order #82163 not sent: email type is disabled CONTEXT: {"email_type":"customer_note","status":"disabled","recipient":"kevinsundha","order":82163}
2026-08-13T11:38:35+00:00 NOTICE Email "customer_note" for order #82164 not sent: email type is disabled CONTEXT: {"email_type":"customer_note","status":"disabled","recipient":"shreesekar","order":82164}
2026-08-13T11:39:45+00:00 NOTICE Email "customer_note" for order #82165 not sent: email type is disabled CONTEXT: {"email_type":"customer_note","status":"disabled","recipient":"anand_ranjani","order":82165}
2026-08-13T11:39:50+00:00 NOTICE Email "customer_note" for order #82166 not sent: email type is disabled CONTEXT: {"email_type":"customer_note","status":"disabled","recipient":"itchingtowrite","order":82166}
2026-08-13T11:39:56+00:00 NOTICE Email "customer_note" for order #82167 not sent: email type is disabled CONTEXT: {"email_type":"customer_note","status":"disabled","recipient":"anand_ranjani","order":82167}
2026-08-13T11:40:01+00:00 NOTICE Email "customer_note" for order #82168 not sent: email type is disabled CONTEXT: {"email_type":"customer_note","status":"disabled","recipient":"pdotadir","order":82168}
2026-08-13T11:40:07+00:00 NOTICE Email "customer_note" for order #82169 not sent: email type is disabled CONTEXT: {"email_type":"customer_note","status":"disabled","recipient":"nithin153","order":82169}
2026-08-13T11:40:15+00:00 INFO Email "failed_order" for order #82169 sent CONTEXT: {"email_type":"failed_order","status":"sent","recipient":"Admin_Madrasmilk","order":82169}
2026-08-13T11:40:15+00:00 NOTICE Email "customer_note" for order #82170 not sent: email type is disabled CONTEXT: {"email_type":"customer_note","status":"disabled","recipient":"raj","order":82170}
2026-08-13T11:40:21+00:00 NOTICE Email "customer_note" for order #82171 not sent: email type is disabled CONTEXT: {"email_type":"customer_note","status":"disabled","recipient":"abinaya.kannazhagan","order":82171}
2026-08-13T11:40:26+00:00 NOTICE Email "customer_note" for order #82172 not sent: email type is disabled CONTEXT: {"email_type":"customer_note","status":"disabled","recipient":"anic.vijay","order":82172}
2026-08-13T11:40:32+00:00 NOTICE Email "customer_note" for order #82173 not sent: email type is disabled CONTEXT: {"email_type":"customer_note","status":"disabled","recipient":"kvghome1","order":82173}
2026-08-13T11:40:37+00:00 NOTICE Email "customer_note" for order #82174 not sent: email type is disabled CONTEXT: {"email_type":"customer_note","status":"disabled","recipient":"rajalakshmi.nr","order":82174}
2026-08-13T11:40:42+00:00 NOTICE Email "customer_note" for order #82175 not sent: email type is disabled CONTEXT: {"email_type":"customer_note","status":"disabled","recipient":"uppili45","order":82175}
2026-08-13T11:40:47+00:00 NOTICE Email "customer_note" for order #82176 not sent: email type is disabled CONTEXT: {"email_type":"customer_note","status":"disabled","recipient":"shanthichandrasekar","order":82176}
2026-08-13T11:41:13+00:00 NOTICE Email "customer_note" for order #82177 not sent: email type is disabled CONTEXT: {"email_type":"customer_note","status":"disabled","recipient":"raji.mulpuri","order":82177}
2026-08-13T11:41:18+00:00 NOTICE Email "customer_note" for order #82178 not sent: email type is disabled CONTEXT: {"email_type":"customer_note","status":"disabled","recipient":"raji.mulpuri","order":82178}
2026-08-13T11:41:23+00:00 NOTICE Email "customer_note" for order #82179 not sent: email type is disabled CONTEXT: {"email_type":"customer_note","status":"disabled","recipient":"pree25","order":82179}
2026-08-13T11:41:29+00:00 NOTICE Email "customer_note" for order #82180 not sent: email type is disabled CONTEXT: {"email_type":"customer_note","status":"disabled","recipient":"victoryprathiba2006","order":82180}
2026-08-13T11:41:34+00:00 NOTICE Email "customer_note" for order #82181 not sent: email type is disabled CONTEXT: {"email_type":"customer_note","status":"disabled","recipient":"gau2am","order":82181}
2026-08-13T11:41:39+00:00 NOTICE Email "customer_note" for order #82182 not sent: email type is disabled CONTEXT: {"email_type":"customer_note","status":"disabled","recipient":"vidhyashrre","order":82182}
2026-08-13T11:41:44+00:00 NOTICE Email "customer_note" for order #82183 not sent: email type is disabled CONTEXT: {"email_type":"customer_note","status":"disabled","recipient":"amuthukumaran","order":82183}
2026-08-13T11:41:50+00:00 NOTICE Email "customer_note" for order #82184 not sent: email type is disabled CONTEXT: {"email_type":"customer_note","status":"disabled","recipient":"pork_gee","order":82184}
2026-08-13T11:41:55+00:00 NOTICE Email "customer_note" for order #82185 not sent: email type is disabled CONTEXT: {"email_type":"customer_note","status":"disabled","recipient":"sangeetha.deiveegarajan","order":82185}
2026-08-13T11:42:00+00:00 NOTICE Email "customer_note" for order #82186 not sent: email type is disabled CONTEXT: {"email_type":"customer_note","status":"disabled","recipient":"sandhya5565","order":82186}
2026-08-13T11:44:15+00:00 NOTICE Email "customer_note" for order #82188 not sent: email type is disabled CONTEXT: {"email_type":"customer_note","status":"disabled","recipient":"baggubhargav","order":82188}
2026-08-13T11:46:56+00:00 INFO Email "customer_reset_password" for user #396 sent CONTEXT: {"email_type":"customer_reset_password","status":"sent","recipient":"jayalakshmi_kumaresan","user":396}
2026-08-13T11:48:35+00:00 NOTICE Email "customer_note" for order #82190 not sent: email type is disabled CONTEXT: {"email_type":"customer_note","status":"disabled","recipient":"pooranyk","order":82190}
2026-08-13T11:49:38+00:00 NOTICE Email "new_order" for order #82191 not sent: email type is disabled CONTEXT: {"email_type":"new_order","status":"disabled","recipient":"Admin_Madrasmilk","order":82191}
2026-08-13T11:49:38+00:00 NOTICE Email "customer_processing_order" for order #82191 not sent: email type is disabled CONTEXT: {"email_type":"customer_processing_order","status":"disabled","recipient":"siddharthsridharan92","order":82191}
2026-08-13T11:49:45+00:00 NOTICE Email "customer_note" for order #82192 not sent: email type is disabled CONTEXT: {"email_type":"customer_note","status":"disabled","recipient":"spkarri","order":82192}
2026-08-13T11:51:00+00:00 INFO Email "wps_wswp_wallet_credit" for user #195 sent CONTEXT: {"email_type":"wps_wswp_wallet_credit","status":"sent","recipient":"lakshmipunna","user":195}
2026-08-13T11:53:26+00:00 NOTICE Email "customer_note" for order #82193 not sent: email type is disabled CONTEXT: {"email_type":"customer_note","status":"disabled","recipient":"jsridhar00","order":82193}
2026-08-13T11:53:31+00:00 NOTICE Email "customer_note" for order #82194 not sent: email type is disabled CONTEXT: {"email_type":"customer_note","status":"disabled","recipient":"mali","order":82194}
2026-08-13T11:53:37+00:00 NOTICE Email "customer_note" for order #82195 not sent: email type is disabled CONTEXT: {"email_type":"customer_note","status":"disabled","recipient":"priyag2730","order":82195}
2026-08-13T11:53:42+00:00 NOTICE Email "customer_note" for order #82196 not sent: email type is disabled CONTEXT: {"email_type":"customer_note","status":"disabled","recipient":"giddisathish","order":82196}
2026-08-13T11:53:48+00:00 NOTICE Email "customer_note" for order #82197 not sent: email type is disabled CONTEXT: {"email_type":"customer_note","status":"disabled","recipient":"sansik26","order":82197}
2026-08-13T11:53:53+00:00 NOTICE Email "customer_note" for order #82198 not sent: email type is disabled CONTEXT: {"email_type":"customer_note","status":"disabled","recipient":"hemirami","order":82198}
2026-08-13T11:53:58+00:00 NOTICE Email "customer_note" for order #82199 not sent: email type is disabled CONTEXT: {"email_type":"customer_note","status":"disabled","recipient":"pooranyk","order":82199}
2026-08-13T11:54:03+00:00 NOTICE Email "customer_note" for order #82200 not sent: email type is disabled CONTEXT: {"email_type":"customer_note","status":"disabled","recipient":"parithi_kasi","order":82200}
2026-08-13T11:54:08+00:00 NOTICE Email "customer_note" for order #82201 not sent: email type is disabled CONTEXT: {"email_type":"customer_note","status":"disabled","recipient":"anjana.damu","order":82201}
2026-08-13T11:54:13+00:00 NOTICE Email "customer_note" for order #82202 not sent: email type is disabled CONTEXT: {"email_type":"customer_note","status":"disabled","recipient":"senthil.kumar.ma","order":82202}
2026-08-13T11:54:23+00:00 NOTICE Email "customer_completed_order" for order #80952 not sent: email type is disabled CONTEXT: {"email_type":"customer_completed_order","status":"disabled","recipient":"mr.khadeerahmed","order":80952}
2026-08-13T11:54:23+00:00 NOTICE Email "customer_completed_order" for order #81609 not sent: email type is disabled CONTEXT: {"email_type":"customer_completed_order","status":"disabled","recipient":"viswa22","order":81609}
2026-08-13T11:54:24+00:00 NOTICE Email "customer_completed_order" for order #76157 not sent: email type is disabled CONTEXT: {"email_type":"customer_completed_order","status":"disabled","recipient":"raghuldeepak1991","order":76157}
2026-08-13T11:54:24+00:00 NOTICE Email "customer_completed_order" for order #76156 not sent: email type is disabled CONTEXT: {"email_type":"customer_completed_order","status":"disabled","recipient":"karthik.thandapani","order":76156}
2026-08-13T11:54:24+00:00 NOTICE Email "customer_completed_order" for order #76155 not sent: email type is disabled CONTEXT: {"email_type":"customer_completed_order","status":"disabled","recipient":"santhosh9841662691","order":76155}
2026-08-13T11:54:24+00:00 NOTICE Email "customer_completed_order" for order #76153 not sent: email type is disabled CONTEXT: {"email_type":"customer_completed_order","status":"disabled","recipient":"poojareddy684","order":76153}
2026-08-13T11:54:24+00:00 NOTICE Email "customer_completed_order" for order #76152 not sent: email type is disabled CONTEXT: {"email_type":"customer_completed_order","status":"disabled","recipient":"eswar06","order":76152}
2026-08-13T11:54:24+00:00 NOTICE Email "customer_completed_order" for order #76151 not sent: email type is disabled CONTEXT: {"email_type":"customer_completed_order","status":"disabled","recipient":"caguptha2017","order":76151}
2026-08-13T11:54:25+00:00 NOTICE Email "customer_completed_order" for order #76150 not sent: email type is disabled CONTEXT: {"email_type":"customer_completed_order","status":"disabled","recipient":"rosanuru","order":76150}
2026-08-13T11:54:25+00:00 NOTICE Email "customer_completed_order" for order #76149 not sent: email type is disabled CONTEXT: {"email_type":"customer_completed_order","status":"disabled","recipient":"rosanuru","order":76149}
2026-08-13T11:54:25+00:00 NOTICE Email "customer_completed_order" for order #76148 not sent: email type is disabled CONTEXT: {"email_type":"customer_completed_order","status":"disabled","recipient":"gogul.1603","order":76148}
2026-08-13T11:54:25+00:00 NOTICE Email "customer_completed_order" for order #76147 not sent: email type is disabled CONTEXT: {"email_type":"customer_completed_order","status":"disabled","recipient":"baggubhargav","order":76147}
2026-08-13T11:54:25+00:00 NOTICE Email "customer_completed_order" for order #76146 not sent: email type is disabled CONTEXT: {"email_type":"customer_completed_order","status":"disabled","recipient":"sandyraja","order":76146}
2026-08-13T11:54:25+00:00 NOTICE Email "customer_completed_order" for order #76145 not sent: email type is disabled CONTEXT: {"email_type":"customer_completed_order","status":"disabled","recipient":"shivanilank1312","order":76145}
2026-08-13T11:54:25+00:00 NOTICE Email "customer_completed_order" for order #76144 not sent: email type is disabled CONTEXT: {"email_type":"customer_completed_order","status":"disabled","recipient":"tandonamit75","order":76144}
2026-08-13T11:54:25+00:00 NOTICE Email "customer_completed_order" for order #76142 not sent: email type is disabled CONTEXT: {"email_type":"customer_completed_order","status":"disabled","recipient":"mr.khadeerahmed","order":76142}
2026-08-13T11:54:25+00:00 NOTICE Email "customer_completed_order" for order #76141 not sent: email type is disabled CONTEXT: {"email_type":"customer_completed_order","status":"disabled","recipient":"sshalu2109","order":76141}
2026-08-13T11:54:25+00:00 NOTICE Email "customer_completed_order" for order #76140 not sent: email type is disabled CONTEXT: {"email_type":"customer_completed_order","status":"disabled","recipient":"vjjaleel","order":76140}
2026-08-13T11:54:25+00:00 NOTICE Email "customer_completed_order" for order #76138 not sent: email type is disabled CONTEXT: {"email_type":"customer_completed_order","status":"disabled","recipient":"harin5000","order":76138}
2026-08-13T11:54:26+00:00 NOTICE Email "customer_completed_order" for order #81652 not sent: email type is disabled CONTEXT: {"email_type":"customer_completed_order","status":"disabled","recipient":"rishubjj","order":81652}
2026-08-13T11:54:27+00:00 NOTICE Email "customer_completed_order" for order #81697 not sent: email type is disabled CONTEXT: {"email_type":"customer_completed_order","status":"disabled","recipient":"Dinesh Kumar","order":81697}
2026-08-13T11:54:29+00:00 NOTICE Email "customer_completed_order" for order #81735 not sent: email type is disabled CONTEXT: {"email_type":"customer_completed_order","status":"disabled","recipient":"Deepika","order":81735}
2026-08-13T11:54:30+00:00 NOTICE Email "customer_completed_order" for order #81769 not sent: email type is disabled CONTEXT: {"email_type":"customer_completed_order","status":"disabled","recipient":"swaroop.sistla","order":81769}
2026-08-13T11:55:05+00:00 NOTICE Email "customer_note" for order #82203 not sent: email type is disabled CONTEXT: {"email_type":"customer_note","status":"disabled","recipient":"arunt2511","order":82203}
2026-08-13T11:55:11+00:00 NOTICE Email "customer_note" for order #82204 not sent: email type is disabled CONTEXT: {"email_type":"customer_note","status":"disabled","recipient":"bhuulax","order":82204}
2026-08-13T11:55:16+00:00 NOTICE Email "customer_note" for order #82205 not sent: email type is disabled CONTEXT: {"email_type":"customer_note","status":"disabled","recipient":"ramadamu","order":82205}
2026-08-13T11:55:22+00:00 NOTICE Email "customer_note" for order #82206 not sent: email type is disabled CONTEXT: {"email_type":"customer_note","status":"disabled","recipient":"vinujoshua","order":82206}
2026-08-13T11:55:27+00:00 NOTICE Email "customer_note" for order #82207 not sent: email type is disabled CONTEXT: {"email_type":"customer_note","status":"disabled","recipient":"amalirayan","order":82207}
2026-08-13T11:55:32+00:00 NOTICE Email "customer_note" for order #82208 not sent: email type is disabled CONTEXT: {"email_type":"customer_note","status":"disabled","recipient":"bhatt1999","order":82208}
2026-08-13T11:55:38+00:00 NOTICE Email "customer_note" for order #82209 not sent: email type is disabled CONTEXT: {"email_type":"customer_note","status":"disabled","recipient":"bhatt1999","order":82209}
2026-08-13T11:55:43+00:00 NOTICE Email "customer_note" for order #82210 not sent: email type is disabled CONTEXT: {"email_type":"customer_note","status":"disabled","recipient":"revathivel","order":82210}
2026-08-13T11:55:48+00:00 NOTICE Email "customer_note" for order #82211 not sent: email type is disabled CONTEXT: {"email_type":"customer_note","status":"disabled","recipient":"sudhagar21","order":82211}
2026-08-13T11:55:54+00:00 NOTICE Email "customer_note" for order #82212 not sent: email type is disabled CONTEXT: {"email_type":"customer_note","status":"disabled","recipient":"muralidharan.go","order":82212}
2026-08-13T11:57:00+00:00 NOTICE Email "customer_completed_order" for order #81422 not sent: email type is disabled CONTEXT: {"email_type":"customer_completed_order","status":"disabled","recipient":"vdprasad2010","order":81422}
2026-08-13T11:57:01+00:00 NOTICE Email "customer_completed_order" for order #81426 not sent: email type is disabled CONTEXT: {"email_type":"customer_completed_order","status":"disabled","recipient":"saimah24","order":81426}
2026-08-13T11:57:01+00:00 NOTICE Email "customer_completed_order" for order #81429 not sent: email type is disabled CONTEXT: {"email_type":"customer_completed_order","status":"disabled","recipient":"sangeetharanganath","order":81429}
2026-08-13T11:57:01+00:00 NOTICE Email "customer_completed_order" for order #81431 not sent: email type is disabled CONTEXT: {"email_type":"customer_completed_order","status":"disabled","recipient":"vjhaver","order":81431}
2026-08-13T11:57:01+00:00 NOTICE Email "customer_completed_order" for order #81432 not sent: email type is disabled CONTEXT: {"email_type":"customer_completed_order","status":"disabled","recipient":"Aritra Pan","order":81432}
2026-08-13T11:57:01+00:00 NOTICE Email "customer_completed_order" for order #81433 not sent: email type is disabled CONTEXT: {"email_type":"customer_completed_order","status":"disabled","recipient":"tanya.ganesan04","order":81433}
2026-08-13T11:57:01+00:00 NOTICE Email "customer_completed_order" for order #81436 not sent: email type is disabled CONTEXT: {"email_type":"customer_completed_order","status":"disabled","recipient":"uthara_m","order":81436}
2026-08-13T11:57:01+00:00 NOTICE Email "customer_completed_order" for order #81437 not sent: email type is disabled CONTEXT: {"email_type":"customer_completed_order","status":"disabled","recipient":"ks.adityan","order":81437}
2026-08-13T11:57:01+00:00 NOTICE Email "customer_completed_order" for order #81439 not sent: email type is disabled CONTEXT: {"email_type":"customer_completed_order","status":"disabled","recipient":"tanya.ganesan04","order":81439}
2026-08-13T11:57:01+00:00 NOTICE Email "customer_completed_order" for order #81441 not sent: email type is disabled CONTEXT: {"email_type":"customer_completed_order","status":"disabled","recipient":"sagar loka","order":81441}
2026-08-13T11:57:01+00:00 NOTICE Email "customer_completed_order" for order #81442 not sent: email type is disabled CONTEXT: {"email_type":"customer_completed_order","status":"disabled","recipient":"shreesekar","order":81442}
2026-08-13T11:57:02+00:00 NOTICE Email "customer_completed_order" for order #81485 not sent: email type is disabled CONTEXT: {"email_type":"customer_completed_order","status":"disabled","recipient":"vjjaleel","order":81485}
2026-08-13T11:57:03+00:00 NOTICE Email "customer_completed_order" for order #81497 not sent: email type is disabled CONTEXT: {"email_type":"customer_completed_order","status":"disabled","recipient":"ravikiranalam","order":81497}
2026-08-13T11:57:03+00:00 NOTICE Email "customer_completed_order" for order #81500 not sent: email type is disabled CONTEXT: {"email_type":"customer_completed_order","status":"disabled","recipient":"nyolapriya","order":81500}
2026-08-13T11:57:03+00:00 NOTICE Email "customer_completed_order" for order #81505 not sent: email type is disabled CONTEXT: {"email_type":"customer_completed_order","status":"disabled","recipient":"srksrk","order":81505}
2026-08-13T11:57:03+00:00 NOTICE Email "customer_completed_order" for order #81511 not sent: email type is disabled CONTEXT: {"email_type":"customer_completed_order","status":"disabled","recipient":"siddarth01","order":81511}
2026-08-13T11:57:03+00:00 NOTICE Email "customer_completed_order" for order #81512 not sent: email type is disabled CONTEXT: {"email_type":"customer_completed_order","status":"disabled","recipient":"kishorebheema","order":81512}
2026-08-13T11:57:03+00:00 NOTICE Email "customer_completed_order" for order #81513 not sent: email type is disabled CONTEXT: {"email_type":"customer_completed_order","status":"disabled","recipient":"anushpala.kamineni","order":81513}
2026-08-13T11:57:04+00:00 NOTICE Email "customer_completed_order" for order #81522 not sent: email type is disabled CONTEXT: {"email_type":"customer_completed_order","status":"disabled","recipient":"ganapathy196603santhi","order":81522}
2026-08-13T11:57:04+00:00 NOTICE Email "customer_completed_order" for order #81527 not sent: email type is disabled CONTEXT: {"email_type":"customer_completed_order","status":"disabled","recipient":"devaprasad.ash","order":81527}
2026-08-13T12:10:14+00:00 NOTICE Email "customer_note" for order #82213 not sent: email type is disabled CONTEXT: {"email_type":"customer_note","status":"disabled","recipient":"raknas50","order":82213}
2026-08-13T12:11:43+00:00 NOTICE Email "customer_note" for order #82214 not sent: email type is disabled CONTEXT: {"email_type":"customer_note","status":"disabled","recipient":"raknas50","order":82214}
2026-08-13T12:11:49+00:00 NOTICE Email "customer_note" for order #82215 not sent: email type is disabled CONTEXT: {"email_type":"customer_note","status":"disabled","recipient":"patapallasrinivas","order":82215}
2026-08-13T12:12:02+00:00 NOTICE Email "customer_refunded_order" for order #81623 not sent: email type is disabled CONTEXT: {"email_type":"customer_refunded_order","status":"disabled","recipient":"sinhaarun59","order":81623}
2026-08-13T12:13:52+00:00 NOTICE Email "customer_note" for order #82217 not sent: email type is disabled CONTEXT: {"email_type":"customer_note","status":"disabled","recipient":"nav_dita","order":82217}
2026-08-13T12:15:36+00:00 NOTICE Email "customer_note" for order #82218 not sent: email type is disabled CONTEXT: {"email_type":"customer_note","status":"disabled","recipient":"sripradhas","order":82218}
2026-08-13T12:15:42+00:00 NOTICE Email "customer_note" for order #82219 not sent: email type is disabled CONTEXT: {"email_type":"customer_note","status":"disabled","recipient":"sripradhas","order":82219}
2026-08-13T12:17:39+00:00 NOTICE Email "customer_note" for order #82220 not sent: email type is disabled CONTEXT: {"email_type":"customer_note","status":"disabled","recipient":"aarthisrin","order":82220}
2026-08-13T12:19:47+00:00 NOTICE Email "customer_note" for order #82221 not sent: email type is disabled CONTEXT: {"email_type":"customer_note","status":"disabled","recipient":"arjunp3000","order":82221}
2026-08-13T12:19:53+00:00 NOTICE Email "customer_note" for order #82222 not sent: email type is disabled CONTEXT: {"email_type":"customer_note","status":"disabled","recipient":"meena.radhakrishnan","order":82222}
2026-08-13T12:21:25+00:00 NOTICE Email "customer_note" for order #82223 not sent: email type is disabled CONTEXT: {"email_type":"customer_note","status":"disabled","recipient":"vasan","order":82223}
2026-08-13T12:21:31+00:00 NOTICE Email "customer_note" for order #82224 not sent: email type is disabled CONTEXT: {"email_type":"customer_note","status":"disabled","recipient":"rcharumathi","order":82224}
2026-08-13T12:21:59+00:00 NOTICE Email "customer_note" for order #82225 not sent: email type is disabled CONTEXT: {"email_type":"customer_note","status":"disabled","recipient":"ramanathanlr","order":82225}
2026-08-13T12:22:05+00:00 NOTICE Email "customer_note" for order #82226 not sent: email type is disabled CONTEXT: {"email_type":"customer_note","status":"disabled","recipient":"shomprabu","order":82226}
2026-08-13T12:22:11+00:00 NOTICE Email "customer_note" for order #82227 not sent: email type is disabled CONTEXT: {"email_type":"customer_note","status":"disabled","recipient":"shomprabu","order":82227}
2026-08-13T12:22:16+00:00 NOTICE Email "customer_note" for order #82228 not sent: email type is disabled CONTEXT: {"email_type":"customer_note","status":"disabled","recipient":"vanithasridhar80","order":82228}
2026-08-13T12:22:21+00:00 NOTICE Email "customer_note" for order #82229 not sent: email type is disabled CONTEXT: {"email_type":"customer_note","status":"disabled","recipient":"cm.krishna","order":82229}
2026-08-13T12:22:27+00:00 NOTICE Email "customer_note" for order #82230 not sent: email type is disabled CONTEXT: {"email_type":"customer_note","status":"disabled","recipient":"jaiganesh61","order":82230}
2026-08-13T12:22:33+00:00 NOTICE Email "customer_note" for order #82231 not sent: email type is disabled CONTEXT: {"email_type":"customer_note","status":"disabled","recipient":"raga.12345","order":82231}
2026-08-13T12:22:38+00:00 NOTICE Email "customer_note" for order #82232 not sent: email type is disabled CONTEXT: {"email_type":"customer_note","status":"disabled","recipient":"sukanv","order":82232}
2026-08-13T12:22:44+00:00 NOTICE Email "customer_note" for order #82233 not sent: email type is disabled CONTEXT: {"email_type":"customer_note","status":"disabled","recipient":"sukanv","order":82233}
2026-08-13T12:22:45+00:00 NOTICE Email "customer_note" for order #82234 not sent: email type is disabled CONTEXT: {"email_type":"customer_note","status":"disabled","recipient":"teja.cdtvs","order":82234}
2026-08-13T12:22:49+00:00 NOTICE Email "customer_note" for order #82235 not sent: email type is disabled CONTEXT: {"email_type":"customer_note","status":"disabled","recipient":"aradhanagopinath","order":82235}
2026-08-13T12:22:51+00:00 NOTICE Email "customer_note" for order #82236 not sent: email type is disabled CONTEXT: {"email_type":"customer_note","status":"disabled","recipient":"vjjaleel","order":82236}
2026-08-13T12:26:44+00:00 NOTICE Email "customer_note" for order #82237 not sent: email type is disabled CONTEXT: {"email_type":"customer_note","status":"disabled","recipient":"santhipriya.mohan","order":82237}
2026-08-13T12:26:49+00:00 NOTICE Email "customer_note" for order #82238 not sent: email type is disabled CONTEXT: {"email_type":"customer_note","status":"disabled","recipient":"sd.nisarahmed","order":82238}
2026-08-13T12:27:59+00:00 NOTICE Email "customer_note" for order #82239 not sent: email type is disabled CONTEXT: {"email_type":"customer_note","status":"disabled","recipient":"ravikiranalam","order":82239}
2026-08-13T12:28:05+00:00 NOTICE Email "customer_note" for order #82240 not sent: email type is disabled CONTEXT: {"email_type":"customer_note","status":"disabled","recipient":"iluvgold6","order":82240}
2026-08-13T12:30:10+00:00 NOTICE Email "customer_note" for order #82241 not sent: email type is disabled CONTEXT: {"email_type":"customer_note","status":"disabled","recipient":"nanditha.sivaramakrishnan","order":82241}
2026-08-13T12:30:16+00:00 NOTICE Email "customer_note" for order #82242 not sent: email type is disabled CONTEXT: {"email_type":"customer_note","status":"disabled","recipient":"vijikrish85","order":82242}
2026-08-13T12:31:39+00:00 NOTICE Email "customer_note" for order #82243 not sent: email type is disabled CONTEXT: {"email_type":"customer_note","status":"disabled","recipient":"mrsananthavalli","order":82243}
2026-08-13T12:31:44+00:00 NOTICE Email "customer_note" for order #82244 not sent: email type is disabled CONTEXT: {"email_type":"customer_note","status":"disabled","recipient":"mrsananthavalli","order":82244}
2026-08-13T12:33:09+00:00 NOTICE Email "customer_note" for order #82245 not sent: email type is disabled CONTEXT: {"email_type":"customer_note","status":"disabled","recipient":"shanky.viswanathan","order":82245}
2026-08-13T12:33:14+00:00 NOTICE Email "customer_note" for order #82245 not sent: email type is disabled CONTEXT: {"email_type":"customer_note","status":"disabled","recipient":"shanky.viswanathan","order":82245}
2026-08-13T12:33:40+00:00 NOTICE Email "customer_note" for order #82246 not sent: email type is disabled CONTEXT: {"email_type":"customer_note","status":"disabled","recipient":"febinar","order":82246}
2026-08-13T12:33:45+00:00 NOTICE Email "customer_note" for order #82247 not sent: email type is disabled CONTEXT: {"email_type":"customer_note","status":"disabled","recipient":"nagarjunagarige","order":82247}
2026-08-13T12:35:31+00:00 NOTICE Email "customer_note" for order #82248 not sent: email type is disabled CONTEXT: {"email_type":"customer_note","status":"disabled","recipient":"squareofgold","order":82248}
2026-08-13T12:35:37+00:00 NOTICE Email "customer_note" for order #82249 not sent: email type is disabled CONTEXT: {"email_type":"customer_note","status":"disabled","recipient":"anushb6","order":82249}
2026-08-13T12:36:35+00:00 NOTICE Email "customer_note" for order #82250 not sent: email type is disabled CONTEXT: {"email_type":"customer_note","status":"disabled","recipient":"ambica11880","order":82250}
2026-08-13T12:37:47+00:00 NOTICE Email "customer_note" for order #82251 not sent: email type is disabled CONTEXT: {"email_type":"customer_note","status":"disabled","recipient":"karthik.vv","order":82251}
2026-08-13T12:37:52+00:00 NOTICE Email "customer_note" for order #82252 not sent: email type is disabled CONTEXT: {"email_type":"customer_note","status":"disabled","recipient":"durgasivakumar","order":82252}
2026-08-13T12:37:58+00:00 NOTICE Email "customer_note" for order #82253 not sent: email type is disabled CONTEXT: {"email_type":"customer_note","status":"disabled","recipient":"durgasivakumar","order":82253}
2026-08-13T12:38:03+00:00 NOTICE Email "customer_note" for order #82254 not sent: email type is disabled CONTEXT: {"email_type":"customer_note","status":"disabled","recipient":"jaanu23ravi","order":82254}
2026-08-13T12:38:09+00:00 NOTICE Email "customer_note" for order #82255 not sent: email type is disabled CONTEXT: {"email_type":"customer_note","status":"disabled","recipient":"nals1428","order":82255}
2026-08-13T12:38:15+00:00 NOTICE Email "customer_note" for order #82256 not sent: email type is disabled CONTEXT: {"email_type":"customer_note","status":"disabled","recipient":"indu_pandurangan","order":82256}
2026-08-13T12:38:20+00:00 NOTICE Email "customer_note" for order #82257 not sent: email type is disabled CONTEXT: {"email_type":"customer_note","status":"disabled","recipient":"rohinirvarma","order":82257}
2026-08-13T12:38:26+00:00 NOTICE Email "customer_note" for order #82258 not sent: email type is disabled CONTEXT: {"email_type":"customer_note","status":"disabled","recipient":"vaikarthi","order":82258}
2026-08-13T12:38:31+00:00 NOTICE Email "customer_note" for order #82259 not sent: email type is disabled CONTEXT: {"email_type":"customer_note","status":"disabled","recipient":"kannusamy","order":82259}
2026-08-13T12:38:36+00:00 NOTICE Email "customer_note" for order #82260 not sent: email type is disabled CONTEXT: {"email_type":"customer_note","status":"disabled","recipient":"anushb6","order":82260}
2026-08-13T12:38:37+00:00 NOTICE Email "customer_note" for order #82261 not sent: email type is disabled CONTEXT: {"email_type":"customer_note","status":"disabled","recipient":"kantsrik","order":82261}
2026-08-13T12:39:43+00:00 NOTICE Email "customer_note" for order #82262 not sent: email type is disabled CONTEXT: {"email_type":"customer_note","status":"disabled","recipient":"kumaralagappan","order":82262}
2026-08-13T12:39:49+00:00 NOTICE Email "customer_note" for order #82263 not sent: email type is disabled CONTEXT: {"email_type":"customer_note","status":"disabled","recipient":"meenatom","order":82263}
2026-08-13T12:41:44+00:00 NOTICE Email "customer_note" for order #82264 not sent: email type is disabled CONTEXT: {"email_type":"customer_note","status":"disabled","recipient":"anishamn","order":82264}
2026-08-13T12:41:50+00:00 NOTICE Email "customer_note" for order #82265 not sent: email type is disabled CONTEXT: {"email_type":"customer_note","status":"disabled","recipient":"ramyabashyam298","order":82265}
2026-08-13T12:41:55+00:00 NOTICE Email "customer_note" for order #82266 not sent: email type is disabled CONTEXT: {"email_type":"customer_note","status":"disabled","recipient":"gary3889","order":82266}
2026-08-13T12:44:00+00:00 NOTICE Email "customer_note" for order #82267 not sent: email type is disabled CONTEXT: {"email_type":"customer_note","status":"disabled","recipient":"kantsrik","order":82267}
2026-08-13T12:44:06+00:00 NOTICE Email "customer_note" for order #82268 not sent: email type is disabled CONTEXT: {"email_type":"customer_note","status":"disabled","recipient":"tanugaur","order":82268}
2026-08-13T12:44:11+00:00 NOTICE Email "customer_note" for order #82269 not sent: email type is disabled CONTEXT: {"email_type":"customer_note","status":"disabled","recipient":"tanugaur","order":82269}
2026-08-13T12:44:17+00:00 NOTICE Email "customer_note" for order #82270 not sent: email type is disabled CONTEXT: {"email_type":"customer_note","status":"disabled","recipient":"sndas108","order":82270}
2026-08-13T12:44:22+00:00 NOTICE Email "customer_note" for order #82271 not sent: email type is disabled CONTEXT: {"email_type":"customer_note","status":"disabled","recipient":"sndas108","order":82271}
2026-08-13T12:44:28+00:00 NOTICE Email "customer_note" for order #82272 not sent: email type is disabled CONTEXT: {"email_type":"customer_note","status":"disabled","recipient":"preethi.kashyap","order":82272}
2026-08-13T12:44:33+00:00 NOTICE Email "customer_note" for order #82273 not sent: email type is disabled CONTEXT: {"email_type":"customer_note","status":"disabled","recipient":"rtdhinakar","order":82273}
2026-08-13T12:44:39+00:00 NOTICE Email "customer_note" for order #82274 not sent: email type is disabled CONTEXT: {"email_type":"customer_note","status":"disabled","recipient":"shivanilank1312","order":82274}
2026-08-13T12:44:44+00:00 NOTICE Email "customer_note" for order #82275 not sent: email type is disabled CONTEXT: {"email_type":"customer_note","status":"disabled","recipient":"gotosurya","order":82275}
2026-08-13T12:44:49+00:00 NOTICE Email "customer_note" for order #82276 not sent: email type is disabled CONTEXT: {"email_type":"customer_note","status":"disabled","recipient":"gotosurya","order":82276}
2026-08-13T12:45:30+00:00 NOTICE Email "customer_note" for order #82277 not sent: email type is disabled CONTEXT: {"email_type":"customer_note","status":"disabled","recipient":"saipadmarajen","order":82277}
2026-08-13T12:45:36+00:00 NOTICE Email "customer_note" for order #82278 not sent: email type is disabled CONTEXT: {"email_type":"customer_note","status":"disabled","recipient":"ssmanister","order":82278}
2026-08-13T12:45:36+00:00 NOTICE Email "customer_note" for order #82279 not sent: email type is disabled CONTEXT: {"email_type":"customer_note","status":"disabled","recipient":"ragulrajamani","order":82279}
2026-08-13T12:45:41+00:00 NOTICE Email "customer_note" for order #82280 not sent: email type is disabled CONTEXT: {"email_type":"customer_note","status":"disabled","recipient":"kpraneeth","order":82280}
2026-08-13T12:45:42+00:00 NOTICE Email "customer_note" for order #82281 not sent: email type is disabled CONTEXT: {"email_type":"customer_note","status":"disabled","recipient":"nrrlatha","order":82281}
2026-08-13T12:45:46+00:00 NOTICE Email "customer_note" for order #82282 not sent: email type is disabled CONTEXT: {"email_type":"customer_note","status":"disabled","recipient":"giri.ramamoorthy","order":82282}
2026-08-13T12:45:52+00:00 NOTICE Email "customer_note" for order #82283 not sent: email type is disabled CONTEXT: {"email_type":"customer_note","status":"disabled","recipient":"sunil","order":82283}
2026-08-13T12:45:57+00:00 NOTICE Email "customer_note" for order #82284 not sent: email type is disabled CONTEXT: {"email_type":"customer_note","status":"disabled","recipient":"maha.prakrti","order":82284}
2026-08-13T12:46:03+00:00 NOTICE Email "customer_note" for order #82285 not sent: email type is disabled CONTEXT: {"email_type":"customer_note","status":"disabled","recipient":"mr.khadeerahmed","order":82285}
2026-08-13T12:46:08+00:00 NOTICE Email "customer_note" for order #82286 not sent: email type is disabled CONTEXT: {"email_type":"customer_note","status":"disabled","recipient":"gayatrid17","order":82286}
2026-08-13T12:46:14+00:00 NOTICE Email "customer_note" for order #82287 not sent: email type is disabled CONTEXT: {"email_type":"customer_note","status":"disabled","recipient":"harin5000","order":82287}
2026-08-13T12:46:19+00:00 NOTICE Email "customer_note" for order #82288 not sent: email type is disabled CONTEXT: {"email_type":"customer_note","status":"disabled","recipient":"anushajinadas","order":82288}
2026-08-13T12:46:37+00:00 NOTICE Email "customer_note" for order #82289 not sent: email type is disabled CONTEXT: {"email_type":"customer_note","status":"disabled","recipient":"ganes.s","order":82289}
2026-08-13T12:46:38+00:00 INFO Email "wps_wswp_wallet_credit" for user #1202 sent CONTEXT: {"email_type":"wps_wswp_wallet_credit","status":"sent","recipient":"lavaledshiva17","user":1202}
2026-08-13T12:46:43+00:00 NOTICE Email "customer_note" for order #82290 not sent: email type is disabled CONTEXT: {"email_type":"customer_note","status":"disabled","recipient":"shankar.b1987","order":82290}
2026-08-13T12:46:48+00:00 NOTICE Email "customer_note" for order #82291 not sent: email type is disabled CONTEXT: {"email_type":"customer_note","status":"disabled","recipient":"aparna.saravananj","order":82291}
2026-08-13T12:46:54+00:00 NOTICE Email "customer_note" for order #82292 not sent: email type is disabled CONTEXT: {"email_type":"customer_note","status":"disabled","recipient":"rshankar79","order":82292}
2026-08-13T12:47:07+00:00 NOTICE Email "customer_note" for order #82293 not sent: email type is disabled CONTEXT: {"email_type":"customer_note","status":"disabled","recipient":"srininsv","order":82293}
2026-08-13T12:47:13+00:00 NOTICE Email "customer_note" for order #82294 not sent: email type is disabled CONTEXT: {"email_type":"customer_note","status":"disabled","recipient":"getvichu2000","order":82294}
2026-08-13T12:47:19+00:00 NOTICE Email "customer_note" for order #82295 not sent: email type is disabled CONTEXT: {"email_type":"customer_note","status":"disabled","recipient":"lakshmipunna","order":82295}
2026-08-13T12:47:25+00:00 NOTICE Email "customer_note" for order #82296 not sent: email type is disabled CONTEXT: {"email_type":"customer_note","status":"disabled","recipient":"ssreddy","order":82296}
2026-08-13T12:47:27+00:00 NOTICE Email "customer_note" for order #82297 not sent: email type is disabled CONTEXT: {"email_type":"customer_note","status":"disabled","recipient":"prasannadevi.1989","order":82297}
2026-08-13T12:47:30+00:00 NOTICE Email "customer_note" for order #82298 not sent: email type is disabled CONTEXT: {"email_type":"customer_note","status":"disabled","recipient":"nspriya14","order":82298}
2026-08-13T12:47:36+00:00 NOTICE Email "customer_note" for order #82299 not sent: email type is disabled CONTEXT: {"email_type":"customer_note","status":"disabled","recipient":"rajani.seshadri","order":82299}
2026-08-13T12:47:42+00:00 NOTICE Email "customer_note" for order #82300 not sent: email type is disabled CONTEXT: {"email_type":"customer_note","status":"disabled","recipient":"kannan.m84","order":82300}
2026-08-13T12:47:47+00:00 NOTICE Email "customer_note" for order #82301 not sent: email type is disabled CONTEXT: {"email_type":"customer_note","status":"disabled","recipient":"sujathasathyanarayanan","order":82301}
2026-08-13T12:47:53+00:00 NOTICE Email "customer_note" for order #82302 not sent: email type is disabled CONTEXT: {"email_type":"customer_note","status":"disabled","recipient":"krish2407","order":82302}
2026-08-13T12:47:58+00:00 NOTICE Email "customer_note" for order #82303 not sent: email type is disabled CONTEXT: {"email_type":"customer_note","status":"disabled","recipient":"krish2407","order":82303}
2026-08-13T12:48:04+00:00 NOTICE Email "customer_note" for order #82304 not sent: email type is disabled CONTEXT: {"email_type":"customer_note","status":"disabled","recipient":"ntsaran81","order":82304}
2026-08-13T12:48:15+00:00 INFO Email "customer_new_account" for user #1621 sent CONTEXT: {"email_type":"customer_new_account","status":"sent","recipient":"aanchal.lathar","user":1621}
2026-08-13T12:49:50+00:00 NOTICE Email "customer_note" for order #82305 not sent: email type is disabled CONTEXT: {"email_type":"customer_note","status":"disabled","recipient":"jayshreethaker1","order":82305}
2026-08-13T12:51:35+00:00 NOTICE Email "customer_note" for order #82306 not sent: email type is disabled CONTEXT: {"email_type":"customer_note","status":"disabled","recipient":"sainikamini045","order":82306}
2026-08-13T12:51:41+00:00 NOTICE Email "customer_note" for order #82307 not sent: email type is disabled CONTEXT: {"email_type":"customer_note","status":"disabled","recipient":"bhradv73","order":82307}
2026-08-13T12:53:25+00:00 NOTICE Email "customer_note" for order #82309 not sent: email type is disabled CONTEXT: {"email_type":"customer_note","status":"disabled","recipient":"ra.ramesh1963","order":82309}
2026-08-13T12:53:52+00:00 NOTICE Email "new_order" for order #82308 not sent: email type is disabled CONTEXT: {"email_type":"new_order","status":"disabled","recipient":"Admin_Madrasmilk","order":82308}
2026-08-13T12:53:52+00:00 NOTICE Email "customer_processing_order" for order #82308 not sent: email type is disabled CONTEXT: {"email_type":"customer_processing_order","status":"disabled","recipient":"aanchal.lathar","order":82308}
2026-08-13T12:54:45+00:00 NOTICE Email "customer_note" for order #82310 not sent: email type is disabled CONTEXT: {"email_type":"customer_note","status":"disabled","recipient":"dhyaneshwarganesh","order":82310}
2026-08-13T12:55:12+00:00 NOTICE Email "customer_note" for order #82311 not sent: email type is disabled CONTEXT: {"email_type":"customer_note","status":"disabled","recipient":"subhra.hindu","order":82311}
2026-08-13T12:55:18+00:00 NOTICE Email "customer_note" for order #82312 not sent: email type is disabled CONTEXT: {"email_type":"customer_note","status":"disabled","recipient":"rajeswa2","order":82312}
2026-08-13T12:55:24+00:00 NOTICE Email "customer_note" for order #82313 not sent: email type is disabled CONTEXT: {"email_type":"customer_note","status":"disabled","recipient":"rajeswa2","order":82313}
2026-08-13T12:55:29+00:00 NOTICE Email "customer_note" for order #82314 not sent: email type is disabled CONTEXT: {"email_type":"customer_note","status":"disabled","recipient":"rrnath72","order":82314}
2026-08-13T12:55:34+00:00 NOTICE Email "customer_note" for order #82315 not sent: email type is disabled CONTEXT: {"email_type":"customer_note","status":"disabled","recipient":"t_kart","order":82315}
2026-08-13T12:55:40+00:00 NOTICE Email "customer_note" for order #82316 not sent: email type is disabled CONTEXT: {"email_type":"customer_note","status":"disabled","recipient":"vidhyavenkatesh","order":82316}
2026-08-13T12:55:46+00:00 NOTICE Email "customer_note" for order #82317 not sent: email type is disabled CONTEXT: {"email_type":"customer_note","status":"disabled","recipient":"sankar.nx","order":82317}
2026-08-13T12:55:52+00:00 NOTICE Email "customer_note" for order #82318 not sent: email type is disabled CONTEXT: {"email_type":"customer_note","status":"disabled","recipient":"jenibanancy","order":82318}
2026-08-13T12:55:57+00:00 NOTICE Email "customer_note" for order #82319 not sent: email type is disabled CONTEXT: {"email_type":"customer_note","status":"disabled","recipient":"rvsbell","order":82319}
2026-08-13T12:56:02+00:00 NOTICE Email "customer_note" for order #82320 not sent: email type is disabled CONTEXT: {"email_type":"customer_note","status":"disabled","recipient":"ravishankarpv23","order":82320}
2026-08-13T12:56:08+00:00 NOTICE Email "customer_note" for order #82321 not sent: email type is disabled CONTEXT: {"email_type":"customer_note","status":"disabled","recipient":"bmanjudevi","order":82321}
2026-08-13T12:56:13+00:00 NOTICE Email "customer_note" for order #82322 not sent: email type is disabled CONTEXT: {"email_type":"customer_note","status":"disabled","recipient":"rkarthikeyan1511","order":82322}
2026-08-13T12:56:19+00:00 NOTICE Email "customer_note" for order #82323 not sent: email type is disabled CONTEXT: {"email_type":"customer_note","status":"disabled","recipient":"adline.jeni","order":82323}
2026-08-13T12:56:24+00:00 NOTICE Email "customer_note" for order #82324 not sent: email type is disabled CONTEXT: {"email_type":"customer_note","status":"disabled","recipient":"suganyagopuk","order":82324}
2026-08-13T12:56:30+00:00 NOTICE Email "customer_note" for order #82325 not sent: email type is disabled CONTEXT: {"email_type":"customer_note","status":"disabled","recipient":"amby85","order":82325}
2026-08-13T12:56:36+00:00 NOTICE Email "customer_note" for order #82326 not sent: email type is disabled CONTEXT: {"email_type":"customer_note","status":"disabled","recipient":"ums.susmitha","order":82326}
2026-08-13T12:58:46+00:00 NOTICE Email "customer_note" for order #82327 not sent: email type is disabled CONTEXT: {"email_type":"customer_note","status":"disabled","recipient":"nathanveer","order":82327}
2026-08-13T12:58:52+00:00 NOTICE Email "customer_note" for order #82328 not sent: email type is disabled CONTEXT: {"email_type":"customer_note","status":"disabled","recipient":"captainharisd","order":82328}
2026-08-13T12:59:57+00:00 NOTICE Email "customer_note" for order #82329 not sent: email type is disabled CONTEXT: {"email_type":"customer_note","status":"disabled","recipient":"grandmastervasu","order":82329}
2026-08-13T13:00:02+00:00 NOTICE Email "customer_note" for order #82330 not sent: email type is disabled CONTEXT: {"email_type":"customer_note","status":"disabled","recipient":"tanzary","order":82330}
2026-08-13T13:00:08+00:00 NOTICE Email "customer_note" for order #82331 not sent: email type is disabled CONTEXT: {"email_type":"customer_note","status":"disabled","recipient":"jayshree_kannan","order":82331}
2026-08-13T13:00:09+00:00 INFO Email "wps_wswp_wallet_credit" for user #286 sent CONTEXT: {"email_type":"wps_wswp_wallet_credit","status":"sent","recipient":"renga.devarajan","user":286}
2026-08-13T13:00:14+00:00 NOTICE Email "customer_note" for order #82332 not sent: email type is disabled CONTEXT: {"email_type":"customer_note","status":"disabled","recipient":"asokachelliah","order":82332}
2026-08-13T13:00:19+00:00 NOTICE Email "customer_note" for order #82333 not sent: email type is disabled CONTEXT: {"email_type":"customer_note","status":"disabled","recipient":"ranjithjegan","order":82333}
2026-08-13T13:00:25+00:00 NOTICE Email "customer_note" for order #82334 not sent: email type is disabled CONTEXT: {"email_type":"customer_note","status":"disabled","recipient":"thirumal.valavan","order":82334}
2026-08-13T13:00:31+00:00 NOTICE Email "customer_note" for order #82335 not sent: email type is disabled CONTEXT: {"email_type":"customer_note","status":"disabled","recipient":"arunivf","order":82335}
2026-08-13T13:00:36+00:00 NOTICE Email "customer_note" for order #82336 not sent: email type is disabled CONTEXT: {"email_type":"customer_note","status":"disabled","recipient":"sunanda.undamatla","order":82336}
2026-08-13T13:00:42+00:00 NOTICE Email "customer_note" for order #82337 not sent: email type is disabled CONTEXT: {"email_type":"customer_note","status":"disabled","recipient":"tpkiruthika","order":82337}
2026-08-13T13:00:48+00:00 NOTICE Email "customer_note" for order #82338 not sent: email type is disabled CONTEXT: {"email_type":"customer_note","status":"disabled","recipient":"mail2anantha","order":82338}
2026-08-13T13:00:48+00:00 NOTICE Email "customer_note" for order #82339 not sent: email type is disabled CONTEXT: {"email_type":"customer_note","status":"disabled","recipient":"priyankaravisankar26","order":82339}
2026-08-13T13:00:53+00:00 NOTICE Email "customer_note" for order #82340 not sent: email type is disabled CONTEXT: {"email_type":"customer_note","status":"disabled","recipient":"r.sasankan","order":82340}
2026-08-13T13:00:53+00:00 NOTICE Email "customer_note" for order #82341 not sent: email type is disabled CONTEXT: {"email_type":"customer_note","status":"disabled","recipient":"mathangi.gaj","order":82341}
2026-08-13T13:00:59+00:00 NOTICE Email "customer_note" for order #82342 not sent: email type is disabled CONTEXT: {"email_type":"customer_note","status":"disabled","recipient":"pritam.reddyn","order":82342}
2026-08-13T13:00:59+00:00 NOTICE Email "customer_note" for order #82343 not sent: email type is disabled CONTEXT: {"email_type":"customer_note","status":"disabled","recipient":"sashi.santhosh","order":82343}
2026-08-13T13:01:04+00:00 NOTICE Email "customer_note" for order #82344 not sent: email type is disabled CONTEXT: {"email_type":"customer_note","status":"disabled","recipient":"lakshmiwai","order":82344}
2026-08-13T13:01:10+00:00 NOTICE Email "customer_note" for order #82345 not sent: email type is disabled CONTEXT: {"email_type":"customer_note","status":"disabled","recipient":"nyolapriya","order":82345}
2026-08-13T13:01:16+00:00 NOTICE Email "customer_note" for order #82346 not sent: email type is disabled CONTEXT: {"email_type":"customer_note","status":"disabled","recipient":"krishnan.gnv","order":82346}
2026-08-13T13:01:31+00:00 NOTICE Email "customer_note" for order #82347 not sent: email type is disabled CONTEXT: {"email_type":"customer_note","status":"disabled","recipient":"karthikkoti","order":82347}
2026-08-13T13:01:37+00:00 NOTICE Email "customer_note" for order #82348 not sent: email type is disabled CONTEXT: {"email_type":"customer_note","status":"disabled","recipient":"viddhari","order":82348}
2026-08-13T13:01:43+00:00 NOTICE Email "customer_note" for order #82349 not sent: email type is disabled CONTEXT: {"email_type":"customer_note","status":"disabled","recipient":"rviji.1092","order":82349}
2026-08-13T13:01:49+00:00 NOTICE Email "customer_note" for order #82350 not sent: email type is disabled CONTEXT: {"email_type":"customer_note","status":"disabled","recipient":"sangeetharanganath","order":82350}
2026-08-13T13:01:54+00:00 NOTICE Email "customer_note" for order #82351 not sent: email type is disabled CONTEXT: {"email_type":"customer_note","status":"disabled","recipient":"karthikonline","order":82351}
2026-08-13T13:02:00+00:00 NOTICE Email "customer_note" for order #82352 not sent: email type is disabled CONTEXT: {"email_type":"customer_note","status":"disabled","recipient":"smriti166","order":82352}
2026-08-13T13:02:06+00:00 NOTICE Email "customer_note" for order #82353 not sent: email type is disabled CONTEXT: {"email_type":"customer_note","status":"disabled","recipient":"anuranjan","order":82353}
2026-08-13T13:02:11+00:00 NOTICE Email "customer_note" for order #82354 not sent: email type is disabled CONTEXT: {"email_type":"customer_note","status":"disabled","recipient":"renga.devarajan","order":82354}
2026-08-13T13:02:17+00:00 NOTICE Email "customer_note" for order #82355 not sent: email type is disabled CONTEXT: {"email_type":"customer_note","status":"disabled","recipient":"ravilochananiyengar","order":82355}
2026-08-13T13:02:22+00:00 NOTICE Email "customer_note" for order #82356 not sent: email type is disabled CONTEXT: {"email_type":"customer_note","status":"disabled","recipient":"ashval81","order":82356}
2026-08-13T13:02:25+00:00 NOTICE Email "customer_note" for order #82357 not sent: email type is disabled CONTEXT: {"email_type":"customer_note","status":"disabled","recipient":"muralicbe83","order":82357}
2026-08-13T13:02:28+00:00 NOTICE Email "customer_note" for order #82358 not sent: email type is disabled CONTEXT: {"email_type":"customer_note","status":"disabled","recipient":"sugu4u","order":82358}
2026-08-13T13:02:34+00:00 NOTICE Email "customer_note" for order #82359 not sent: email type is disabled CONTEXT: {"email_type":"customer_note","status":"disabled","recipient":"v.vandhana17","order":82359}
2026-08-13T13:02:39+00:00 NOTICE Email "customer_note" for order #82360 not sent: email type is disabled CONTEXT: {"email_type":"customer_note","status":"disabled","recipient":"mrinal1.618","order":82360}
2026-08-13T13:02:44+00:00 NOTICE Email "customer_note" for order #82361 not sent: email type is disabled CONTEXT: {"email_type":"customer_note","status":"disabled","recipient":"jayashree.ramesh70","order":82361}
2026-08-13T13:02:49+00:00 NOTICE Email "customer_note" for order #82362 not sent: email type is disabled CONTEXT: {"email_type":"customer_note","status":"disabled","recipient":"srinowin","order":82362}
2026-08-13T13:04:27+00:00 NOTICE Email "customer_note" for order #82363 not sent: email type is disabled CONTEXT: {"email_type":"customer_note","status":"disabled","recipient":"sdibrahim.asi","order":82363}
2026-08-13T13:04:32+00:00 NOTICE Email "customer_note" for order #82364 not sent: email type is disabled CONTEXT: {"email_type":"customer_note","status":"disabled","recipient":"subhanainar","order":82364}
2026-08-13T13:05:40+00:00 NOTICE Email "customer_note" for order #82365 not sent: email type is disabled CONTEXT: {"email_type":"customer_note","status":"disabled","recipient":"emiljoshva","order":82365}
2026-08-13T13:05:46+00:00 NOTICE Email "customer_note" for order #82366 not sent: email type is disabled CONTEXT: {"email_type":"customer_note","status":"disabled","recipient":"spavithrasundar","order":82366}
2026-08-13T13:07:38+00:00 NOTICE Email "customer_note" for order #82367 not sent: email type is disabled CONTEXT: {"email_type":"customer_note","status":"disabled","recipient":"kaliyaperumal","order":82367}
2026-08-13T13:07:43+00:00 NOTICE Email "customer_note" for order #82368 not sent: email type is disabled CONTEXT: {"email_type":"customer_note","status":"disabled","recipient":"jayendra.panchapakesan","order":82368}
2026-08-13T13:09:38+00:00 NOTICE Email "customer_note" for order #82369 not sent: email type is disabled CONTEXT: {"email_type":"customer_note","status":"disabled","recipient":"sul.rahman","order":82369}
2026-08-13T13:09:43+00:00 NOTICE Email "customer_note" for order #82370 not sent: email type is disabled CONTEXT: {"email_type":"customer_note","status":"disabled","recipient":"ramarama56","order":82370}
2026-08-13T13:12:40+00:00 NOTICE Email "customer_note" for order #82372 not sent: email type is disabled CONTEXT: {"email_type":"customer_note","status":"disabled","recipient":"nanduparekh777","order":82372}
2026-08-13T13:12:46+00:00 NOTICE Email "customer_note" for order #82373 not sent: email type is disabled CONTEXT: {"email_type":"customer_note","status":"disabled","recipient":"sri","order":82373}
2026-08-13T13:12:51+00:00 NOTICE Email "customer_note" for order #82374 not sent: email type is disabled CONTEXT: {"email_type":"customer_note","status":"disabled","recipient":"anushadoraiswamy","order":82374}
2026-08-13T13:13:47+00:00 NOTICE Email "customer_note" for order #82376 not sent: email type is disabled CONTEXT: {"email_type":"customer_note","status":"disabled","recipient":"chuvi2009","order":82376}
2026-08-13T13:13:53+00:00 NOTICE Email "customer_note" for order #82377 not sent: email type is disabled CONTEXT: {"email_type":"customer_note","status":"disabled","recipient":"chitvanp","order":82377}
2026-08-13T13:13:58+00:00 NOTICE Email "customer_note" for order #82378 not sent: email type is disabled CONTEXT: {"email_type":"customer_note","status":"disabled","recipient":"sharmilakrishnan","order":82378}
2026-08-13T13:15:36+00:00 NOTICE Email "customer_note" for order #82381 not sent: email type is disabled CONTEXT: {"email_type":"customer_note","status":"disabled","recipient":"reshmi.ganapathy","order":82381}
2026-08-13T13:15:42+00:00 NOTICE Email "customer_note" for order #82382 not sent: email type is disabled CONTEXT: {"email_type":"customer_note","status":"disabled","recipient":"navya.kari34","order":82382}
2026-08-13T13:15:47+00:00 NOTICE Email "customer_note" for order #82383 not sent: email type is disabled CONTEXT: {"email_type":"customer_note","status":"disabled","recipient":"senthil4117","order":82383}
2026-08-13T13:16:58+00:00 NOTICE Email "customer_note" for order #82385 not sent: email type is disabled CONTEXT: {"email_type":"customer_note","status":"disabled","recipient":"vinay","order":82385}
2026-08-13T13:17:05+00:00 NOTICE Email "customer_note" for order #82386 not sent: email type is disabled CONTEXT: {"email_type":"customer_note","status":"disabled","recipient":"mailmekarthic","order":82386}
2026-08-13T13:18:29+00:00 NOTICE Email "customer_note" for order #82384 not sent: email type is disabled CONTEXT: {"email_type":"customer_note","status":"disabled","recipient":"guest","order":82384}
2026-08-13T13:18:34+00:00 NOTICE Email "customer_note" for order #82384 not sent: email type is disabled CONTEXT: {"email_type":"customer_note","status":"disabled","recipient":"guest","order":82384}
2026-08-13T13:18:36+00:00 NOTICE Email "customer_note" for order #82387 not sent: email type is disabled CONTEXT: {"email_type":"customer_note","status":"disabled","recipient":"adishah85","order":82387}
2026-08-13T13:18:39+00:00 NOTICE Email "customer_note" for order #82384 not sent: email type is disabled CONTEXT: {"email_type":"customer_note","status":"disabled","recipient":"guest","order":82384}
2026-08-13T13:18:41+00:00 NOTICE Email "customer_note" for order #82388 not sent: email type is disabled CONTEXT: {"email_type":"customer_note","status":"disabled","recipient":"sshalu2109","order":82388}
2026-08-13T13:18:44+00:00 NOTICE Email "customer_note" for order #82384 not sent: email type is disabled CONTEXT: {"email_type":"customer_note","status":"disabled","recipient":"guest","order":82384}
2026-08-13T13:18:49+00:00 NOTICE Email "customer_note" for order #82389 not sent: email type is disabled CONTEXT: {"email_type":"customer_note","status":"disabled","recipient":"nmn.gceb","order":82389}
2026-08-13T13:18:54+00:00 NOTICE Email "customer_note" for order #82390 not sent: email type is disabled CONTEXT: {"email_type":"customer_note","status":"disabled","recipient":"gramyanataraj","order":82390}
2026-08-13T13:18:59+00:00 NOTICE Email "new_order" for order #82384 not sent: email type is disabled CONTEXT: {"email_type":"new_order","status":"disabled","recipient":"Admin_Madrasmilk","order":82384}
2026-08-13T13:18:59+00:00 NOTICE Email "customer_processing_order" for order #82384 not sent: email type is disabled CONTEXT: {"email_type":"customer_processing_order","status":"disabled","recipient":"rajalakshmi.email","order":82384}
2026-08-13T13:19:00+00:00 NOTICE Email "customer_note" for order #82391 not sent: email type is disabled CONTEXT: {"email_type":"customer_note","status":"disabled","recipient":"raviraghav","order":82391}
2026-08-13T13:19:01+00:00 NOTICE Email "customer_note" for order #82392 not sent: email type is disabled CONTEXT: {"email_type":"customer_note","status":"disabled","recipient":"shanky.viswanathan","order":82392}
2026-08-13T13:19:05+00:00 NOTICE Email "customer_note" for order #82393 not sent: email type is disabled CONTEXT: {"email_type":"customer_note","status":"disabled","recipient":"gowrisubha.s","order":82393}
2026-08-13T13:19:11+00:00 NOTICE Email "customer_note" for order #82394 not sent: email type is disabled CONTEXT: {"email_type":"customer_note","status":"disabled","recipient":"anand183","order":82394}
2026-08-13T13:19:16+00:00 NOTICE Email "customer_note" for order #82395 not sent: email type is disabled CONTEXT: {"email_type":"customer_note","status":"disabled","recipient":"anand183","order":82395}
2026-08-13T13:19:21+00:00 NOTICE Email "customer_note" for order #82396 not sent: email type is disabled CONTEXT: {"email_type":"customer_note","status":"disabled","recipient":"viswa22","order":82396}
2026-08-13T13:19:27+00:00 NOTICE Email "customer_note" for order #82397 not sent: email type is disabled CONTEXT: {"email_type":"customer_note","status":"disabled","recipient":"karthi.bala","order":82397}
2026-08-13T13:19:32+00:00 NOTICE Email "customer_note" for order #82398 not sent: email type is disabled CONTEXT: {"email_type":"customer_note","status":"disabled","recipient":"jothikumarkanagaraj","order":82398}
2026-08-13T13:19:38+00:00 NOTICE Email "customer_note" for order #82399 not sent: email type is disabled CONTEXT: {"email_type":"customer_note","status":"disabled","recipient":"vardhini.kalyanaraman","order":82399}
2026-08-13T13:19:43+00:00 NOTICE Email "customer_note" for order #82400 not sent: email type is disabled CONTEXT: {"email_type":"customer_note","status":"disabled","recipient":"a2osriramadesikan","order":82400}
2026-08-13T13:19:48+00:00 NOTICE Email "customer_note" for order #82401 not sent: email type is disabled CONTEXT: {"email_type":"customer_note","status":"disabled","recipient":"guest","order":82401}
2026-08-13T13:19:53+00:00 NOTICE Email "customer_note" for order #82402 not sent: email type is disabled CONTEXT: {"email_type":"customer_note","status":"disabled","recipient":"saranya.amudhan","order":82402}
2026-08-13T13:19:59+00:00 NOTICE Email "customer_note" for order #82403 not sent: email type is disabled CONTEXT: {"email_type":"customer_note","status":"disabled","recipient":"srksrk","order":82403}
2026-08-13T13:20:05+00:00 NOTICE Email "customer_note" for order #82404 not sent: email type is disabled CONTEXT: {"email_type":"customer_note","status":"disabled","recipient":"venuthan1105","order":82404}
2026-08-13T13:20:05+00:00 NOTICE Email "customer_note" for order #82405 not sent: email type is disabled CONTEXT: {"email_type":"customer_note","status":"disabled","recipient":"lssanadi","order":82405}
2026-08-13T13:21:36+00:00 NOTICE Email "new_order" for order #82392 not sent: email type is disabled CONTEXT: {"email_type":"new_order","status":"disabled","recipient":"Admin_Madrasmilk","order":82392}
2026-08-13T13:21:36+00:00 NOTICE Email "customer_processing_order" for order #82392 not sent: email type is disabled CONTEXT: {"email_type":"customer_processing_order","status":"disabled","recipient":"shanky.viswanathan","order":82392}
2026-08-13T13:21:36+00:00 NOTICE Email "customer_note" for order #82406 not sent: email type is disabled CONTEXT: {"email_type":"customer_note","status":"disabled","recipient":"neethu0214","order":82406}
2026-08-13T13:21:42+00:00 NOTICE Email "customer_note" for order #82407 not sent: email type is disabled CONTEXT: {"email_type":"customer_note","status":"disabled","recipient":"spaan05","order":82407}
2026-08-13T13:23:45+00:00 NOTICE Email "customer_note" for order #82408 not sent: email type is disabled CONTEXT: {"email_type":"customer_note","status":"disabled","recipient":"nikenahar","order":82408}
2026-08-13T13:23:51+00:00 NOTICE Email "customer_note" for order #82409 not sent: email type is disabled CONTEXT: {"email_type":"customer_note","status":"disabled","recipient":"umaspriya","order":82409}
2026-08-13T13:24:53+00:00 NOTICE Email "customer_note" for order #82410 not sent: email type is disabled CONTEXT: {"email_type":"customer_note","status":"disabled","recipient":"naziamodak","order":82410}
2026-08-13T13:24:59+00:00 NOTICE Email "customer_note" for order #82411 not sent: email type is disabled CONTEXT: {"email_type":"customer_note","status":"disabled","recipient":"jeyanthinagu","order":82411}
2026-08-13T13:25:06+00:00 NOTICE Email "customer_note" for order #82412 not sent: email type is disabled CONTEXT: {"email_type":"customer_note","status":"disabled","recipient":"balajinikhila","order":82412}
2026-08-13T13:25:12+00:00 NOTICE Email "customer_note" for order #82413 not sent: email type is disabled CONTEXT: {"email_type":"customer_note","status":"disabled","recipient":"thanupillai","order":82413}
2026-08-13T13:25:18+00:00 NOTICE Email "customer_note" for order #82414 not sent: email type is disabled CONTEXT: {"email_type":"customer_note","status":"disabled","recipient":"abhir019","order":82414}
2026-08-13T13:25:18+00:00 NOTICE Email "customer_note" for order #82415 not sent: email type is disabled CONTEXT: {"email_type":"customer_note","status":"disabled","recipient":"simplymoda.noopur","order":82415}
2026-08-13T13:25:23+00:00 NOTICE Email "customer_note" for order #82416 not sent: email type is disabled CONTEXT: {"email_type":"customer_note","status":"disabled","recipient":"sayeebrindharanga","order":82416}
2026-08-13T13:25:30+00:00 NOTICE Email "customer_note" for order #82417 not sent: email type is disabled CONTEXT: {"email_type":"customer_note","status":"disabled","recipient":"smadhu","order":82417}
2026-08-13T13:25:35+00:00 NOTICE Email "customer_note" for order #82418 not sent: email type is disabled CONTEXT: {"email_type":"customer_note","status":"disabled","recipient":"smadhu","order":82418}
2026-08-13T13:25:38+00:00 NOTICE Email "customer_note" for order #82419 not sent: email type is disabled CONTEXT: {"email_type":"customer_note","status":"disabled","recipient":"saha7188","order":82419}
2026-08-13T13:25:41+00:00 NOTICE Email "customer_note" for order #82420 not sent: email type is disabled CONTEXT: {"email_type":"customer_note","status":"disabled","recipient":"mounikayerasani1989","order":82420}
2026-08-13T13:25:46+00:00 NOTICE Email "customer_note" for order #82421 not sent: email type is disabled CONTEXT: {"email_type":"customer_note","status":"disabled","recipient":"laddhadmonika","order":82421}
2026-08-13T13:25:52+00:00 NOTICE Email "customer_note" for order #82422 not sent: email type is disabled CONTEXT: {"email_type":"customer_note","status":"disabled","recipient":"joanjeroline","order":82422}
2026-08-13T13:25:59+00:00 NOTICE Email "customer_note" for order #82423 not sent: email type is disabled CONTEXT: {"email_type":"customer_note","status":"disabled","recipient":"mala.maneck","order":82423}
2026-08-13T13:26:05+00:00 NOTICE Email "customer_note" for order #82424 not sent: email type is disabled CONTEXT: {"email_type":"customer_note","status":"disabled","recipient":"nanadba17","order":82424}
2026-08-13T13:26:11+00:00 NOTICE Email "customer_note" for order #82425 not sent: email type is disabled CONTEXT: {"email_type":"customer_note","status":"disabled","recipient":"nanadba17","order":82425}
2026-08-13T13:26:17+00:00 NOTICE Email "customer_note" for order #82426 not sent: email type is disabled CONTEXT: {"email_type":"customer_note","status":"disabled","recipient":"svardhan51","order":82426}
2026-08-13T13:26:23+00:00 NOTICE Email "customer_note" for order #82427 not sent: email type is disabled CONTEXT: {"email_type":"customer_note","status":"disabled","recipient":"sureshship","order":82427}
2026-08-13T13:26:29+00:00 NOTICE Email "customer_note" for order #82428 not sent: email type is disabled CONTEXT: {"email_type":"customer_note","status":"disabled","recipient":"drsguru","order":82428}
2026-08-13T13:27:01+00:00 NOTICE Email "customer_note" for order #82429 not sent: email type is disabled CONTEXT: {"email_type":"customer_note","status":"disabled","recipient":"ankitabetala.2014","order":82429}
2026-08-13T13:28:37+00:00 NOTICE Email "customer_note" for order #82430 not sent: email type is disabled CONTEXT: {"email_type":"customer_note","status":"disabled","recipient":"drlakshmibaskar","order":82430}
2026-08-13T13:30:13+00:00 NOTICE Email "customer_note" for order #82431 not sent: email type is disabled CONTEXT: {"email_type":"customer_note","status":"disabled","recipient":"claramleonard89","order":82431}
2026-08-13T13:30:20+00:00 NOTICE Email "customer_note" for order #82432 not sent: email type is disabled CONTEXT: {"email_type":"customer_note","status":"disabled","recipient":"ranishan","order":82432}
2026-08-13T13:31:34+00:00 NOTICE Email "customer_note" for order #82433 not sent: email type is disabled CONTEXT: {"email_type":"customer_note","status":"disabled","recipient":"susilastephenraj","order":82433}
2026-08-13T13:31:40+00:00 NOTICE Email "customer_note" for order #82434 not sent: email type is disabled CONTEXT: {"email_type":"customer_note","status":"disabled","recipient":"siddarth01","order":82434}
2026-08-13T13:31:46+00:00 NOTICE Email "customer_note" for order #82435 not sent: email type is disabled CONTEXT: {"email_type":"customer_note","status":"disabled","recipient":"deepiga09","order":82435}
2026-08-13T13:33:02+00:00 NOTICE Email "customer_note" for order #82436 not sent: email type is disabled CONTEXT: {"email_type":"customer_note","status":"disabled","recipient":"prakashb2k03","order":82436}
2026-08-13T13:33:07+00:00 NOTICE Email "customer_note" for order #82437 not sent: email type is disabled CONTEXT: {"email_type":"customer_note","status":"disabled","recipient":"radhika.sakhuja","order":82437}
2026-08-13T13:33:13+00:00 NOTICE Email "customer_note" for order #82438 not sent: email type is disabled CONTEXT: {"email_type":"customer_note","status":"disabled","recipient":"umail2janet","order":82438}
2026-08-13T13:33:19+00:00 NOTICE Email "customer_note" for order #82439 not sent: email type is disabled CONTEXT: {"email_type":"customer_note","status":"disabled","recipient":"peerkhan","order":82439}
2026-08-13T13:33:24+00:00 NOTICE Email "customer_note" for order #82440 not sent: email type is disabled CONTEXT: {"email_type":"customer_note","status":"disabled","recipient":"tandonamit75","order":82440}
2026-08-13T13:33:30+00:00 NOTICE Email "customer_note" for order #82441 not sent: email type is disabled CONTEXT: {"email_type":"customer_note","status":"disabled","recipient":"priyaraghupathy","order":82441}
2026-08-13T13:33:35+00:00 NOTICE Email "customer_note" for order #82442 not sent: email type is disabled CONTEXT: {"email_type":"customer_note","status":"disabled","recipient":"priyaraghupathy","order":82442}
2026-08-13T13:33:41+00:00 NOTICE Email "customer_note" for order #82443 not sent: email type is disabled CONTEXT: {"email_type":"customer_note","status":"disabled","recipient":"hemavarthini","order":82443}
2026-08-13T13:33:42+00:00 NOTICE Email "customer_note" for order #82444 not sent: email type is disabled CONTEXT: {"email_type":"customer_note","status":"disabled","recipient":"priyas.2800","order":82444}
2026-08-13T13:33:46+00:00 NOTICE Email "customer_note" for order #82445 not sent: email type is disabled CONTEXT: {"email_type":"customer_note","status":"disabled","recipient":"hemavarthini","order":82445}
2026-08-13T13:33:47+00:00 NOTICE Email "customer_note" for order #82446 not sent: email type is disabled CONTEXT: {"email_type":"customer_note","status":"disabled","recipient":"docpriti","order":82446}
2026-08-13T13:33:52+00:00 NOTICE Email "customer_note" for order #82447 not sent: email type is disabled CONTEXT: {"email_type":"customer_note","status":"disabled","recipient":"rajanvp","order":82447}
2026-08-13T13:33:57+00:00 NOTICE Email "customer_note" for order #82448 not sent: email type is disabled CONTEXT: {"email_type":"customer_note","status":"disabled","recipient":"namanaresh","order":82448}
2026-08-13T13:34:03+00:00 NOTICE Email "customer_note" for order #82449 not sent: email type is disabled CONTEXT: {"email_type":"customer_note","status":"disabled","recipient":"subathra.venkatesh","order":82449}
2026-08-13T13:34:08+00:00 NOTICE Email "customer_note" for order #82450 not sent: email type is disabled CONTEXT: {"email_type":"customer_note","status":"disabled","recipient":"vannitha.s","order":82450}
2026-08-13T13:34:14+00:00 NOTICE Email "customer_note" for order #82451 not sent: email type is disabled CONTEXT: {"email_type":"customer_note","status":"disabled","recipient":"lavanat","order":82451}
2026-08-13T13:34:19+00:00 NOTICE Email "customer_note" for order #82452 not sent: email type is disabled CONTEXT: {"email_type":"customer_note","status":"disabled","recipient":"kkpgreetsu","order":82452}
2026-08-13T13:34:57+00:00 NOTICE Email "customer_note" for order #82453 not sent: email type is disabled CONTEXT: {"email_type":"customer_note","status":"disabled","recipient":"ksprem1215","order":82453}
2026-08-13T13:35:04+00:00 NOTICE Email "customer_note" for order #82454 not sent: email type is disabled CONTEXT: {"email_type":"customer_note","status":"disabled","recipient":"akilasaravankumar","order":82454}
2026-08-13T13:36:43+00:00 NOTICE Email "customer_note" for order #82455 not sent: email type is disabled CONTEXT: {"email_type":"customer_note","status":"disabled","recipient":"phanibalusu3","order":82455}
2026-08-13T13:36:48+00:00 NOTICE Email "customer_note" for order #82456 not sent: email type is disabled CONTEXT: {"email_type":"customer_note","status":"disabled","recipient":"sanjaytathed","order":82456}
2026-08-13T13:36:53+00:00 NOTICE Email "customer_note" for order #82457 not sent: email type is disabled CONTEXT: {"email_type":"customer_note","status":"disabled","recipient":"rbkgayathri","order":82457}
2026-08-13T13:37:51+00:00 NOTICE Email "customer_note" for order #82458 not sent: email type is disabled CONTEXT: {"email_type":"customer_note","status":"disabled","recipient":"jsamar24","order":82458}
2026-08-13T13:37:57+00:00 NOTICE Email "customer_note" for order #82459 not sent: email type is disabled CONTEXT: {"email_type":"customer_note","status":"disabled","recipient":"balakrishnaharaiharian","order":82459}
2026-08-13T13:39:45+00:00 NOTICE Email "customer_note" for order #82460 not sent: email type is disabled CONTEXT: {"email_type":"customer_note","status":"disabled","recipient":"lavaledshiva17","order":82460}
2026-08-13T13:39:50+00:00 NOTICE Email "customer_note" for order #82461 not sent: email type is disabled CONTEXT: {"email_type":"customer_note","status":"disabled","recipient":"satish1982","order":82461}
2026-08-13T13:39:55+00:00 NOTICE Email "customer_note" for order #82462 not sent: email type is disabled CONTEXT: {"email_type":"customer_note","status":"disabled","recipient":"rajalakshmi.email","order":82462}
2026-08-13T13:40:25+00:00 NOTICE Email "customer_note" for order #82463 not sent: email type is disabled CONTEXT: {"email_type":"customer_note","status":"disabled","recipient":"bobbycmathews","order":82463}
2026-08-13T13:40:30+00:00 NOTICE Email "customer_note" for order #82464 not sent: email type is disabled CONTEXT: {"email_type":"customer_note","status":"disabled","recipient":"skannanv","order":82464}
2026-08-13T13:40:35+00:00 NOTICE Email "customer_note" for order #82465 not sent: email type is disabled CONTEXT: {"email_type":"customer_note","status":"disabled","recipient":"merlia.shaukath","order":82465}
2026-08-13T13:40:40+00:00 NOTICE Email "customer_note" for order #82466 not sent: email type is disabled CONTEXT: {"email_type":"customer_note","status":"disabled","recipient":"padmasini.bashyam","order":82466}
2026-08-13T13:40:45+00:00 NOTICE Email "customer_note" for order #82467 not sent: email type is disabled CONTEXT: {"email_type":"customer_note","status":"disabled","recipient":"kashefa5819","order":82467}
2026-08-13T13:40:51+00:00 NOTICE Email "customer_note" for order #82468 not sent: email type is disabled CONTEXT: {"email_type":"customer_note","status":"disabled","recipient":"ardramana89","order":82468}
2026-08-13T13:40:57+00:00 NOTICE Email "customer_note" for order #82469 not sent: email type is disabled CONTEXT: {"email_type":"customer_note","status":"disabled","recipient":"muthunarayanang","order":82469}
2026-08-13T13:41:03+00:00 NOTICE Email "customer_note" for order #82470 not sent: email type is disabled CONTEXT: {"email_type":"customer_note","status":"disabled","recipient":"navnath.j84","order":82470}
2026-08-13T13:41:08+00:00 NOTICE Email "customer_note" for order #82471 not sent: email type is disabled CONTEXT: {"email_type":"customer_note","status":"disabled","recipient":"miryala.pranahitha","order":82471}
2026-08-13T13:41:13+00:00 NOTICE Email "customer_note" for order #82472 not sent: email type is disabled CONTEXT: {"email_type":"customer_note","status":"disabled","recipient":"varadhanmanibala20","order":82472}
2026-08-13T13:41:14+00:00 NOTICE Email "customer_note" for order #82473 not sent: email type is disabled CONTEXT: {"email_type":"customer_note","status":"disabled","recipient":"rakhi27","order":82473}
2026-08-13T13:41:19+00:00 NOTICE Email "customer_note" for order #82474 not sent: email type is disabled CONTEXT: {"email_type":"customer_note","status":"disabled","recipient":"sindhushanker","order":82474}
2026-08-13T13:41:19+00:00 NOTICE Email "customer_note" for order #82475 not sent: email type is disabled CONTEXT: {"email_type":"customer_note","status":"disabled","recipient":"mahendiran9889","order":82475}
2026-08-13T13:41:24+00:00 NOTICE Email "customer_note" for order #82476 not sent: email type is disabled CONTEXT: {"email_type":"customer_note","status":"disabled","recipient":"jayalakshmi_kumaresan","order":82476}
2026-08-13T13:41:29+00:00 NOTICE Email "customer_note" for order #82477 not sent: email type is disabled CONTEXT: {"email_type":"customer_note","status":"disabled","recipient":"avrroshini2007","order":82477}
2026-08-13T13:41:35+00:00 NOTICE Email "customer_note" for order #82478 not sent: email type is disabled CONTEXT: {"email_type":"customer_note","status":"disabled","recipient":"deepikanagasamy","order":82478}
2026-08-13T13:41:40+00:00 NOTICE Email "customer_note" for order #82479 not sent: email type is disabled CONTEXT: {"email_type":"customer_note","status":"disabled","recipient":"deepikanagasamy","order":82479}
2026-08-13T13:42:28+00:00 NOTICE Email "customer_note" for order #82480 not sent: email type is disabled CONTEXT: {"email_type":"customer_note","status":"disabled","recipient":"sudhakumar5577","order":82480}
2026-08-13T13:42:33+00:00 NOTICE Email "customer_note" for order #82481 not sent: email type is disabled CONTEXT: {"email_type":"customer_note","status":"disabled","recipient":"vchamundeswari1999","order":82481}
2026-08-13T13:42:39+00:00 NOTICE Email "customer_note" for order #82482 not sent: email type is disabled CONTEXT: {"email_type":"customer_note","status":"disabled","recipient":"shravan.bangaru2022","order":82482}
2026-08-13T13:44:23+00:00 NOTICE Email "customer_note" for order #82483 not sent: email type is disabled CONTEXT: {"email_type":"customer_note","status":"disabled","recipient":"rushilbothra4","order":82483}
2026-08-13T13:44:29+00:00 NOTICE Email "customer_note" for order #82484 not sent: email type is disabled CONTEXT: {"email_type":"customer_note","status":"disabled","recipient":"ravisankar_k2000","order":82484}
2026-08-13T13:45:36+00:00 NOTICE Email "customer_note" for order #82485 not sent: email type is disabled CONTEXT: {"email_type":"customer_note","status":"disabled","recipient":"vp.doss28","order":82485}
2026-08-13T13:47:36+00:00 NOTICE Email "customer_note" for order #82487 not sent: email type is disabled CONTEXT: {"email_type":"customer_note","status":"disabled","recipient":"k46105012","order":82487}
2026-08-13T13:47:41+00:00 NOTICE Email "customer_note" for order #82488 not sent: email type is disabled CONTEXT: {"email_type":"customer_note","status":"disabled","recipient":"kedsca2503","order":82488}
2026-08-13T13:48:08+00:00 NOTICE Email "customer_note" for order #82486 not sent: email type is disabled CONTEXT: {"email_type":"customer_note","status":"disabled","recipient":"guest","order":82486}
2026-08-13T13:48:36+00:00 NOTICE Email "new_order" for order #82489 not sent: email type is disabled CONTEXT: {"email_type":"new_order","status":"disabled","recipient":"Admin_Madrasmilk","order":82489}
2026-08-13T13:48:36+00:00 NOTICE Email "customer_processing_order" for order #82489 not sent: email type is disabled CONTEXT: {"email_type":"customer_processing_order","status":"disabled","recipient":"9994618109","order":82489}
2026-08-13T13:50:16+00:00 NOTICE Email "customer_note" for order #82491 not sent: email type is disabled CONTEXT: {"email_type":"customer_note","status":"disabled","recipient":"viji.kirthi","order":82491}
2026-08-13T13:50:22+00:00 NOTICE Email "customer_note" for order #82492 not sent: email type is disabled CONTEXT: {"email_type":"customer_note","status":"disabled","recipient":"arunba2991","order":82492}
2026-08-13T13:52:36+00:00 NOTICE Email "customer_note" for order #82493 not sent: email type is disabled CONTEXT: {"email_type":"customer_note","status":"disabled","recipient":"rishubjj","order":82493}
2026-08-13T13:52:42+00:00 NOTICE Email "customer_note" for order #82494 not sent: email type is disabled CONTEXT: {"email_type":"customer_note","status":"disabled","recipient":"iamnitheeshck","order":82494}
2026-08-13T13:52:47+00:00 NOTICE Email "customer_note" for order #82495 not sent: email type is disabled CONTEXT: {"email_type":"customer_note","status":"disabled","recipient":"umarsalaluddin","order":82495}
2026-08-13T13:54:48+00:00 NOTICE Email "customer_note" for order #82496 not sent: email type is disabled CONTEXT: {"email_type":"customer_note","status":"disabled","recipient":"aranarjun007","order":82496}
2026-08-13T13:54:53+00:00 NOTICE Email "customer_note" for order #82497 not sent: email type is disabled CONTEXT: {"email_type":"customer_note","status":"disabled","recipient":"shayanareddy","order":82497}
2026-08-13T13:56:36+00:00 NOTICE Email "customer_note" for order #82498 not sent: email type is disabled CONTEXT: {"email_type":"customer_note","status":"disabled","recipient":"jalaj.sm","order":82498}
2026-08-13T13:58:49+00:00 NOTICE Email "customer_note" for order #82499 not sent: email type is disabled CONTEXT: {"email_type":"customer_note","status":"disabled","recipient":"sidharthan4594","order":82499}
2026-08-13T13:58:54+00:00 NOTICE Email "customer_note" for order #82500 not sent: email type is disabled CONTEXT: {"email_type":"customer_note","status":"disabled","recipient":"cpamma","order":82500}
2026-08-13T14:01:34+00:00 NOTICE Email "customer_note" for order #82501 not sent: email type is disabled CONTEXT: {"email_type":"customer_note","status":"disabled","recipient":"vishnupriya.krishna","order":82501}
2026-08-13T14:01:39+00:00 NOTICE Email "customer_note" for order #82502 not sent: email type is disabled CONTEXT: {"email_type":"customer_note","status":"disabled","recipient":"indigoyuva","order":82502}
2026-08-13T14:09:45+00:00 NOTICE Email "customer_note" for order #82503 not sent: email type is disabled CONTEXT: {"email_type":"customer_note","status":"disabled","recipient":"jenydarling2897","order":82503}
2026-08-13T14:09:50+00:00 NOTICE Email "customer_note" for order #82504 not sent: email type is disabled CONTEXT: {"email_type":"customer_note","status":"disabled","recipient":"accounts","order":82504}
2026-08-13T14:09:56+00:00 NOTICE Email "customer_note" for order #82505 not sent: email type is disabled CONTEXT: {"email_type":"customer_note","status":"disabled","recipient":"hemadricpc","order":82505}
2026-08-13T14:20:12+00:00 NOTICE Email "customer_note" for order #82506 not sent: email type is disabled CONTEXT: {"email_type":"customer_note","status":"disabled","recipient":"ilakkiyaasp","order":82506}
2026-08-13T14:20:18+00:00 NOTICE Email "customer_note" for order #82507 not sent: email type is disabled CONTEXT: {"email_type":"customer_note","status":"disabled","recipient":"syedmushtaqahmed","order":82507}
2026-08-13T14:20:23+00:00 NOTICE Email "customer_note" for order #82508 not sent: email type is disabled CONTEXT: {"email_type":"customer_note","status":"disabled","recipient":"nambibiz","order":82508}
2026-08-13T14:22:37+00:00 INFO Email "wps_wswp_wallet_credit" for user #371 sent CONTEXT: {"email_type":"wps_wswp_wallet_credit","status":"sent","recipient":"tas.anw","user":371}
2026-08-13T14:25:34+00:00 NOTICE Email "customer_note" for order #82509 not sent: email type is disabled CONTEXT: {"email_type":"customer_note","status":"disabled","recipient":"9444925093","order":82509}
2026-08-13T14:25:40+00:00 NOTICE Email "customer_note" for order #82510 not sent: email type is disabled CONTEXT: {"email_type":"customer_note","status":"disabled","recipient":"lalithapatnaik15","order":82510}
2026-08-13T14:25:45+00:00 NOTICE Email "customer_note" for order #82511 not sent: email type is disabled CONTEXT: {"email_type":"customer_note","status":"disabled","recipient":"ramesh.vanaparthi3","order":82511}
2026-08-13T14:26:06+00:00 NOTICE Email "customer_note" for order #82512 not sent: email type is disabled CONTEXT: {"email_type":"customer_note","status":"disabled","recipient":"vikramhari2001","order":82512}
2026-08-13T14:26:12+00:00 NOTICE Email "customer_note" for order #82513 not sent: email type is disabled CONTEXT: {"email_type":"customer_note","status":"disabled","recipient":"ravkumrs","order":82513}
2026-08-13T14:26:18+00:00 NOTICE Email "customer_note" for order #82514 not sent: email type is disabled CONTEXT: {"email_type":"customer_note","status":"disabled","recipient":"prathyusadam","order":82514}
2026-08-13T14:26:35+00:00 NOTICE Email "customer_note" for order #82515 not sent: email type is disabled CONTEXT: {"email_type":"customer_note","status":"disabled","recipient":"sridhar_a_hll","order":82515}
2026-08-13T14:26:41+00:00 NOTICE Email "customer_note" for order #82516 not sent: email type is disabled CONTEXT: {"email_type":"customer_note","status":"disabled","recipient":"jananifootball","order":82516}
2026-08-13T14:26:59+00:00 NOTICE Email "customer_note" for order #82517 not sent: email type is disabled CONTEXT: {"email_type":"customer_note","status":"disabled","recipient":"sanjaytathed","order":82517}
2026-08-13T14:28:44+00:00 NOTICE Email "customer_note" for order #82518 not sent: email type is disabled CONTEXT: {"email_type":"customer_note","status":"disabled","recipient":"an.sid2212","order":82518}
2026-08-13T14:29:45+00:00 NOTICE Email "customer_refunded_order" for order #82102 not sent: email type is disabled CONTEXT: {"email_type":"customer_refunded_order","status":"disabled","recipient":"meghavikram","order":82102}
2026-08-13T14:31:12+00:00 NOTICE Email "customer_note" for order #82520 not sent: email type is disabled CONTEXT: {"email_type":"customer_note","status":"disabled","recipient":"poducipriya","order":82520}
2026-08-13T14:31:18+00:00 NOTICE Email "customer_note" for order #82521 not sent: email type is disabled CONTEXT: {"email_type":"customer_note","status":"disabled","recipient":"9514140417","order":82521}
2026-08-13T14:32:43+00:00 NOTICE Email "customer_note" for order #82522 not sent: email type is disabled CONTEXT: {"email_type":"customer_note","status":"disabled","recipient":"ayisha03","order":82522}
2026-08-13T14:32:49+00:00 NOTICE Email "customer_note" for order #82523 not sent: email type is disabled CONTEXT: {"email_type":"customer_note","status":"disabled","recipient":"nmk369","order":82523}
2026-08-13T14:34:43+00:00 NOTICE Email "customer_note" for order #82524 not sent: email type is disabled CONTEXT: {"email_type":"customer_note","status":"disabled","recipient":"ashok.muthana","order":82524}
2026-08-13T14:34:49+00:00 NOTICE Email "customer_note" for order #82525 not sent: email type is disabled CONTEXT: {"email_type":"customer_note","status":"disabled","recipient":"8355.akashr","order":82525}
2026-08-13T14:36:35+00:00 NOTICE Email "customer_note" for order #82526 not sent: email type is disabled CONTEXT: {"email_type":"customer_note","status":"disabled","recipient":"Mahendar.s","order":82526}
2026-08-13T14:37:50+00:00 NOTICE Email "customer_note" for order #82527 not sent: email type is disabled CONTEXT: {"email_type":"customer_note","status":"disabled","recipient":"sel.shan2","order":82527}
2026-08-13T14:51:35+00:00 NOTICE Email "customer_note" for order #82529 not sent: email type is disabled CONTEXT: {"email_type":"customer_note","status":"disabled","recipient":"rohinirvarma","order":82529}
2026-08-13T14:53:06+00:00 NOTICE Email "customer_note" for order #82530 not sent: email type is disabled CONTEXT: {"email_type":"customer_note","status":"disabled","recipient":"tanugaur","order":82530}
2026-08-13T14:53:12+00:00 NOTICE Email "customer_note" for order #82531 not sent: email type is disabled CONTEXT: {"email_type":"customer_note","status":"disabled","recipient":"tanugaur","order":82531}
2026-08-13T14:58:36+00:00 NOTICE Email "customer_note" for order #82532 not sent: email type is disabled CONTEXT: {"email_type":"customer_note","status":"disabled","recipient":"getvichu2000","order":82532}
2026-08-13T14:58:41+00:00 NOTICE Email "customer_note" for order #82533 not sent: email type is disabled CONTEXT: {"email_type":"customer_note","status":"disabled","recipient":"sndas108","order":82533}
2026-08-13T15:01:21+00:00 NOTICE Email "customer_note" for order #80247 not sent: email type is disabled CONTEXT: {"email_type":"customer_note","status":"disabled","recipient":"samhitha.kothuri","order":80247}
2026-08-13T15:04:48+00:00 NOTICE Email "new_order" for order #82534 not sent: email type is disabled CONTEXT: {"email_type":"new_order","status":"disabled","recipient":"Admin_Madrasmilk","order":82534}
2026-08-13T15:04:48+00:00 NOTICE Email "customer_processing_order" for order #82534 not sent: email type is disabled CONTEXT: {"email_type":"customer_processing_order","status":"disabled","recipient":"emiljoshva","order":82534}
2026-08-13T15:06:23+00:00 NOTICE Email "customer_note" for order #82535 not sent: email type is disabled CONTEXT: {"email_type":"customer_note","status":"disabled","recipient":"ksprem1215","order":82535}
2026-08-13T15:13:29+00:00 NOTICE Email "customer_note" for order #82537 not sent: email type is disabled CONTEXT: {"email_type":"customer_note","status":"disabled","recipient":"durgasivakumar","order":82537}
2026-08-13T15:14:37+00:00 NOTICE Email "customer_note" for order #82538 not sent: email type is disabled CONTEXT: {"email_type":"customer_note","status":"disabled","recipient":"nals1428","order":82538}
2026-08-13T15:14:43+00:00 NOTICE Email "customer_note" for order #82539 not sent: email type is disabled CONTEXT: {"email_type":"customer_note","status":"disabled","recipient":"indu_pandurangan","order":82539}
2026-08-13T15:16:42+00:00 NOTICE Email "customer_note" for order #82540 not sent: email type is disabled CONTEXT: {"email_type":"customer_note","status":"disabled","recipient":"vaikarthi","order":82540}
2026-08-13T15:18:38+00:00 NOTICE Email "customer_note" for order #82541 not sent: email type is disabled CONTEXT: {"email_type":"customer_note","status":"disabled","recipient":"kantsrik","order":82541}
2026-08-13T15:20:36+00:00 NOTICE Email "customer_note" for order #82542 not sent: email type is disabled CONTEXT: {"email_type":"customer_note","status":"disabled","recipient":"sndas108","order":82542}
2026-08-13T15:24:27+00:00 NOTICE Email "customer_note" for order #82543 not sent: email type is disabled CONTEXT: {"email_type":"customer_note","status":"disabled","recipient":"rtdhinakar","order":82543}
2026-08-13T15:24:33+00:00 NOTICE Email "customer_note" for order #82544 not sent: email type is disabled CONTEXT: {"email_type":"customer_note","status":"disabled","recipient":"shivanilank1312","order":82544}
2026-08-13T15:24:39+00:00 NOTICE Email "customer_note" for order #82545 not sent: email type is disabled CONTEXT: {"email_type":"customer_note","status":"disabled","recipient":"gotosurya","order":82545}
2026-08-13T15:27:41+00:00 NOTICE Email "customer_note" for order #82546 not sent: email type is disabled CONTEXT: {"email_type":"customer_note","status":"disabled","recipient":"saipadmarajen","order":82546}
2026-08-13T15:27:47+00:00 NOTICE Email "customer_note" for order #82547 not sent: email type is disabled CONTEXT: {"email_type":"customer_note","status":"disabled","recipient":"ssmanister","order":82547}
2026-08-13T15:28:43+00:00 NOTICE Email "customer_partially_refunded_order" for order #82056 not sent: email type is disabled CONTEXT: {"email_type":"customer_partially_refunded_order","status":"disabled","recipient":"shopping.sivasuganya","order":82056}
2026-08-13T15:28:44+00:00 NOTICE Email "customer_note" for order #82549 not sent: email type is disabled CONTEXT: {"email_type":"customer_note","status":"disabled","recipient":"giri.ramamoorthy","order":82549}
2026-08-13T15:28:49+00:00 NOTICE Email "customer_note" for order #82550 not sent: email type is disabled CONTEXT: {"email_type":"customer_note","status":"disabled","recipient":"maha.prakrti","order":82550}
2026-08-13T15:28:56+00:00 NOTICE Email "new_order" for order #82056 not sent: email type is disabled CONTEXT: {"email_type":"new_order","status":"disabled","recipient":"Admin_Madrasmilk","order":82056}
2026-08-13T15:28:56+00:00 NOTICE Email "customer_processing_order" for order #82056 not sent: email type is disabled CONTEXT: {"email_type":"customer_processing_order","status":"disabled","recipient":"shopping.sivasuganya","order":82056}
2026-08-13T15:31:59+00:00 NOTICE Email "customer_note" for order #82551 not sent: email type is disabled CONTEXT: {"email_type":"customer_note","status":"disabled","recipient":"gayatrid17","order":82551}
2026-08-13T15:32:05+00:00 NOTICE Email "customer_note" for order #82552 not sent: email type is disabled CONTEXT: {"email_type":"customer_note","status":"disabled","recipient":"harin5000","order":82552}
2026-08-13T15:33:35+00:00 NOTICE Email "customer_note" for order #82553 not sent: email type is disabled CONTEXT: {"email_type":"customer_note","status":"disabled","recipient":"ganes.s","order":82553}
2026-08-13T15:35:20+00:00 NOTICE Email "customer_note" for order #82554 not sent: email type is disabled CONTEXT: {"email_type":"customer_note","status":"disabled","recipient":"shankar.b1987","order":82554}
2026-08-13T15:37:14+00:00 NOTICE Email "customer_partially_refunded_order" for order #82058 not sent: email type is disabled CONTEXT: {"email_type":"customer_partially_refunded_order","status":"disabled","recipient":"kannammalknp","order":82058}
2026-08-13T15:37:19+00:00 NOTICE Email "new_order" for order #82058 not sent: email type is disabled CONTEXT: {"email_type":"new_order","status":"disabled","recipient":"Admin_Madrasmilk","order":82058}
2026-08-13T15:37:19+00:00 NOTICE Email "customer_processing_order" for order #82058 not sent: email type is disabled CONTEXT: {"email_type":"customer_processing_order","status":"disabled","recipient":"kannammalknp","order":82058}
2026-08-13T15:38:34+00:00 NOTICE Email "customer_note" for order #82557 not sent: email type is disabled CONTEXT: {"email_type":"customer_note","status":"disabled","recipient":"anushajinadas","order":82557}
2026-08-13T15:38:40+00:00 NOTICE Email "customer_note" for order #82558 not sent: email type is disabled CONTEXT: {"email_type":"customer_note","status":"disabled","recipient":"asokachelliah","order":82558}
2026-08-13T15:39:30+00:00 NOTICE Email "new_order" for order #82556 not sent: email type is disabled CONTEXT: {"email_type":"new_order","status":"disabled","recipient":"Admin_Madrasmilk","order":82556}
2026-08-13T15:39:30+00:00 NOTICE Email "customer_processing_order" for order #82556 not sent: email type is disabled CONTEXT: {"email_type":"customer_processing_order","status":"disabled","recipient":"t_narendran","order":82556}
2026-08-13T15:39:46+00:00 NOTICE Email "customer_note" for order #82560 not sent: email type is disabled CONTEXT: {"email_type":"customer_note","status":"disabled","recipient":"thirumal.valavan","order":82560}
2026-08-13T15:39:51+00:00 NOTICE Email "customer_note" for order #82561 not sent: email type is disabled CONTEXT: {"email_type":"customer_note","status":"disabled","recipient":"arunivf","order":82561}
2026-08-13T15:39:57+00:00 NOTICE Email "customer_note" for order #82562 not sent: email type is disabled CONTEXT: {"email_type":"customer_note","status":"disabled","recipient":"tpkiruthika","order":82562}
2026-08-13T15:41:43+00:00 NOTICE Email "customer_note" for order #82563 not sent: email type is disabled CONTEXT: {"email_type":"customer_note","status":"disabled","recipient":"ganeshp2","order":82563}
2026-08-13T15:41:49+00:00 NOTICE Email "customer_note" for order #82564 not sent: email type is disabled CONTEXT: {"email_type":"customer_note","status":"disabled","recipient":"rshankar79","order":82564}
2026-08-13T15:42:55+00:00 NOTICE Email "customer_note" for order #82565 not sent: email type is disabled CONTEXT: {"email_type":"customer_note","status":"disabled","recipient":"subhra.hindu","order":82565}
2026-08-13T15:43:01+00:00 NOTICE Email "customer_note" for order #82566 not sent: email type is disabled CONTEXT: {"email_type":"customer_note","status":"disabled","recipient":"rajeswa2","order":82566}
2026-08-13T15:44:35+00:00 NOTICE Email "customer_note" for order #82567 not sent: email type is disabled CONTEXT: {"email_type":"customer_note","status":"disabled","recipient":"rajeswa2","order":82567}
2026-08-13T15:44:40+00:00 NOTICE Email "new_order" for order #82490 not sent: email type is disabled CONTEXT: {"email_type":"new_order","status":"disabled","recipient":"Admin_Madrasmilk","order":82490}
2026-08-13T15:44:40+00:00 NOTICE Email "customer_processing_order" for order #82490 not sent: email type is disabled CONTEXT: {"email_type":"customer_processing_order","status":"disabled","recipient":"gayatrid17","order":82490}
2026-08-13T15:46:01+00:00 NOTICE Email "new_order" for order #82528 not sent: email type is disabled CONTEXT: {"email_type":"new_order","status":"disabled","recipient":"Admin_Madrasmilk","order":82528}
2026-08-13T15:46:01+00:00 NOTICE Email "customer_processing_order" for order #82528 not sent: email type is disabled CONTEXT: {"email_type":"customer_processing_order","status":"disabled","recipient":"mamata.adabar","order":82528}
2026-08-13T15:46:19+00:00 NOTICE Email "customer_note" for order #82568 not sent: email type is disabled CONTEXT: {"email_type":"customer_note","status":"disabled","recipient":"rrnath72","order":82568}
2026-08-13T15:46:25+00:00 NOTICE Email "customer_note" for order #82569 not sent: email type is disabled CONTEXT: {"email_type":"customer_note","status":"disabled","recipient":"sankar.nx","order":82569}
2026-08-13T15:46:31+00:00 NOTICE Email "customer_note" for order #82570 not sent: email type is disabled CONTEXT: {"email_type":"customer_note","status":"disabled","recipient":"jenibanancy","order":82570}
2026-08-13T15:47:42+00:00 NOTICE Email "customer_note" for order #82571 not sent: email type is disabled CONTEXT: {"email_type":"customer_note","status":"disabled","recipient":"mail2anantha","order":82571}
2026-08-13T15:47:48+00:00 NOTICE Email "customer_note" for order #82572 not sent: email type is disabled CONTEXT: {"email_type":"customer_note","status":"disabled","recipient":"r.sasankan","order":82572}
2026-08-13T15:49:38+00:00 NOTICE Email "customer_note" for order #82573 not sent: email type is disabled CONTEXT: {"email_type":"customer_note","status":"disabled","recipient":"lakshmiwai","order":82573}
2026-08-13T15:49:44+00:00 NOTICE Email "customer_note" for order #82574 not sent: email type is disabled CONTEXT: {"email_type":"customer_note","status":"disabled","recipient":"lakshmipunna","order":82574}
2026-08-13T15:51:12+00:00 NOTICE Email "customer_note" for order #82575 not sent: email type is disabled CONTEXT: {"email_type":"customer_note","status":"disabled","recipient":"ssreddy","order":82575}
2026-08-13T15:51:17+00:00 NOTICE Email "customer_note" for order #82576 not sent: email type is disabled CONTEXT: {"email_type":"customer_note","status":"disabled","recipient":"nspriya14","order":82576}
2026-08-13T15:51:22+00:00 NOTICE Email "customer_note" for order #82577 not sent: email type is disabled CONTEXT: {"email_type":"customer_note","status":"disabled","recipient":"rajani.seshadri","order":82577}
2026-08-13T15:53:15+00:00 NOTICE Email "customer_note" for order #82578 not sent: email type is disabled CONTEXT: {"email_type":"customer_note","status":"disabled","recipient":"kannan.m84","order":82578}
2026-08-13T15:53:21+00:00 NOTICE Email "customer_note" for order #82579 not sent: email type is disabled CONTEXT: {"email_type":"customer_note","status":"disabled","recipient":"sujathasathyanarayanan","order":82579}
2026-08-13T15:54:00+00:00 NOTICE Email "customer_note" for order #82580 not sent: email type is disabled CONTEXT: {"email_type":"customer_note","status":"disabled","recipient":"krish2407","order":82580}
2026-08-13T15:54:05+00:00 NOTICE Email "customer_note" for order #82581 not sent: email type is disabled CONTEXT: {"email_type":"customer_note","status":"disabled","recipient":"rvsbell","order":82581}
2026-08-13T15:54:55+00:00 NOTICE Email "customer_note" for order #82582 not sent: email type is disabled CONTEXT: {"email_type":"customer_note","status":"disabled","recipient":"sugu4u","order":82582}
2026-08-13T15:55:01+00:00 NOTICE Email "customer_note" for order #82583 not sent: email type is disabled CONTEXT: {"email_type":"customer_note","status":"disabled","recipient":"v.vandhana17","order":82583}
2026-08-13T15:55:06+00:00 NOTICE Email "customer_note" for order #82584 not sent: email type is disabled CONTEXT: {"email_type":"customer_note","status":"disabled","recipient":"bmanjudevi","order":82584}
2026-08-13T15:56:55+00:00 NOTICE Email "customer_note" for order #82585 not sent: email type is disabled CONTEXT: {"email_type":"customer_note","status":"disabled","recipient":"rkarthikeyan1511","order":82585}
2026-08-13T16:00:58+00:00 NOTICE Email "customer_note" for order #82586 not sent: email type is disabled CONTEXT: {"email_type":"customer_note","status":"disabled","recipient":"suganyagopuk","order":82586}
2026-08-13T16:01:03+00:00 NOTICE Email "customer_note" for order #82587 not sent: email type is disabled CONTEXT: {"email_type":"customer_note","status":"disabled","recipient":"tanzary","order":82587}
2026-08-13T16:02:00+00:00 NOTICE Email "customer_note" for order #82588 not sent: email type is disabled CONTEXT: {"email_type":"customer_note","status":"disabled","recipient":"rviji.1092","order":82588}
2026-08-13T16:02:05+00:00 NOTICE Email "customer_note" for order #82589 not sent: email type is disabled CONTEXT: {"email_type":"customer_note","status":"disabled","recipient":"karthikonline","order":82589}
2026-08-13T16:02:10+00:00 NOTICE Email "customer_note" for order #82590 not sent: email type is disabled CONTEXT: {"email_type":"customer_note","status":"disabled","recipient":"smriti166","order":82590}
2026-08-13T16:03:59+00:00 NOTICE Email "customer_note" for order #82591 not sent: email type is disabled CONTEXT: {"email_type":"customer_note","status":"disabled","recipient":"anuranjan","order":82591}
2026-08-13T16:04:05+00:00 NOTICE Email "customer_note" for order #82592 not sent: email type is disabled CONTEXT: {"email_type":"customer_note","status":"disabled","recipient":"renga.devarajan","order":82592}
2026-08-13T16:04:10+00:00 NOTICE Email "customer_note" for order #82593 not sent: email type is disabled CONTEXT: {"email_type":"customer_note","status":"disabled","recipient":"ravilochananiyengar","order":82593}
2026-08-13T16:05:47+00:00 NOTICE Email "customer_note" for order #82594 not sent: email type is disabled CONTEXT: {"email_type":"customer_note","status":"disabled","recipient":"shwethabalaji.asbs","order":82594}
2026-08-13T16:05:52+00:00 NOTICE Email "customer_note" for order #82595 not sent: email type is disabled CONTEXT: {"email_type":"customer_note","status":"disabled","recipient":"ashval81","order":82595}
2026-08-13T16:05:57+00:00 NOTICE Email "customer_note" for order #82596 not sent: email type is disabled CONTEXT: {"email_type":"customer_note","status":"disabled","recipient":"koushikrishna07","order":82596}
2026-08-13T16:07:34+00:00 NOTICE Email "customer_note" for order #82597 not sent: email type is disabled CONTEXT: {"email_type":"customer_note","status":"disabled","recipient":"jayshree_kannan","order":82597}
2026-08-13T16:07:40+00:00 NOTICE Email "customer_note" for order #82598 not sent: email type is disabled CONTEXT: {"email_type":"customer_note","status":"disabled","recipient":"nyolapriya","order":82598}
2026-08-13T16:08:42+00:00 NOTICE Email "customer_note" for order #82599 not sent: email type is disabled CONTEXT: {"email_type":"customer_note","status":"disabled","recipient":"nmn.gceb","order":82599}
2026-08-13T16:08:47+00:00 NOTICE Email "customer_note" for order #82601 not sent: email type is disabled CONTEXT: {"email_type":"customer_note","status":"disabled","recipient":"gramyanataraj","order":82601}
2026-08-13T16:08:52+00:00 NOTICE Email "customer_note" for order #82602 not sent: email type is disabled CONTEXT: {"email_type":"customer_note","status":"disabled","recipient":"gowrisubha.s","order":82602}
2026-08-13T16:10:42+00:00 NOTICE Email "customer_note" for order #82603 not sent: email type is disabled CONTEXT: {"email_type":"customer_note","status":"disabled","recipient":"jyothireddyganuthula","order":82603}
2026-08-13T16:10:47+00:00 NOTICE Email "customer_note" for order #82604 not sent: email type is disabled CONTEXT: {"email_type":"customer_note","status":"disabled","recipient":"anand183","order":82604}
2026-08-13T16:10:53+00:00 NOTICE Email "customer_note" for order #82605 not sent: email type is disabled CONTEXT: {"email_type":"customer_note","status":"disabled","recipient":"guest","order":82605}
2026-08-13T16:12:43+00:00 NOTICE Email "customer_note" for order #82606 not sent: email type is disabled CONTEXT: {"email_type":"customer_note","status":"disabled","recipient":"krishnan.gnv","order":82606}
2026-08-13T16:12:48+00:00 NOTICE Email "customer_note" for order #82607 not sent: email type is disabled CONTEXT: {"email_type":"customer_note","status":"disabled","recipient":"karthikkoti","order":82607}
2026-08-13T16:12:53+00:00 NOTICE Email "customer_note" for order #82608 not sent: email type is disabled CONTEXT: {"email_type":"customer_note","status":"disabled","recipient":"mrinal1.618","order":82608}
2026-08-13T16:14:44+00:00 NOTICE Email "customer_note" for order #82609 not sent: email type is disabled CONTEXT: {"email_type":"customer_note","status":"disabled","recipient":"srinowin","order":82609}
2026-08-13T16:14:49+00:00 NOTICE Email "customer_note" for order #82610 not sent: email type is disabled CONTEXT: {"email_type":"customer_note","status":"disabled","recipient":"vanithasridhar80","order":82610}
2026-08-13T16:15:59+00:00 NOTICE Email "customer_note" for order #82611 not sent: email type is disabled CONTEXT: {"email_type":"customer_note","status":"disabled","recipient":"priyaraghupathy","order":82611}
2026-08-13T16:16:05+00:00 NOTICE Email "customer_note" for order #82612 not sent: email type is disabled CONTEXT: {"email_type":"customer_note","status":"disabled","recipient":"hemavarthini","order":82612}
2026-08-13T16:19:07+00:00 NOTICE Email "customer_note" for order #82613 not sent: email type is disabled CONTEXT: {"email_type":"customer_note","status":"disabled","recipient":"vardhini.kalyanaraman","order":82613}
2026-08-13T16:19:09+00:00 NOTICE Email "customer_note" for order #82614 not sent: email type is disabled CONTEXT: {"email_type":"customer_note","status":"disabled","recipient":"joechris.j","order":82614}
2026-08-13T16:19:12+00:00 NOTICE Email "customer_note" for order #82615 not sent: email type is disabled CONTEXT: {"email_type":"customer_note","status":"disabled","recipient":"hemavarthini","order":82615}
2026-08-13T16:19:14+00:00 NOTICE Email "customer_note" for order #82616 not sent: email type is disabled CONTEXT: {"email_type":"customer_note","status":"disabled","recipient":"bindu.kakani","order":82616}
2026-08-13T16:19:20+00:00 NOTICE Email "customer_note" for order #82617 not sent: email type is disabled CONTEXT: {"email_type":"customer_note","status":"disabled","recipient":"pujaquiet","order":82617}
2026-08-13T16:19:25+00:00 NOTICE Email "customer_note" for order #82618 not sent: email type is disabled CONTEXT: {"email_type":"customer_note","status":"disabled","recipient":"madhumathic","order":82618}
2026-08-13T16:19:30+00:00 NOTICE Email "customer_note" for order #82619 not sent: email type is disabled CONTEXT: {"email_type":"customer_note","status":"disabled","recipient":"sucharita.anand2","order":82619}
2026-08-13T16:19:36+00:00 NOTICE Email "customer_note" for order #82620 not sent: email type is disabled CONTEXT: {"email_type":"customer_note","status":"disabled","recipient":"capt.6516ansari","order":82620}
2026-08-13T16:19:41+00:00 NOTICE Email "customer_note" for order #82621 not sent: email type is disabled CONTEXT: {"email_type":"customer_note","status":"disabled","recipient":"swathu20","order":82621}
2026-08-13T16:19:46+00:00 NOTICE Email "customer_note" for order #82622 not sent: email type is disabled CONTEXT: {"email_type":"customer_note","status":"disabled","recipient":"khkarthick","order":82622}
2026-08-13T16:19:53+00:00 NOTICE Email "customer_note" for order #82623 not sent: email type is disabled CONTEXT: {"email_type":"customer_note","status":"disabled","recipient":"karthik.thandapani","order":82623}
2026-08-13T16:19:58+00:00 NOTICE Email "customer_note" for order #82624 not sent: email type is disabled CONTEXT: {"email_type":"customer_note","status":"disabled","recipient":"danishs764","order":82624}
2026-08-13T16:20:20+00:00 NOTICE Email "customer_note" for order #82625 not sent: email type is disabled CONTEXT: {"email_type":"customer_note","status":"disabled","recipient":"krishhants","order":82625}
2026-08-13T16:20:26+00:00 NOTICE Email "customer_note" for order #82626 not sent: email type is disabled CONTEXT: {"email_type":"customer_note","status":"disabled","recipient":"krishnagseshadri","order":82626}
2026-08-13T16:20:31+00:00 NOTICE Email "customer_note" for order #82627 not sent: email type is disabled CONTEXT: {"email_type":"customer_note","status":"disabled","recipient":"krishnagseshadri","order":82627}
2026-08-13T16:20:36+00:00 NOTICE Email "customer_note" for order #82628 not sent: email type is disabled CONTEXT: {"email_type":"customer_note","status":"disabled","recipient":"gayviji","order":82628}
2026-08-13T16:20:37+00:00 NOTICE Email "customer_note" for order #82629 not sent: email type is disabled CONTEXT: {"email_type":"customer_note","status":"disabled","recipient":"srksrk","order":82629}
2026-08-13T16:20:42+00:00 NOTICE Email "customer_note" for order #82630 not sent: email type is disabled CONTEXT: {"email_type":"customer_note","status":"disabled","recipient":"raghavan512000","order":82630}
2026-08-13T16:20:47+00:00 NOTICE Email "customer_note" for order #82631 not sent: email type is disabled CONTEXT: {"email_type":"customer_note","status":"disabled","recipient":"tanya.ganesan04","order":82631}
2026-08-13T16:20:53+00:00 NOTICE Email "customer_note" for order #82632 not sent: email type is disabled CONTEXT: {"email_type":"customer_note","status":"disabled","recipient":"vaishnavi.kandala","order":82632}
2026-08-13T16:20:58+00:00 NOTICE Email "customer_note" for order #82633 not sent: email type is disabled CONTEXT: {"email_type":"customer_note","status":"disabled","recipient":"vaishnavi.kandala","order":82633}
2026-08-13T16:21:04+00:00 NOTICE Email "customer_note" for order #82634 not sent: email type is disabled CONTEXT: {"email_type":"customer_note","status":"disabled","recipient":"dndmi","order":82634}
2026-08-13T16:21:09+00:00 NOTICE Email "customer_note" for order #82635 not sent: email type is disabled CONTEXT: {"email_type":"customer_note","status":"disabled","recipient":"elisha.ebenezer","order":82635}
2026-08-13T16:21:35+00:00 NOTICE Email "customer_note" for order #82636 not sent: email type is disabled CONTEXT: {"email_type":"customer_note","status":"disabled","recipient":"jothikumarkanagaraj","order":82636}
2026-08-13T16:21:40+00:00 NOTICE Email "customer_note" for order #82637 not sent: email type is disabled CONTEXT: {"email_type":"customer_note","status":"disabled","recipient":"thanupillai","order":82637}
2026-08-13T16:23:52+00:00 NOTICE Email "customer_note" for order #82638 not sent: email type is disabled CONTEXT: {"email_type":"customer_note","status":"disabled","recipient":"sayeebrindharanga","order":82638}
2026-08-13T16:25:44+00:00 NOTICE Email "customer_note" for order #82639 not sent: email type is disabled CONTEXT: {"email_type":"customer_note","status":"disabled","recipient":"mounikayerasani1989","order":82639}
2026-08-13T16:25:49+00:00 NOTICE Email "customer_note" for order #82640 not sent: email type is disabled CONTEXT: {"email_type":"customer_note","status":"disabled","recipient":"laddhadmonika","order":82640}
2026-08-13T16:27:37+00:00 NOTICE Email "customer_note" for order #82641 not sent: email type is disabled CONTEXT: {"email_type":"customer_note","status":"disabled","recipient":"anand_ranjani","order":82641}
2026-08-13T16:27:42+00:00 NOTICE Email "customer_note" for order #82642 not sent: email type is disabled CONTEXT: {"email_type":"customer_note","status":"disabled","recipient":"mala.maneck","order":82642}
2026-08-13T16:27:48+00:00 NOTICE Email "customer_note" for order #82643 not sent: email type is disabled CONTEXT: {"email_type":"customer_note","status":"disabled","recipient":"raj","order":82643}
2026-08-13T16:29:34+00:00 NOTICE Email "customer_note" for order #82644 not sent: email type is disabled CONTEXT: {"email_type":"customer_note","status":"disabled","recipient":"nanadba17","order":82644}
2026-08-13T16:29:39+00:00 NOTICE Email "customer_note" for order #82645 not sent: email type is disabled CONTEXT: {"email_type":"customer_note","status":"disabled","recipient":"shanthichandrasekar","order":82645}
2026-08-13T16:30:57+00:00 NOTICE Email "customer_note" for order #82646 not sent: email type is disabled CONTEXT: {"email_type":"customer_note","status":"disabled","recipient":"sureshship","order":82646}
2026-08-13T16:31:02+00:00 NOTICE Email "customer_note" for order #82647 not sent: email type is disabled CONTEXT: {"email_type":"customer_note","status":"disabled","recipient":"drsguru","order":82647}
2026-08-13T16:34:37+00:00 NOTICE Email "new_order" for order #82648 not sent: email type is disabled CONTEXT: {"email_type":"new_order","status":"disabled","recipient":"Admin_Madrasmilk","order":82648}
2026-08-13T16:34:37+00:00 NOTICE Email "customer_processing_order" for order #82648 not sent: email type is disabled CONTEXT: {"email_type":"customer_processing_order","status":"disabled","recipient":"namanaresh","order":82648}
2026-08-13T16:34:38+00:00 NOTICE Email "customer_note" for order #82649 not sent: email type is disabled CONTEXT: {"email_type":"customer_note","status":"disabled","recipient":"vidhyashrre","order":82649}
2026-08-13T16:34:44+00:00 NOTICE Email "customer_note" for order #82650 not sent: email type is disabled CONTEXT: {"email_type":"customer_note","status":"disabled","recipient":"pork_gee","order":82650}
2026-08-13T16:34:49+00:00 NOTICE Email "customer_note" for order #82651 not sent: email type is disabled CONTEXT: {"email_type":"customer_note","status":"disabled","recipient":"pooranyk","order":82651}
2026-08-13T16:36:25+00:00 INFO Email "wps_wswp_wallet_credit" for user #360 sent CONTEXT: {"email_type":"wps_wswp_wallet_credit","status":"sent","recipient":"namanaresh","user":360}
2026-08-13T16:36:35+00:00 NOTICE Email "customer_note" for order #82652 not sent: email type is disabled CONTEXT: {"email_type":"customer_note","status":"disabled","recipient":"bhatt1999","order":82652}
2026-08-13T16:36:40+00:00 NOTICE Email "customer_note" for order #82653 not sent: email type is disabled CONTEXT: {"email_type":"customer_note","status":"disabled","recipient":"bhatt1999","order":82653}
2026-08-13T16:36:45+00:00 NOTICE Email "customer_note" for order #82654 not sent: email type is disabled CONTEXT: {"email_type":"customer_note","status":"disabled","recipient":"cm.krishna","order":82654}
2026-08-13T16:36:57+00:00 NOTICE Email "customer_note" for order #82655 not sent: email type is disabled CONTEXT: {"email_type":"customer_note","status":"disabled","recipient":"monicaevangeline","order":82655}
2026-08-13T16:37:03+00:00 NOTICE Email "customer_note" for order #82656 not sent: email type is disabled CONTEXT: {"email_type":"customer_note","status":"disabled","recipient":"nithyaprimrose","order":82656}
2026-08-13T16:37:08+00:00 NOTICE Email "customer_note" for order #82657 not sent: email type is disabled CONTEXT: {"email_type":"customer_note","status":"disabled","recipient":"mail2parthig","order":82657}
2026-08-13T16:37:13+00:00 NOTICE Email "customer_note" for order #82658 not sent: email type is disabled CONTEXT: {"email_type":"customer_note","status":"disabled","recipient":"agatha.ryazhl","order":82658}
2026-08-13T16:37:19+00:00 NOTICE Email "customer_note" for order #82659 not sent: email type is disabled CONTEXT: {"email_type":"customer_note","status":"disabled","recipient":"agatha.ryazhl","order":82659}
2026-08-13T16:37:25+00:00 NOTICE Email "customer_note" for order #82660 not sent: email type is disabled CONTEXT: {"email_type":"customer_note","status":"disabled","recipient":"durgaa.v","order":82660}
2026-08-13T16:37:30+00:00 NOTICE Email "customer_note" for order #82661 not sent: email type is disabled CONTEXT: {"email_type":"customer_note","status":"disabled","recipient":"vasanthnc","order":82661}
2026-08-13T16:37:36+00:00 NOTICE Email "customer_note" for order #82662 not sent: email type is disabled CONTEXT: {"email_type":"customer_note","status":"disabled","recipient":"syed.wasim4567","order":82662}
2026-08-13T16:37:41+00:00 NOTICE Email "customer_note" for order #82663 not sent: email type is disabled CONTEXT: {"email_type":"customer_note","status":"disabled","recipient":"vani.vj","order":82663}
2026-08-13T16:37:47+00:00 NOTICE Email "customer_note" for order #82664 not sent: email type is disabled CONTEXT: {"email_type":"customer_note","status":"disabled","recipient":"viveksundar","order":82664}
2026-08-13T16:38:20+00:00 NOTICE Email "customer_note" for order #82665 not sent: email type is disabled CONTEXT: {"email_type":"customer_note","status":"disabled","recipient":"sukanv","order":82665}
2026-08-13T16:38:25+00:00 NOTICE Email "customer_note" for order #82666 not sent: email type is disabled CONTEXT: {"email_type":"customer_note","status":"disabled","recipient":"sukanv","order":82666}
2026-08-13T16:39:36+00:00 NOTICE Email "customer_note" for order #82667 not sent: email type is disabled CONTEXT: {"email_type":"customer_note","status":"disabled","recipient":"nanadba17","order":82667}
2026-08-13T16:39:41+00:00 NOTICE Email "customer_note" for order #82668 not sent: email type is disabled CONTEXT: {"email_type":"customer_note","status":"disabled","recipient":"svardhan51","order":82668}
2026-08-13T16:39:47+00:00 NOTICE Email "customer_note" for order #82669 not sent: email type is disabled CONTEXT: {"email_type":"customer_note","status":"disabled","recipient":"jaiganesh61","order":82669}
2026-08-13T16:41:59+00:00 NOTICE Email "customer_note" for order #82670 not sent: email type is disabled CONTEXT: {"email_type":"customer_note","status":"disabled","recipient":"namanaresh","order":82670}
2026-08-13T16:42:04+00:00 NOTICE Email "customer_note" for order #82671 not sent: email type is disabled CONTEXT: {"email_type":"customer_note","status":"disabled","recipient":"aradhanagopinath","order":82671}
2026-08-13T16:43:11+00:00 NOTICE Email "customer_note" for order #82672 not sent: email type is disabled CONTEXT: {"email_type":"customer_note","status":"disabled","recipient":"karthik.vv","order":82672}
2026-08-13T16:43:17+00:00 NOTICE Email "customer_note" for order #82673 not sent: email type is disabled CONTEXT: {"email_type":"customer_note","status":"disabled","recipient":"durgasivakumar","order":82673}
2026-08-13T16:43:22+00:00 NOTICE Email "customer_note" for order #82674 not sent: email type is disabled CONTEXT: {"email_type":"customer_note","status":"disabled","recipient":"jaanu23ravi","order":82674}
2026-08-13T16:44:36+00:00 NOTICE Email "customer_note" for order #82675 not sent: email type is disabled CONTEXT: {"email_type":"customer_note","status":"disabled","recipient":"kannusamy","order":82675}
2026-08-13T16:44:41+00:00 NOTICE Email "customer_note" for order #82676 not sent: email type is disabled CONTEXT: {"email_type":"customer_note","status":"disabled","recipient":"kantsrik","order":82676}
2026-08-13T16:44:46+00:00 NOTICE Email "customer_note" for order #82677 not sent: email type is disabled CONTEXT: {"email_type":"customer_note","status":"disabled","recipient":"preethi.kashyap","order":82677}
2026-08-13T16:44:52+00:00 NOTICE Email "customer_note" for order #82678 not sent: email type is disabled CONTEXT: {"email_type":"customer_note","status":"disabled","recipient":"mr.khadeerahmed","order":82678}
2026-08-13T16:44:52+00:00 NOTICE Email "customer_refunded_order" for order #82325 not sent: email type is disabled CONTEXT: {"email_type":"customer_refunded_order","status":"disabled","recipient":"amby85","order":82325}
2026-08-13T16:45:43+00:00 NOTICE Email "customer_refunded_order" for order #82348 not sent: email type is disabled CONTEXT: {"email_type":"customer_refunded_order","status":"disabled","recipient":"viddhari","order":82348}
2026-08-13T16:46:10+00:00 NOTICE Email "customer_note" for order #82681 not sent: email type is disabled CONTEXT: {"email_type":"customer_note","status":"disabled","recipient":"deepikanagasamy","order":82681}
2026-08-13T16:46:16+00:00 NOTICE Email "customer_note" for order #82682 not sent: email type is disabled CONTEXT: {"email_type":"customer_note","status":"disabled","recipient":"deepikanagasamy","order":82682}
2026-08-13T16:46:22+00:00 NOTICE Email "customer_note" for order #82683 not sent: email type is disabled CONTEXT: {"email_type":"customer_note","status":"disabled","recipient":"radhika.sakhuja","order":82683}
2026-08-13T16:47:35+00:00 NOTICE Email "customer_note" for order #82684 not sent: email type is disabled CONTEXT: {"email_type":"customer_note","status":"disabled","recipient":"umail2janet","order":82684}
2026-08-13T16:47:40+00:00 NOTICE Email "customer_note" for order #82685 not sent: email type is disabled CONTEXT: {"email_type":"customer_note","status":"disabled","recipient":"peerkhan","order":82685}
2026-08-13T16:47:46+00:00 NOTICE Email "customer_note" for order #82686 not sent: email type is disabled CONTEXT: {"email_type":"customer_note","status":"disabled","recipient":"tandonamit75","order":82686}
2026-08-13T16:47:51+00:00 NOTICE Email "customer_note" for order #82687 not sent: email type is disabled CONTEXT: {"email_type":"customer_note","status":"disabled","recipient":"srininsv","order":82687}
2026-08-13T16:48:29+00:00 NOTICE Email "customer_refunded_order" for order #82389 not sent: email type is disabled CONTEXT: {"email_type":"customer_refunded_order","status":"disabled","recipient":"nmn.gceb","order":82389}
2026-08-13T16:49:06+00:00 NOTICE Email "customer_refunded_order" for order #82599 not sent: email type is disabled CONTEXT: {"email_type":"customer_refunded_order","status":"disabled","recipient":"nmn.gceb","order":82599}
2026-08-13T16:49:21+00:00 NOTICE Email "customer_note" for order #82690 not sent: email type is disabled CONTEXT: {"email_type":"customer_note","status":"disabled","recipient":"krish2407","order":82690}
2026-08-13T16:49:26+00:00 NOTICE Email "customer_note" for order #82691 not sent: email type is disabled CONTEXT: {"email_type":"customer_note","status":"disabled","recipient":"ntsaran81","order":82691}
2026-08-13T16:50:03+00:00 NOTICE Email "customer_refunded_order" for order #82046 not sent: email type is disabled CONTEXT: {"email_type":"customer_refunded_order","status":"disabled","recipient":"rasheedahmed.ar","order":82046}
2026-08-13T16:50:37+00:00 NOTICE Email "customer_note" for order #82693 not sent: email type is disabled CONTEXT: {"email_type":"customer_note","status":"disabled","recipient":"t_kart","order":82693}
2026-08-13T16:50:43+00:00 NOTICE Email "customer_note" for order #82694 not sent: email type is disabled CONTEXT: {"email_type":"customer_note","status":"disabled","recipient":"vidhyavenkatesh","order":82694}
2026-08-13T16:50:48+00:00 NOTICE Email "customer_note" for order #82695 not sent: email type is disabled CONTEXT: {"email_type":"customer_note","status":"disabled","recipient":"grandmastervasu","order":82695}
2026-08-13T16:50:54+00:00 NOTICE Email "customer_note" for order #82696 not sent: email type is disabled CONTEXT: {"email_type":"customer_note","status":"disabled","recipient":"priyaraghupathy","order":82696}
2026-08-13T16:51:15+00:00 NOTICE Email "customer_refunded_order" for order #82625 not sent: email type is disabled CONTEXT: {"email_type":"customer_refunded_order","status":"disabled","recipient":"krishhants","order":82625}
2026-08-13T16:52:31+00:00 NOTICE Email "customer_refunded_order" for order #82262 not sent: email type is disabled CONTEXT: {"email_type":"customer_refunded_order","status":"disabled","recipient":"kumaralagappan","order":82262}
2026-08-13T16:52:32+00:00 NOTICE Email "customer_note" for order #82699 not sent: email type is disabled CONTEXT: {"email_type":"customer_note","status":"disabled","recipient":"sunanda.undamatla","order":82699}
2026-08-13T16:52:37+00:00 NOTICE Email "customer_note" for order #82700 not sent: email type is disabled CONTEXT: {"email_type":"customer_note","status":"disabled","recipient":"vannitha.s","order":82700}
2026-08-13T16:53:47+00:00 NOTICE Email "customer_note" for order #82701 not sent: email type is disabled CONTEXT: {"email_type":"customer_note","status":"disabled","recipient":"pritam.reddyn","order":82701}
2026-08-13T16:53:53+00:00 NOTICE Email "customer_note" for order #82702 not sent: email type is disabled CONTEXT: {"email_type":"customer_note","status":"disabled","recipient":"kkpgreetsu","order":82702}
2026-08-13T16:53:59+00:00 NOTICE Email "customer_note" for order #82703 not sent: email type is disabled CONTEXT: {"email_type":"customer_note","status":"disabled","recipient":"bobbycmathews","order":82703}
2026-08-13T16:55:08+00:00 NOTICE Email "customer_note" for order #82704 not sent: email type is disabled CONTEXT: {"email_type":"customer_note","status":"disabled","recipient":"vanisidz","order":82704}
2026-08-13T16:55:13+00:00 NOTICE Email "customer_note" for order #82705 not sent: email type is disabled CONTEXT: {"email_type":"customer_note","status":"disabled","recipient":"vsimpson","order":82705}
2026-08-13T16:55:36+00:00 NOTICE Email "customer_note" for order #82707 not sent: email type is disabled CONTEXT: {"email_type":"customer_note","status":"disabled","recipient":"sangeetharanganath","order":82707}
2026-08-13T16:55:42+00:00 NOTICE Email "customer_note" for order #82708 not sent: email type is disabled CONTEXT: {"email_type":"customer_note","status":"disabled","recipient":"jayashree.ramesh70","order":82708}
2026-08-13T16:55:47+00:00 NOTICE Email "customer_note" for order #82709 not sent: email type is disabled CONTEXT: {"email_type":"customer_note","status":"disabled","recipient":"raviraghav","order":82709}
2026-08-13T16:56:47+00:00 NOTICE Email "customer_note" for order #82710 not sent: email type is disabled CONTEXT: {"email_type":"customer_note","status":"disabled","recipient":"anand183","order":82710}
2026-08-13T16:56:53+00:00 NOTICE Email "customer_note" for order #82711 not sent: email type is disabled CONTEXT: {"email_type":"customer_note","status":"disabled","recipient":"karthi.bala","order":82711}
2026-08-13T16:58:36+00:00 NOTICE Email "customer_note" for order #82712 not sent: email type is disabled CONTEXT: {"email_type":"customer_note","status":"disabled","recipient":"a2osriramadesikan","order":82712}
2026-08-13T16:58:42+00:00 NOTICE Email "customer_note" for order #82713 not sent: email type is disabled CONTEXT: {"email_type":"customer_note","status":"disabled","recipient":"saranya.amudhan","order":82713}
2026-08-13T16:59:52+00:00 NOTICE Email "customer_note" for order #82714 not sent: email type is disabled CONTEXT: {"email_type":"customer_note","status":"disabled","recipient":"abhir019","order":82714}
2026-08-13T16:59:58+00:00 NOTICE Email "customer_note" for order #82715 not sent: email type is disabled CONTEXT: {"email_type":"customer_note","status":"disabled","recipient":"skannanv","order":82715}
2026-08-13T17:01:36+00:00 NOTICE Email "customer_note" for order #82716 not sent: email type is disabled CONTEXT: {"email_type":"customer_note","status":"disabled","recipient":"padmasini.bashyam","order":82716}
2026-08-13T17:01:42+00:00 NOTICE Email "customer_note" for order #82717 not sent: email type is disabled CONTEXT: {"email_type":"customer_note","status":"disabled","recipient":"smadhu","order":82717}
2026-08-13T17:01:47+00:00 NOTICE Email "customer_note" for order #82718 not sent: email type is disabled CONTEXT: {"email_type":"customer_note","status":"disabled","recipient":"prakashb2k03","order":82718}
2026-08-13T17:03:17+00:00 NOTICE Email "customer_note" for order #82719 not sent: email type is disabled CONTEXT: {"email_type":"customer_note","status":"disabled","recipient":"lavanat","order":82719}
2026-08-13T17:03:23+00:00 NOTICE Email "customer_note" for order #82720 not sent: email type is disabled CONTEXT: {"email_type":"customer_note","status":"disabled","recipient":"merlia.shaukath","order":82720}
2026-08-13T17:03:29+00:00 NOTICE Email "customer_note" for order #82721 not sent: email type is disabled CONTEXT: {"email_type":"customer_note","status":"disabled","recipient":"kashefa5819","order":82721}
2026-08-13T17:04:35+00:00 NOTICE Email "customer_note" for order #82722 not sent: email type is disabled CONTEXT: {"email_type":"customer_note","status":"disabled","recipient":"ardramana89","order":82722}
2026-08-13T17:04:41+00:00 NOTICE Email "customer_note" for order #82723 not sent: email type is disabled CONTEXT: {"email_type":"customer_note","status":"disabled","recipient":"muthunarayanang","order":82723}
2026-08-13T17:04:46+00:00 NOTICE Email "customer_note" for order #82724 not sent: email type is disabled CONTEXT: {"email_type":"customer_note","status":"disabled","recipient":"navnath.j84","order":82724}
2026-08-13T17:06:39+00:00 NOTICE Email "customer_note" for order #82725 not sent: email type is disabled CONTEXT: {"email_type":"customer_note","status":"disabled","recipient":"miryala.pranahitha","order":82725}
2026-08-13T17:06:45+00:00 NOTICE Email "customer_note" for order #82726 not sent: email type is disabled CONTEXT: {"email_type":"customer_note","status":"disabled","recipient":"rakhi27","order":82726}
2026-08-13T17:08:27+00:00 NOTICE Email "customer_note" for order #82727 not sent: email type is disabled CONTEXT: {"email_type":"customer_note","status":"disabled","recipient":"mahendiran9889","order":82727}
2026-08-13T17:08:32+00:00 NOTICE Email "customer_note" for order #82728 not sent: email type is disabled CONTEXT: {"email_type":"customer_note","status":"disabled","recipient":"jayalakshmi_kumaresan","order":82728}
2026-08-13T17:09:39+00:00 NOTICE Email "customer_note" for order #82729 not sent: email type is disabled CONTEXT: {"email_type":"customer_note","status":"disabled","recipient":"itsmalai","order":82729}
2026-08-13T17:09:44+00:00 NOTICE Email "customer_note" for order #82730 not sent: email type is disabled CONTEXT: {"email_type":"customer_note","status":"disabled","recipient":"vijisudhakar2008","order":82730}
2026-08-13T17:09:50+00:00 NOTICE Email "customer_note" for order #82731 not sent: email type is disabled CONTEXT: {"email_type":"customer_note","status":"disabled","recipient":"meenatchi1995","order":82731}
2026-08-13T17:10:31+00:00 NOTICE Email "customer_note" for order #82733 not sent: email type is disabled CONTEXT: {"email_type":"customer_note","status":"disabled","recipient":"pipestressuser","order":82733}
2026-08-13T17:10:38+00:00 NOTICE Email "customer_note" for order #82734 not sent: email type is disabled CONTEXT: {"email_type":"customer_note","status":"disabled","recipient":"rderive","order":82734}
2026-08-13T17:11:43+00:00 NOTICE Email "customer_note" for order #82735 not sent: email type is disabled CONTEXT: {"email_type":"customer_note","status":"disabled","recipient":"nishabetala04","order":82735}
2026-08-13T17:11:49+00:00 NOTICE Email "customer_note" for order #82736 not sent: email type is disabled CONTEXT: {"email_type":"customer_note","status":"disabled","recipient":"jananiram3011","order":82736}
2026-08-13T17:11:54+00:00 NOTICE Email "customer_note" for order #82737 not sent: email type is disabled CONTEXT: {"email_type":"customer_note","status":"disabled","recipient":"Mohan","order":82737}
2026-08-13T17:13:44+00:00 NOTICE Email "customer_note" for order #82739 not sent: email type is disabled CONTEXT: {"email_type":"customer_note","status":"disabled","recipient":"gunasekaran.babu","order":82739}
2026-08-13T17:13:50+00:00 NOTICE Email "customer_note" for order #82740 not sent: email type is disabled CONTEXT: {"email_type":"customer_note","status":"disabled","recipient":"poovarna","order":82740}
2026-08-13T17:14:59+00:00 NOTICE Email "customer_note" for order #82742 not sent: email type is disabled CONTEXT: {"email_type":"customer_note","status":"disabled","recipient":"avrroshini2007","order":82742}
2026-08-13T17:15:05+00:00 NOTICE Email "customer_note" for order #82743 not sent: email type is disabled CONTEXT: {"email_type":"customer_note","status":"disabled","recipient":"venkateshsuba","order":82743}
2026-08-13T17:15:44+00:00 NOTICE Email "customer_note" for order #82745 not sent: email type is disabled CONTEXT: {"email_type":"customer_note","status":"disabled","recipient":"deepkamalverma28","order":82745}
2026-08-13T17:15:50+00:00 NOTICE Email "customer_note" for order #82746 not sent: email type is disabled CONTEXT: {"email_type":"customer_note","status":"disabled","recipient":"suneelsunsoft","order":82746}
2026-08-13T17:15:55+00:00 NOTICE Email "customer_note" for order #82747 not sent: email type is disabled CONTEXT: {"email_type":"customer_note","status":"disabled","recipient":"suneelsunsoft","order":82747}
2026-08-13T17:16:57+00:00 NOTICE Email "customer_note" for order #82748 not sent: email type is disabled CONTEXT: {"email_type":"customer_note","status":"disabled","recipient":"aishwarya4a","order":82748}
2026-08-13T17:17:03+00:00 NOTICE Email "customer_note" for order #82749 not sent: email type is disabled CONTEXT: {"email_type":"customer_note","status":"disabled","recipient":"monishakannusamy","order":82749}
2026-08-13T17:18:38+00:00 NOTICE Email "customer_note" for order #82750 not sent: email type is disabled CONTEXT: {"email_type":"customer_note","status":"disabled","recipient":"poba99ads","order":82750}
2026-08-13T17:18:43+00:00 NOTICE Email "customer_note" for order #82751 not sent: email type is disabled CONTEXT: {"email_type":"customer_note","status":"disabled","recipient":"shankark313","order":82751}
2026-08-13T17:18:48+00:00 NOTICE Email "customer_note" for order #82752 not sent: email type is disabled CONTEXT: {"email_type":"customer_note","status":"disabled","recipient":"swathi270391","order":82752}
2026-08-13T17:20:18+00:00 NOTICE Email "customer_note" for order #82753 not sent: email type is disabled CONTEXT: {"email_type":"customer_note","status":"disabled","recipient":"ramsarun1","order":82753}
2026-08-13T17:20:23+00:00 NOTICE Email "customer_note" for order #82754 not sent: email type is disabled CONTEXT: {"email_type":"customer_note","status":"disabled","recipient":"jayanthi.hari","order":82754}
2026-08-13T17:21:36+00:00 NOTICE Email "customer_note" for order #82755 not sent: email type is disabled CONTEXT: {"email_type":"customer_note","status":"disabled","recipient":"subathra.venkatesh","order":82755}
2026-08-13T17:21:41+00:00 NOTICE Email "customer_note" for order #82756 not sent: email type is disabled CONTEXT: {"email_type":"customer_note","status":"disabled","recipient":"sunil","order":82756}
2026-08-13T17:21:46+00:00 NOTICE Email "customer_note" for order #82757 not sent: email type is disabled CONTEXT: {"email_type":"customer_note","status":"disabled","recipient":"sudhanshu.shukla86","order":82757}
2026-08-13T17:21:52+00:00 NOTICE Email "customer_note" for order #82758 not sent: email type is disabled CONTEXT: {"email_type":"customer_note","status":"disabled","recipient":"psdvpraju","order":82758}
2026-08-13T17:23:31+00:00 NOTICE Email "customer_note" for order #82759 not sent: email type is disabled CONTEXT: {"email_type":"customer_note","status":"disabled","recipient":"dinesh.kmurthy","order":82759}
2026-08-13T17:23:36+00:00 NOTICE Email "customer_note" for order #82760 not sent: email type is disabled CONTEXT: {"email_type":"customer_note","status":"disabled","recipient":"shopping.sivasuganya","order":82760}
2026-08-13T17:23:42+00:00 NOTICE Email "customer_note" for order #82761 not sent: email type is disabled CONTEXT: {"email_type":"customer_note","status":"disabled","recipient":"vanajhari","order":82761}
2026-08-13T17:24:36+00:00 NOTICE Email "customer_note" for order #82762 not sent: email type is disabled CONTEXT: {"email_type":"customer_note","status":"disabled","recipient":"maheshvangala","order":82762}
2026-08-13T17:24:41+00:00 NOTICE Email "customer_note" for order #82763 not sent: email type is disabled CONTEXT: {"email_type":"customer_note","status":"disabled","recipient":"rishubjj","order":82763}
2026-08-13T17:24:47+00:00 NOTICE Email "customer_note" for order #82764 not sent: email type is disabled CONTEXT: {"email_type":"customer_note","status":"disabled","recipient":"karthiknaga89","order":82764}
2026-08-13T17:26:36+00:00 NOTICE Email "customer_note" for order #82765 not sent: email type is disabled CONTEXT: {"email_type":"customer_note","status":"disabled","recipient":"aprajita_sapra","order":82765}
2026-08-13T17:26:42+00:00 NOTICE Email "customer_note" for order #82766 not sent: email type is disabled CONTEXT: {"email_type":"customer_note","status":"disabled","recipient":"rithvikmahendhiran","order":82766}
2026-08-13T17:27:40+00:00 NOTICE Email "customer_note" for order #82767 not sent: email type is disabled CONTEXT: {"email_type":"customer_note","status":"disabled","recipient":"leorajkumars","order":82767}
2026-08-13T17:27:45+00:00 NOTICE Email "customer_note" for order #82768 not sent: email type is disabled CONTEXT: {"email_type":"customer_note","status":"disabled","recipient":"ganapathy196603santhi","order":82768}
2026-08-13T17:27:51+00:00 NOTICE Email "customer_note" for order #82769 not sent: email type is disabled CONTEXT: {"email_type":"customer_note","status":"disabled","recipient":"gasiveshvarshan","order":82769}
2026-08-13T17:29:37+00:00 NOTICE Email "customer_note" for order #82770 not sent: email type is disabled CONTEXT: {"email_type":"customer_note","status":"disabled","recipient":"mahamariappan","order":82770}
2026-08-13T17:29:43+00:00 NOTICE Email "customer_note" for order #82771 not sent: email type is disabled CONTEXT: {"email_type":"customer_note","status":"disabled","recipient":"sridhar_a_hll","order":82771}
2026-08-13T17:29:48+00:00 NOTICE Email "customer_note" for order #82773 not sent: email type is disabled CONTEXT: {"email_type":"customer_note","status":"disabled","recipient":"9444925093","order":82773}
2026-08-13T17:30:43+00:00 NOTICE Email "customer_note" for order #82774 not sent: email type is disabled CONTEXT: {"email_type":"customer_note","status":"disabled","recipient":"an.sid2212","order":82774}
2026-08-13T17:30:48+00:00 NOTICE Email "customer_note" for order #82775 not sent: email type is disabled CONTEXT: {"email_type":"customer_note","status":"disabled","recipient":"sreevidhyaselvarajan","order":82775}
2026-08-13T17:30:54+00:00 NOTICE Email "customer_note" for order #82776 not sent: email type is disabled CONTEXT: {"email_type":"customer_note","status":"disabled","recipient":"gotosurya","order":82776}
2026-08-13T17:30:59+00:00 NOTICE Email "customer_note" for order #82777 not sent: email type is disabled CONTEXT: {"email_type":"customer_note","status":"disabled","recipient":"kpraneeth","order":82777}
2026-08-13T17:32:35+00:00 NOTICE Email "customer_note" for order #82780 not sent: email type is disabled CONTEXT: {"email_type":"customer_note","status":"disabled","recipient":"aparna.saravananj","order":82780}
2026-08-13T17:32:41+00:00 NOTICE Email "new_order" for order #82778 not sent: email type is disabled CONTEXT: {"email_type":"new_order","status":"disabled","recipient":"Admin_Madrasmilk","order":82778}
2026-08-13T17:32:41+00:00 NOTICE Email "customer_processing_order" for order #82778 not sent: email type is disabled CONTEXT: {"email_type":"customer_processing_order","status":"disabled","recipient":"poovarna","order":82778}
2026-08-13T17:32:41+00:00 NOTICE Email "customer_note" for order #82781 not sent: email type is disabled CONTEXT: {"email_type":"customer_note","status":"disabled","recipient":"ravishankarpv23","order":82781}
2026-08-13T17:33:49+00:00 NOTICE Email "customer_note" for order #82782 not sent: email type is disabled CONTEXT: {"email_type":"customer_note","status":"disabled","recipient":"adline.jeni","order":82782}
2026-08-13T17:33:55+00:00 NOTICE Email "customer_note" for order #82783 not sent: email type is disabled CONTEXT: {"email_type":"customer_note","status":"disabled","recipient":"sansik26","order":82783}
2026-08-13T17:34:00+00:00 NOTICE Email "customer_note" for order #82784 not sent: email type is disabled CONTEXT: {"email_type":"customer_note","status":"disabled","recipient":"viswa22","order":82784}
2026-08-13T17:35:42+00:00 NOTICE Email "customer_note" for order #82786 not sent: email type is disabled CONTEXT: {"email_type":"customer_note","status":"disabled","recipient":"lssanadi","order":82786}
2026-08-13T17:35:47+00:00 NOTICE Email "customer_note" for order #82787 not sent: email type is disabled CONTEXT: {"email_type":"customer_note","status":"disabled","recipient":"smadhu","order":82787}
2026-08-13T17:35:53+00:00 NOTICE Email "customer_note" for order #82788 not sent: email type is disabled CONTEXT: {"email_type":"customer_note","status":"disabled","recipient":"rajanvp","order":82788}
2026-08-13T17:36:12+00:00 INFO Email "wps_wswp_wallet_credit" for user #1321 sent CONTEXT: {"email_type":"wps_wswp_wallet_credit","status":"sent","recipient":"poovarna","user":1321}
2026-08-13T17:37:00+00:00 NOTICE Email "customer_note" for order #82789 not sent: email type is disabled CONTEXT: {"email_type":"customer_note","status":"disabled","recipient":"kalpanakarthikaug22","order":82789}
2026-08-13T17:37:05+00:00 NOTICE Email "customer_note" for order #82790 not sent: email type is disabled CONTEXT: {"email_type":"customer_note","status":"disabled","recipient":"helina06","order":82790}
2026-08-13T17:37:11+00:00 NOTICE Email "customer_note" for order #82791 not sent: email type is disabled CONTEXT: {"email_type":"customer_note","status":"disabled","recipient":"docpriti","order":82791}
2026-08-13T17:38:36+00:00 NOTICE Email "customer_note" for order #82792 not sent: email type is disabled CONTEXT: {"email_type":"customer_note","status":"disabled","recipient":"drmani76","order":82792}
2026-08-13T17:38:41+00:00 NOTICE Email "customer_note" for order #82793 not sent: email type is disabled CONTEXT: {"email_type":"customer_note","status":"disabled","recipient":"dab3344.3344","order":82793}
2026-08-13T17:38:46+00:00 NOTICE Email "customer_note" for order #82794 not sent: email type is disabled CONTEXT: {"email_type":"customer_note","status":"disabled","recipient":"hayiamarvind","order":82794}
2026-08-13T17:40:15+00:00 NOTICE Email "customer_note" for order #82796 not sent: email type is disabled CONTEXT: {"email_type":"customer_note","status":"disabled","recipient":"sel.shan2","order":82796}
2026-08-13T17:40:20+00:00 NOTICE Email "customer_note" for order #82797 not sent: email type is disabled CONTEXT: {"email_type":"customer_note","status":"disabled","recipient":"amurali65","order":82797}
2026-08-13T17:40:25+00:00 NOTICE Email "customer_note" for order #82798 not sent: email type is disabled CONTEXT: {"email_type":"customer_note","status":"disabled","recipient":"Sidharth test","order":82798}
2026-08-13T17:42:01+00:00 NOTICE Email "customer_note" for order #82799 not sent: email type is disabled CONTEXT: {"email_type":"customer_note","status":"disabled","recipient":"lnair01","order":82799}
2026-08-13T17:42:06+00:00 NOTICE Email "customer_note" for order #82800 not sent: email type is disabled CONTEXT: {"email_type":"customer_note","status":"disabled","recipient":"kvghome1","order":82800}
2026-08-13T17:42:11+00:00 NOTICE Email "customer_note" for order #82801 not sent: email type is disabled CONTEXT: {"email_type":"customer_note","status":"disabled","recipient":"parithi_kasi","order":82801}
2026-08-13T17:43:32+00:00 NOTICE Email "customer_note" for order #82803 not sent: email type is disabled CONTEXT: {"email_type":"customer_note","status":"disabled","recipient":"shomprabu","order":82803}
2026-08-13T17:44:27+00:00 NOTICE Email "customer_refunded_order" for order #82669 not sent: email type is disabled CONTEXT: {"email_type":"customer_refunded_order","status":"disabled","recipient":"jaiganesh61","order":82669}
