2026-08-10T00:09:55+00:00 INFO Email "customer_reset_password" for user #1596 sent CONTEXT: {"email_type":"customer_reset_password","status":"sent","recipient":"vcambi22","user":1596}
2026-08-10T00:23:54+00:00 NOTICE Email "new_order" for order #80221 not sent: email type is disabled CONTEXT: {"email_type":"new_order","status":"disabled","recipient":"Admin_Madrasmilk","order":80221}
2026-08-10T00:23:54+00:00 NOTICE Email "customer_processing_order" for order #80221 not sent: email type is disabled CONTEXT: {"email_type":"customer_processing_order","status":"disabled","recipient":"shreesekar","order":80221}
2026-08-10T00:33:57+00:00 INFO Email "customer_new_account" for user #1597 sent CONTEXT: {"email_type":"customer_new_account","status":"sent","recipient":"VANI C","user":1597}
2026-08-10T02:00:35+00:00 NOTICE Email "new_order" for order #80223 not sent: email type is disabled CONTEXT: {"email_type":"new_order","status":"disabled","recipient":"Admin_Madrasmilk","order":80223}
2026-08-10T02:00:35+00:00 NOTICE Email "customer_processing_order" for order #80223 not sent: email type is disabled CONTEXT: {"email_type":"customer_processing_order","status":"disabled","recipient":"sowmya.subramanian","order":80223}
2026-08-10T02:27:34+00:00 INFO Email "customer_new_account" for user #1598 sent CONTEXT: {"email_type":"customer_new_account","status":"sent","recipient":"Ruchi gaur","user":1598}
2026-08-10T02:34:00+00:00 NOTICE Email "customer_note" for order #80226 not sent: email type is disabled CONTEXT: {"email_type":"customer_note","status":"disabled","recipient":"guest","order":80226}
2026-08-10T02:36:02+00:00 NOTICE Email "new_order" for order #80227 not sent: email type is disabled CONTEXT: {"email_type":"new_order","status":"disabled","recipient":"Admin_Madrasmilk","order":80227}
2026-08-10T02:36:02+00:00 NOTICE Email "customer_processing_order" for order #80227 not sent: email type is disabled CONTEXT: {"email_type":"customer_processing_order","status":"disabled","recipient":"venkatramshravankumar","order":80227}
2026-08-10T02:39:03+00:00 NOTICE Email "customer_note" for order #80227 not sent: email type is disabled CONTEXT: {"email_type":"customer_note","status":"disabled","recipient":"venkatramshravankumar","order":80227}
2026-08-10T03:25:47+00:00 NOTICE Email "new_order" for order #80228 not sent: email type is disabled CONTEXT: {"email_type":"new_order","status":"disabled","recipient":"Admin_Madrasmilk","order":80228}
2026-08-10T03:25:47+00:00 NOTICE Email "customer_processing_order" for order #80228 not sent: email type is disabled CONTEXT: {"email_type":"customer_processing_order","status":"disabled","recipient":"sagar loka","order":80228}
2026-08-10T03:45:03+00:00 NOTICE Email "new_order" for order #80230 not sent: email type is disabled CONTEXT: {"email_type":"new_order","status":"disabled","recipient":"Admin_Madrasmilk","order":80230}
2026-08-10T03:45:03+00:00 NOTICE Email "customer_processing_order" for order #80230 not sent: email type is disabled CONTEXT: {"email_type":"customer_processing_order","status":"disabled","recipient":"muralirajappan","order":80230}
2026-08-10T04:18:05+00:00 INFO Email "customer_new_account" for user #1599 sent CONTEXT: {"email_type":"customer_new_account","status":"sent","recipient":"Ayush parakh","user":1599}
2026-08-10T05:21:49+00:00 INFO Email "customer_reset_password" for user #307 sent CONTEXT: {"email_type":"customer_reset_password","status":"sent","recipient":"viswa22","user":307}
2026-08-10T05:32:40+00:00 NOTICE Email "customer_note" for order #80231 not sent: email type is disabled CONTEXT: {"email_type":"customer_note","status":"disabled","recipient":"viswa22","order":80231}
2026-08-10T05:32:45+00:00 NOTICE Email "customer_note" for order #80231 not sent: email type is disabled CONTEXT: {"email_type":"customer_note","status":"disabled","recipient":"viswa22","order":80231}
2026-08-10T05:33:12+00:00 NOTICE Email "cancelled_order" for order #76094 not sent: email type is disabled CONTEXT: {"email_type":"cancelled_order","status":"disabled","recipient":"Admin_Madrasmilk","order":76094}
2026-08-10T05:33:12+00:00 NOTICE Email "customer_cancelled_order" for order #76094 not sent: email type is disabled CONTEXT: {"email_type":"customer_cancelled_order","status":"disabled","recipient":"senthil.kumar.ma","order":76094}
2026-08-10T05:33:12+00:00 NOTICE Email "cancelled_order" for order #76115 not sent: email type is disabled CONTEXT: {"email_type":"cancelled_order","status":"disabled","recipient":"Admin_Madrasmilk","order":76115}
2026-08-10T05:33:12+00:00 NOTICE Email "customer_cancelled_order" for order #76115 not sent: email type is disabled CONTEXT: {"email_type":"customer_cancelled_order","status":"disabled","recipient":"senthil.kumar.ma","order":76115}
2026-08-10T05:33:12+00:00 NOTICE Email "cancelled_order" for order #76139 not sent: email type is disabled CONTEXT: {"email_type":"cancelled_order","status":"disabled","recipient":"Admin_Madrasmilk","order":76139}
2026-08-10T05:33:12+00:00 NOTICE Email "customer_cancelled_order" for order #76139 not sent: email type is disabled CONTEXT: {"email_type":"customer_cancelled_order","status":"disabled","recipient":"senthil.kumar.ma","order":76139}
2026-08-10T05:33:12+00:00 NOTICE Email "cancelled_order" for order #76159 not sent: email type is disabled CONTEXT: {"email_type":"cancelled_order","status":"disabled","recipient":"Admin_Madrasmilk","order":76159}
2026-08-10T05:33:12+00:00 NOTICE Email "customer_cancelled_order" for order #76159 not sent: email type is disabled CONTEXT: {"email_type":"customer_cancelled_order","status":"disabled","recipient":"senthil.kumar.ma","order":76159}
2026-08-10T05:33:12+00:00 NOTICE Email "cancelled_order" for order #76181 not sent: email type is disabled CONTEXT: {"email_type":"cancelled_order","status":"disabled","recipient":"Admin_Madrasmilk","order":76181}
2026-08-10T05:33:12+00:00 NOTICE Email "customer_cancelled_order" for order #76181 not sent: email type is disabled CONTEXT: {"email_type":"customer_cancelled_order","status":"disabled","recipient":"senthil.kumar.ma","order":76181}
2026-08-10T05:55:45+00:00 INFO Email "wps_wswp_wallet_credit" for user #448 sent CONTEXT: {"email_type":"wps_wswp_wallet_credit","status":"sent","recipient":"tanya.ganesan04","user":448}
2026-08-10T05:56:39+00:00 NOTICE Email "customer_note" for order #58399 not sent: email type is disabled CONTEXT: {"email_type":"customer_note","status":"disabled","recipient":"senthil.kumar.ma","order":58399}
2026-08-10T05:58:32+00:00 NOTICE Email "customer_note" for order #80232 not sent: email type is disabled CONTEXT: {"email_type":"customer_note","status":"disabled","recipient":"guest","order":80232}
2026-08-10T05:59:24+00:00 NOTICE Email "new_order" for order #80233 not sent: email type is disabled CONTEXT: {"email_type":"new_order","status":"disabled","recipient":"Admin_Madrasmilk","order":80233}
2026-08-10T05:59:24+00:00 NOTICE Email "customer_processing_order" for order #80233 not sent: email type is disabled CONTEXT: {"email_type":"customer_processing_order","status":"disabled","recipient":"muralirajappan","order":80233}
2026-08-10T06:04:01+00:00 NOTICE Email "customer_note" for order #80234 not sent: email type is disabled CONTEXT: {"email_type":"customer_note","status":"disabled","recipient":"scisenthil","order":80234}
2026-08-10T06:33:30+00:00 INFO Email "customer_new_account" for user #1600 sent CONTEXT: {"email_type":"customer_new_account","status":"sent","recipient":"sairaman","user":1600}
2026-08-10T06:35:21+00:00 INFO Email "customer_reset_password" for user #1557 sent CONTEXT: {"email_type":"customer_reset_password","status":"sent","recipient":"chittharasai","user":1557}
2026-08-10T06:38:34+00:00 INFO Email "customer_new_account" for user #1601 sent CONTEXT: {"email_type":"customer_new_account","status":"sent","recipient":"veroni","user":1601}
2026-08-10T06:41:40+00:00 NOTICE Email "customer_note" for order #80235 not sent: email type is disabled CONTEXT: {"email_type":"customer_note","status":"disabled","recipient":"ravishankarns","order":80235}
2026-08-10T06:41:46+00:00 NOTICE Email "customer_note" for order #80236 not sent: email type is disabled CONTEXT: {"email_type":"customer_note","status":"disabled","recipient":"mayam60","order":80236}
2026-08-10T06:41:51+00:00 NOTICE Email "customer_note" for order #80237 not sent: email type is disabled CONTEXT: {"email_type":"customer_note","status":"disabled","recipient":"dhanas_ga","order":80237}
2026-08-10T06:43:18+00:00 NOTICE Email "new_order" for order #80238 not sent: email type is disabled CONTEXT: {"email_type":"new_order","status":"disabled","recipient":"Admin_Madrasmilk","order":80238}
2026-08-10T06:43:18+00:00 NOTICE Email "customer_processing_order" for order #80238 not sent: email type is disabled CONTEXT: {"email_type":"customer_processing_order","status":"disabled","recipient":"veroni","order":80238}
2026-08-10T06:43:42+00:00 INFO Email "customer_new_account" for user #1602 sent CONTEXT: {"email_type":"customer_new_account","status":"sent","recipient":"Rajesh","user":1602}
2026-08-10T06:44:01+00:00 NOTICE Email "customer_note" for order #80239 not sent: email type is disabled CONTEXT: {"email_type":"customer_note","status":"disabled","recipient":"imranziya11","order":80239}
2026-08-10T06:44:07+00:00 NOTICE Email "customer_note" for order #80240 not sent: email type is disabled CONTEXT: {"email_type":"customer_note","status":"disabled","recipient":"shubhamsolanki163","order":80240}
2026-08-10T06:44:12+00:00 NOTICE Email "customer_note" for order #80241 not sent: email type is disabled CONTEXT: {"email_type":"customer_note","status":"disabled","recipient":"venkatramshravankumar","order":80241}
2026-08-10T06:46:01+00:00 NOTICE Email "customer_note" for order #80242 not sent: email type is disabled CONTEXT: {"email_type":"customer_note","status":"disabled","recipient":"baggubhargav","order":80242}
2026-08-10T06:46:07+00:00 NOTICE Email "customer_note" for order #80243 not sent: email type is disabled CONTEXT: {"email_type":"customer_note","status":"disabled","recipient":"charumathi18","order":80243}
2026-08-10T06:48:02+00:00 NOTICE Email "customer_note" for order #80244 not sent: email type is disabled CONTEXT: {"email_type":"customer_note","status":"disabled","recipient":"meghavikram","order":80244}
2026-08-10T07:07:37+00:00 NOTICE Email "new_order" for order #80231 not sent: email type is disabled CONTEXT: {"email_type":"new_order","status":"disabled","recipient":"Admin_Madrasmilk","order":80231}
2026-08-10T07:07:37+00:00 NOTICE Email "customer_processing_order" for order #80231 not sent: email type is disabled CONTEXT: {"email_type":"customer_processing_order","status":"disabled","recipient":"viswa22","order":80231}
2026-08-10T07:26:46+00:00 NOTICE Email "customer_note" for order #80245 not sent: email type is disabled CONTEXT: {"email_type":"customer_note","status":"disabled","recipient":"rviji.1092","order":80245}
2026-08-10T08:03:59+00:00 INFO Email "customer_new_account" for user #1603 sent CONTEXT: {"email_type":"customer_new_account","status":"sent","recipient":"samhitha.kothuri","user":1603}
2026-08-10T08:04:38+00:00 NOTICE Email "new_order" for order #80247 not sent: email type is disabled CONTEXT: {"email_type":"new_order","status":"disabled","recipient":"Admin_Madrasmilk","order":80247}
2026-08-10T08:04:38+00:00 NOTICE Email "customer_processing_order" for order #80247 not sent: email type is disabled CONTEXT: {"email_type":"customer_processing_order","status":"disabled","recipient":"samhitha.kothuri","order":80247}
2026-08-10T08:14:35+00:00 NOTICE Email "customer_note" for order #80248 not sent: email type is disabled CONTEXT: {"email_type":"customer_note","status":"disabled","recipient":"Test Sibi","order":80248}
2026-08-10T08:14:44+00:00 INFO Email "failed_order" for order #80248 sent CONTEXT: {"email_type":"failed_order","status":"sent","recipient":"Admin_Madrasmilk","order":80248}
2026-08-10T08:50:02+00:00 NOTICE Email "customer_note" for order #80249 not sent: email type is disabled CONTEXT: {"email_type":"customer_note","status":"disabled","recipient":"mr.khadeerahmed","order":80249}
2026-08-10T08:50:07+00:00 NOTICE Email "customer_note" for order #80249 not sent: email type is disabled CONTEXT: {"email_type":"customer_note","status":"disabled","recipient":"mr.khadeerahmed","order":80249}
2026-08-10T09:37:39+00:00 NOTICE Email "customer_note" for order #80250 not sent: email type is disabled CONTEXT: {"email_type":"customer_note","status":"disabled","recipient":"9444925093","order":80250}
2026-08-10T09:47:34+00:00 NOTICE Email "customer_note" for order #80251 not sent: email type is disabled CONTEXT: {"email_type":"customer_note","status":"disabled","recipient":"rigin.raj","order":80251}
2026-08-10T09:47:39+00:00 NOTICE Email "customer_note" for order #80252 not sent: email type is disabled CONTEXT: {"email_type":"customer_note","status":"disabled","recipient":"durgadevi2227","order":80252}
2026-08-10T09:48:47+00:00 NOTICE Email "customer_note" for order #80253 not sent: email type is disabled CONTEXT: {"email_type":"customer_note","status":"disabled","recipient":"shwethabalaji.asbs","order":80253}
2026-08-10T10:43:45+00:00 NOTICE Email "customer_note" for order #80254 not sent: email type is disabled CONTEXT: {"email_type":"customer_note","status":"disabled","recipient":"abhir019","order":80254}
2026-08-10T11:29:15+00:00 NOTICE Email "customer_note" for order #80256 not sent: email type is disabled CONTEXT: {"email_type":"customer_note","status":"disabled","recipient":"swaroop.sistla","order":80256}
2026-08-10T11:32:27+00:00 NOTICE Email "customer_note" for order #80257 not sent: email type is disabled CONTEXT: {"email_type":"customer_note","status":"disabled","recipient":"thomas_dason2002","order":80257}
2026-08-10T11:32:38+00:00 NOTICE Email "customer_note" for order #80258 not sent: email type is disabled CONTEXT: {"email_type":"customer_note","status":"disabled","recipient":"lolme123","order":80258}
2026-08-10T11:32:43+00:00 NOTICE Email "customer_note" for order #80259 not sent: email type is disabled CONTEXT: {"email_type":"customer_note","status":"disabled","recipient":"ravishankar","order":80259}
2026-08-10T11:32:48+00:00 NOTICE Email "customer_note" for order #80260 not sent: email type is disabled CONTEXT: {"email_type":"customer_note","status":"disabled","recipient":"ravishankar","order":80260}
2026-08-10T11:32:54+00:00 NOTICE Email "customer_note" for order #80261 not sent: email type is disabled CONTEXT: {"email_type":"customer_note","status":"disabled","recipient":"shreesekar","order":80261}
2026-08-10T11:33:00+00:00 NOTICE Email "customer_note" for order #80262 not sent: email type is disabled CONTEXT: {"email_type":"customer_note","status":"disabled","recipient":"ganeshbw","order":80262}
2026-08-10T11:33:07+00:00 NOTICE Email "customer_note" for order #80263 not sent: email type is disabled CONTEXT: {"email_type":"customer_note","status":"disabled","recipient":"ganeshbw","order":80263}
2026-08-10T11:33:13+00:00 NOTICE Email "customer_note" for order #80264 not sent: email type is disabled CONTEXT: {"email_type":"customer_note","status":"disabled","recipient":"nalinikumar","order":80264}
2026-08-10T11:33:19+00:00 NOTICE Email "customer_note" for order #80265 not sent: email type is disabled CONTEXT: {"email_type":"customer_note","status":"disabled","recipient":"anand_ranjani","order":80265}
2026-08-10T11:33:25+00:00 NOTICE Email "customer_note" for order #80266 not sent: email type is disabled CONTEXT: {"email_type":"customer_note","status":"disabled","recipient":"anand_ranjani","order":80266}
2026-08-10T11:33:30+00:00 NOTICE Email "customer_note" for order #80267 not sent: email type is disabled CONTEXT: {"email_type":"customer_note","status":"disabled","recipient":"itchingtowrite","order":80267}
2026-08-10T11:33:36+00:00 NOTICE Email "customer_note" for order #80268 not sent: email type is disabled CONTEXT: {"email_type":"customer_note","status":"disabled","recipient":"pdotadir","order":80268}
2026-08-10T11:33:42+00:00 NOTICE Email "customer_note" for order #80269 not sent: email type is disabled CONTEXT: {"email_type":"customer_note","status":"disabled","recipient":"jaysh_vijay","order":80269}
2026-08-10T11:33:48+00:00 NOTICE Email "customer_note" for order #80270 not sent: email type is disabled CONTEXT: {"email_type":"customer_note","status":"disabled","recipient":"nithin153","order":80270}
2026-08-10T11:33:53+00:00 NOTICE Email "customer_note" for order #80271 not sent: email type is disabled CONTEXT: {"email_type":"customer_note","status":"disabled","recipient":"rguruprasath","order":80271}
2026-08-10T11:33:59+00:00 NOTICE Email "customer_note" for order #80272 not sent: email type is disabled CONTEXT: {"email_type":"customer_note","status":"disabled","recipient":"senthil.m7479","order":80272}
2026-08-10T11:34:05+00:00 NOTICE Email "customer_note" for order #80273 not sent: email type is disabled CONTEXT: {"email_type":"customer_note","status":"disabled","recipient":"sriram_venkataraman","order":80273}
2026-08-10T11:34:11+00:00 NOTICE Email "customer_note" for order #80274 not sent: email type is disabled CONTEXT: {"email_type":"customer_note","status":"disabled","recipient":"abinaya.kannazhagan","order":80274}
2026-08-10T11:34:17+00:00 NOTICE Email "customer_note" for order #80275 not sent: email type is disabled CONTEXT: {"email_type":"customer_note","status":"disabled","recipient":"anic.vijay","order":80275}
2026-08-10T11:34:23+00:00 NOTICE Email "customer_note" for order #80276 not sent: email type is disabled CONTEXT: {"email_type":"customer_note","status":"disabled","recipient":"kvghome1","order":80276}
2026-08-10T11:34:33+00:00 INFO Email "failed_order" for order #80276 sent CONTEXT: {"email_type":"failed_order","status":"sent","recipient":"Admin_Madrasmilk","order":80276}
2026-08-10T11:34:34+00:00 NOTICE Email "customer_note" for order #80277 not sent: email type is disabled CONTEXT: {"email_type":"customer_note","status":"disabled","recipient":"rajalakshmi.nr","order":80277}
2026-08-10T11:34:40+00:00 NOTICE Email "customer_note" for order #80278 not sent: email type is disabled CONTEXT: {"email_type":"customer_note","status":"disabled","recipient":"uppili45","order":80278}
2026-08-10T11:34:45+00:00 NOTICE Email "customer_note" for order #80279 not sent: email type is disabled CONTEXT: {"email_type":"customer_note","status":"disabled","recipient":"shanthichandrasekar","order":80279}
2026-08-10T11:34:51+00:00 NOTICE Email "customer_note" for order #80280 not sent: email type is disabled CONTEXT: {"email_type":"customer_note","status":"disabled","recipient":"raji.mulpuri","order":80280}
2026-08-10T11:34:57+00:00 NOTICE Email "customer_note" for order #80281 not sent: email type is disabled CONTEXT: {"email_type":"customer_note","status":"disabled","recipient":"raji.mulpuri","order":80281}
2026-08-10T11:35:02+00:00 NOTICE Email "customer_note" for order #80282 not sent: email type is disabled CONTEXT: {"email_type":"customer_note","status":"disabled","recipient":"pree25","order":80282}
2026-08-10T11:35:09+00:00 NOTICE Email "customer_note" for order #80283 not sent: email type is disabled CONTEXT: {"email_type":"customer_note","status":"disabled","recipient":"victoryprathiba2006","order":80283}
2026-08-10T11:35:15+00:00 NOTICE Email "customer_note" for order #80284 not sent: email type is disabled CONTEXT: {"email_type":"customer_note","status":"disabled","recipient":"gau2am","order":80284}
2026-08-10T11:35:20+00:00 NOTICE Email "customer_note" for order #80285 not sent: email type is disabled CONTEXT: {"email_type":"customer_note","status":"disabled","recipient":"vidhyashrre","order":80285}
2026-08-10T11:35:26+00:00 NOTICE Email "customer_note" for order #80286 not sent: email type is disabled CONTEXT: {"email_type":"customer_note","status":"disabled","recipient":"amuthukumaran","order":80286}
2026-08-10T11:35:32+00:00 NOTICE Email "customer_note" for order #80287 not sent: email type is disabled CONTEXT: {"email_type":"customer_note","status":"disabled","recipient":"sangeetha.deiveegarajan","order":80287}
2026-08-10T11:35:37+00:00 NOTICE Email "customer_note" for order #80288 not sent: email type is disabled CONTEXT: {"email_type":"customer_note","status":"disabled","recipient":"renukaseshadhri","order":80288}
2026-08-10T11:35:44+00:00 NOTICE Email "customer_note" for order #80289 not sent: email type is disabled CONTEXT: {"email_type":"customer_note","status":"disabled","recipient":"sandhya5565","order":80289}
2026-08-10T11:35:49+00:00 NOTICE Email "customer_note" for order #80290 not sent: email type is disabled CONTEXT: {"email_type":"customer_note","status":"disabled","recipient":"jsridhar00","order":80290}
2026-08-10T11:35:55+00:00 NOTICE Email "customer_note" for order #80291 not sent: email type is disabled CONTEXT: {"email_type":"customer_note","status":"disabled","recipient":"mali","order":80291}
2026-08-10T11:36:01+00:00 NOTICE Email "customer_note" for order #80292 not sent: email type is disabled CONTEXT: {"email_type":"customer_note","status":"disabled","recipient":"priyag2730","order":80292}
2026-08-10T11:36:07+00:00 NOTICE Email "customer_note" for order #80293 not sent: email type is disabled CONTEXT: {"email_type":"customer_note","status":"disabled","recipient":"giddisathish","order":80293}
2026-08-10T11:36:13+00:00 NOTICE Email "customer_note" for order #80294 not sent: email type is disabled CONTEXT: {"email_type":"customer_note","status":"disabled","recipient":"marianigli","order":80294}
2026-08-10T11:36:22+00:00 INFO Email "failed_order" for order #80294 sent CONTEXT: {"email_type":"failed_order","status":"sent","recipient":"Admin_Madrasmilk","order":80294}
2026-08-10T11:36:22+00:00 NOTICE Email "customer_note" for order #80295 not sent: email type is disabled CONTEXT: {"email_type":"customer_note","status":"disabled","recipient":"hemirami","order":80295}
2026-08-10T11:36:28+00:00 NOTICE Email "customer_note" for order #80296 not sent: email type is disabled CONTEXT: {"email_type":"customer_note","status":"disabled","recipient":"jaanvi68","order":80296}
2026-08-10T11:36:34+00:00 NOTICE Email "customer_note" for order #80297 not sent: email type is disabled CONTEXT: {"email_type":"customer_note","status":"disabled","recipient":"kevinsundha","order":80297}
2026-08-10T11:44:12+00:00 NOTICE Email "customer_note" for order #80298 not sent: email type is disabled CONTEXT: {"email_type":"customer_note","status":"disabled","recipient":"pooranyk","order":80298}
2026-08-10T11:45:01+00:00 NOTICE Email "customer_note" for order #80299 not sent: email type is disabled CONTEXT: {"email_type":"customer_note","status":"disabled","recipient":"pooranyk","order":80299}
2026-08-10T11:45:06+00:00 NOTICE Email "customer_note" for order #80300 not sent: email type is disabled CONTEXT: {"email_type":"customer_note","status":"disabled","recipient":"parithi_kasi","order":80300}
2026-08-10T11:45:12+00:00 NOTICE Email "customer_note" for order #80301 not sent: email type is disabled CONTEXT: {"email_type":"customer_note","status":"disabled","recipient":"anjana.damu","order":80301}
2026-08-10T11:45:18+00:00 NOTICE Email "customer_note" for order #80302 not sent: email type is disabled CONTEXT: {"email_type":"customer_note","status":"disabled","recipient":"senthil.kumar.ma","order":80302}
2026-08-10T11:45:24+00:00 NOTICE Email "customer_note" for order #80303 not sent: email type is disabled CONTEXT: {"email_type":"customer_note","status":"disabled","recipient":"geethu.er","order":80303}
2026-08-10T11:48:47+00:00 NOTICE Email "customer_note" for order #80304 not sent: email type is disabled CONTEXT: {"email_type":"customer_note","status":"disabled","recipient":"mathangi.gaj","order":80304}
2026-08-10T11:48:53+00:00 NOTICE Email "customer_note" for order #80305 not sent: email type is disabled CONTEXT: {"email_type":"customer_note","status":"disabled","recipient":"arunt2511","order":80305}
2026-08-10T11:48:58+00:00 NOTICE Email "customer_note" for order #80306 not sent: email type is disabled CONTEXT: {"email_type":"customer_note","status":"disabled","recipient":"spkarri","order":80306}
2026-08-10T11:49:04+00:00 NOTICE Email "customer_note" for order #80307 not sent: email type is disabled CONTEXT: {"email_type":"customer_note","status":"disabled","recipient":"bhuulax","order":80307}
2026-08-10T11:49:11+00:00 NOTICE Email "customer_note" for order #80308 not sent: email type is disabled CONTEXT: {"email_type":"customer_note","status":"disabled","recipient":"ramadamu","order":80308}
2026-08-10T11:53:10+00:00 NOTICE Email "customer_note" for order #80309 not sent: email type is disabled CONTEXT: {"email_type":"customer_note","status":"disabled","recipient":"vinujoshua","order":80309}
2026-08-10T11:53:16+00:00 NOTICE Email "customer_note" for order #80310 not sent: email type is disabled CONTEXT: {"email_type":"customer_note","status":"disabled","recipient":"amalirayan","order":80310}
2026-08-10T11:53:21+00:00 NOTICE Email "customer_note" for order #80311 not sent: email type is disabled CONTEXT: {"email_type":"customer_note","status":"disabled","recipient":"devitholkappiar","order":80311}
2026-08-10T11:53:26+00:00 NOTICE Email "customer_note" for order #80312 not sent: email type is disabled CONTEXT: {"email_type":"customer_note","status":"disabled","recipient":"bhatt1999","order":80312}
2026-08-10T11:53:35+00:00 INFO Email "failed_order" for order #80312 sent CONTEXT: {"email_type":"failed_order","status":"sent","recipient":"Admin_Madrasmilk","order":80312}
2026-08-10T11:53:37+00:00 NOTICE Email "customer_note" for order #80313 not sent: email type is disabled CONTEXT: {"email_type":"customer_note","status":"disabled","recipient":"bhatt1999","order":80313}
2026-08-10T11:53:46+00:00 INFO Email "failed_order" for order #80313 sent CONTEXT: {"email_type":"failed_order","status":"sent","recipient":"Admin_Madrasmilk","order":80313}
2026-08-10T11:53:58+00:00 NOTICE Email "customer_note" for order #80314 not sent: email type is disabled CONTEXT: {"email_type":"customer_note","status":"disabled","recipient":"revathivel","order":80314}
2026-08-10T11:54:04+00:00 NOTICE Email "customer_note" for order #80315 not sent: email type is disabled CONTEXT: {"email_type":"customer_note","status":"disabled","recipient":"sudhagar21","order":80315}
2026-08-10T11:54:09+00:00 NOTICE Email "customer_note" for order #80316 not sent: email type is disabled CONTEXT: {"email_type":"customer_note","status":"disabled","recipient":"muralidharan.go","order":80316}
2026-08-10T11:54:15+00:00 NOTICE Email "customer_note" for order #80317 not sent: email type is disabled CONTEXT: {"email_type":"customer_note","status":"disabled","recipient":"raknas50","order":80317}
2026-08-10T11:54:21+00:00 NOTICE Email "customer_note" for order #80318 not sent: email type is disabled CONTEXT: {"email_type":"customer_note","status":"disabled","recipient":"raknas50","order":80318}
2026-08-10T12:00:03+00:00 INFO Email "customer_new_account" for user #1604 sent CONTEXT: {"email_type":"customer_new_account","status":"sent","recipient":"Ameena Shaik","user":1604}
2026-08-10T12:08:35+00:00 NOTICE Email "customer_note" for order #80321 not sent: email type is disabled CONTEXT: {"email_type":"customer_note","status":"disabled","recipient":"patapallasrinivas","order":80321}
2026-08-10T12:08:55+00:00 NOTICE Email "customer_note" for order #80319 not sent: email type is disabled CONTEXT: {"email_type":"customer_note","status":"disabled","recipient":"Ameena Shaik","order":80319}
2026-08-10T12:13:16+00:00 NOTICE Email "customer_note" for order #80322 not sent: email type is disabled CONTEXT: {"email_type":"customer_note","status":"disabled","recipient":"sripradhas","order":80322}
2026-08-10T12:13:21+00:00 NOTICE Email "customer_note" for order #80323 not sent: email type is disabled CONTEXT: {"email_type":"customer_note","status":"disabled","recipient":"sripradhas","order":80323}
2026-08-10T12:13:27+00:00 NOTICE Email "customer_note" for order #80324 not sent: email type is disabled CONTEXT: {"email_type":"customer_note","status":"disabled","recipient":"veenajhaver","order":80324}
2026-08-10T12:13:33+00:00 NOTICE Email "customer_note" for order #80325 not sent: email type is disabled CONTEXT: {"email_type":"customer_note","status":"disabled","recipient":"nav_dita","order":80325}
2026-08-10T12:13:38+00:00 NOTICE Email "customer_note" for order #80326 not sent: email type is disabled CONTEXT: {"email_type":"customer_note","status":"disabled","recipient":"aarthisrin","order":80326}
2026-08-10T12:14:12+00:00 NOTICE Email "customer_note" for order #80327 not sent: email type is disabled CONTEXT: {"email_type":"customer_note","status":"disabled","recipient":"shomprabu","order":80327}
2026-08-10T12:14:17+00:00 NOTICE Email "customer_note" for order #80328 not sent: email type is disabled CONTEXT: {"email_type":"customer_note","status":"disabled","recipient":"shomprabu","order":80328}
2026-08-10T12:14:23+00:00 NOTICE Email "customer_note" for order #80329 not sent: email type is disabled CONTEXT: {"email_type":"customer_note","status":"disabled","recipient":"arjunp3000","order":80329}
2026-08-10T12:14:28+00:00 NOTICE Email "customer_note" for order #80330 not sent: email type is disabled CONTEXT: {"email_type":"customer_note","status":"disabled","recipient":"meena.radhakrishnan","order":80330}
2026-08-10T12:14:34+00:00 NOTICE Email "customer_note" for order #80331 not sent: email type is disabled CONTEXT: {"email_type":"customer_note","status":"disabled","recipient":"vasan","order":80331}
2026-08-10T12:15:33+00:00 NOTICE Email "customer_note" for order #80332 not sent: email type is disabled CONTEXT: {"email_type":"customer_note","status":"disabled","recipient":"rcharumathi","order":80332}
2026-08-10T12:15:39+00:00 NOTICE Email "customer_note" for order #80333 not sent: email type is disabled CONTEXT: {"email_type":"customer_note","status":"disabled","recipient":"raga.12345","order":80333}
2026-08-10T12:15:44+00:00 NOTICE Email "customer_note" for order #80334 not sent: email type is disabled CONTEXT: {"email_type":"customer_note","status":"disabled","recipient":"teja.cdtvs","order":80334}
2026-08-10T12:15:50+00:00 NOTICE Email "customer_note" for order #80335 not sent: email type is disabled CONTEXT: {"email_type":"customer_note","status":"disabled","recipient":"sunil","order":80335}
2026-08-10T12:15:56+00:00 NOTICE Email "customer_note" for order #80336 not sent: email type is disabled CONTEXT: {"email_type":"customer_note","status":"disabled","recipient":"santhipriya.mohan","order":80336}
2026-08-10T12:17:06+00:00 NOTICE Email "customer_note" for order #80338 not sent: email type is disabled CONTEXT: {"email_type":"customer_note","status":"disabled","recipient":"sd.nisarahmed","order":80338}
2026-08-10T12:17:13+00:00 NOTICE Email "customer_note" for order #80339 not sent: email type is disabled CONTEXT: {"email_type":"customer_note","status":"disabled","recipient":"iluvgold6","order":80339}
2026-08-10T12:17:18+00:00 NOTICE Email "customer_note" for order #80340 not sent: email type is disabled CONTEXT: {"email_type":"customer_note","status":"disabled","recipient":"nanditha.sivaramakrishnan","order":80340}
2026-08-10T12:17:23+00:00 NOTICE Email "customer_note" for order #80341 not sent: email type is disabled CONTEXT: {"email_type":"customer_note","status":"disabled","recipient":"vijikrish85","order":80341}
2026-08-10T12:17:28+00:00 NOTICE Email "customer_note" for order #80342 not sent: email type is disabled CONTEXT: {"email_type":"customer_note","status":"disabled","recipient":"mrsananthavalli","order":80342}
2026-08-10T12:20:04+00:00 NOTICE Email "customer_note" for order #80343 not sent: email type is disabled CONTEXT: {"email_type":"customer_note","status":"disabled","recipient":"mrsananthavalli","order":80343}
2026-08-10T12:20:09+00:00 NOTICE Email "customer_note" for order #80344 not sent: email type is disabled CONTEXT: {"email_type":"customer_note","status":"disabled","recipient":"sudhanshu.shukla86","order":80344}
2026-08-10T12:20:14+00:00 NOTICE Email "customer_note" for order #80345 not sent: email type is disabled CONTEXT: {"email_type":"customer_note","status":"disabled","recipient":"febinar","order":80345}
2026-08-10T12:20:20+00:00 NOTICE Email "customer_note" for order #80346 not sent: email type is disabled CONTEXT: {"email_type":"customer_note","status":"disabled","recipient":"prakashbhai123","order":80346}
2026-08-10T12:20:25+00:00 NOTICE Email "customer_note" for order #80347 not sent: email type is disabled CONTEXT: {"email_type":"customer_note","status":"disabled","recipient":"prakashbhai123","order":80347}
2026-08-10T12:33:06+00:00 NOTICE Email "customer_note" for order #80348 not sent: email type is disabled CONTEXT: {"email_type":"customer_note","status":"disabled","recipient":"squareofgold","order":80348}
2026-08-10T12:33:11+00:00 NOTICE Email "customer_note" for order #80349 not sent: email type is disabled CONTEXT: {"email_type":"customer_note","status":"disabled","recipient":"anushb6","order":80349}
2026-08-10T12:33:17+00:00 NOTICE Email "customer_note" for order #80350 not sent: email type is disabled CONTEXT: {"email_type":"customer_note","status":"disabled","recipient":"anushb6","order":80350}
2026-08-10T12:33:22+00:00 NOTICE Email "customer_note" for order #80351 not sent: email type is disabled CONTEXT: {"email_type":"customer_note","status":"disabled","recipient":"tincysarasolomon","order":80351}
2026-08-10T12:33:28+00:00 NOTICE Email "customer_note" for order #80352 not sent: email type is disabled CONTEXT: {"email_type":"customer_note","status":"disabled","recipient":"ramsarun1","order":80352}
2026-08-10T12:33:55+00:00 NOTICE Email "customer_note" for order #80353 not sent: email type is disabled CONTEXT: {"email_type":"customer_note","status":"disabled","recipient":"kumaralagappan","order":80353}
2026-08-10T12:34:01+00:00 NOTICE Email "customer_note" for order #80354 not sent: email type is disabled CONTEXT: {"email_type":"customer_note","status":"disabled","recipient":"meenatom","order":80354}
2026-08-10T12:34:07+00:00 NOTICE Email "customer_note" for order #80355 not sent: email type is disabled CONTEXT: {"email_type":"customer_note","status":"disabled","recipient":"anishamn","order":80355}
2026-08-10T12:34:13+00:00 NOTICE Email "customer_note" for order #80356 not sent: email type is disabled CONTEXT: {"email_type":"customer_note","status":"disabled","recipient":"psdvpraju","order":80356}
2026-08-10T12:34:18+00:00 NOTICE Email "customer_note" for order #80357 not sent: email type is disabled CONTEXT: {"email_type":"customer_note","status":"disabled","recipient":"prasannadevi.1989","order":80357}
2026-08-10T12:34:30+00:00 NOTICE Email "customer_note" for order #80358 not sent: email type is disabled CONTEXT: {"email_type":"customer_note","status":"disabled","recipient":"jayshreethaker1","order":80358}
2026-08-10T12:34:36+00:00 NOTICE Email "customer_note" for order #80359 not sent: email type is disabled CONTEXT: {"email_type":"customer_note","status":"disabled","recipient":"ramyabashyam298","order":80359}
2026-08-10T12:34:41+00:00 NOTICE Email "customer_note" for order #80360 not sent: email type is disabled CONTEXT: {"email_type":"customer_note","status":"disabled","recipient":"gary3889","order":80360}
2026-08-10T12:34:47+00:00 NOTICE Email "customer_note" for order #80361 not sent: email type is disabled CONTEXT: {"email_type":"customer_note","status":"disabled","recipient":"ragulrajamani","order":80361}
2026-08-10T12:34:52+00:00 NOTICE Email "customer_note" for order #80362 not sent: email type is disabled CONTEXT: {"email_type":"customer_note","status":"disabled","recipient":"nrrlatha","order":80362}
2026-08-10T12:34:58+00:00 NOTICE Email "customer_note" for order #80363 not sent: email type is disabled CONTEXT: {"email_type":"customer_note","status":"disabled","recipient":"its_bijur","order":80363}
2026-08-10T12:35:04+00:00 NOTICE Email "customer_note" for order #80364 not sent: email type is disabled CONTEXT: {"email_type":"customer_note","status":"disabled","recipient":"dinesh.kmurthy","order":80364}
2026-08-10T12:35:09+00:00 NOTICE Email "customer_note" for order #80365 not sent: email type is disabled CONTEXT: {"email_type":"customer_note","status":"disabled","recipient":"ambica11880","order":80365}
2026-08-10T12:35:15+00:00 NOTICE Email "customer_note" for order #80366 not sent: email type is disabled CONTEXT: {"email_type":"customer_note","status":"disabled","recipient":"sainikamini045","order":80366}
2026-08-10T12:35:21+00:00 NOTICE Email "customer_note" for order #80367 not sent: email type is disabled CONTEXT: {"email_type":"customer_note","status":"disabled","recipient":"bhradv73","order":80367}
2026-08-10T12:35:31+00:00 NOTICE Email "customer_note" for order #80368 not sent: email type is disabled CONTEXT: {"email_type":"customer_note","status":"disabled","recipient":"jayanthi.hari","order":80368}
2026-08-10T12:35:37+00:00 NOTICE Email "customer_note" for order #80369 not sent: email type is disabled CONTEXT: {"email_type":"customer_note","status":"disabled","recipient":"ra.ramesh1963","order":80369}
2026-08-10T12:35:43+00:00 NOTICE Email "customer_note" for order #80370 not sent: email type is disabled CONTEXT: {"email_type":"customer_note","status":"disabled","recipient":"kkaran1993","order":80370}
2026-08-10T12:35:49+00:00 NOTICE Email "customer_note" for order #80371 not sent: email type is disabled CONTEXT: {"email_type":"customer_note","status":"disabled","recipient":"dhyaneshwarganesh","order":80371}
2026-08-10T12:35:54+00:00 NOTICE Email "customer_note" for order #80372 not sent: email type is disabled CONTEXT: {"email_type":"customer_note","status":"disabled","recipient":"vinitha_jpr","order":80372}
2026-08-10T12:36:00+00:00 NOTICE Email "customer_note" for order #80373 not sent: email type is disabled CONTEXT: {"email_type":"customer_note","status":"disabled","recipient":"ums.susmitha","order":80373}
2026-08-10T12:36:05+00:00 NOTICE Email "customer_note" for order #80374 not sent: email type is disabled CONTEXT: {"email_type":"customer_note","status":"disabled","recipient":"nathanveer","order":80374}
2026-08-10T12:36:11+00:00 NOTICE Email "customer_note" for order #80375 not sent: email type is disabled CONTEXT: {"email_type":"customer_note","status":"disabled","recipient":"aprajita_sapra","order":80375}
2026-08-10T12:36:17+00:00 NOTICE Email "customer_note" for order #80376 not sent: email type is disabled CONTEXT: {"email_type":"customer_note","status":"disabled","recipient":"shopping.sivasuganya","order":80376}
2026-08-10T12:36:22+00:00 NOTICE Email "customer_note" for order #80377 not sent: email type is disabled CONTEXT: {"email_type":"customer_note","status":"disabled","recipient":"captainharisd","order":80377}
2026-08-10T12:37:38+00:00 INFO Email "customer_new_account" for user #1605 sent CONTEXT: {"email_type":"customer_new_account","status":"sent","recipient":"Mohan","user":1605}
2026-08-10T12:40:35+00:00 NOTICE Email "customer_note" for order #80378 not sent: email type is disabled CONTEXT: {"email_type":"customer_note","status":"disabled","recipient":"priyankaravisankar26","order":80378}
2026-08-10T12:42:25+00:00 NOTICE Email "customer_note" for order #80379 not sent: email type is disabled CONTEXT: {"email_type":"customer_note","status":"disabled","recipient":"guest","order":80379}
2026-08-10T12:42:55+00:00 NOTICE Email "new_order" for order #80382 not sent: email type is disabled CONTEXT: {"email_type":"new_order","status":"disabled","recipient":"Admin_Madrasmilk","order":80382}
2026-08-10T12:42:55+00:00 NOTICE Email "customer_processing_order" for order #80382 not sent: email type is disabled CONTEXT: {"email_type":"customer_processing_order","status":"disabled","recipient":"mathangi.gaj","order":80382}
2026-08-10T12:43:31+00:00 INFO Email "cancelled_subscription" for order #58401 sent CONTEXT: {"email_type":"cancelled_subscription","status":"sent","recipient":"Admin_Madrasmilk","order":58401}
2026-08-10T12:44:33+00:00 NOTICE Email "customer_note" for order #80384 not sent: email type is disabled CONTEXT: {"email_type":"customer_note","status":"disabled","recipient":"sashi.santhosh","order":80384}
2026-08-10T12:44:39+00:00 NOTICE Email "customer_note" for order #80385 not sent: email type is disabled CONTEXT: {"email_type":"customer_note","status":"disabled","recipient":"rithvikmahendhiran","order":80385}
2026-08-10T12:44:45+00:00 NOTICE Email "customer_note" for order #80386 not sent: email type is disabled CONTEXT: {"email_type":"customer_note","status":"disabled","recipient":"muralicbe83","order":80386}
2026-08-10T12:44:51+00:00 NOTICE Email "customer_note" for order #80387 not sent: email type is disabled CONTEXT: {"email_type":"customer_note","status":"disabled","recipient":"vanajhari","order":80387}
2026-08-10T12:44:57+00:00 NOTICE Email "customer_note" for order #80388 not sent: email type is disabled CONTEXT: {"email_type":"customer_note","status":"disabled","recipient":"sdibrahim.asi","order":80388}
2026-08-10T12:45:03+00:00 NOTICE Email "customer_note" for order #80389 not sent: email type is disabled CONTEXT: {"email_type":"customer_note","status":"disabled","recipient":"leorajkumars","order":80389}
2026-08-10T12:45:09+00:00 NOTICE Email "customer_note" for order #80390 not sent: email type is disabled CONTEXT: {"email_type":"customer_note","status":"disabled","recipient":"subhanainar","order":80390}
2026-08-10T12:45:15+00:00 NOTICE Email "customer_note" for order #80391 not sent: email type is disabled CONTEXT: {"email_type":"customer_note","status":"disabled","recipient":"sinhaarun59","order":80391}
2026-08-10T12:45:20+00:00 NOTICE Email "customer_note" for order #80392 not sent: email type is disabled CONTEXT: {"email_type":"customer_note","status":"disabled","recipient":"emiljoshva","order":80392}
2026-08-10T12:45:26+00:00 NOTICE Email "customer_note" for order #80393 not sent: email type is disabled CONTEXT: {"email_type":"customer_note","status":"disabled","recipient":"spavithrasundar","order":80393}
2026-08-10T12:45:45+00:00 NOTICE Email "customer_note" for order #80394 not sent: email type is disabled CONTEXT: {"email_type":"customer_note","status":"disabled","recipient":"maheshvangala","order":80394}
2026-08-10T12:45:51+00:00 NOTICE Email "customer_note" for order #80395 not sent: email type is disabled CONTEXT: {"email_type":"customer_note","status":"disabled","recipient":"kaliyaperumal","order":80395}
2026-08-10T12:45:56+00:00 NOTICE Email "customer_note" for order #80396 not sent: email type is disabled CONTEXT: {"email_type":"customer_note","status":"disabled","recipient":"jayendra.panchapakesan","order":80396}
2026-08-10T12:46:02+00:00 NOTICE Email "customer_note" for order #80397 not sent: email type is disabled CONTEXT: {"email_type":"customer_note","status":"disabled","recipient":"ayushnarpatparakh","order":80397}
2026-08-10T12:46:07+00:00 NOTICE Email "customer_note" for order #80398 not sent: email type is disabled CONTEXT: {"email_type":"customer_note","status":"disabled","recipient":"sul.rahman","order":80398}
2026-08-10T12:46:13+00:00 NOTICE Email "customer_note" for order #80399 not sent: email type is disabled CONTEXT: {"email_type":"customer_note","status":"disabled","recipient":"ramarama56","order":80399}
2026-08-10T12:46:19+00:00 NOTICE Email "customer_note" for order #80400 not sent: email type is disabled CONTEXT: {"email_type":"customer_note","status":"disabled","recipient":"nanduparekh777","order":80400}
2026-08-10T12:46:24+00:00 NOTICE Email "customer_note" for order #80401 not sent: email type is disabled CONTEXT: {"email_type":"customer_note","status":"disabled","recipient":"srisanss22","order":80401}
2026-08-10T12:46:30+00:00 NOTICE Email "customer_note" for order #80402 not sent: email type is disabled CONTEXT: {"email_type":"customer_note","status":"disabled","recipient":"sri","order":80402}
2026-08-10T12:46:35+00:00 NOTICE Email "customer_note" for order #80403 not sent: email type is disabled CONTEXT: {"email_type":"customer_note","status":"disabled","recipient":"anushadoraiswamy","order":80403}
2026-08-10T12:46:47+00:00 NOTICE Email "customer_note" for order #80404 not sent: email type is disabled CONTEXT: {"email_type":"customer_note","status":"disabled","recipient":"chuvi2009","order":80404}
2026-08-10T12:46:53+00:00 NOTICE Email "customer_note" for order #80405 not sent: email type is disabled CONTEXT: {"email_type":"customer_note","status":"disabled","recipient":"chitvanp","order":80405}
2026-08-10T12:46:58+00:00 NOTICE Email "customer_note" for order #80406 not sent: email type is disabled CONTEXT: {"email_type":"customer_note","status":"disabled","recipient":"sharmilakrishnan","order":80406}
2026-08-10T12:47:04+00:00 NOTICE Email "customer_note" for order #80407 not sent: email type is disabled CONTEXT: {"email_type":"customer_note","status":"disabled","recipient":"reshmi.ganapathy","order":80407}
2026-08-10T12:47:10+00:00 NOTICE Email "customer_note" for order #80408 not sent: email type is disabled CONTEXT: {"email_type":"customer_note","status":"disabled","recipient":"navya.kari34","order":80408}
2026-08-10T12:47:15+00:00 NOTICE Email "customer_note" for order #80409 not sent: email type is disabled CONTEXT: {"email_type":"customer_note","status":"disabled","recipient":"senthil4117","order":80409}
2026-08-10T12:47:21+00:00 NOTICE Email "customer_note" for order #80410 not sent: email type is disabled CONTEXT: {"email_type":"customer_note","status":"disabled","recipient":"ganapathy196603santhi","order":80410}
2026-08-10T12:47:26+00:00 NOTICE Email "customer_note" for order #80411 not sent: email type is disabled CONTEXT: {"email_type":"customer_note","status":"disabled","recipient":"ankitabetala.2014","order":80411}
2026-08-10T12:47:31+00:00 NOTICE Email "customer_note" for order #80412 not sent: email type is disabled CONTEXT: {"email_type":"customer_note","status":"disabled","recipient":"gasiveshvarshan","order":80412}
2026-08-10T12:47:37+00:00 NOTICE Email "customer_note" for order #80413 not sent: email type is disabled CONTEXT: {"email_type":"customer_note","status":"disabled","recipient":"kalpanakarthikaug22","order":80413}
2026-08-10T12:49:40+00:00 NOTICE Email "customer_note" for order #80414 not sent: email type is disabled CONTEXT: {"email_type":"customer_note","status":"disabled","recipient":"sravanthichalla450","order":80414}
2026-08-10T12:49:46+00:00 NOTICE Email "customer_note" for order #80415 not sent: email type is disabled CONTEXT: {"email_type":"customer_note","status":"disabled","recipient":"drlakshmibaskar","order":80415}
2026-08-10T12:49:52+00:00 NOTICE Email "customer_note" for order #80416 not sent: email type is disabled CONTEXT: {"email_type":"customer_note","status":"disabled","recipient":"helina06","order":80416}
2026-08-10T12:49:57+00:00 NOTICE Email "customer_note" for order #80417 not sent: email type is disabled CONTEXT: {"email_type":"customer_note","status":"disabled","recipient":"claramleonard89","order":80417}
2026-08-10T12:50:02+00:00 NOTICE Email "customer_note" for order #80418 not sent: email type is disabled CONTEXT: {"email_type":"customer_note","status":"disabled","recipient":"ranishan","order":80418}
2026-08-10T12:50:08+00:00 NOTICE Email "customer_note" for order #80419 not sent: email type is disabled CONTEXT: {"email_type":"customer_note","status":"disabled","recipient":"susilastephenraj","order":80419}
2026-08-10T12:50:14+00:00 NOTICE Email "customer_note" for order #80420 not sent: email type is disabled CONTEXT: {"email_type":"customer_note","status":"disabled","recipient":"mahamariappan","order":80420}
2026-08-10T12:50:19+00:00 NOTICE Email "customer_note" for order #80421 not sent: email type is disabled CONTEXT: {"email_type":"customer_note","status":"disabled","recipient":"rgiridharan2007","order":80421}
2026-08-10T12:50:25+00:00 NOTICE Email "customer_note" for order #80422 not sent: email type is disabled CONTEXT: {"email_type":"customer_note","status":"disabled","recipient":"siddarth01","order":80422}
2026-08-10T12:50:30+00:00 NOTICE Email "customer_note" for order #80423 not sent: email type is disabled CONTEXT: {"email_type":"customer_note","status":"disabled","recipient":"deepiga09","order":80423}
2026-08-10T12:50:41+00:00 NOTICE Email "customer_note" for order #80424 not sent: email type is disabled CONTEXT: {"email_type":"customer_note","status":"disabled","recipient":"itsmalai","order":80424}
2026-08-10T12:50:46+00:00 NOTICE Email "customer_note" for order #80425 not sent: email type is disabled CONTEXT: {"email_type":"customer_note","status":"disabled","recipient":"priyas.2800","order":80425}
2026-08-10T12:50:52+00:00 NOTICE Email "customer_note" for order #80426 not sent: email type is disabled CONTEXT: {"email_type":"customer_note","status":"disabled","recipient":"docpriti","order":80426}
2026-08-10T12:50:57+00:00 NOTICE Email "customer_note" for order #80427 not sent: email type is disabled CONTEXT: {"email_type":"customer_note","status":"disabled","recipient":"docpriti","order":80427}
2026-08-10T12:51:03+00:00 NOTICE Email "customer_note" for order #80428 not sent: email type is disabled CONTEXT: {"email_type":"customer_note","status":"disabled","recipient":"vaibhavjain5695","order":80428}
2026-08-10T12:51:09+00:00 NOTICE Email "customer_note" for order #80429 not sent: email type is disabled CONTEXT: {"email_type":"customer_note","status":"disabled","recipient":"ksprem1215","order":80429}
2026-08-10T12:51:14+00:00 NOTICE Email "customer_note" for order #80430 not sent: email type is disabled CONTEXT: {"email_type":"customer_note","status":"disabled","recipient":"akilasaravankumar","order":80430}
2026-08-10T12:51:20+00:00 NOTICE Email "customer_note" for order #80431 not sent: email type is disabled CONTEXT: {"email_type":"customer_note","status":"disabled","recipient":"phanibalusu3","order":80431}
2026-08-10T12:51:26+00:00 NOTICE Email "customer_note" for order #80432 not sent: email type is disabled CONTEXT: {"email_type":"customer_note","status":"disabled","recipient":"vijisudhakar2008","order":80432}
2026-08-10T12:51:31+00:00 NOTICE Email "customer_note" for order #80433 not sent: email type is disabled CONTEXT: {"email_type":"customer_note","status":"disabled","recipient":"jsamar24","order":80433}
2026-08-10T12:51:42+00:00 NOTICE Email "customer_note" for order #80434 not sent: email type is disabled CONTEXT: {"email_type":"customer_note","status":"disabled","recipient":"vinay","order":80434}
2026-08-10T12:51:48+00:00 NOTICE Email "customer_note" for order #80435 not sent: email type is disabled CONTEXT: {"email_type":"customer_note","status":"disabled","recipient":"mailmekarthic","order":80435}
2026-08-10T12:51:53+00:00 NOTICE Email "customer_note" for order #80436 not sent: email type is disabled CONTEXT: {"email_type":"customer_note","status":"disabled","recipient":"nikenahar","order":80436}
2026-08-10T12:51:59+00:00 NOTICE Email "customer_note" for order #80437 not sent: email type is disabled CONTEXT: {"email_type":"customer_note","status":"disabled","recipient":"adishah85","order":80437}
2026-08-10T12:52:05+00:00 NOTICE Email "customer_note" for order #80438 not sent: email type is disabled CONTEXT: {"email_type":"customer_note","status":"disabled","recipient":"sshalu2109","order":80438}
2026-08-10T12:52:11+00:00 NOTICE Email "customer_note" for order #80439 not sent: email type is disabled CONTEXT: {"email_type":"customer_note","status":"disabled","recipient":"venuthan1105","order":80439}
2026-08-10T12:52:17+00:00 NOTICE Email "customer_note" for order #80440 not sent: email type is disabled CONTEXT: {"email_type":"customer_note","status":"disabled","recipient":"karthiknaga89","order":80440}
2026-08-10T12:52:23+00:00 NOTICE Email "customer_note" for order #80441 not sent: email type is disabled CONTEXT: {"email_type":"customer_note","status":"disabled","recipient":"neethu0214","order":80441}
2026-08-10T12:52:28+00:00 NOTICE Email "customer_note" for order #80442 not sent: email type is disabled CONTEXT: {"email_type":"customer_note","status":"disabled","recipient":"spaan05","order":80442}
2026-08-10T12:52:34+00:00 NOTICE Email "customer_note" for order #80443 not sent: email type is disabled CONTEXT: {"email_type":"customer_note","status":"disabled","recipient":"umaspriya","order":80443}
2026-08-10T12:53:15+00:00 NOTICE Email "customer_note" for order #80444 not sent: email type is disabled CONTEXT: {"email_type":"customer_note","status":"disabled","recipient":"naziamodak","order":80444}
2026-08-10T12:53:20+00:00 NOTICE Email "customer_note" for order #80445 not sent: email type is disabled CONTEXT: {"email_type":"customer_note","status":"disabled","recipient":"jeyanthinagu","order":80445}
2026-08-10T12:53:26+00:00 NOTICE Email "customer_note" for order #80446 not sent: email type is disabled CONTEXT: {"email_type":"customer_note","status":"disabled","recipient":"simplymoda.noopur","order":80446}
2026-08-10T12:53:31+00:00 NOTICE Email "customer_note" for order #80447 not sent: email type is disabled CONTEXT: {"email_type":"customer_note","status":"disabled","recipient":"saha7188","order":80447}
2026-08-10T12:53:37+00:00 NOTICE Email "customer_note" for order #80448 not sent: email type is disabled CONTEXT: {"email_type":"customer_note","status":"disabled","recipient":"balakrishnaharaiharian","order":80448}
2026-08-10T12:53:42+00:00 NOTICE Email "customer_note" for order #80449 not sent: email type is disabled CONTEXT: {"email_type":"customer_note","status":"disabled","recipient":"lavaledshiva17","order":80449}
2026-08-10T12:53:48+00:00 NOTICE Email "customer_note" for order #80450 not sent: email type is disabled CONTEXT: {"email_type":"customer_note","status":"disabled","recipient":"satish1982","order":80450}
2026-08-10T12:53:54+00:00 NOTICE Email "customer_note" for order #80451 not sent: email type is disabled CONTEXT: {"email_type":"customer_note","status":"disabled","recipient":"kripamrajani","order":80451}
2026-08-10T12:53:59+00:00 NOTICE Email "customer_note" for order #80452 not sent: email type is disabled CONTEXT: {"email_type":"customer_note","status":"disabled","recipient":"rajalakshmi.email","order":80452}
2026-08-10T12:54:05+00:00 NOTICE Email "customer_note" for order #80453 not sent: email type is disabled CONTEXT: {"email_type":"customer_note","status":"disabled","recipient":"rajalakshmi.email","order":80453}
2026-08-10T12:54:15+00:00 NOTICE Email "customer_note" for order #80454 not sent: email type is disabled CONTEXT: {"email_type":"customer_note","status":"disabled","recipient":"yuva1177","order":80454}
2026-08-10T12:54:21+00:00 NOTICE Email "customer_note" for order #80455 not sent: email type is disabled CONTEXT: {"email_type":"customer_note","status":"disabled","recipient":"varadhanmanibala20","order":80455}
2026-08-10T12:54:26+00:00 NOTICE Email "customer_note" for order #80456 not sent: email type is disabled CONTEXT: {"email_type":"customer_note","status":"disabled","recipient":"sindhushanker","order":80456}
2026-08-10T12:54:32+00:00 NOTICE Email "customer_note" for order #80457 not sent: email type is disabled CONTEXT: {"email_type":"customer_note","status":"disabled","recipient":"sanjaytathed","order":80457}
2026-08-10T12:54:35+00:00 NOTICE Email "customer_note" for order #80458 not sent: email type is disabled CONTEXT: {"email_type":"customer_note","status":"disabled","recipient":"rbkgayathri","order":80458}
2026-08-10T12:54:37+00:00 NOTICE Email "customer_note" for order #80459 not sent: email type is disabled CONTEXT: {"email_type":"customer_note","status":"disabled","recipient":"sudhakumar5577","order":80459}
2026-08-10T12:54:42+00:00 NOTICE Email "customer_note" for order #80460 not sent: email type is disabled CONTEXT: {"email_type":"customer_note","status":"disabled","recipient":"drmani76","order":80460}
2026-08-10T12:54:48+00:00 NOTICE Email "customer_note" for order #80461 not sent: email type is disabled CONTEXT: {"email_type":"customer_note","status":"disabled","recipient":"vchamundeswari1999","order":80461}
2026-08-10T12:54:53+00:00 NOTICE Email "customer_note" for order #80462 not sent: email type is disabled CONTEXT: {"email_type":"customer_note","status":"disabled","recipient":"meenatchi1995","order":80462}
2026-08-10T12:54:59+00:00 NOTICE Email "customer_note" for order #80463 not sent: email type is disabled CONTEXT: {"email_type":"customer_note","status":"disabled","recipient":"dab3344.3344","order":80463}
2026-08-10T12:55:04+00:00 NOTICE Email "customer_note" for order #80464 not sent: email type is disabled CONTEXT: {"email_type":"customer_note","status":"disabled","recipient":"shravan.bangaru2022","order":80464}
2026-08-10T12:56:37+00:00 NOTICE Email "customer_note" for order #80465 not sent: email type is disabled CONTEXT: {"email_type":"customer_note","status":"disabled","recipient":"jyothireddyganuthula","order":80465}
2026-08-10T12:56:43+00:00 NOTICE Email "customer_note" for order #80466 not sent: email type is disabled CONTEXT: {"email_type":"customer_note","status":"disabled","recipient":"rushilbothra4","order":80466}
2026-08-10T12:56:49+00:00 NOTICE Email "customer_note" for order #80467 not sent: email type is disabled CONTEXT: {"email_type":"customer_note","status":"disabled","recipient":"ravisankar_k2000","order":80467}
2026-08-10T12:56:54+00:00 NOTICE Email "customer_note" for order #80468 not sent: email type is disabled CONTEXT: {"email_type":"customer_note","status":"disabled","recipient":"vp.doss28","order":80468}
2026-08-10T12:57:00+00:00 NOTICE Email "customer_note" for order #80469 not sent: email type is disabled CONTEXT: {"email_type":"customer_note","status":"disabled","recipient":"pipestressuser","order":80469}
2026-08-10T12:57:06+00:00 NOTICE Email "customer_note" for order #80470 not sent: email type is disabled CONTEXT: {"email_type":"customer_note","status":"disabled","recipient":"k46105012","order":80470}
2026-08-10T12:57:11+00:00 NOTICE Email "customer_note" for order #80471 not sent: email type is disabled CONTEXT: {"email_type":"customer_note","status":"disabled","recipient":"kedsca2503","order":80471}
2026-08-10T12:57:17+00:00 NOTICE Email "customer_note" for order #80472 not sent: email type is disabled CONTEXT: {"email_type":"customer_note","status":"disabled","recipient":"viji.kirthi","order":80472}
2026-08-10T12:57:23+00:00 NOTICE Email "customer_note" for order #80473 not sent: email type is disabled CONTEXT: {"email_type":"customer_note","status":"disabled","recipient":"koushikrishna07","order":80473}
2026-08-10T12:57:28+00:00 NOTICE Email "customer_note" for order #80474 not sent: email type is disabled CONTEXT: {"email_type":"customer_note","status":"disabled","recipient":"jalaj.sm","order":80474}
2026-08-10T12:57:51+00:00 INFO Email "wps_wswp_wallet_credit" for user #1605 sent CONTEXT: {"email_type":"wps_wswp_wallet_credit","status":"sent","recipient":"Mohan","user":1605}
2026-08-10T12:59:46+00:00 NOTICE Email "customer_note" for order #80475 not sent: email type is disabled CONTEXT: {"email_type":"customer_note","status":"disabled","recipient":"hayiamarvind","order":80475}
2026-08-10T12:59:52+00:00 NOTICE Email "customer_note" for order #80476 not sent: email type is disabled CONTEXT: {"email_type":"customer_note","status":"disabled","recipient":"arunba2991","order":80476}
2026-08-10T12:59:58+00:00 NOTICE Email "customer_note" for order #80477 not sent: email type is disabled CONTEXT: {"email_type":"customer_note","status":"disabled","recipient":"shwethabalaji.asbs","order":80477}
2026-08-10T13:00:03+00:00 NOTICE Email "customer_note" for order #80478 not sent: email type is disabled CONTEXT: {"email_type":"customer_note","status":"disabled","recipient":"rishubjj","order":80478}
2026-08-10T13:00:09+00:00 NOTICE Email "customer_note" for order #80479 not sent: email type is disabled CONTEXT: {"email_type":"customer_note","status":"disabled","recipient":"iamnitheeshck","order":80479}
2026-08-10T13:00:15+00:00 NOTICE Email "customer_note" for order #80480 not sent: email type is disabled CONTEXT: {"email_type":"customer_note","status":"disabled","recipient":"umarsalaluddin","order":80480}
2026-08-10T13:00:21+00:00 NOTICE Email "customer_note" for order #80481 not sent: email type is disabled CONTEXT: {"email_type":"customer_note","status":"disabled","recipient":"aranarjun007","order":80481}
2026-08-10T13:00:27+00:00 NOTICE Email "customer_note" for order #80482 not sent: email type is disabled CONTEXT: {"email_type":"customer_note","status":"disabled","recipient":"shayanareddy","order":80482}
2026-08-10T13:00:33+00:00 NOTICE Email "customer_note" for order #80483 not sent: email type is disabled CONTEXT: {"email_type":"customer_note","status":"disabled","recipient":"lalitharlp","order":80483}
2026-08-10T13:00:39+00:00 NOTICE Email "customer_note" for order #80484 not sent: email type is disabled CONTEXT: {"email_type":"customer_note","status":"disabled","recipient":"rderive","order":80484}
2026-08-10T13:00:50+00:00 NOTICE Email "customer_note" for order #80485 not sent: email type is disabled CONTEXT: {"email_type":"customer_note","status":"disabled","recipient":"sidharthan4594","order":80485}
2026-08-10T13:00:56+00:00 NOTICE Email "customer_note" for order #80486 not sent: email type is disabled CONTEXT: {"email_type":"customer_note","status":"disabled","recipient":"cpamma","order":80486}
2026-08-10T13:00:57+00:00 NOTICE Email "new_order" for order #80255 not sent: email type is disabled CONTEXT: {"email_type":"new_order","status":"disabled","recipient":"Admin_Madrasmilk","order":80255}
2026-08-10T13:00:57+00:00 NOTICE Email "customer_processing_order" for order #80255 not sent: email type is disabled CONTEXT: {"email_type":"customer_processing_order","status":"disabled","recipient":"vinitha_jpr","order":80255}
2026-08-10T13:00:57+00:00 NOTICE Email "new_order" for order #80319 not sent: email type is disabled CONTEXT: {"email_type":"new_order","status":"disabled","recipient":"Admin_Madrasmilk","order":80319}
2026-08-10T13:00:57+00:00 NOTICE Email "customer_processing_order" for order #80319 not sent: email type is disabled CONTEXT: {"email_type":"customer_processing_order","status":"disabled","recipient":"Ameena Shaik","order":80319}
2026-08-10T13:00:57+00:00 NOTICE Email "new_order" for order #80380 not sent: email type is disabled CONTEXT: {"email_type":"new_order","status":"disabled","recipient":"Admin_Madrasmilk","order":80380}
2026-08-10T13:00:57+00:00 NOTICE Email "customer_processing_order" for order #80380 not sent: email type is disabled CONTEXT: {"email_type":"customer_processing_order","status":"disabled","recipient":"Mohan","order":80380}
2026-08-10T13:01:03+00:00 NOTICE Email "customer_note" for order #80487 not sent: email type is disabled CONTEXT: {"email_type":"customer_note","status":"disabled","recipient":"vishnupriya.krishna","order":80487}
2026-08-10T13:01:09+00:00 NOTICE Email "customer_note" for order #80488 not sent: email type is disabled CONTEXT: {"email_type":"customer_note","status":"disabled","recipient":"revanthv981","order":80488}
2026-08-10T13:01:14+00:00 NOTICE Email "customer_note" for order #80489 not sent: email type is disabled CONTEXT: {"email_type":"customer_note","status":"disabled","recipient":"indigoyuva","order":80489}
2026-08-10T13:01:20+00:00 NOTICE Email "customer_note" for order #80490 not sent: email type is disabled CONTEXT: {"email_type":"customer_note","status":"disabled","recipient":"jenydarling2897","order":80490}
2026-08-10T13:01:26+00:00 NOTICE Email "customer_note" for order #80491 not sent: email type is disabled CONTEXT: {"email_type":"customer_note","status":"disabled","recipient":"accounts","order":80491}
2026-08-10T13:01:31+00:00 NOTICE Email "customer_note" for order #80492 not sent: email type is disabled CONTEXT: {"email_type":"customer_note","status":"disabled","recipient":"hemadricpc","order":80492}
2026-08-10T13:01:37+00:00 NOTICE Email "customer_note" for order #80493 not sent: email type is disabled CONTEXT: {"email_type":"customer_note","status":"disabled","recipient":"ilakkiyaasp","order":80493}
2026-08-10T13:01:43+00:00 NOTICE Email "customer_note" for order #80494 not sent: email type is disabled CONTEXT: {"email_type":"customer_note","status":"disabled","recipient":"syedmushtaqahmed","order":80494}
2026-08-10T13:01:53+00:00 NOTICE Email "customer_note" for order #80496 not sent: email type is disabled CONTEXT: {"email_type":"customer_note","status":"disabled","recipient":"nambibiz","order":80496}
2026-08-10T13:01:59+00:00 NOTICE Email "customer_note" for order #80497 not sent: email type is disabled CONTEXT: {"email_type":"customer_note","status":"disabled","recipient":"9444925093","order":80497}
2026-08-10T13:02:04+00:00 NOTICE Email "customer_note" for order #80498 not sent: email type is disabled CONTEXT: {"email_type":"customer_note","status":"disabled","recipient":"lalithapatnaik15","order":80498}
2026-08-10T13:02:10+00:00 NOTICE Email "customer_note" for order #80499 not sent: email type is disabled CONTEXT: {"email_type":"customer_note","status":"disabled","recipient":"chalam666","order":80499}
2026-08-10T13:02:16+00:00 NOTICE Email "customer_note" for order #80500 not sent: email type is disabled CONTEXT: {"email_type":"customer_note","status":"disabled","recipient":"ramesh.vanaparthi3","order":80500}
2026-08-10T13:02:21+00:00 NOTICE Email "customer_note" for order #80501 not sent: email type is disabled CONTEXT: {"email_type":"customer_note","status":"disabled","recipient":"vikramhari2001","order":80501}
2026-08-10T13:02:27+00:00 NOTICE Email "customer_note" for order #80502 not sent: email type is disabled CONTEXT: {"email_type":"customer_note","status":"disabled","recipient":"ravkumrs","order":80502}
2026-08-10T13:02:33+00:00 NOTICE Email "customer_note" for order #80503 not sent: email type is disabled CONTEXT: {"email_type":"customer_note","status":"disabled","recipient":"prathyusadam","order":80503}
2026-08-10T13:02:39+00:00 NOTICE Email "customer_note" for order #80504 not sent: email type is disabled CONTEXT: {"email_type":"customer_note","status":"disabled","recipient":"amurali65","order":80504}
2026-08-10T13:02:45+00:00 NOTICE Email "customer_note" for order #80505 not sent: email type is disabled CONTEXT: {"email_type":"customer_note","status":"disabled","recipient":"mohankishore80","order":80505}
2026-08-10T13:02:57+00:00 NOTICE Email "customer_note" for order #80506 not sent: email type is disabled CONTEXT: {"email_type":"customer_note","status":"disabled","recipient":"jananifootball","order":80506}
2026-08-10T13:03:03+00:00 NOTICE Email "customer_note" for order #80507 not sent: email type is disabled CONTEXT: {"email_type":"customer_note","status":"disabled","recipient":"Sidharth test","order":80507}
2026-08-10T13:03:04+00:00 NOTICE Email "new_order" for order #80495 not sent: email type is disabled CONTEXT: {"email_type":"new_order","status":"disabled","recipient":"Admin_Madrasmilk","order":80495}
2026-08-10T13:03:04+00:00 NOTICE Email "customer_processing_order" for order #80495 not sent: email type is disabled CONTEXT: {"email_type":"customer_processing_order","status":"disabled","recipient":"ahamedshamohamed7","order":80495}
2026-08-10T13:03:09+00:00 NOTICE Email "customer_note" for order #80508 not sent: email type is disabled CONTEXT: {"email_type":"customer_note","status":"disabled","recipient":"sanjaytathed","order":80508}
2026-08-10T13:03:15+00:00 NOTICE Email "customer_note" for order #80509 not sent: email type is disabled CONTEXT: {"email_type":"customer_note","status":"disabled","recipient":"lnair01","order":80509}
2026-08-10T13:03:21+00:00 NOTICE Email "customer_note" for order #80510 not sent: email type is disabled CONTEXT: {"email_type":"customer_note","status":"disabled","recipient":"poducipriya","order":80510}
2026-08-10T13:03:27+00:00 NOTICE Email "customer_note" for order #80511 not sent: email type is disabled CONTEXT: {"email_type":"customer_note","status":"disabled","recipient":"9514140417","order":80511}
2026-08-10T13:03:35+00:00 NOTICE Email "customer_note" for order #80512 not sent: email type is disabled CONTEXT: {"email_type":"customer_note","status":"disabled","recipient":"ayisha03","order":80512}
2026-08-10T13:03:41+00:00 NOTICE Email "customer_note" for order #80513 not sent: email type is disabled CONTEXT: {"email_type":"customer_note","status":"disabled","recipient":"nmk369","order":80513}
2026-08-10T13:03:47+00:00 NOTICE Email "customer_note" for order #80514 not sent: email type is disabled CONTEXT: {"email_type":"customer_note","status":"disabled","recipient":"9444925093","order":80514}
2026-08-10T13:03:53+00:00 NOTICE Email "customer_note" for order #80516 not sent: email type is disabled CONTEXT: {"email_type":"customer_note","status":"disabled","recipient":"ashok.muthana","order":80516}
2026-08-10T13:04:02+00:00 NOTICE Email "customer_note" for order #80517 not sent: email type is disabled CONTEXT: {"email_type":"customer_note","status":"disabled","recipient":"an.sid2212","order":80517}
2026-08-10T13:04:07+00:00 NOTICE Email "customer_note" for order #80518 not sent: email type is disabled CONTEXT: {"email_type":"customer_note","status":"disabled","recipient":"an.sid2212","order":80518}
2026-08-10T13:04:13+00:00 NOTICE Email "customer_note" for order #80519 not sent: email type is disabled CONTEXT: {"email_type":"customer_note","status":"disabled","recipient":"ravikiranalam","order":80519}
2026-08-10T13:04:18+00:00 NOTICE Email "customer_note" for order #80520 not sent: email type is disabled CONTEXT: {"email_type":"customer_note","status":"disabled","recipient":"8355.akashr","order":80520}
2026-08-10T13:04:24+00:00 NOTICE Email "customer_note" for order #80521 not sent: email type is disabled CONTEXT: {"email_type":"customer_note","status":"disabled","recipient":"nishabetala04","order":80521}
2026-08-10T13:04:30+00:00 NOTICE Email "customer_note" for order #80522 not sent: email type is disabled CONTEXT: {"email_type":"customer_note","status":"disabled","recipient":"Mahendar.s","order":80522}
2026-08-10T13:04:36+00:00 NOTICE Email "customer_note" for order #80523 not sent: email type is disabled CONTEXT: {"email_type":"customer_note","status":"disabled","recipient":"sreevidhyaselvarajan","order":80523}
2026-08-10T13:04:42+00:00 NOTICE Email "customer_note" for order #80524 not sent: email type is disabled CONTEXT: {"email_type":"customer_note","status":"disabled","recipient":"sel.shan2","order":80524}
2026-08-10T13:04:48+00:00 NOTICE Email "customer_note" for order #80525 not sent: email type is disabled CONTEXT: {"email_type":"customer_note","status":"disabled","recipient":"sridhar_a_hll","order":80525}
2026-08-10T13:04:54+00:00 NOTICE Email "customer_note" for order #80526 not sent: email type is disabled CONTEXT: {"email_type":"customer_note","status":"disabled","recipient":"jananiram3011","order":80526}
2026-08-10T13:06:51+00:00 NOTICE Email "customer_note" for order #80527 not sent: email type is disabled CONTEXT: {"email_type":"customer_note","status":"disabled","recipient":"raj","order":80527}
2026-08-10T13:06:57+00:00 NOTICE Email "customer_note" for order #80528 not sent: email type is disabled CONTEXT: {"email_type":"customer_note","status":"disabled","recipient":"pork_gee","order":80528}
2026-08-10T13:07:03+00:00 NOTICE Email "customer_note" for order #80529 not sent: email type is disabled CONTEXT: {"email_type":"customer_note","status":"disabled","recipient":"vanithasridhar80","order":80529}
2026-08-10T13:07:09+00:00 NOTICE Email "customer_note" for order #80530 not sent: email type is disabled CONTEXT: {"email_type":"customer_note","status":"disabled","recipient":"cm.krishna","order":80530}
2026-08-10T13:07:14+00:00 NOTICE Email "customer_note" for order #80531 not sent: email type is disabled CONTEXT: {"email_type":"customer_note","status":"disabled","recipient":"sukanv","order":80531}
2026-08-10T13:07:20+00:00 NOTICE Email "customer_note" for order #80532 not sent: email type is disabled CONTEXT: {"email_type":"customer_note","status":"disabled","recipient":"sukanv","order":80532}
2026-08-10T13:07:26+00:00 NOTICE Email "customer_note" for order #80533 not sent: email type is disabled CONTEXT: {"email_type":"customer_note","status":"disabled","recipient":"aradhanagopinath","order":80533}
2026-08-10T13:07:32+00:00 NOTICE Email "customer_note" for order #80534 not sent: email type is disabled CONTEXT: {"email_type":"customer_note","status":"disabled","recipient":"kti377","order":80534}
2026-08-10T13:07:37+00:00 NOTICE Email "customer_note" for order #80535 not sent: email type is disabled CONTEXT: {"email_type":"customer_note","status":"disabled","recipient":"karthik.vv","order":80535}
2026-08-10T13:07:43+00:00 NOTICE Email "customer_note" for order #80536 not sent: email type is disabled CONTEXT: {"email_type":"customer_note","status":"disabled","recipient":"durgasivakumar","order":80536}
2026-08-10T13:31:23+00:00 INFO Email "cancelled_subscription" for order #58785 sent CONTEXT: {"email_type":"cancelled_subscription","status":"sent","recipient":"Admin_Madrasmilk","order":58785}
2026-08-10T13:54:33+00:00 INFO Email "customer_refunded_order" for order #80214 sent CONTEXT: {"email_type":"customer_refunded_order","status":"sent","recipient":"prathyusadam","order":80214}
2026-08-10T14:03:58+00:00 INFO Email "customer_refunded_order" for order #77640 sent CONTEXT: {"email_type":"customer_refunded_order","status":"sent","recipient":"prathyusadam","order":77640}
2026-08-10T14:04:21+00:00 INFO Email "customer_refunded_order" for order #78309 sent CONTEXT: {"email_type":"customer_refunded_order","status":"sent","recipient":"prathyusadam","order":78309}
2026-08-10T14:05:16+00:00 NOTICE Email "new_order" for order #80540 not sent: email type is disabled CONTEXT: {"email_type":"new_order","status":"disabled","recipient":"Admin_Madrasmilk","order":80540}
2026-08-10T14:05:16+00:00 NOTICE Email "customer_processing_order" for order #80540 not sent: email type is disabled CONTEXT: {"email_type":"customer_processing_order","status":"disabled","recipient":"Aritra Pan","order":80540}
2026-08-10T14:25:31+00:00 NOTICE Email "new_order" for order #80542 not sent: email type is disabled CONTEXT: {"email_type":"new_order","status":"disabled","recipient":"Admin_Madrasmilk","order":80542}
2026-08-10T14:25:31+00:00 NOTICE Email "customer_processing_order" for order #80542 not sent: email type is disabled CONTEXT: {"email_type":"customer_processing_order","status":"disabled","recipient":"cpamma","order":80542}
2026-08-10T14:29:07+00:00 INFO Email "wps_wswp_wallet_credit" for user #1426 sent CONTEXT: {"email_type":"wps_wswp_wallet_credit","status":"sent","recipient":"cpamma","user":1426}
2026-08-10T15:00:01+00:00 NOTICE Email "cancelled_order" for order #80296 not sent: email type is disabled CONTEXT: {"email_type":"cancelled_order","status":"disabled","recipient":"Admin_Madrasmilk","order":80296}
2026-08-10T15:00:01+00:00 NOTICE Email "customer_cancelled_order" for order #80296 not sent: email type is disabled CONTEXT: {"email_type":"customer_cancelled_order","status":"disabled","recipient":"jaanvi68","order":80296}
2026-08-10T15:10:37+00:00 NOTICE Email "customer_note" for order #80544 not sent: email type is disabled CONTEXT: {"email_type":"customer_note","status":"disabled","recipient":"durgasivakumar","order":80544}
2026-08-10T15:10:43+00:00 NOTICE Email "customer_note" for order #80545 not sent: email type is disabled CONTEXT: {"email_type":"customer_note","status":"disabled","recipient":"jaanu23ravi","order":80545}
2026-08-10T15:10:48+00:00 NOTICE Email "customer_note" for order #80546 not sent: email type is disabled CONTEXT: {"email_type":"customer_note","status":"disabled","recipient":"nals1428","order":80546}
2026-08-10T15:10:54+00:00 NOTICE Email "customer_note" for order #80547 not sent: email type is disabled CONTEXT: {"email_type":"customer_note","status":"disabled","recipient":"g.poorni24","order":80547}
2026-08-10T15:11:00+00:00 NOTICE Email "customer_note" for order #80548 not sent: email type is disabled CONTEXT: {"email_type":"customer_note","status":"disabled","recipient":"indu_pandurangan","order":80548}
2026-08-10T15:11:05+00:00 NOTICE Email "customer_note" for order #80549 not sent: email type is disabled CONTEXT: {"email_type":"customer_note","status":"disabled","recipient":"vaikarthi","order":80549}
2026-08-10T15:11:11+00:00 NOTICE Email "customer_note" for order #80550 not sent: email type is disabled CONTEXT: {"email_type":"customer_note","status":"disabled","recipient":"mugdhasethi","order":80550}
2026-08-10T15:11:16+00:00 NOTICE Email "customer_note" for order #80551 not sent: email type is disabled CONTEXT: {"email_type":"customer_note","status":"disabled","recipient":"stratos71","order":80551}
2026-08-10T15:11:22+00:00 NOTICE Email "customer_note" for order #80552 not sent: email type is disabled CONTEXT: {"email_type":"customer_note","status":"disabled","recipient":"kannusamy","order":80552}
2026-08-10T15:11:27+00:00 NOTICE Email "customer_note" for order #80553 not sent: email type is disabled CONTEXT: {"email_type":"customer_note","status":"disabled","recipient":"drnarenkarthik","order":80553}
2026-08-10T15:16:40+00:00 NOTICE Email "customer_note" for order #80554 not sent: email type is disabled CONTEXT: {"email_type":"customer_note","status":"disabled","recipient":"kantsrik","order":80554}
2026-08-10T15:16:46+00:00 NOTICE Email "customer_note" for order #80555 not sent: email type is disabled CONTEXT: {"email_type":"customer_note","status":"disabled","recipient":"kantsrik","order":80555}
2026-08-10T15:16:51+00:00 NOTICE Email "customer_note" for order #80556 not sent: email type is disabled CONTEXT: {"email_type":"customer_note","status":"disabled","recipient":"sndas108","order":80556}
2026-08-10T15:16:57+00:00 NOTICE Email "customer_note" for order #80557 not sent: email type is disabled CONTEXT: {"email_type":"customer_note","status":"disabled","recipient":"preethi.kashyap","order":80557}
2026-08-10T15:17:02+00:00 NOTICE Email "customer_note" for order #80558 not sent: email type is disabled CONTEXT: {"email_type":"customer_note","status":"disabled","recipient":"sujata_raman","order":80558}
2026-08-10T15:17:08+00:00 NOTICE Email "customer_note" for order #80559 not sent: email type is disabled CONTEXT: {"email_type":"customer_note","status":"disabled","recipient":"rtdhinakar","order":80559}
2026-08-10T15:17:14+00:00 NOTICE Email "customer_note" for order #80560 not sent: email type is disabled CONTEXT: {"email_type":"customer_note","status":"disabled","recipient":"shivanilank1312","order":80560}
2026-08-10T15:17:19+00:00 NOTICE Email "customer_note" for order #80561 not sent: email type is disabled CONTEXT: {"email_type":"customer_note","status":"disabled","recipient":"gotosurya","order":80561}
2026-08-10T15:17:25+00:00 NOTICE Email "customer_note" for order #80562 not sent: email type is disabled CONTEXT: {"email_type":"customer_note","status":"disabled","recipient":"gotosurya","order":80562}
2026-08-10T15:17:30+00:00 NOTICE Email "customer_note" for order #80563 not sent: email type is disabled CONTEXT: {"email_type":"customer_note","status":"disabled","recipient":"saipadmarajen","order":80563}
2026-08-10T15:19:30+00:00 INFO Email "wps_wswp_wallet_credit" for user #318 sent CONTEXT: {"email_type":"wps_wswp_wallet_credit","status":"sent","recipient":"pk_prakash19","user":318}
2026-08-10T15:21:55+00:00 NOTICE Email "customer_note" for order #80564 not sent: email type is disabled CONTEXT: {"email_type":"customer_note","status":"disabled","recipient":"ssmanister","order":80564}
2026-08-10T15:22:00+00:00 NOTICE Email "customer_note" for order #80565 not sent: email type is disabled CONTEXT: {"email_type":"customer_note","status":"disabled","recipient":"kpraneeth","order":80565}
2026-08-10T15:22:06+00:00 NOTICE Email "customer_note" for order #80566 not sent: email type is disabled CONTEXT: {"email_type":"customer_note","status":"disabled","recipient":"giri.ramamoorthy","order":80566}
2026-08-10T15:22:11+00:00 NOTICE Email "customer_note" for order #80567 not sent: email type is disabled CONTEXT: {"email_type":"customer_note","status":"disabled","recipient":"maha.prakrti","order":80567}
2026-08-10T15:23:22+00:00 NOTICE Email "customer_note" for order #80568 not sent: email type is disabled CONTEXT: {"email_type":"customer_note","status":"disabled","recipient":"maha.prakrti","order":80568}
2026-08-10T15:23:27+00:00 NOTICE Email "customer_note" for order #80569 not sent: email type is disabled CONTEXT: {"email_type":"customer_note","status":"disabled","recipient":"mr.khadeerahmed","order":80569}
2026-08-10T15:23:33+00:00 NOTICE Email "customer_note" for order #80570 not sent: email type is disabled CONTEXT: {"email_type":"customer_note","status":"disabled","recipient":"gayatrid17","order":80570}
2026-08-10T15:23:38+00:00 NOTICE Email "customer_note" for order #80571 not sent: email type is disabled CONTEXT: {"email_type":"customer_note","status":"disabled","recipient":"harin5000","order":80571}
2026-08-10T15:23:44+00:00 NOTICE Email "customer_note" for order #80572 not sent: email type is disabled CONTEXT: {"email_type":"customer_note","status":"disabled","recipient":"anushajinadas","order":80572}
2026-08-10T15:23:49+00:00 NOTICE Email "customer_note" for order #80573 not sent: email type is disabled CONTEXT: {"email_type":"customer_note","status":"disabled","recipient":"thiagarajan.krishnaraj","order":80573}
2026-08-10T15:23:55+00:00 NOTICE Email "customer_note" for order #80574 not sent: email type is disabled CONTEXT: {"email_type":"customer_note","status":"disabled","recipient":"ganes.s","order":80574}
2026-08-10T15:24:00+00:00 NOTICE Email "customer_note" for order #80575 not sent: email type is disabled CONTEXT: {"email_type":"customer_note","status":"disabled","recipient":"shankar.b1987","order":80575}
2026-08-10T15:24:06+00:00 NOTICE Email "customer_note" for order #80576 not sent: email type is disabled CONTEXT: {"email_type":"customer_note","status":"disabled","recipient":"aparna.saravananj","order":80576}
2026-08-10T15:24:12+00:00 NOTICE Email "customer_note" for order #80577 not sent: email type is disabled CONTEXT: {"email_type":"customer_note","status":"disabled","recipient":"rshankar79","order":80577}
2026-08-10T15:24:22+00:00 NOTICE Email "customer_note" for order #80578 not sent: email type is disabled CONTEXT: {"email_type":"customer_note","status":"disabled","recipient":"sviji24","order":80578}
2026-08-10T15:24:27+00:00 NOTICE Email "customer_note" for order #80579 not sent: email type is disabled CONTEXT: {"email_type":"customer_note","status":"disabled","recipient":"srininsv","order":80579}
2026-08-10T15:24:33+00:00 NOTICE Email "customer_note" for order #80580 not sent: email type is disabled CONTEXT: {"email_type":"customer_note","status":"disabled","recipient":"lakshmipunna","order":80580}
2026-08-10T15:24:39+00:00 NOTICE Email "customer_note" for order #80581 not sent: email type is disabled CONTEXT: {"email_type":"customer_note","status":"disabled","recipient":"ssreddy","order":80581}
2026-08-10T15:24:44+00:00 NOTICE Email "customer_note" for order #80582 not sent: email type is disabled CONTEXT: {"email_type":"customer_note","status":"disabled","recipient":"nspriya14","order":80582}
2026-08-10T15:24:50+00:00 NOTICE Email "customer_note" for order #80583 not sent: email type is disabled CONTEXT: {"email_type":"customer_note","status":"disabled","recipient":"rajani.seshadri","order":80583}
2026-08-10T15:24:56+00:00 NOTICE Email "customer_note" for order #80584 not sent: email type is disabled CONTEXT: {"email_type":"customer_note","status":"disabled","recipient":"kannan.m84","order":80584}
2026-08-10T15:25:01+00:00 NOTICE Email "customer_note" for order #80585 not sent: email type is disabled CONTEXT: {"email_type":"customer_note","status":"disabled","recipient":"kannan.m84","order":80585}
2026-08-10T15:25:07+00:00 NOTICE Email "customer_note" for order #80586 not sent: email type is disabled CONTEXT: {"email_type":"customer_note","status":"disabled","recipient":"sujathasathyanarayanan","order":80586}
2026-08-10T15:25:12+00:00 NOTICE Email "customer_note" for order #80587 not sent: email type is disabled CONTEXT: {"email_type":"customer_note","status":"disabled","recipient":"krish2407","order":80587}
2026-08-10T15:26:08+00:00 NOTICE Email "customer_note" for order #80588 not sent: email type is disabled CONTEXT: {"email_type":"customer_note","status":"disabled","recipient":"subhra.hindu","order":80588}
2026-08-10T15:26:13+00:00 NOTICE Email "customer_note" for order #80589 not sent: email type is disabled CONTEXT: {"email_type":"customer_note","status":"disabled","recipient":"rajeswa2","order":80589}
2026-08-10T15:26:19+00:00 NOTICE Email "customer_note" for order #80590 not sent: email type is disabled CONTEXT: {"email_type":"customer_note","status":"disabled","recipient":"rajeswa2","order":80590}
2026-08-10T15:26:25+00:00 NOTICE Email "customer_note" for order #80591 not sent: email type is disabled CONTEXT: {"email_type":"customer_note","status":"disabled","recipient":"rrnath72","order":80591}
2026-08-10T15:26:31+00:00 NOTICE Email "customer_note" for order #80592 not sent: email type is disabled CONTEXT: {"email_type":"customer_note","status":"disabled","recipient":"sankar.nx","order":80592}
2026-08-10T15:26:36+00:00 NOTICE Email "customer_note" for order #80593 not sent: email type is disabled CONTEXT: {"email_type":"customer_note","status":"disabled","recipient":"sarithacindrella","order":80593}
2026-08-10T15:26:42+00:00 NOTICE Email "customer_note" for order #80594 not sent: email type is disabled CONTEXT: {"email_type":"customer_note","status":"disabled","recipient":"jenibanancy","order":80594}
2026-08-10T15:26:48+00:00 NOTICE Email "customer_note" for order #80595 not sent: email type is disabled CONTEXT: {"email_type":"customer_note","status":"disabled","recipient":"rvsbell","order":80595}
2026-08-10T15:26:53+00:00 NOTICE Email "customer_note" for order #80596 not sent: email type is disabled CONTEXT: {"email_type":"customer_note","status":"disabled","recipient":"ravishankarpv23","order":80596}
2026-08-10T15:26:59+00:00 NOTICE Email "customer_note" for order #80597 not sent: email type is disabled CONTEXT: {"email_type":"customer_note","status":"disabled","recipient":"bmanjudevi","order":80597}
2026-08-10T15:28:05+00:00 NOTICE Email "customer_note" for order #80598 not sent: email type is disabled CONTEXT: {"email_type":"customer_note","status":"disabled","recipient":"rkarthikeyan1511","order":80598}
2026-08-10T15:28:10+00:00 NOTICE Email "customer_note" for order #80599 not sent: email type is disabled CONTEXT: {"email_type":"customer_note","status":"disabled","recipient":"adline.jeni","order":80599}
2026-08-10T15:28:16+00:00 NOTICE Email "customer_note" for order #80600 not sent: email type is disabled CONTEXT: {"email_type":"customer_note","status":"disabled","recipient":"suganyagopuk","order":80600}
2026-08-10T15:28:22+00:00 NOTICE Email "customer_note" for order #80601 not sent: email type is disabled CONTEXT: {"email_type":"customer_note","status":"disabled","recipient":"tanzary","order":80601}
2026-08-10T15:28:27+00:00 NOTICE Email "customer_note" for order #80602 not sent: email type is disabled CONTEXT: {"email_type":"customer_note","status":"disabled","recipient":"jayshree_kannan","order":80602}
2026-08-10T15:28:33+00:00 NOTICE Email "customer_note" for order #80603 not sent: email type is disabled CONTEXT: {"email_type":"customer_note","status":"disabled","recipient":"asokachelliah","order":80603}
2026-08-10T15:28:39+00:00 NOTICE Email "customer_note" for order #80604 not sent: email type is disabled CONTEXT: {"email_type":"customer_note","status":"disabled","recipient":"ranjithjegan","order":80604}
2026-08-10T15:28:44+00:00 NOTICE Email "customer_note" for order #80605 not sent: email type is disabled CONTEXT: {"email_type":"customer_note","status":"disabled","recipient":"rosanuru","order":80605}
2026-08-10T15:28:50+00:00 NOTICE Email "customer_note" for order #80606 not sent: email type is disabled CONTEXT: {"email_type":"customer_note","status":"disabled","recipient":"thirumal.valavan","order":80606}
2026-08-10T15:28:57+00:00 NOTICE Email "customer_note" for order #80607 not sent: email type is disabled CONTEXT: {"email_type":"customer_note","status":"disabled","recipient":"arunivf","order":80607}
2026-08-10T15:29:02+00:00 NOTICE Email "customer_note" for order #80608 not sent: email type is disabled CONTEXT: {"email_type":"customer_note","status":"disabled","recipient":"tpkiruthika","order":80608}
2026-08-10T15:29:09+00:00 NOTICE Email "customer_note" for order #80609 not sent: email type is disabled CONTEXT: {"email_type":"customer_note","status":"disabled","recipient":"chennaibullpower","order":80609}
2026-08-10T15:29:10+00:00 NOTICE Email "customer_note" for order #80610 not sent: email type is disabled CONTEXT: {"email_type":"customer_note","status":"disabled","recipient":"ramanathanlr","order":80610}
2026-08-10T15:29:14+00:00 NOTICE Email "customer_note" for order #80611 not sent: email type is disabled CONTEXT: {"email_type":"customer_note","status":"disabled","recipient":"mail2anantha","order":80611}
2026-08-10T15:29:14+00:00 NOTICE Email "customer_note" for order #80610 not sent: email type is disabled CONTEXT: {"email_type":"customer_note","status":"disabled","recipient":"ramanathanlr","order":80610}
2026-08-10T15:29:19+00:00 NOTICE Email "customer_note" for order #80610 not sent: email type is disabled CONTEXT: {"email_type":"customer_note","status":"disabled","recipient":"ramanathanlr","order":80610}
2026-08-10T15:29:20+00:00 NOTICE Email "customer_note" for order #80612 not sent: email type is disabled CONTEXT: {"email_type":"customer_note","status":"disabled","recipient":"r.sasankan","order":80612}
2026-08-10T15:29:24+00:00 NOTICE Email "customer_note" for order #80610 not sent: email type is disabled CONTEXT: {"email_type":"customer_note","status":"disabled","recipient":"ramanathanlr","order":80610}
2026-08-10T15:29:25+00:00 NOTICE Email "customer_note" for order #80613 not sent: email type is disabled CONTEXT: {"email_type":"customer_note","status":"disabled","recipient":"lakshmiwai","order":80613}
2026-08-10T15:29:31+00:00 NOTICE Email "customer_note" for order #80614 not sent: email type is disabled CONTEXT: {"email_type":"customer_note","status":"disabled","recipient":"nyolapriya","order":80614}
2026-08-10T15:29:37+00:00 NOTICE Email "customer_note" for order #80615 not sent: email type is disabled CONTEXT: {"email_type":"customer_note","status":"disabled","recipient":"ushabmoorthy","order":80615}
2026-08-10T15:29:43+00:00 NOTICE Email "customer_note" for order #80616 not sent: email type is disabled CONTEXT: {"email_type":"customer_note","status":"disabled","recipient":"ushabmoorthy","order":80616}
2026-08-10T15:29:48+00:00 NOTICE Email "customer_note" for order #80617 not sent: email type is disabled CONTEXT: {"email_type":"customer_note","status":"disabled","recipient":"krishnan.gnv","order":80617}
2026-08-10T15:29:54+00:00 NOTICE Email "customer_note" for order #80618 not sent: email type is disabled CONTEXT: {"email_type":"customer_note","status":"disabled","recipient":"karthikkoti","order":80618}
2026-08-10T15:29:59+00:00 NOTICE Email "customer_note" for order #80619 not sent: email type is disabled CONTEXT: {"email_type":"customer_note","status":"disabled","recipient":"viddhari","order":80619}
2026-08-10T15:30:06+00:00 NOTICE Email "customer_note" for order #80620 not sent: email type is disabled CONTEXT: {"email_type":"customer_note","status":"disabled","recipient":"rviji.1092","order":80620}
2026-08-10T15:30:11+00:00 NOTICE Email "customer_note" for order #80621 not sent: email type is disabled CONTEXT: {"email_type":"customer_note","status":"disabled","recipient":"sangeetharanganath","order":80621}
2026-08-10T15:30:17+00:00 NOTICE Email "customer_note" for order #80622 not sent: email type is disabled CONTEXT: {"email_type":"customer_note","status":"disabled","recipient":"karthikonline","order":80622}
2026-08-10T15:30:23+00:00 NOTICE Email "customer_note" for order #80623 not sent: email type is disabled CONTEXT: {"email_type":"customer_note","status":"disabled","recipient":"smriti166","order":80623}
2026-08-10T15:30:28+00:00 NOTICE Email "customer_note" for order #80624 not sent: email type is disabled CONTEXT: {"email_type":"customer_note","status":"disabled","recipient":"anuranjan","order":80624}
2026-08-10T15:30:34+00:00 NOTICE Email "customer_note" for order #80625 not sent: email type is disabled CONTEXT: {"email_type":"customer_note","status":"disabled","recipient":"renga.devarajan","order":80625}
2026-08-10T15:30:40+00:00 NOTICE Email "customer_note" for order #80626 not sent: email type is disabled CONTEXT: {"email_type":"customer_note","status":"disabled","recipient":"ravilochananiyengar","order":80626}
2026-08-10T15:30:45+00:00 NOTICE Email "customer_note" for order #80627 not sent: email type is disabled CONTEXT: {"email_type":"customer_note","status":"disabled","recipient":"ashval81","order":80627}
2026-08-10T15:30:51+00:00 NOTICE Email "customer_note" for order #80628 not sent: email type is disabled CONTEXT: {"email_type":"customer_note","status":"disabled","recipient":"mohideen.aai","order":80628}
2026-08-10T15:31:26+00:00 NOTICE Email "customer_note" for order #80629 not sent: email type is disabled CONTEXT: {"email_type":"customer_note","status":"disabled","recipient":"sugu4u","order":80629}
2026-08-10T15:31:32+00:00 NOTICE Email "customer_note" for order #80630 not sent: email type is disabled CONTEXT: {"email_type":"customer_note","status":"disabled","recipient":"v.vandhana17","order":80630}
2026-08-10T15:31:37+00:00 NOTICE Email "customer_note" for order #80631 not sent: email type is disabled CONTEXT: {"email_type":"customer_note","status":"disabled","recipient":"mrinal1.618","order":80631}
2026-08-10T15:31:42+00:00 NOTICE Email "customer_note" for order #80632 not sent: email type is disabled CONTEXT: {"email_type":"customer_note","status":"disabled","recipient":"srinowin","order":80632}
2026-08-10T15:31:48+00:00 NOTICE Email "customer_note" for order #80633 not sent: email type is disabled CONTEXT: {"email_type":"customer_note","status":"disabled","recipient":"nmn.gceb","order":80633}
2026-08-10T15:31:54+00:00 NOTICE Email "customer_note" for order #80634 not sent: email type is disabled CONTEXT: {"email_type":"customer_note","status":"disabled","recipient":"gramyanataraj","order":80634}
2026-08-10T15:31:59+00:00 NOTICE Email "customer_note" for order #80635 not sent: email type is disabled CONTEXT: {"email_type":"customer_note","status":"disabled","recipient":"raviraghav","order":80635}
2026-08-10T15:32:05+00:00 NOTICE Email "customer_note" for order #80636 not sent: email type is disabled CONTEXT: {"email_type":"customer_note","status":"disabled","recipient":"gowrisubha.s","order":80636}
2026-08-10T15:32:11+00:00 NOTICE Email "customer_note" for order #80637 not sent: email type is disabled CONTEXT: {"email_type":"customer_note","status":"disabled","recipient":"ramyajeevanandam","order":80637}
2026-08-10T15:32:17+00:00 NOTICE Email "customer_note" for order #80638 not sent: email type is disabled CONTEXT: {"email_type":"customer_note","status":"disabled","recipient":"anand183","order":80638}
2026-08-10T15:32:22+00:00 NOTICE Email "customer_note" for order #80639 not sent: email type is disabled CONTEXT: {"email_type":"customer_note","status":"disabled","recipient":"viswa22","order":80639}
2026-08-10T15:32:28+00:00 NOTICE Email "customer_note" for order #80640 not sent: email type is disabled CONTEXT: {"email_type":"customer_note","status":"disabled","recipient":"keerthykrish","order":80640}
2026-08-10T15:32:33+00:00 NOTICE Email "customer_note" for order #80641 not sent: email type is disabled CONTEXT: {"email_type":"customer_note","status":"disabled","recipient":"karthi.bala","order":80641}
2026-08-10T15:32:39+00:00 NOTICE Email "customer_note" for order #80642 not sent: email type is disabled CONTEXT: {"email_type":"customer_note","status":"disabled","recipient":"jothikumarkanagaraj","order":80642}
2026-08-10T15:32:44+00:00 NOTICE Email "customer_note" for order #80643 not sent: email type is disabled CONTEXT: {"email_type":"customer_note","status":"disabled","recipient":"nshanthidurga","order":80643}
2026-08-10T15:32:51+00:00 NOTICE Email "customer_note" for order #80644 not sent: email type is disabled CONTEXT: {"email_type":"customer_note","status":"disabled","recipient":"logi.sekar","order":80644}
2026-08-10T16:05:11+00:00 NOTICE Email "customer_note" for order #80646 not sent: email type is disabled CONTEXT: {"email_type":"customer_note","status":"disabled","recipient":"sansik26","order":80646}
2026-08-10T16:05:16+00:00 NOTICE Email "customer_note" for order #80647 not sent: email type is disabled CONTEXT: {"email_type":"customer_note","status":"disabled","recipient":"mailmenagu","order":80647}
2026-08-10T16:05:23+00:00 NOTICE Email "customer_note" for order #80648 not sent: email type is disabled CONTEXT: {"email_type":"customer_note","status":"disabled","recipient":"krish2407","order":80648}
2026-08-10T16:05:29+00:00 NOTICE Email "customer_note" for order #80649 not sent: email type is disabled CONTEXT: {"email_type":"customer_note","status":"disabled","recipient":"dsuriyadeepan","order":80649}
2026-08-10T16:05:35+00:00 NOTICE Email "customer_note" for order #80650 not sent: email type is disabled CONTEXT: {"email_type":"customer_note","status":"disabled","recipient":"santasudan","order":80650}
2026-08-10T16:05:41+00:00 NOTICE Email "customer_note" for order #80651 not sent: email type is disabled CONTEXT: {"email_type":"customer_note","status":"disabled","recipient":"vardhini.kalyanaraman","order":80651}
2026-08-10T16:05:47+00:00 NOTICE Email "customer_note" for order #80652 not sent: email type is disabled CONTEXT: {"email_type":"customer_note","status":"disabled","recipient":"guest","order":80652}
2026-08-10T16:05:52+00:00 NOTICE Email "customer_note" for order #80653 not sent: email type is disabled CONTEXT: {"email_type":"customer_note","status":"disabled","recipient":"amarzee","order":80653}
2026-08-10T16:05:58+00:00 NOTICE Email "customer_note" for order #80654 not sent: email type is disabled CONTEXT: {"email_type":"customer_note","status":"disabled","recipient":"srksrk","order":80654}
2026-08-10T16:06:04+00:00 NOTICE Email "customer_note" for order #80655 not sent: email type is disabled CONTEXT: {"email_type":"customer_note","status":"disabled","recipient":"lssanadi","order":80655}
2026-08-10T16:06:10+00:00 NOTICE Email "customer_note" for order #80656 not sent: email type is disabled CONTEXT: {"email_type":"customer_note","status":"disabled","recipient":"thanupillai","order":80656}
2026-08-10T16:06:16+00:00 NOTICE Email "customer_note" for order #80657 not sent: email type is disabled CONTEXT: {"email_type":"customer_note","status":"disabled","recipient":"abhir019","order":80657}
2026-08-10T16:06:21+00:00 NOTICE Email "customer_note" for order #80658 not sent: email type is disabled CONTEXT: {"email_type":"customer_note","status":"disabled","recipient":"sayeebrindharanga","order":80658}
2026-08-10T16:06:27+00:00 NOTICE Email "customer_note" for order #80659 not sent: email type is disabled CONTEXT: {"email_type":"customer_note","status":"disabled","recipient":"manjuyes77","order":80659}
2026-08-10T16:06:33+00:00 NOTICE Email "customer_note" for order #80660 not sent: email type is disabled CONTEXT: {"email_type":"customer_note","status":"disabled","recipient":"smadhu","order":80660}
2026-08-10T16:06:38+00:00 NOTICE Email "customer_note" for order #80661 not sent: email type is disabled CONTEXT: {"email_type":"customer_note","status":"disabled","recipient":"mounikayerasani1989","order":80661}
2026-08-10T16:06:44+00:00 NOTICE Email "customer_note" for order #80662 not sent: email type is disabled CONTEXT: {"email_type":"customer_note","status":"disabled","recipient":"laddhadmonika","order":80662}
2026-08-10T16:06:50+00:00 NOTICE Email "customer_note" for order #80663 not sent: email type is disabled CONTEXT: {"email_type":"customer_note","status":"disabled","recipient":"msivakr","order":80663}
2026-08-10T16:06:55+00:00 NOTICE Email "customer_note" for order #80664 not sent: email type is disabled CONTEXT: {"email_type":"customer_note","status":"disabled","recipient":"mala.maneck","order":80664}
2026-08-10T16:07:01+00:00 NOTICE Email "customer_note" for order #80665 not sent: email type is disabled CONTEXT: {"email_type":"customer_note","status":"disabled","recipient":"nanadba17","order":80665}
2026-08-10T16:07:07+00:00 NOTICE Email "customer_note" for order #80666 not sent: email type is disabled CONTEXT: {"email_type":"customer_note","status":"disabled","recipient":"nanadba17","order":80666}
2026-08-10T16:07:13+00:00 NOTICE Email "customer_note" for order #80667 not sent: email type is disabled CONTEXT: {"email_type":"customer_note","status":"disabled","recipient":"svardhan51","order":80667}
2026-08-10T16:07:19+00:00 NOTICE Email "customer_note" for order #80668 not sent: email type is disabled CONTEXT: {"email_type":"customer_note","status":"disabled","recipient":"sureshship","order":80668}
2026-08-10T16:07:24+00:00 NOTICE Email "customer_note" for order #80669 not sent: email type is disabled CONTEXT: {"email_type":"customer_note","status":"disabled","recipient":"drsguru","order":80669}
2026-08-10T16:07:30+00:00 NOTICE Email "customer_note" for order #80670 not sent: email type is disabled CONTEXT: {"email_type":"customer_note","status":"disabled","recipient":"prakashb2k03","order":80670}
2026-08-10T16:07:36+00:00 NOTICE Email "customer_note" for order #80671 not sent: email type is disabled CONTEXT: {"email_type":"customer_note","status":"disabled","recipient":"radhika.sakhuja","order":80671}
2026-08-10T16:07:42+00:00 NOTICE Email "customer_note" for order #80672 not sent: email type is disabled CONTEXT: {"email_type":"customer_note","status":"disabled","recipient":"umail2janet","order":80672}
2026-08-10T16:07:48+00:00 NOTICE Email "customer_note" for order #80673 not sent: email type is disabled CONTEXT: {"email_type":"customer_note","status":"disabled","recipient":"peerkhan","order":80673}
2026-08-10T16:07:54+00:00 NOTICE Email "customer_note" for order #80674 not sent: email type is disabled CONTEXT: {"email_type":"customer_note","status":"disabled","recipient":"tandonamit75","order":80674}
2026-08-10T16:08:00+00:00 NOTICE Email "customer_note" for order #80675 not sent: email type is disabled CONTEXT: {"email_type":"customer_note","status":"disabled","recipient":"priyaraghupathy","order":80675}
2026-08-10T16:11:47+00:00 NOTICE Email "customer_note" for order #80676 not sent: email type is disabled CONTEXT: {"email_type":"customer_note","status":"disabled","recipient":"priyaraghupathy","order":80676}
2026-08-10T16:11:52+00:00 NOTICE Email "customer_note" for order #80677 not sent: email type is disabled CONTEXT: {"email_type":"customer_note","status":"disabled","recipient":"hemavarthini","order":80677}
2026-08-10T16:11:58+00:00 NOTICE Email "customer_note" for order #80678 not sent: email type is disabled CONTEXT: {"email_type":"customer_note","status":"disabled","recipient":"hemavarthini","order":80678}
2026-08-10T16:12:04+00:00 NOTICE Email "customer_note" for order #80679 not sent: email type is disabled CONTEXT: {"email_type":"customer_note","status":"disabled","recipient":"rajanvp","order":80679}
2026-08-10T16:12:09+00:00 NOTICE Email "customer_note" for order #80680 not sent: email type is disabled CONTEXT: {"email_type":"customer_note","status":"disabled","recipient":"namanaresh","order":80680}
2026-08-10T16:12:15+00:00 NOTICE Email "customer_note" for order #80681 not sent: email type is disabled CONTEXT: {"email_type":"customer_note","status":"disabled","recipient":"subathra.venkatesh","order":80681}
2026-08-10T16:12:21+00:00 NOTICE Email "customer_note" for order #80682 not sent: email type is disabled CONTEXT: {"email_type":"customer_note","status":"disabled","recipient":"vannitha.s","order":80682}
2026-08-10T16:12:26+00:00 NOTICE Email "customer_note" for order #80683 not sent: email type is disabled CONTEXT: {"email_type":"customer_note","status":"disabled","recipient":"lavanat","order":80683}
2026-08-10T16:12:32+00:00 NOTICE Email "customer_note" for order #80684 not sent: email type is disabled CONTEXT: {"email_type":"customer_note","status":"disabled","recipient":"kkpgreetsu","order":80684}
2026-08-10T16:12:37+00:00 NOTICE Email "customer_note" for order #80685 not sent: email type is disabled CONTEXT: {"email_type":"customer_note","status":"disabled","recipient":"nithyareddy584","order":80685}
2026-08-10T16:12:43+00:00 NOTICE Email "customer_note" for order #80686 not sent: email type is disabled CONTEXT: {"email_type":"customer_note","status":"disabled","recipient":"bobbycmathews","order":80686}
2026-08-10T16:12:49+00:00 NOTICE Email "customer_note" for order #80687 not sent: email type is disabled CONTEXT: {"email_type":"customer_note","status":"disabled","recipient":"skannanv","order":80687}
2026-08-10T16:12:54+00:00 NOTICE Email "customer_note" for order #80688 not sent: email type is disabled CONTEXT: {"email_type":"customer_note","status":"disabled","recipient":"ashok.infodrive","order":80688}
2026-08-10T16:12:59+00:00 NOTICE Email "customer_note" for order #80689 not sent: email type is disabled CONTEXT: {"email_type":"customer_note","status":"disabled","recipient":"padmasini.bashyam","order":80689}
2026-08-10T16:13:05+00:00 NOTICE Email "customer_note" for order #80690 not sent: email type is disabled CONTEXT: {"email_type":"customer_note","status":"disabled","recipient":"s.babumahesh","order":80690}
2026-08-10T16:13:10+00:00 NOTICE Email "customer_note" for order #80691 not sent: email type is disabled CONTEXT: {"email_type":"customer_note","status":"disabled","recipient":"blog4686","order":80691}
2026-08-10T16:13:16+00:00 NOTICE Email "customer_note" for order #80692 not sent: email type is disabled CONTEXT: {"email_type":"customer_note","status":"disabled","recipient":"ardramana89","order":80692}
2026-08-10T16:13:21+00:00 NOTICE Email "customer_note" for order #80693 not sent: email type is disabled CONTEXT: {"email_type":"customer_note","status":"disabled","recipient":"muthunarayanang","order":80693}
2026-08-10T16:13:27+00:00 NOTICE Email "customer_note" for order #80694 not sent: email type is disabled CONTEXT: {"email_type":"customer_note","status":"disabled","recipient":"miryala.pranahitha","order":80694}
2026-08-10T16:13:32+00:00 NOTICE Email "customer_note" for order #80695 not sent: email type is disabled CONTEXT: {"email_type":"customer_note","status":"disabled","recipient":"rakhi27","order":80695}
2026-08-10T16:13:38+00:00 NOTICE Email "customer_note" for order #80696 not sent: email type is disabled CONTEXT: {"email_type":"customer_note","status":"disabled","recipient":"mahendiran9889","order":80696}
2026-08-10T16:13:43+00:00 NOTICE Email "customer_note" for order #80697 not sent: email type is disabled CONTEXT: {"email_type":"customer_note","status":"disabled","recipient":"drgitasankaran","order":80697}
2026-08-10T16:13:49+00:00 NOTICE Email "customer_note" for order #80698 not sent: email type is disabled CONTEXT: {"email_type":"customer_note","status":"disabled","recipient":"jayalakshmi_kumaresan","order":80698}
2026-08-10T16:13:54+00:00 NOTICE Email "customer_note" for order #80699 not sent: email type is disabled CONTEXT: {"email_type":"customer_note","status":"disabled","recipient":"srik.varad","order":80699}
2026-08-10T16:13:59+00:00 NOTICE Email "customer_note" for order #80700 not sent: email type is disabled CONTEXT: {"email_type":"customer_note","status":"disabled","recipient":"deepikanagasamy","order":80700}
2026-08-10T16:14:05+00:00 NOTICE Email "customer_note" for order #80701 not sent: email type is disabled CONTEXT: {"email_type":"customer_note","status":"disabled","recipient":"deepikanagasamy","order":80701}
2026-08-10T16:14:11+00:00 NOTICE Email "customer_note" for order #80702 not sent: email type is disabled CONTEXT: {"email_type":"customer_note","status":"disabled","recipient":"nritijuna","order":80702}
2026-08-10T16:14:20+00:00 INFO Email "failed_order" for order #80702 sent CONTEXT: {"email_type":"failed_order","status":"sent","recipient":"Admin_Madrasmilk","order":80702}
2026-08-10T16:14:21+00:00 NOTICE Email "customer_note" for order #80703 not sent: email type is disabled CONTEXT: {"email_type":"customer_note","status":"disabled","recipient":"joechris.j","order":80703}
2026-08-10T16:14:27+00:00 NOTICE Email "customer_note" for order #80704 not sent: email type is disabled CONTEXT: {"email_type":"customer_note","status":"disabled","recipient":"vini.ramani","order":80704}
2026-08-10T16:14:32+00:00 NOTICE Email "customer_note" for order #80705 not sent: email type is disabled CONTEXT: {"email_type":"customer_note","status":"disabled","recipient":"bindu.kakani","order":80705}
2026-08-10T16:18:41+00:00 NOTICE Email "customer_note" for order #80706 not sent: email type is disabled CONTEXT: {"email_type":"customer_note","status":"disabled","recipient":"pujaquiet","order":80706}
2026-08-10T16:18:47+00:00 NOTICE Email "customer_note" for order #80707 not sent: email type is disabled CONTEXT: {"email_type":"customer_note","status":"disabled","recipient":"ven_v2","order":80707}
2026-08-10T16:18:52+00:00 NOTICE Email "customer_note" for order #80708 not sent: email type is disabled CONTEXT: {"email_type":"customer_note","status":"disabled","recipient":"madhumathic","order":80708}
2026-08-10T16:18:58+00:00 NOTICE Email "customer_note" for order #80709 not sent: email type is disabled CONTEXT: {"email_type":"customer_note","status":"disabled","recipient":"deepakhraj","order":80709}
2026-08-10T16:19:04+00:00 NOTICE Email "customer_note" for order #80710 not sent: email type is disabled CONTEXT: {"email_type":"customer_note","status":"disabled","recipient":"sucharita.anand2","order":80710}
2026-08-10T16:19:09+00:00 NOTICE Email "customer_note" for order #80711 not sent: email type is disabled CONTEXT: {"email_type":"customer_note","status":"disabled","recipient":"capt.6516ansari","order":80711}
2026-08-10T16:19:15+00:00 NOTICE Email "customer_note" for order #80712 not sent: email type is disabled CONTEXT: {"email_type":"customer_note","status":"disabled","recipient":"shanky.viswanathan","order":80712}
2026-08-10T16:19:20+00:00 NOTICE Email "customer_note" for order #80713 not sent: email type is disabled CONTEXT: {"email_type":"customer_note","status":"disabled","recipient":"sivaranjani2282","order":80713}
2026-08-10T16:19:25+00:00 NOTICE Email "customer_note" for order #80714 not sent: email type is disabled CONTEXT: {"email_type":"customer_note","status":"disabled","recipient":"swathu20","order":80714}
2026-08-10T16:19:31+00:00 NOTICE Email "customer_note" for order #80715 not sent: email type is disabled CONTEXT: {"email_type":"customer_note","status":"disabled","recipient":"khkarthick","order":80715}
2026-08-10T16:19:36+00:00 NOTICE Email "customer_note" for order #80716 not sent: email type is disabled CONTEXT: {"email_type":"customer_note","status":"disabled","recipient":"eksamy.subscribe","order":80716}
2026-08-10T16:19:42+00:00 NOTICE Email "customer_note" for order #80717 not sent: email type is disabled CONTEXT: {"email_type":"customer_note","status":"disabled","recipient":"kannammalknp","order":80717}
2026-08-10T16:19:47+00:00 NOTICE Email "customer_note" for order #80718 not sent: email type is disabled CONTEXT: {"email_type":"customer_note","status":"disabled","recipient":"karthik.thandapani","order":80718}
2026-08-10T16:19:53+00:00 NOTICE Email "customer_note" for order #80719 not sent: email type is disabled CONTEXT: {"email_type":"customer_note","status":"disabled","recipient":"danishs764","order":80719}
2026-08-10T16:19:59+00:00 NOTICE Email "customer_note" for order #80720 not sent: email type is disabled CONTEXT: {"email_type":"customer_note","status":"disabled","recipient":"divioct23","order":80720}
2026-08-10T16:20:08+00:00 INFO Email "failed_order" for order #80720 sent CONTEXT: {"email_type":"failed_order","status":"sent","recipient":"Admin_Madrasmilk","order":80720}
2026-08-10T16:20:09+00:00 NOTICE Email "customer_note" for order #80721 not sent: email type is disabled CONTEXT: {"email_type":"customer_note","status":"disabled","recipient":"krishhants","order":80721}
2026-08-10T16:20:14+00:00 NOTICE Email "customer_note" for order #80722 not sent: email type is disabled CONTEXT: {"email_type":"customer_note","status":"disabled","recipient":"krishnagseshadri","order":80722}
2026-08-10T16:20:20+00:00 NOTICE Email "customer_note" for order #80723 not sent: email type is disabled CONTEXT: {"email_type":"customer_note","status":"disabled","recipient":"krishnagseshadri","order":80723}
2026-08-10T16:20:26+00:00 NOTICE Email "customer_note" for order #80724 not sent: email type is disabled CONTEXT: {"email_type":"customer_note","status":"disabled","recipient":"gayviji","order":80724}
2026-08-10T16:20:31+00:00 NOTICE Email "customer_note" for order #80725 not sent: email type is disabled CONTEXT: {"email_type":"customer_note","status":"disabled","recipient":"raghavan512000","order":80725}
2026-08-10T16:20:36+00:00 NOTICE Email "customer_note" for order #80726 not sent: email type is disabled CONTEXT: {"email_type":"customer_note","status":"disabled","recipient":"tanya.ganesan04","order":80726}
2026-08-10T16:20:42+00:00 NOTICE Email "customer_note" for order #80727 not sent: email type is disabled CONTEXT: {"email_type":"customer_note","status":"disabled","recipient":"vaishnavi.kandala","order":80727}
2026-08-10T16:20:47+00:00 NOTICE Email "customer_note" for order #80728 not sent: email type is disabled CONTEXT: {"email_type":"customer_note","status":"disabled","recipient":"vaishnavi.kandala","order":80728}
2026-08-10T16:20:53+00:00 NOTICE Email "customer_note" for order #80729 not sent: email type is disabled CONTEXT: {"email_type":"customer_note","status":"disabled","recipient":"dndmi","order":80729}
2026-08-10T16:20:58+00:00 NOTICE Email "customer_note" for order #80730 not sent: email type is disabled CONTEXT: {"email_type":"customer_note","status":"disabled","recipient":"elisha.ebenezer","order":80730}
2026-08-10T16:21:04+00:00 NOTICE Email "customer_note" for order #80731 not sent: email type is disabled CONTEXT: {"email_type":"customer_note","status":"disabled","recipient":"monicaevangeline","order":80731}
2026-08-10T16:21:10+00:00 NOTICE Email "customer_note" for order #80732 not sent: email type is disabled CONTEXT: {"email_type":"customer_note","status":"disabled","recipient":"mail2parthig","order":80732}
2026-08-10T16:21:15+00:00 NOTICE Email "customer_note" for order #80733 not sent: email type is disabled CONTEXT: {"email_type":"customer_note","status":"disabled","recipient":"agatha.ryazhl","order":80733}
2026-08-10T16:21:21+00:00 NOTICE Email "customer_note" for order #80734 not sent: email type is disabled CONTEXT: {"email_type":"customer_note","status":"disabled","recipient":"agatha.ryazhl","order":80734}
2026-08-10T16:21:26+00:00 NOTICE Email "customer_note" for order #80735 not sent: email type is disabled CONTEXT: {"email_type":"customer_note","status":"disabled","recipient":"suganyaindia","order":80735}
2026-08-10T16:22:14+00:00 NOTICE Email "customer_note" for order #80736 not sent: email type is disabled CONTEXT: {"email_type":"customer_note","status":"disabled","recipient":"durgaa.v","order":80736}
2026-08-10T16:22:20+00:00 NOTICE Email "customer_note" for order #80737 not sent: email type is disabled CONTEXT: {"email_type":"customer_note","status":"disabled","recipient":"rajeswari.sivam","order":80737}
2026-08-10T16:22:26+00:00 NOTICE Email "customer_note" for order #80738 not sent: email type is disabled CONTEXT: {"email_type":"customer_note","status":"disabled","recipient":"flamingotravels2010","order":80738}
2026-08-10T16:22:31+00:00 NOTICE Email "customer_note" for order #80739 not sent: email type is disabled CONTEXT: {"email_type":"customer_note","status":"disabled","recipient":"syed.wasim4567","order":80739}
2026-08-10T16:22:37+00:00 NOTICE Email "customer_note" for order #80740 not sent: email type is disabled CONTEXT: {"email_type":"customer_note","status":"disabled","recipient":"viveksundar","order":80740}
2026-08-10T16:22:38+00:00 NOTICE Email "new_order" for order #80610 not sent: email type is disabled CONTEXT: {"email_type":"new_order","status":"disabled","recipient":"Admin_Madrasmilk","order":80610}
2026-08-10T16:22:38+00:00 NOTICE Email "customer_processing_order" for order #80610 not sent: email type is disabled CONTEXT: {"email_type":"customer_processing_order","status":"disabled","recipient":"ramanathanlr","order":80610}
2026-08-10T16:22:43+00:00 NOTICE Email "customer_note" for order #80741 not sent: email type is disabled CONTEXT: {"email_type":"customer_note","status":"disabled","recipient":"vanisidz","order":80741}
2026-08-10T16:22:48+00:00 NOTICE Email "customer_note" for order #80742 not sent: email type is disabled CONTEXT: {"email_type":"customer_note","status":"disabled","recipient":"vsimpson","order":80742}
2026-08-10T16:22:54+00:00 NOTICE Email "customer_note" for order #80743 not sent: email type is disabled CONTEXT: {"email_type":"customer_note","status":"disabled","recipient":"gunasekaran.babu","order":80743}
2026-08-10T16:22:57+00:00 NOTICE Email "new_order" for order #80543 not sent: email type is disabled CONTEXT: {"email_type":"new_order","status":"disabled","recipient":"Admin_Madrasmilk","order":80543}
2026-08-10T16:22:57+00:00 NOTICE Email "customer_processing_order" for order #80543 not sent: email type is disabled CONTEXT: {"email_type":"customer_processing_order","status":"disabled","recipient":"mamata.adabar","order":80543}
2026-08-10T16:23:00+00:00 NOTICE Email "customer_note" for order #80744 not sent: email type is disabled CONTEXT: {"email_type":"customer_note","status":"disabled","recipient":"poovarna","order":80744}
2026-08-10T16:23:05+00:00 NOTICE Email "customer_note" for order #80745 not sent: email type is disabled CONTEXT: {"email_type":"customer_note","status":"disabled","recipient":"venkateshsuba","order":80745}
2026-08-10T16:23:59+00:00 NOTICE Email "new_order" for order #80249 not sent: email type is disabled CONTEXT: {"email_type":"new_order","status":"disabled","recipient":"Admin_Madrasmilk","order":80249}
2026-08-10T16:23:59+00:00 NOTICE Email "customer_processing_order" for order #80249 not sent: email type is disabled CONTEXT: {"email_type":"customer_processing_order","status":"disabled","recipient":"mr.khadeerahmed","order":80249}
2026-08-10T16:38:08+00:00 NOTICE Email "customer_note" for order #80758 not sent: email type is disabled CONTEXT: {"email_type":"customer_note","status":"disabled","recipient":"laksminarasiman","order":80758}
2026-08-10T16:38:15+00:00 NOTICE Email "customer_note" for order #80759 not sent: email type is disabled CONTEXT: {"email_type":"customer_note","status":"disabled","recipient":"ntsaran81","order":80759}
2026-08-10T16:38:21+00:00 NOTICE Email "customer_note" for order #80760 not sent: email type is disabled CONTEXT: {"email_type":"customer_note","status":"disabled","recipient":"t_kart","order":80760}
2026-08-10T16:38:27+00:00 NOTICE Email "customer_note" for order #80761 not sent: email type is disabled CONTEXT: {"email_type":"customer_note","status":"disabled","recipient":"vidhyavenkatesh","order":80761}
2026-08-10T16:38:33+00:00 NOTICE Email "customer_note" for order #80762 not sent: email type is disabled CONTEXT: {"email_type":"customer_note","status":"disabled","recipient":"amby85","order":80762}
2026-08-10T16:38:38+00:00 NOTICE Email "customer_note" for order #80763 not sent: email type is disabled CONTEXT: {"email_type":"customer_note","status":"disabled","recipient":"grandmastervasu","order":80763}
2026-08-10T16:38:44+00:00 NOTICE Email "customer_note" for order #80764 not sent: email type is disabled CONTEXT: {"email_type":"customer_note","status":"disabled","recipient":"rosanuru","order":80764}
2026-08-10T16:38:50+00:00 NOTICE Email "customer_note" for order #80765 not sent: email type is disabled CONTEXT: {"email_type":"customer_note","status":"disabled","recipient":"udaymetha","order":80765}
2026-08-10T16:38:55+00:00 NOTICE Email "customer_note" for order #80766 not sent: email type is disabled CONTEXT: {"email_type":"customer_note","status":"disabled","recipient":"sunanda.undamatla","order":80766}
2026-08-10T16:39:00+00:00 NOTICE Email "customer_note" for order #80767 not sent: email type is disabled CONTEXT: {"email_type":"customer_note","status":"disabled","recipient":"mpjyoti","order":80767}
2026-08-10T16:39:07+00:00 NOTICE Email "customer_note" for order #80768 not sent: email type is disabled CONTEXT: {"email_type":"customer_note","status":"disabled","recipient":"jayashree.ramesh70","order":80768}
2026-08-10T16:39:12+00:00 NOTICE Email "customer_note" for order #80769 not sent: email type is disabled CONTEXT: {"email_type":"customer_note","status":"disabled","recipient":"abirami025","order":80769}
2026-08-10T16:39:17+00:00 NOTICE Email "customer_note" for order #80770 not sent: email type is disabled CONTEXT: {"email_type":"customer_note","status":"disabled","recipient":"a2osriramadesikan","order":80770}
2026-08-10T16:39:23+00:00 NOTICE Email "customer_note" for order #80771 not sent: email type is disabled CONTEXT: {"email_type":"customer_note","status":"disabled","recipient":"a2osriramadesikan","order":80771}
2026-08-10T16:39:28+00:00 NOTICE Email "customer_note" for order #80772 not sent: email type is disabled CONTEXT: {"email_type":"customer_note","status":"disabled","recipient":"smadhu","order":80772}
2026-08-10T16:39:34+00:00 NOTICE Email "customer_note" for order #80773 not sent: email type is disabled CONTEXT: {"email_type":"customer_note","status":"disabled","recipient":"merlia.shaukath","order":80773}
2026-08-10T16:39:40+00:00 NOTICE Email "customer_note" for order #80774 not sent: email type is disabled CONTEXT: {"email_type":"customer_note","status":"disabled","recipient":"kashefa5819","order":80774}
2026-08-10T16:39:46+00:00 NOTICE Email "customer_note" for order #80775 not sent: email type is disabled CONTEXT: {"email_type":"customer_note","status":"disabled","recipient":"navnath.j84","order":80775}
2026-08-10T16:39:51+00:00 NOTICE Email "customer_note" for order #80776 not sent: email type is disabled CONTEXT: {"email_type":"customer_note","status":"disabled","recipient":"avrroshini2007","order":80776}
2026-08-10T16:39:57+00:00 NOTICE Email "customer_note" for order #80777 not sent: email type is disabled CONTEXT: {"email_type":"customer_note","status":"disabled","recipient":"sampath.alex","order":80777}
2026-08-10T16:40:02+00:00 NOTICE Email "customer_note" for order #80778 not sent: email type is disabled CONTEXT: {"email_type":"customer_note","status":"disabled","recipient":"nithyaprimrose","order":80778}
2026-08-10T16:40:08+00:00 NOTICE Email "customer_note" for order #80779 not sent: email type is disabled CONTEXT: {"email_type":"customer_note","status":"disabled","recipient":"vasanthnc","order":80779}
2026-08-10T16:40:14+00:00 NOTICE Email "customer_note" for order #80780 not sent: email type is disabled CONTEXT: {"email_type":"customer_note","status":"disabled","recipient":"vani.vj","order":80780}
2026-08-10T16:40:19+00:00 NOTICE Email "customer_note" for order #80781 not sent: email type is disabled CONTEXT: {"email_type":"customer_note","status":"disabled","recipient":"pathu02","order":80781}
2026-08-10T16:40:25+00:00 NOTICE Email "customer_note" for order #80782 not sent: email type is disabled CONTEXT: {"email_type":"customer_note","status":"disabled","recipient":"deepkamalverma28","order":80782}
2026-08-10T16:40:31+00:00 NOTICE Email "customer_note" for order #80783 not sent: email type is disabled CONTEXT: {"email_type":"customer_note","status":"disabled","recipient":"arvind.ashok","order":80783}
2026-08-10T16:40:36+00:00 NOTICE Email "customer_note" for order #80784 not sent: email type is disabled CONTEXT: {"email_type":"customer_note","status":"disabled","recipient":"suneelsunsoft","order":80784}
2026-08-10T16:40:42+00:00 NOTICE Email "customer_note" for order #80785 not sent: email type is disabled CONTEXT: {"email_type":"customer_note","status":"disabled","recipient":"suneelsunsoft","order":80785}
2026-08-10T16:40:48+00:00 NOTICE Email "customer_note" for order #80786 not sent: email type is disabled CONTEXT: {"email_type":"customer_note","status":"disabled","recipient":"jhanani.montessori","order":80786}
2026-08-10T16:40:53+00:00 NOTICE Email "customer_note" for order #80787 not sent: email type is disabled CONTEXT: {"email_type":"customer_note","status":"disabled","recipient":"aishwarya4a","order":80787}
2026-08-10T16:41:06+00:00 NOTICE Email "customer_note" for order #80789 not sent: email type is disabled CONTEXT: {"email_type":"customer_note","status":"disabled","recipient":"monishakannusamy","order":80789}
2026-08-10T16:41:12+00:00 NOTICE Email "customer_note" for order #80790 not sent: email type is disabled CONTEXT: {"email_type":"customer_note","status":"disabled","recipient":"poba99ads","order":80790}
2026-08-10T16:41:17+00:00 NOTICE Email "customer_note" for order #80791 not sent: email type is disabled CONTEXT: {"email_type":"customer_note","status":"disabled","recipient":"shankark313","order":80791}
2026-08-10T16:41:23+00:00 NOTICE Email "customer_note" for order #80792 not sent: email type is disabled CONTEXT: {"email_type":"customer_note","status":"disabled","recipient":"abhishekgaur.79","order":80792}
2026-08-10T16:41:28+00:00 NOTICE Email "customer_note" for order #80793 not sent: email type is disabled CONTEXT: {"email_type":"customer_note","status":"disabled","recipient":"swathi270391","order":80793}
2026-08-10T16:54:17+00:00 NOTICE Email "customer_completed_order" for order #78944 not sent: email type is disabled CONTEXT: {"email_type":"customer_completed_order","status":"disabled","recipient":"Gurumurthy K","order":78944}
2026-08-10T16:54:17+00:00 NOTICE Email "customer_completed_order" for order #78946 not sent: email type is disabled CONTEXT: {"email_type":"customer_completed_order","status":"disabled","recipient":"veenajhaver","order":78946}
2026-08-10T16:54:17+00:00 NOTICE Email "customer_completed_order" for order #78948 not sent: email type is disabled CONTEXT: {"email_type":"customer_completed_order","status":"disabled","recipient":"Shahul Hameed T","order":78948}
2026-08-10T16:54:17+00:00 NOTICE Email "customer_completed_order" for order #78951 not sent: email type is disabled CONTEXT: {"email_type":"customer_completed_order","status":"disabled","recipient":"scisenthil","order":78951}
2026-08-10T16:54:18+00:00 NOTICE Email "customer_completed_order" for order #78954 not sent: email type is disabled CONTEXT: {"email_type":"customer_completed_order","status":"disabled","recipient":"senthil4117","order":78954}
2026-08-10T16:54:18+00:00 NOTICE Email "customer_completed_order" for order #79606 not sent: email type is disabled CONTEXT: {"email_type":"customer_completed_order","status":"disabled","recipient":"mani363vel","order":79606}
2026-08-10T16:54:18+00:00 NOTICE Email "customer_completed_order" for order #79609 not sent: email type is disabled CONTEXT: {"email_type":"customer_completed_order","status":"disabled","recipient":"viswa22","order":79609}
2026-08-10T16:54:18+00:00 NOTICE Email "customer_completed_order" for order #79612 not sent: email type is disabled CONTEXT: {"email_type":"customer_completed_order","status":"disabled","recipient":"mr.khadeerahmed","order":79612}
2026-08-10T16:54:18+00:00 NOTICE Email "customer_completed_order" for order #79613 not sent: email type is disabled CONTEXT: {"email_type":"customer_completed_order","status":"disabled","recipient":"balakrishna.b","order":79613}
2026-08-10T16:54:18+00:00 NOTICE Email "customer_completed_order" for order #79614 not sent: email type is disabled CONTEXT: {"email_type":"customer_completed_order","status":"disabled","recipient":"balakrishna.b","order":79614}
2026-08-10T16:54:18+00:00 NOTICE Email "customer_completed_order" for order #79616 not sent: email type is disabled CONTEXT: {"email_type":"customer_completed_order","status":"disabled","recipient":"kishorebheema","order":79616}
2026-08-10T16:54:18+00:00 NOTICE Email "customer_completed_order" for order #79622 not sent: email type is disabled CONTEXT: {"email_type":"customer_completed_order","status":"disabled","recipient":"srksrk","order":79622}
2026-08-10T16:54:18+00:00 NOTICE Email "customer_completed_order" for order #79623 not sent: email type is disabled CONTEXT: {"email_type":"customer_completed_order","status":"disabled","recipient":"yuvrajbenches","order":79623}
2026-08-10T16:54:18+00:00 NOTICE Email "customer_completed_order" for order #79625 not sent: email type is disabled CONTEXT: {"email_type":"customer_completed_order","status":"disabled","recipient":"abhir019","order":79625}
2026-08-10T16:54:19+00:00 NOTICE Email "customer_completed_order" for order #79628 not sent: email type is disabled CONTEXT: {"email_type":"customer_completed_order","status":"disabled","recipient":"swaroop.sistla","order":79628}
2026-08-10T16:54:19+00:00 NOTICE Email "customer_completed_order" for order #79629 not sent: email type is disabled CONTEXT: {"email_type":"customer_completed_order","status":"disabled","recipient":"nagarjunagarige","order":79629}
2026-08-10T16:54:19+00:00 NOTICE Email "customer_completed_order" for order #79630 not sent: email type is disabled CONTEXT: {"email_type":"customer_completed_order","status":"disabled","recipient":"patapallasrinivas","order":79630}
2026-08-10T16:54:19+00:00 NOTICE Email "customer_completed_order" for order #79631 not sent: email type is disabled CONTEXT: {"email_type":"customer_completed_order","status":"disabled","recipient":"patapallasrinivas","order":79631}
2026-08-10T16:54:19+00:00 NOTICE Email "customer_completed_order" for order #79639 not sent: email type is disabled CONTEXT: {"email_type":"customer_completed_order","status":"disabled","recipient":"priyankaravisankar26","order":79639}
2026-08-10T16:54:19+00:00 NOTICE Email "customer_completed_order" for order #79644 not sent: email type is disabled CONTEXT: {"email_type":"customer_completed_order","status":"disabled","recipient":"rbkgayathri","order":79644}
2026-08-10T16:54:19+00:00 NOTICE Email "customer_completed_order" for order #76069 not sent: email type is disabled CONTEXT: {"email_type":"customer_completed_order","status":"disabled","recipient":"harin5000","order":76069}
2026-08-10T16:54:19+00:00 NOTICE Email "customer_completed_order" for order #76070 not sent: email type is disabled CONTEXT: {"email_type":"customer_completed_order","status":"disabled","recipient":"senthil.kumar.ma","order":76070}
2026-08-10T16:54:19+00:00 NOTICE Email "customer_completed_order" for order #76071 not sent: email type is disabled CONTEXT: {"email_type":"customer_completed_order","status":"disabled","recipient":"mr.khadeerahmed","order":76071}
2026-08-10T16:54:19+00:00 NOTICE Email "customer_completed_order" for order #76073 not sent: email type is disabled CONTEXT: {"email_type":"customer_completed_order","status":"disabled","recipient":"tandonamit75","order":76073}
2026-08-10T16:54:19+00:00 NOTICE Email "customer_completed_order" for order #76074 not sent: email type is disabled CONTEXT: {"email_type":"customer_completed_order","status":"disabled","recipient":"shivanilank1312","order":76074}
2026-08-10T16:54:19+00:00 NOTICE Email "customer_completed_order" for order #76075 not sent: email type is disabled CONTEXT: {"email_type":"customer_completed_order","status":"disabled","recipient":"jhanani.montessori","order":76075}
2026-08-10T16:54:19+00:00 NOTICE Email "customer_completed_order" for order #76076 not sent: email type is disabled CONTEXT: {"email_type":"customer_completed_order","status":"disabled","recipient":"jhanani.montessori","order":76076}
2026-08-10T16:54:19+00:00 NOTICE Email "customer_completed_order" for order #76077 not sent: email type is disabled CONTEXT: {"email_type":"customer_completed_order","status":"disabled","recipient":"sandyraja","order":76077}
2026-08-10T16:54:19+00:00 NOTICE Email "customer_completed_order" for order #76078 not sent: email type is disabled CONTEXT: {"email_type":"customer_completed_order","status":"disabled","recipient":"anushadoraiswamy","order":76078}
2026-08-10T16:54:19+00:00 NOTICE Email "customer_completed_order" for order #76079 not sent: email type is disabled CONTEXT: {"email_type":"customer_completed_order","status":"disabled","recipient":"anushadoraiswamy","order":76079}
2026-08-10T16:54:19+00:00 NOTICE Email "customer_completed_order" for order #76080 not sent: email type is disabled CONTEXT: {"email_type":"customer_completed_order","status":"disabled","recipient":"gogul.1603","order":76080}
2026-08-10T16:54:19+00:00 NOTICE Email "customer_completed_order" for order #76081 not sent: email type is disabled CONTEXT: {"email_type":"customer_completed_order","status":"disabled","recipient":"rosanuru","order":76081}
2026-08-10T16:54:19+00:00 NOTICE Email "customer_completed_order" for order #76082 not sent: email type is disabled CONTEXT: {"email_type":"customer_completed_order","status":"disabled","recipient":"rosanuru","order":76082}
2026-08-10T16:54:19+00:00 NOTICE Email "customer_completed_order" for order #76083 not sent: email type is disabled CONTEXT: {"email_type":"customer_completed_order","status":"disabled","recipient":"sshalu2109","order":76083}
2026-08-10T16:54:19+00:00 NOTICE Email "customer_completed_order" for order #76084 not sent: email type is disabled CONTEXT: {"email_type":"customer_completed_order","status":"disabled","recipient":"caguptha2017","order":76084}
2026-08-10T16:54:19+00:00 NOTICE Email "customer_completed_order" for order #76085 not sent: email type is disabled CONTEXT: {"email_type":"customer_completed_order","status":"disabled","recipient":"eswar06","order":76085}
2026-08-10T16:54:19+00:00 NOTICE Email "customer_completed_order" for order #76086 not sent: email type is disabled CONTEXT: {"email_type":"customer_completed_order","status":"disabled","recipient":"poojareddy684","order":76086}
2026-08-10T16:54:19+00:00 NOTICE Email "customer_completed_order" for order #76087 not sent: email type is disabled CONTEXT: {"email_type":"customer_completed_order","status":"disabled","recipient":"jaysh_vijay","order":76087}
2026-08-10T16:54:19+00:00 NOTICE Email "customer_completed_order" for order #76088 not sent: email type is disabled CONTEXT: {"email_type":"customer_completed_order","status":"disabled","recipient":"santhosh9841662691","order":76088}
2026-08-10T16:54:20+00:00 NOTICE Email "customer_completed_order" for order #76089 not sent: email type is disabled CONTEXT: {"email_type":"customer_completed_order","status":"disabled","recipient":"karthik.thandapani","order":76089}
2026-08-10T16:54:20+00:00 NOTICE Email "customer_completed_order" for order #76090 not sent: email type is disabled CONTEXT: {"email_type":"customer_completed_order","status":"disabled","recipient":"aafreen124","order":76090}
2026-08-10T16:54:20+00:00 NOTICE Email "customer_completed_order" for order #76091 not sent: email type is disabled CONTEXT: {"email_type":"customer_completed_order","status":"disabled","recipient":"guest","order":76091}
2026-08-10T16:54:20+00:00 NOTICE Email "customer_completed_order" for order #76092 not sent: email type is disabled CONTEXT: {"email_type":"customer_completed_order","status":"disabled","recipient":"raghuldeepak1991","order":76092}
2026-08-10T16:54:20+00:00 NOTICE Email "customer_completed_order" for order #79646 not sent: email type is disabled CONTEXT: {"email_type":"customer_completed_order","status":"disabled","recipient":"tanya.ganesan04","order":79646}
2026-08-10T16:54:20+00:00 NOTICE Email "customer_completed_order" for order #79649 not sent: email type is disabled CONTEXT: {"email_type":"customer_completed_order","status":"disabled","recipient":"sujathapugazhendi","order":79649}
2026-08-10T16:54:20+00:00 NOTICE Email "customer_completed_order" for order #79650 not sent: email type is disabled CONTEXT: {"email_type":"customer_completed_order","status":"disabled","recipient":"gsankar84","order":79650}
2026-08-10T16:54:20+00:00 NOTICE Email "customer_completed_order" for order #79653 not sent: email type is disabled CONTEXT: {"email_type":"customer_completed_order","status":"disabled","recipient":"ashok.muthana","order":79653}
2026-08-10T16:54:20+00:00 NOTICE Email "customer_completed_order" for order #79656 not sent: email type is disabled CONTEXT: {"email_type":"customer_completed_order","status":"disabled","recipient":"an.sid2212","order":79656}
2026-08-10T16:54:20+00:00 NOTICE Email "customer_completed_order" for order #79658 not sent: email type is disabled CONTEXT: {"email_type":"customer_completed_order","status":"disabled","recipient":"an.sid2212","order":79658}
2026-08-10T16:54:20+00:00 NOTICE Email "customer_completed_order" for order #79661 not sent: email type is disabled CONTEXT: {"email_type":"customer_completed_order","status":"disabled","recipient":"ravikiranalam","order":79661}
2026-08-10T16:54:20+00:00 NOTICE Email "customer_completed_order" for order #79664 not sent: email type is disabled CONTEXT: {"email_type":"customer_completed_order","status":"disabled","recipient":"8355.akashr","order":79664}
2026-08-10T16:54:20+00:00 NOTICE Email "customer_completed_order" for order #79667 not sent: email type is disabled CONTEXT: {"email_type":"customer_completed_order","status":"disabled","recipient":"nishabetala04","order":79667}
2026-08-10T16:54:20+00:00 NOTICE Email "customer_completed_order" for order #79670 not sent: email type is disabled CONTEXT: {"email_type":"customer_completed_order","status":"disabled","recipient":"sreevidhyaselvarajan","order":79670}
2026-08-10T16:54:20+00:00 NOTICE Email "customer_completed_order" for order #79671 not sent: email type is disabled CONTEXT: {"email_type":"customer_completed_order","status":"disabled","recipient":"Mahendar.s","order":79671}
2026-08-10T16:54:20+00:00 NOTICE Email "customer_completed_order" for order #79673 not sent: email type is disabled CONTEXT: {"email_type":"customer_completed_order","status":"disabled","recipient":"sel.shan2","order":79673}
2026-08-10T16:54:20+00:00 NOTICE Email "customer_completed_order" for order #79676 not sent: email type is disabled CONTEXT: {"email_type":"customer_completed_order","status":"disabled","recipient":"sel.shan2","order":79676}
2026-08-10T16:54:20+00:00 NOTICE Email "customer_completed_order" for order #79678 not sent: email type is disabled CONTEXT: {"email_type":"customer_completed_order","status":"disabled","recipient":"sridhar_a_hll","order":79678}
2026-08-10T16:54:20+00:00 NOTICE Email "customer_completed_order" for order #79680 not sent: email type is disabled CONTEXT: {"email_type":"customer_completed_order","status":"disabled","recipient":"sridhar_a_hll","order":79680}
2026-08-10T16:54:20+00:00 NOTICE Email "customer_completed_order" for order #79681 not sent: email type is disabled CONTEXT: {"email_type":"customer_completed_order","status":"disabled","recipient":"sandyraja","order":79681}
2026-08-10T16:54:20+00:00 NOTICE Email "customer_completed_order" for order #79682 not sent: email type is disabled CONTEXT: {"email_type":"customer_completed_order","status":"disabled","recipient":"Aritra Pan","order":79682}
2026-08-10T16:54:21+00:00 NOTICE Email "customer_completed_order" for order #79690 not sent: email type is disabled CONTEXT: {"email_type":"customer_completed_order","status":"disabled","recipient":"jananiram3011","order":79690}
2026-08-10T16:54:22+00:00 NOTICE Email "customer_completed_order" for order #79705 not sent: email type is disabled CONTEXT: {"email_type":"customer_completed_order","status":"disabled","recipient":"guest","order":79705}
2026-08-10T16:54:22+00:00 NOTICE Email "customer_completed_order" for order #79707 not sent: email type is disabled CONTEXT: {"email_type":"customer_completed_order","status":"disabled","recipient":"guest","order":79707}
2026-08-10T16:59:56+00:00 NOTICE Email "cancelled_order" for order #80802 not sent: email type is disabled CONTEXT: {"email_type":"cancelled_order","status":"disabled","recipient":"Admin_Madrasmilk","order":80802}
2026-08-10T16:59:56+00:00 NOTICE Email "customer_cancelled_order" for order #80802 not sent: email type is disabled CONTEXT: {"email_type":"customer_cancelled_order","status":"disabled","recipient":"claramleonard89","order":80802}
2026-08-10T17:22:35+00:00 NOTICE Email "cancelled_order" for order #80296 not sent: email type is disabled CONTEXT: {"email_type":"cancelled_order","status":"disabled","recipient":"Admin_Madrasmilk","order":80296}
2026-08-10T17:22:35+00:00 NOTICE Email "customer_cancelled_order" for order #80296 not sent: email type is disabled CONTEXT: {"email_type":"customer_cancelled_order","status":"disabled","recipient":"jaanvi68","order":80296}
2026-08-10T17:24:20+00:00 NOTICE Email "cancelled_order" for order #80242 not sent: email type is disabled CONTEXT: {"email_type":"cancelled_order","status":"disabled","recipient":"Admin_Madrasmilk","order":80242}
2026-08-10T17:24:20+00:00 NOTICE Email "customer_cancelled_order" for order #80242 not sent: email type is disabled CONTEXT: {"email_type":"customer_cancelled_order","status":"disabled","recipient":"baggubhargav","order":80242}
2026-08-10T17:25:36+00:00 NOTICE Email "cancelled_order" for order #80351 not sent: email type is disabled CONTEXT: {"email_type":"cancelled_order","status":"disabled","recipient":"Admin_Madrasmilk","order":80351}
2026-08-10T17:25:36+00:00 NOTICE Email "customer_cancelled_order" for order #80351 not sent: email type is disabled CONTEXT: {"email_type":"customer_cancelled_order","status":"disabled","recipient":"tincysarasolomon","order":80351}
2026-08-10T17:26:08+00:00 NOTICE Email "cancelled_order" for order #80417 not sent: email type is disabled CONTEXT: {"email_type":"cancelled_order","status":"disabled","recipient":"Admin_Madrasmilk","order":80417}
2026-08-10T17:26:08+00:00 NOTICE Email "customer_cancelled_order" for order #80417 not sent: email type is disabled CONTEXT: {"email_type":"customer_cancelled_order","status":"disabled","recipient":"claramleonard89","order":80417}
2026-08-10T18:33:42+00:00 INFO Email "customer_new_account" for user #1606 sent CONTEXT: {"email_type":"customer_new_account","status":"sent","recipient":"Aarush Khan","user":1606}
2026-08-10T18:39:25+00:00 INFO Email "cancelled_subscription" for order #78952 sent CONTEXT: {"email_type":"cancelled_subscription","status":"sent","recipient":"Admin_Madrasmilk","order":78952}
2026-08-10T18:42:04+00:00 NOTICE Email "customer_note" for order #80808 not sent: email type is disabled CONTEXT: {"email_type":"customer_note","status":"disabled","recipient":"guest","order":80808}
2026-08-10T18:43:04+00:00 NOTICE Email "new_order" for order #80809 not sent: email type is disabled CONTEXT: {"email_type":"new_order","status":"disabled","recipient":"Admin_Madrasmilk","order":80809}
2026-08-10T18:43:04+00:00 NOTICE Email "customer_processing_order" for order #80809 not sent: email type is disabled CONTEXT: {"email_type":"customer_processing_order","status":"disabled","recipient":"scisenthil","order":80809}
2026-08-10T18:53:27+00:00 INFO Email "cancelled_subscription" for order #77678 sent CONTEXT: {"email_type":"cancelled_subscription","status":"sent","recipient":"Admin_Madrasmilk","order":77678}
2026-08-10T18:54:42+00:00 NOTICE Email "customer_note" for order #80810 not sent: email type is disabled CONTEXT: {"email_type":"customer_note","status":"disabled","recipient":"guest","order":80810}
2026-08-10T18:55:06+00:00 NOTICE Email "new_order" for order #80811 not sent: email type is disabled CONTEXT: {"email_type":"new_order","status":"disabled","recipient":"Admin_Madrasmilk","order":80811}
2026-08-10T18:55:06+00:00 NOTICE Email "customer_processing_order" for order #80811 not sent: email type is disabled CONTEXT: {"email_type":"customer_processing_order","status":"disabled","recipient":"logi.sekar","order":80811}
2026-08-10T20:56:28+00:00 NOTICE Email "customer_note" for order #80812 not sent: email type is disabled CONTEXT: {"email_type":"customer_note","status":"disabled","recipient":"thaseenphysio","order":80812}
2026-08-10T21:00:27+00:00 NOTICE Email "customer_note" for order #80813 not sent: email type is disabled CONTEXT: {"email_type":"customer_note","status":"disabled","recipient":"gjnithyashankari","order":80813}
2026-08-10T22:01:11+00:00 NOTICE Email "customer_note" for order #80542 not sent: email type is disabled CONTEXT: {"email_type":"customer_note","status":"disabled","recipient":"cpamma","order":80542}
2026-08-10T22:01:35+00:00 NOTICE Email "customer_note" for order #80540 not sent: email type is disabled CONTEXT: {"email_type":"customer_note","status":"disabled","recipient":"Aritra Pan","order":80540}
2026-08-10T22:01:40+00:00 NOTICE Email "customer_note" for order #80540 not sent: email type is disabled CONTEXT: {"email_type":"customer_note","status":"disabled","recipient":"Aritra Pan","order":80540}
2026-08-10T23:14:19+00:00 INFO Email "customer_new_account" for user #1607 sent CONTEXT: {"email_type":"customer_new_account","status":"sent","recipient":"fazia","user":1607}
