2026-07-25T00:01:16+00:00 DEBUG [scope=wc_subscription_scheduled_event] Dedicated queue runner "woocommerce-subscriptions" could not be created. Existing claim: none. Cycle: 1/3.
2026-07-25T00:01:40+00:00 DEBUG [scope=wc_subscription_scheduled_event] Dedicated queue runner "woocommerce-subscriptions" could not be created. Existing claim: none. Cycle: 2/3.
2026-07-25T00:02:34+00:00 DEBUG [scope=wc_subscription_scheduled_event] Dedicated queue runner "woocommerce-subscriptions" created. Cycle: 3/3.
2026-07-25T00:03:54+00:00 DEBUG [scope=wc_subscription_scheduled_event] Dedicated queue runner "woocommerce-subscriptions" could not be created. Existing claim: none. Cycle: 1/3.
2026-07-25T00:05:04+00:00 DEBUG [scope=wc_subscription_scheduled_event] Dedicated queue runner "woocommerce-subscriptions" could not be created. Existing claim: none. Cycle: 2/3.
2026-07-25T00:05:05+00:00 DEBUG [scope=wc_subscription_scheduled_event] Dedicated queue runner "woocommerce-subscriptions" created. Cycle: 3/3.
2026-07-25T00:05:34+00:00 DEBUG [scope=wc_subscription_scheduled_event] Dedicated queue runner "woocommerce-subscriptions" could not be created. Existing claim: none. Cycle: 1/3.
2026-07-25T00:06:46+00:00 DEBUG [scope=wc_subscription_scheduled_event] Dedicated queue runner "woocommerce-subscriptions" could not be created. Existing claim: none. Cycle: 2/3.
2026-07-25T00:07:50+00:00 DEBUG [scope=wc_subscription_scheduled_event] Dedicated queue runner "woocommerce-subscriptions" created. Cycle: 3/3.
2026-07-25T00:08:44+00:00 DEBUG [scope=wc_subscription_scheduled_event] Dedicated queue runner "woocommerce-subscriptions" could not be created. Existing claim: none. Cycle: 1/3.
2026-07-25T00:08:45+00:00 DEBUG [scope=wc_subscription_scheduled_event] Dedicated queue runner "woocommerce-subscriptions" could not be created. Existing claim: none. Cycle: 2/3.
2026-07-25T00:09:38+00:00 DEBUG [scope=wc_subscription_scheduled_event] Dedicated queue runner "woocommerce-subscriptions" created. Cycle: 3/3.
2026-07-25T00:10:45+00:00 DEBUG [scope=wc_subscription_scheduled_event] Dedicated queue runner "woocommerce-subscriptions" could not be created. Existing claim: none. Cycle: 1/3.
2026-07-25T00:12:12+00:00 DEBUG [scope=wc_subscription_scheduled_event] Dedicated queue runner "woocommerce-subscriptions" could not be created. Existing claim: none. Cycle: 2/3.
2026-07-25T00:12:36+00:00 DEBUG [scope=wc_subscription_scheduled_event] Dedicated queue runner "woocommerce-subscriptions" created. Cycle: 3/3.
2026-07-25T00:14:05+00:00 DEBUG [scope=wc_subscription_scheduled_event] Dedicated queue runner "woocommerce-subscriptions" could not be created. Existing claim: none. Cycle: 1/3.
2026-07-25T00:14:53+00:00 DEBUG [scope=wc_subscription_scheduled_event] Dedicated queue runner "woocommerce-subscriptions" could not be created. Existing claim: none. Cycle: 2/3.
2026-07-25T00:15:56+00:00 DEBUG [scope=wc_subscription_scheduled_event] Dedicated queue runner "woocommerce-subscriptions" created. Cycle: 3/3.
2026-07-25T00:16:38+00:00 DEBUG [scope=wc_subscription_scheduled_event] Dedicated queue runner "woocommerce-subscriptions" could not be created. Existing claim: none. Cycle: 1/3.
2026-07-25T00:17:44+00:00 DEBUG [scope=wc_subscription_scheduled_event] Dedicated queue runner "woocommerce-subscriptions" could not be created. Existing claim: none. Cycle: 2/3.
2026-07-25T00:18:10+00:00 DEBUG [scope=wc_subscription_scheduled_event] Dedicated queue runner "woocommerce-subscriptions" created. Cycle: 3/3.
2026-07-25T00:18:15+00:00 DEBUG [scope=wc_subscription_scheduled_event] Dedicated queue runner "woocommerce-subscriptions" could not be created. Existing claim: none. Cycle: 1/3.
2026-07-25T00:19:13+00:00 DEBUG [scope=wc_subscription_scheduled_event] Dedicated queue runner "woocommerce-subscriptions" could not be created. Existing claim: none. Cycle: 2/3.
2026-07-25T00:19:41+00:00 DEBUG [scope=wc_subscription_scheduled_event] Dedicated queue runner "woocommerce-subscriptions" created. Cycle: 3/3.
2026-07-25T00:20:42+00:00 DEBUG [scope=wc_subscription_scheduled_event] Dedicated queue runner "woocommerce-subscriptions" could not be created. Existing claim: none. Cycle: 1/3.
2026-07-25T00:21:51+00:00 DEBUG [scope=wc_subscription_scheduled_event] Dedicated queue runner "woocommerce-subscriptions" could not be created. Existing claim: none. Cycle: 2/3.
2026-07-25T00:23:51+00:00 DEBUG [scope=wc_subscription_scheduled_event] Dedicated queue runner "woocommerce-subscriptions" created. Cycle: 3/3.
2026-07-25T00:25:51+00:00 DEBUG [scope=wc_subscription_scheduled_event] Dedicated queue runner "woocommerce-subscriptions" could not be created. Existing claim: none. Cycle: 1/3.
2026-07-25T00:25:52+00:00 DEBUG [scope=wc_subscription_scheduled_event] Dedicated queue runner "woocommerce-subscriptions" could not be created. Existing claim: none. Cycle: 2/3.
2026-07-25T00:27:51+00:00 DEBUG [scope=wc_subscription_scheduled_event] Dedicated queue runner "woocommerce-subscriptions" created. Cycle: 3/3.
2026-07-25T00:29:51+00:00 DEBUG [scope=wc_subscription_scheduled_event] Dedicated queue runner "woocommerce-subscriptions" could not be created. Existing claim: none. Cycle: 1/3.
2026-07-25T00:35:23+00:00 DEBUG [scope=wc_subscription_scheduled_event] Dedicated queue runner "woocommerce-subscriptions" not applied: none of its groups exist yet.
2026-07-25T01:39:02+00:00 DEBUG [scope=wc_subscription_scheduled_event] Dedicated queue runner "woocommerce-subscriptions" not applied: none of its groups exist yet.
2026-07-25T01:46:26+00:00 DEBUG [scope=wc_subscription_scheduled_event] Dedicated queue runner "woocommerce-subscriptions" could not be created. Existing claim: none. Cycle: 2/3.
2026-07-25T01:54:56+00:00 DEBUG [scope=wc_subscription_scheduled_event] Dedicated queue runner "woocommerce-subscriptions" not applied: none of its groups exist yet.
2026-07-25T02:35:42+00:00 DEBUG [scope=wc_subscription_scheduled_event] Dedicated queue runner "woocommerce-subscriptions" not applied: none of its groups exist yet.
2026-07-25T03:39:31+00:00 DEBUG [scope=wc_subscription_scheduled_event] Dedicated queue runner "woocommerce-subscriptions" created. Cycle: 3/3.
2026-07-25T03:48:41+00:00 DEBUG [scope=wc_subscription_scheduled_event] Dedicated queue runner "woocommerce-subscriptions" not applied: none of its groups exist yet.
2026-07-25T03:52:37+00:00 DEBUG [scope=wc_subscription_scheduled_event] Dedicated queue runner "woocommerce-subscriptions" not applied: none of its groups exist yet.
2026-07-25T04:01:42+00:00 DEBUG [scope=wc_subscription_scheduled_event] Dedicated queue runner "woocommerce-subscriptions" not applied: none of its groups exist yet.
2026-07-25T04:05:50+00:00 DEBUG [scope=wc_subscription_scheduled_event] Dedicated queue runner "woocommerce-subscriptions" could not be created. Existing claim: none. Cycle: 1/3.
2026-07-25T04:05:50+00:00 DEBUG [scope=wc_subscription_scheduled_event] Dedicated queue runner "woocommerce-subscriptions" could not be created. Existing claim: none. Cycle: 2/3.
2026-07-25T04:06:52+00:00 DEBUG [scope=wc_subscription_scheduled_event] Dedicated queue runner "woocommerce-subscriptions" created. Cycle: 3/3.
2026-07-25T04:07:52+00:00 DEBUG [scope=wc_subscription_scheduled_event] Dedicated queue runner "woocommerce-subscriptions" could not be created. Existing claim: none. Cycle: 1/3.
2026-07-25T04:08:58+00:00 DEBUG [scope=wc_subscription_scheduled_event] Dedicated queue runner "woocommerce-subscriptions" could not be created. Existing claim: none. Cycle: 2/3.
2026-07-25T04:09:58+00:00 DEBUG [scope=wc_subscription_scheduled_event] Dedicated queue runner "woocommerce-subscriptions" created. Cycle: 3/3.
2026-07-25T04:10:59+00:00 DEBUG [scope=wc_subscription_scheduled_event] Dedicated queue runner "woocommerce-subscriptions" could not be created. Existing claim: none. Cycle: 1/3.
2026-07-25T04:11:59+00:00 DEBUG [scope=wc_subscription_scheduled_event] Dedicated queue runner "woocommerce-subscriptions" could not be created. Existing claim: none. Cycle: 2/3.
2026-07-25T04:13:17+00:00 DEBUG [scope=wc_subscription_scheduled_event] Dedicated queue runner "woocommerce-subscriptions" created. Cycle: 3/3.
2026-07-25T04:14:18+00:00 DEBUG [scope=wc_subscription_scheduled_event] Dedicated queue runner "woocommerce-subscriptions" could not be created. Existing claim: none. Cycle: 1/3.
2026-07-25T04:17:18+00:00 DEBUG [scope=wc_subscription_scheduled_event] Dedicated queue runner "woocommerce-subscriptions" could not be created. Existing claim: none. Cycle: 2/3.
2026-07-25T04:18:20+00:00 DEBUG [scope=wc_subscription_scheduled_event] Dedicated queue runner "woocommerce-subscriptions" created. Cycle: 3/3.
2026-07-25T04:18:21+00:00 DEBUG [scope=wc_subscription_scheduled_event] Dedicated queue runner "woocommerce-subscriptions" could not be created. Existing claim: none. Cycle: 1/3.
2026-07-25T04:19:20+00:00 DEBUG [scope=wc_subscription_scheduled_event] Dedicated queue runner "woocommerce-subscriptions" could not be created. Existing claim: none. Cycle: 2/3.
2026-07-25T04:20:20+00:00 DEBUG [scope=wc_subscription_scheduled_event] Dedicated queue runner "woocommerce-subscriptions" created. Cycle: 3/3.
2026-07-25T04:22:20+00:00 DEBUG [scope=wc_subscription_scheduled_event] Dedicated queue runner "woocommerce-subscriptions" could not be created. Existing claim: none. Cycle: 1/3.
2026-07-25T04:22:21+00:00 DEBUG [scope=wc_subscription_scheduled_event] Dedicated queue runner "woocommerce-subscriptions" could not be created. Existing claim: none. Cycle: 2/3.
2026-07-25T04:24:20+00:00 DEBUG [scope=wc_subscription_scheduled_event] Dedicated queue runner "woocommerce-subscriptions" created. Cycle: 3/3.
2026-07-25T04:26:20+00:00 DEBUG [scope=wc_subscription_scheduled_event] Dedicated queue runner "woocommerce-subscriptions" could not be created. Existing claim: none. Cycle: 1/3.
2026-07-25T04:28:16+00:00 DEBUG [scope=wc_subscription_scheduled_event] Dedicated queue runner "woocommerce-subscriptions" could not be created. Existing claim: none. Cycle: 2/3.
2026-07-25T04:29:27+00:00 DEBUG [scope=wc_subscription_scheduled_event] Dedicated queue runner "woocommerce-subscriptions" created. Cycle: 3/3.
2026-07-25T04:30:27+00:00 DEBUG [scope=wc_subscription_scheduled_event] Dedicated queue runner "woocommerce-subscriptions" could not be created. Existing claim: none. Cycle: 1/3.
2026-07-25T04:31:27+00:00 DEBUG [scope=wc_subscription_scheduled_event] Dedicated queue runner "woocommerce-subscriptions" could not be created. Existing claim: none. Cycle: 2/3.
2026-07-25T04:32:27+00:00 DEBUG [scope=wc_subscription_scheduled_event] Dedicated queue runner "woocommerce-subscriptions" created. Cycle: 3/3.
2026-07-25T04:33:27+00:00 DEBUG [scope=wc_subscription_scheduled_event] Dedicated queue runner "woocommerce-subscriptions" could not be created. Existing claim: none. Cycle: 1/3.
2026-07-25T04:34:27+00:00 DEBUG [scope=wc_subscription_scheduled_event] Dedicated queue runner "woocommerce-subscriptions" could not be created. Existing claim: none. Cycle: 2/3.
2026-07-25T04:35:27+00:00 DEBUG [scope=wc_subscription_scheduled_event] Dedicated queue runner "woocommerce-subscriptions" created. Cycle: 3/3.
2026-07-25T04:36:27+00:00 DEBUG [scope=wc_subscription_scheduled_event] Dedicated queue runner "woocommerce-subscriptions" could not be created. Existing claim: none. Cycle: 1/3.
2026-07-25T04:37:27+00:00 DEBUG [scope=wc_subscription_scheduled_event] Dedicated queue runner "woocommerce-subscriptions" could not be created. Existing claim: none. Cycle: 2/3.
2026-07-25T04:38:27+00:00 DEBUG [scope=wc_subscription_scheduled_event] Dedicated queue runner "woocommerce-subscriptions" created. Cycle: 3/3.
2026-07-25T04:39:27+00:00 DEBUG [scope=wc_subscription_scheduled_event] Dedicated queue runner "woocommerce-subscriptions" could not be created. Existing claim: none. Cycle: 1/3.
2026-07-25T04:40:30+00:00 DEBUG [scope=wc_subscription_scheduled_event] Dedicated queue runner "woocommerce-subscriptions" could not be created. Existing claim: none. Cycle: 2/3.
2026-07-25T04:41:37+00:00 DEBUG [scope=wc_subscription_scheduled_event] Dedicated queue runner "woocommerce-subscriptions" created. Cycle: 3/3.
2026-07-25T04:42:37+00:00 DEBUG [scope=wc_subscription_scheduled_event] Dedicated queue runner "woocommerce-subscriptions" could not be created. Existing claim: none. Cycle: 1/3.
2026-07-25T04:43:38+00:00 DEBUG [scope=wc_subscription_scheduled_event] Dedicated queue runner "woocommerce-subscriptions" could not be created. Existing claim: none. Cycle: 2/3.
2026-07-25T04:44:37+00:00 DEBUG [scope=wc_subscription_scheduled_event] Dedicated queue runner "woocommerce-subscriptions" created. Cycle: 3/3.
2026-07-25T04:46:21+00:00 DEBUG [scope=wc_subscription_scheduled_event] Dedicated queue runner "woocommerce-subscriptions" could not be created. Existing claim: none. Cycle: 1/3.
2026-07-25T04:46:22+00:00 DEBUG [scope=wc_subscription_scheduled_event] Dedicated queue runner "woocommerce-subscriptions" could not be created. Existing claim: none. Cycle: 2/3.
2026-07-25T04:47:21+00:00 DEBUG [scope=wc_subscription_scheduled_event] Dedicated queue runner "woocommerce-subscriptions" created. Cycle: 3/3.
2026-07-25T04:48:21+00:00 DEBUG [scope=wc_subscription_scheduled_event] Dedicated queue runner "woocommerce-subscriptions" could not be created. Existing claim: none. Cycle: 1/3.
2026-07-25T04:49:21+00:00 DEBUG [scope=wc_subscription_scheduled_event] Dedicated queue runner "woocommerce-subscriptions" could not be created. Existing claim: none. Cycle: 2/3.
2026-07-25T04:50:00+00:00 DEBUG [scope=wc_subscription_scheduled_event] Dedicated queue runner "woocommerce-subscriptions" created. Cycle: 3/3.
2026-07-25T04:51:02+00:00 DEBUG [scope=wc_subscription_scheduled_event] Dedicated queue runner "woocommerce-subscriptions" could not be created. Existing claim: none. Cycle: 1/3.
2026-07-25T04:51:03+00:00 DEBUG [scope=wc_subscription_scheduled_event] Dedicated queue runner "woocommerce-subscriptions" could not be created. Existing claim: none. Cycle: 2/3.
2026-07-25T04:52:02+00:00 DEBUG [scope=wc_subscription_scheduled_event] Dedicated queue runner "woocommerce-subscriptions" created. Cycle: 3/3.
2026-07-25T04:53:02+00:00 DEBUG [scope=wc_subscription_scheduled_event] Dedicated queue runner "woocommerce-subscriptions" could not be created. Existing claim: none. Cycle: 1/3.
2026-07-25T04:54:02+00:00 DEBUG [scope=wc_subscription_scheduled_event] Dedicated queue runner "woocommerce-subscriptions" could not be created. Existing claim: none. Cycle: 2/3.
2026-07-25T04:54:56+00:00 DEBUG [scope=wc_subscription_scheduled_event] Dedicated queue runner "woocommerce-subscriptions" created. Cycle: 3/3.
2026-07-25T04:55:42+00:00 DEBUG [scope=wc_subscription_scheduled_event] Dedicated queue runner "woocommerce-subscriptions" could not be created. Existing claim: none. Cycle: 1/3.
2026-07-25T04:56:44+00:00 DEBUG [scope=wc_subscription_scheduled_event] Dedicated queue runner "woocommerce-subscriptions" could not be created. Existing claim: none. Cycle: 2/3.
2026-07-25T04:56:45+00:00 DEBUG [scope=wc_subscription_scheduled_event] Dedicated queue runner "woocommerce-subscriptions" created. Cycle: 3/3.
2026-07-25T04:57:59+00:00 DEBUG [scope=wc_subscription_scheduled_event] Dedicated queue runner "woocommerce-subscriptions" could not be created. Existing claim: none. Cycle: 1/3.
2026-07-25T04:58:00+00:00 DEBUG [scope=wc_subscription_scheduled_event] Dedicated queue runner "woocommerce-subscriptions" could not be created. Existing claim: none. Cycle: 2/3.
2026-07-25T04:58:45+00:00 DEBUG [scope=wc_subscription_scheduled_event] Dedicated queue runner "woocommerce-subscriptions" created. Cycle: 3/3.
2026-07-25T04:59:48+00:00 DEBUG [scope=wc_subscription_scheduled_event] Dedicated queue runner "woocommerce-subscriptions" could not be created. Existing claim: none. Cycle: 1/3.
2026-07-25T04:59:49+00:00 DEBUG [scope=wc_subscription_scheduled_event] Dedicated queue runner "woocommerce-subscriptions" could not be created. Existing claim: none. Cycle: 2/3.
2026-07-25T05:00:48+00:00 DEBUG [scope=wc_subscription_scheduled_event] Dedicated queue runner "woocommerce-subscriptions" created. Cycle: 3/3.
2026-07-25T05:01:37+00:00 DEBUG [scope=wc_subscription_scheduled_event] Dedicated queue runner "woocommerce-subscriptions" could not be created. Existing claim: none. Cycle: 1/3.
2026-07-25T05:03:34+00:00 DEBUG [scope=wc_subscription_scheduled_event] Dedicated queue runner "woocommerce-subscriptions" could not be created. Existing claim: none. Cycle: 2/3.
2026-07-25T05:03:35+00:00 DEBUG [scope=wc_subscription_scheduled_event] Dedicated queue runner "woocommerce-subscriptions" created. Cycle: 3/3.
2026-07-25T05:05:34+00:00 DEBUG [scope=wc_subscription_scheduled_event] Dedicated queue runner "woocommerce-subscriptions" could not be created. Existing claim: none. Cycle: 1/3.
2026-07-25T05:05:35+00:00 DEBUG [scope=wc_subscription_scheduled_event] Dedicated queue runner "woocommerce-subscriptions" could not be created. Existing claim: none. Cycle: 2/3.
2026-07-25T05:07:34+00:00 DEBUG [scope=wc_subscription_scheduled_event] Dedicated queue runner "woocommerce-subscriptions" created. Cycle: 3/3.
2026-07-25T05:07:35+00:00 DEBUG [scope=wc_subscription_scheduled_event] Dedicated queue runner "woocommerce-subscriptions" could not be created. Existing claim: none. Cycle: 1/3.
2026-07-25T05:09:34+00:00 DEBUG [scope=wc_subscription_scheduled_event] Dedicated queue runner "woocommerce-subscriptions" could not be created. Existing claim: none. Cycle: 2/3.
2026-07-25T05:11:34+00:00 DEBUG [scope=wc_subscription_scheduled_event] Dedicated queue runner "woocommerce-subscriptions" created. Cycle: 3/3.
2026-07-25T05:13:35+00:00 DEBUG [scope=wc_subscription_scheduled_event] Dedicated queue runner "woocommerce-subscriptions" could not be created. Existing claim: none. Cycle: 1/3.
2026-07-25T05:15:34+00:00 DEBUG [scope=wc_subscription_scheduled_event] Dedicated queue runner "woocommerce-subscriptions" could not be created. Existing claim: none. Cycle: 2/3.
2026-07-25T05:17:34+00:00 DEBUG [scope=wc_subscription_scheduled_event] Dedicated queue runner "woocommerce-subscriptions" created. Cycle: 3/3.
2026-07-25T05:18:59+00:00 DEBUG [scope=wc_subscription_scheduled_event] Dedicated queue runner "woocommerce-subscriptions" could not be created. Existing claim: none. Cycle: 1/3.
2026-07-25T05:20:29+00:00 DEBUG [scope=wc_subscription_scheduled_event] Dedicated queue runner "woocommerce-subscriptions" could not be created. Existing claim: none. Cycle: 2/3.
2026-07-25T05:22:29+00:00 DEBUG [scope=wc_subscription_scheduled_event] Dedicated queue runner "woocommerce-subscriptions" created. Cycle: 3/3.
2026-07-25T05:24:30+00:00 DEBUG [scope=wc_subscription_scheduled_event] Dedicated queue runner "woocommerce-subscriptions" could not be created. Existing claim: none. Cycle: 1/3.
2026-07-25T05:26:34+00:00 DEBUG [scope=wc_subscription_scheduled_event] Dedicated queue runner "woocommerce-subscriptions" could not be created. Existing claim: none. Cycle: 2/3.
2026-07-25T05:28:35+00:00 DEBUG [scope=wc_subscription_scheduled_event] Dedicated queue runner "woocommerce-subscriptions" created. Cycle: 3/3.
2026-07-25T05:30:35+00:00 DEBUG [scope=wc_subscription_scheduled_event] Dedicated queue runner "woocommerce-subscriptions" could not be created. Existing claim: none. Cycle: 1/3.
2026-07-25T05:36:25+00:00 DEBUG [scope=wc_subscription_scheduled_event] Dedicated queue runner "woocommerce-subscriptions" could not be created. Existing claim: none. Cycle: 2/3.
2026-07-25T05:36:34+00:00 DEBUG [scope=wc_subscription_scheduled_event] Dedicated queue runner "woocommerce-subscriptions" created. Cycle: 3/3.
2026-07-25T05:38:33+00:00 DEBUG [scope=wc_subscription_scheduled_event] Dedicated queue runner "woocommerce-subscriptions" could not be created. Existing claim: none. Cycle: 1/3.
2026-07-25T05:39:33+00:00 DEBUG [scope=wc_subscription_scheduled_event] Dedicated queue runner "woocommerce-subscriptions" could not be created. Existing claim: none. Cycle: 2/3.
2026-07-25T05:40:33+00:00 DEBUG [scope=wc_subscription_scheduled_event] Dedicated queue runner "woocommerce-subscriptions" created. Cycle: 3/3.
2026-07-25T05:41:34+00:00 DEBUG [scope=wc_subscription_scheduled_event] Dedicated queue runner "woocommerce-subscriptions" could not be created. Existing claim: none. Cycle: 1/3.
2026-07-25T05:42:34+00:00 DEBUG [scope=wc_subscription_scheduled_event] Dedicated queue runner "woocommerce-subscriptions" could not be created. Existing claim: none. Cycle: 2/3.
2026-07-25T05:43:34+00:00 DEBUG [scope=wc_subscription_scheduled_event] Dedicated queue runner "woocommerce-subscriptions" created. Cycle: 3/3.
2026-07-25T05:44:34+00:00 DEBUG [scope=wc_subscription_scheduled_event] Dedicated queue runner "woocommerce-subscriptions" could not be created. Existing claim: none. Cycle: 1/3.
2026-07-25T05:45:35+00:00 DEBUG [scope=wc_subscription_scheduled_event] Dedicated queue runner "woocommerce-subscriptions" could not be created. Existing claim: none. Cycle: 2/3.
2026-07-25T05:46:35+00:00 DEBUG [scope=wc_subscription_scheduled_event] Dedicated queue runner "woocommerce-subscriptions" created. Cycle: 3/3.
2026-07-25T05:47:35+00:00 DEBUG [scope=wc_subscription_scheduled_event] Dedicated queue runner "woocommerce-subscriptions" could not be created. Existing claim: none. Cycle: 1/3.
2026-07-25T05:48:35+00:00 DEBUG [scope=wc_subscription_scheduled_event] Dedicated queue runner "woocommerce-subscriptions" could not be created. Existing claim: none. Cycle: 2/3.
2026-07-25T05:49:37+00:00 DEBUG [scope=wc_subscription_scheduled_event] Dedicated queue runner "woocommerce-subscriptions" created. Cycle: 3/3.
2026-07-25T05:50:37+00:00 DEBUG [scope=wc_subscription_scheduled_event] Dedicated queue runner "woocommerce-subscriptions" could not be created. Existing claim: none. Cycle: 1/3.
2026-07-25T05:51:38+00:00 DEBUG [scope=wc_subscription_scheduled_event] Dedicated queue runner "woocommerce-subscriptions" could not be created. Existing claim: none. Cycle: 2/3.
2026-07-25T05:52:37+00:00 DEBUG [scope=wc_subscription_scheduled_event] Dedicated queue runner "woocommerce-subscriptions" created. Cycle: 3/3.
2026-07-25T05:53:38+00:00 DEBUG [scope=wc_subscription_scheduled_event] Dedicated queue runner "woocommerce-subscriptions" could not be created. Existing claim: none. Cycle: 1/3.
2026-07-25T05:53:39+00:00 DEBUG [scope=wc_subscription_scheduled_event] Dedicated queue runner "woocommerce-subscriptions" could not be created. Existing claim: none. Cycle: 2/3.
2026-07-25T05:54:38+00:00 DEBUG [scope=wc_subscription_scheduled_event] Dedicated queue runner "woocommerce-subscriptions" created. Cycle: 3/3.
2026-07-25T05:55:38+00:00 DEBUG [scope=wc_subscription_scheduled_event] Dedicated queue runner "woocommerce-subscriptions" could not be created. Existing claim: none. Cycle: 1/3.
2026-07-25T05:56:40+00:00 DEBUG [scope=wc_subscription_scheduled_event] Dedicated queue runner "woocommerce-subscriptions" could not be created. Existing claim: none. Cycle: 2/3.
2026-07-25T05:57:36+00:00 DEBUG [scope=wc_subscription_scheduled_event] Dedicated queue runner "woocommerce-subscriptions" created. Cycle: 3/3.
2026-07-25T05:58:39+00:00 DEBUG [scope=wc_subscription_scheduled_event] Dedicated queue runner "woocommerce-subscriptions" could not be created. Existing claim: none. Cycle: 1/3.
2026-07-25T06:00:14+00:00 DEBUG [scope=wc_subscription_scheduled_event] Dedicated queue runner "woocommerce-subscriptions" could not be created. Existing claim: none. Cycle: 2/3.
2026-07-25T06:00:37+00:00 DEBUG [scope=wc_subscription_scheduled_event] Dedicated queue runner "woocommerce-subscriptions" created. Cycle: 3/3.
2026-07-25T06:01:44+00:00 DEBUG [scope=wc_subscription_scheduled_event] Dedicated queue runner "woocommerce-subscriptions" could not be created. Existing claim: none. Cycle: 1/3.
2026-07-25T06:02:53+00:00 DEBUG [scope=wc_subscription_scheduled_event] Dedicated queue runner "woocommerce-subscriptions" could not be created. Existing claim: none. Cycle: 2/3.
2026-07-25T06:04:10+00:00 DEBUG [scope=wc_subscription_scheduled_event] Dedicated queue runner "woocommerce-subscriptions" created. Cycle: 3/3.
2026-07-25T06:06:10+00:00 DEBUG [scope=wc_subscription_scheduled_event] Dedicated queue runner "woocommerce-subscriptions" could not be created. Existing claim: none. Cycle: 1/3.
2026-07-25T06:07:03+00:00 DEBUG [scope=wc_subscription_scheduled_event] Dedicated queue runner "woocommerce-subscriptions" could not be created. Existing claim: none. Cycle: 2/3.
2026-07-25T06:07:47+00:00 DEBUG [scope=wc_subscription_scheduled_event] Dedicated queue runner "woocommerce-subscriptions" created. Cycle: 3/3.
2026-07-25T06:07:48+00:00 DEBUG [scope=wc_subscription_scheduled_event] Dedicated queue runner "woocommerce-subscriptions" could not be created. Existing claim: none. Cycle: 1/3.
2026-07-25T06:08:40+00:00 DEBUG [scope=wc_subscription_scheduled_event] Dedicated queue runner "woocommerce-subscriptions" could not be created. Existing claim: none. Cycle: 2/3.
2026-07-25T06:09:08+00:00 DEBUG [scope=wc_subscription_scheduled_event] Dedicated queue runner "woocommerce-subscriptions" not applied: none of its groups exist yet.
2026-07-25T06:09:35+00:00 DEBUG [scope=wc_subscription_scheduled_event] Dedicated queue runner "woocommerce-subscriptions" not applied: none of its groups exist yet.
2026-07-25T06:09:42+00:00 DEBUG [scope=wc_subscription_scheduled_event] Dedicated queue runner "woocommerce-subscriptions" created. Cycle: 3/3.
2026-07-25T06:10:34+00:00 DEBUG [scope=wc_subscription_scheduled_event] Dedicated queue runner "woocommerce-subscriptions" could not be created. Existing claim: none. Cycle: 1/3.
2026-07-25T06:11:45+00:00 DEBUG [scope=wc_subscription_scheduled_event] Dedicated queue runner "woocommerce-subscriptions" could not be created. Existing claim: none. Cycle: 2/3.
2026-07-25T06:12:49+00:00 DEBUG [scope=wc_subscription_scheduled_event] Dedicated queue runner "woocommerce-subscriptions" created. Cycle: 3/3.
2026-07-25T06:12:50+00:00 DEBUG [scope=wc_subscription_scheduled_event] Dedicated queue runner "woocommerce-subscriptions" could not be created. Existing claim: none. Cycle: 1/3.
2026-07-25T06:13:49+00:00 DEBUG [scope=wc_subscription_scheduled_event] Dedicated queue runner "woocommerce-subscriptions" could not be created. Existing claim: none. Cycle: 2/3.
2026-07-25T06:14:49+00:00 DEBUG [scope=wc_subscription_scheduled_event] Dedicated queue runner "woocommerce-subscriptions" created. Cycle: 3/3.
2026-07-25T06:15:46+00:00 DEBUG [scope=wc_subscription_scheduled_event] Dedicated queue runner "woocommerce-subscriptions" could not be created. Existing claim: none. Cycle: 1/3.
2026-07-25T06:17:55+00:00 DEBUG [scope=wc_subscription_scheduled_event] Dedicated queue runner "woocommerce-subscriptions" could not be created. Existing claim: none. Cycle: 2/3.
2026-07-25T06:17:56+00:00 DEBUG [scope=wc_subscription_scheduled_event] Dedicated queue runner "woocommerce-subscriptions" created. Cycle: 3/3.
2026-07-25T06:19:57+00:00 DEBUG [scope=wc_subscription_scheduled_event] Dedicated queue runner "woocommerce-subscriptions" could not be created. Existing claim: none. Cycle: 1/3.
2026-07-25T06:21:57+00:00 DEBUG [scope=wc_subscription_scheduled_event] Dedicated queue runner "woocommerce-subscriptions" not applied: none of its groups exist yet.
2026-07-25T06:21:58+00:00 DEBUG [scope=wc_subscription_scheduled_event] Dedicated queue runner "woocommerce-subscriptions" could not be created. Existing claim: none. Cycle: 2/3.
2026-07-25T06:21:59+00:00 DEBUG [scope=wc_subscription_scheduled_event] Dedicated queue runner "woocommerce-subscriptions" created. Cycle: 3/3.
2026-07-25T06:23:58+00:00 DEBUG [scope=wc_subscription_scheduled_event] Dedicated queue runner "woocommerce-subscriptions" could not be created. Existing claim: none. Cycle: 1/3.
2026-07-25T06:28:37+00:00 DEBUG [scope=wc_subscription_scheduled_event] Dedicated queue runner "woocommerce-subscriptions" could not be created. Existing claim: none. Cycle: 2/3.
2026-07-25T06:31:15+00:00 DEBUG [scope=wc_subscription_scheduled_event] Dedicated queue runner "woocommerce-subscriptions" created. Cycle: 3/3.
2026-07-25T06:32:36+00:00 DEBUG [scope=wc_subscription_scheduled_event] Dedicated queue runner "woocommerce-subscriptions" not applied: none of its groups exist yet.
2026-07-25T06:36:00+00:00 DEBUG [scope=wc_subscription_scheduled_event] Dedicated queue runner "woocommerce-subscriptions" could not be created. Existing claim: none. Cycle: 1/3.
2026-07-25T06:48:22+00:00 DEBUG [scope=wc_subscription_scheduled_event] Dedicated queue runner "woocommerce-subscriptions" could not be created. Existing claim: none. Cycle: 2/3.
2026-07-25T06:48:35+00:00 DEBUG [scope=wc_subscription_scheduled_event] Dedicated queue runner "woocommerce-subscriptions" not applied: none of its groups exist yet.
2026-07-25T06:48:46+00:00 DEBUG [scope=wc_subscription_scheduled_event] Dedicated queue runner "woocommerce-subscriptions" created. Cycle: 3/3.
2026-07-25T06:50:09+00:00 DEBUG [scope=wc_subscription_scheduled_event] Dedicated queue runner "woocommerce-subscriptions" could not be created. Existing claim: none. Cycle: 1/3.
2026-07-25T06:50:44+00:00 DEBUG [scope=wc_subscription_scheduled_event] Dedicated queue runner "woocommerce-subscriptions" could not be created. Existing claim: none. Cycle: 2/3.
2026-07-25T06:52:03+00:00 DEBUG [scope=wc_subscription_scheduled_event] Dedicated queue runner "woocommerce-subscriptions" created. Cycle: 3/3.
2026-07-25T06:52:37+00:00 DEBUG [scope=wc_subscription_scheduled_event] Dedicated queue runner "woocommerce-subscriptions" could not be created. Existing claim: none. Cycle: 1/3.
2026-07-25T06:53:38+00:00 DEBUG [scope=wc_subscription_scheduled_event] Dedicated queue runner "woocommerce-subscriptions" could not be created. Existing claim: none. Cycle: 2/3.
2026-07-25T06:54:39+00:00 DEBUG [scope=wc_subscription_scheduled_event] Dedicated queue runner "woocommerce-subscriptions" created. Cycle: 3/3.
2026-07-25T06:56:40+00:00 DEBUG [scope=wc_subscription_scheduled_event] Dedicated queue runner "woocommerce-subscriptions" could not be created. Existing claim: none. Cycle: 1/3.
2026-07-25T06:58:41+00:00 DEBUG [scope=wc_subscription_scheduled_event] Dedicated queue runner "woocommerce-subscriptions" could not be created. Existing claim: none. Cycle: 2/3.
2026-07-25T07:00:42+00:00 DEBUG [scope=wc_subscription_scheduled_event] Dedicated queue runner "woocommerce-subscriptions" created. Cycle: 3/3.
2026-07-25T07:02:43+00:00 DEBUG [scope=wc_subscription_scheduled_event] Dedicated queue runner "woocommerce-subscriptions" could not be created. Existing claim: none. Cycle: 1/3.
2026-07-25T07:04:44+00:00 DEBUG [scope=wc_subscription_scheduled_event] Dedicated queue runner "woocommerce-subscriptions" could not be created. Existing claim: none. Cycle: 2/3.
2026-07-25T07:06:02+00:00 DEBUG [scope=wc_subscription_scheduled_event] Dedicated queue runner "woocommerce-subscriptions" created. Cycle: 3/3.
2026-07-25T07:06:44+00:00 DEBUG [scope=wc_subscription_scheduled_event] Dedicated queue runner "woocommerce-subscriptions" could not be created: active store does not support claim filtering.
2026-07-25T07:07:32+00:00 DEBUG [scope=wc_subscription_scheduled_event] Dedicated queue runner "woocommerce-subscriptions" could not be created: active store does not support claim filtering.
2026-07-25T07:07:37+00:00 DEBUG [scope=wc_subscription_scheduled_event] Dedicated queue runner "woocommerce-subscriptions" could not be created. Existing claim: none. Cycle: 1/3.
2026-07-25T07:09:33+00:00 DEBUG [scope=wc_subscription_scheduled_event] Dedicated queue runner "woocommerce-subscriptions" could not be created. Existing claim: none. Cycle: 2/3.
2026-07-25T07:09:34+00:00 DEBUG [scope=wc_subscription_scheduled_event] Dedicated queue runner "woocommerce-subscriptions" created. Cycle: 3/3.
2026-07-25T07:10:49+00:00 DEBUG [scope=wc_subscription_scheduled_event] Dedicated queue runner "woocommerce-subscriptions" could not be created. Existing claim: none. Cycle: 1/3.
2026-07-25T07:11:44+00:00 DEBUG [scope=wc_subscription_scheduled_event] Dedicated queue runner "woocommerce-subscriptions" could not be created. Existing claim: none. Cycle: 2/3.
2026-07-25T07:14:17+00:00 DEBUG [scope=wc_subscription_scheduled_event] Dedicated queue runner "woocommerce-subscriptions" created. Cycle: 3/3.
2026-07-25T07:16:18+00:00 DEBUG [scope=wc_subscription_scheduled_event] Dedicated queue runner "woocommerce-subscriptions" could not be created. Existing claim: none. Cycle: 1/3.
2026-07-25T07:18:17+00:00 DEBUG [scope=wc_subscription_scheduled_event] Dedicated queue runner "woocommerce-subscriptions" could not be created. Existing claim: none. Cycle: 2/3.
2026-07-25T07:18:34+00:00 DEBUG [scope=wc_subscription_scheduled_event] Dedicated queue runner "woocommerce-subscriptions" created. Cycle: 3/3.
2026-07-25T07:20:20+00:00 DEBUG [scope=wc_subscription_scheduled_event] Dedicated queue runner "woocommerce-subscriptions" could not be created. Existing claim: none. Cycle: 1/3.
2026-07-25T07:20:35+00:00 DEBUG [scope=wc_subscription_scheduled_event] Dedicated queue runner "woocommerce-subscriptions" could not be created. Existing claim: none. Cycle: 2/3.
2026-07-25T07:22:36+00:00 DEBUG [scope=wc_subscription_scheduled_event] Dedicated queue runner "woocommerce-subscriptions" created. Cycle: 3/3.
2026-07-25T07:24:05+00:00 DEBUG [scope=wc_subscription_scheduled_event] Dedicated queue runner "woocommerce-subscriptions" could not be created. Existing claim: none. Cycle: 1/3.
2026-07-25T07:24:37+00:00 DEBUG [scope=wc_subscription_scheduled_event] Dedicated queue runner "woocommerce-subscriptions" could not be created. Existing claim: none. Cycle: 2/3.
2026-07-25T07:26:38+00:00 DEBUG [scope=wc_subscription_scheduled_event] Dedicated queue runner "woocommerce-subscriptions" created. Cycle: 3/3.
2026-07-25T07:28:37+00:00 DEBUG [scope=wc_subscription_scheduled_event] Dedicated queue runner "woocommerce-subscriptions" could not be created. Existing claim: none. Cycle: 1/3.
2026-07-25T07:30:40+00:00 DEBUG [scope=wc_subscription_scheduled_event] Dedicated queue runner "woocommerce-subscriptions" could not be created. Existing claim: none. Cycle: 2/3.
2026-07-25T07:32:04+00:00 DEBUG [scope=wc_subscription_scheduled_event] Dedicated queue runner "woocommerce-subscriptions" created. Cycle: 3/3.
2026-07-25T07:32:40+00:00 DEBUG [scope=wc_subscription_scheduled_event] Dedicated queue runner "woocommerce-subscriptions" could not be created. Existing claim: none. Cycle: 1/3.
2026-07-25T07:34:01+00:00 DEBUG [scope=wc_subscription_scheduled_event] Dedicated queue runner "woocommerce-subscriptions" could not be created. Existing claim: none. Cycle: 2/3.
2026-07-25T07:34:41+00:00 DEBUG [scope=wc_subscription_scheduled_event] Dedicated queue runner "woocommerce-subscriptions" created. Cycle: 3/3.
2026-07-25T07:36:35+00:00 DEBUG [scope=wc_subscription_scheduled_event] Dedicated queue runner "woocommerce-subscriptions" could not be created. Existing claim: none. Cycle: 1/3.
2026-07-25T07:38:34+00:00 DEBUG [scope=wc_subscription_scheduled_event] Dedicated queue runner "woocommerce-subscriptions" could not be created. Existing claim: none. Cycle: 2/3.
2026-07-25T07:40:04+00:00 DEBUG [scope=wc_subscription_scheduled_event] Dedicated queue runner "woocommerce-subscriptions" created. Cycle: 3/3.
2026-07-25T07:40:37+00:00 DEBUG [scope=wc_subscription_scheduled_event] Dedicated queue runner "woocommerce-subscriptions" could not be created. Existing claim: none. Cycle: 1/3.
2026-07-25T07:41:35+00:00 DEBUG [scope=wc_subscription_scheduled_event] Dedicated queue runner "woocommerce-subscriptions" could not be created. Existing claim: none. Cycle: 2/3.
2026-07-25T07:42:35+00:00 DEBUG [scope=wc_subscription_scheduled_event] Dedicated queue runner "woocommerce-subscriptions" created. Cycle: 3/3.
2026-07-25T07:44:48+00:00 DEBUG [scope=wc_subscription_scheduled_event] Dedicated queue runner "woocommerce-subscriptions" could not be created. Existing claim: none. Cycle: 1/3.
2026-07-25T07:46:47+00:00 DEBUG [scope=wc_subscription_scheduled_event] Dedicated queue runner "woocommerce-subscriptions" could not be created. Existing claim: none. Cycle: 2/3.
2026-07-25T07:48:48+00:00 DEBUG [scope=wc_subscription_scheduled_event] Dedicated queue runner "woocommerce-subscriptions" created. Cycle: 3/3.
2026-07-25T07:50:49+00:00 DEBUG [scope=wc_subscription_scheduled_event] Dedicated queue runner "woocommerce-subscriptions" could not be created. Existing claim: none. Cycle: 1/3.
2026-07-25T07:52:06+00:00 DEBUG [scope=wc_subscription_scheduled_event] Dedicated queue runner "woocommerce-subscriptions" could not be created. Existing claim: none. Cycle: 2/3.
2026-07-25T07:52:50+00:00 DEBUG [scope=wc_subscription_scheduled_event] Dedicated queue runner "woocommerce-subscriptions" created. Cycle: 3/3.
2026-07-25T07:54:51+00:00 DEBUG [scope=wc_subscription_scheduled_event] Dedicated queue runner "woocommerce-subscriptions" could not be created. Existing claim: none. Cycle: 1/3.
2026-07-25T07:55:37+00:00 DEBUG [scope=wc_subscription_scheduled_event] Dedicated queue runner "woocommerce-subscriptions" could not be created. Existing claim: none. Cycle: 2/3.
2026-07-25T07:56:34+00:00 DEBUG [scope=wc_subscription_scheduled_event] Dedicated queue runner "woocommerce-subscriptions" created. Cycle: 3/3.
2026-07-25T07:58:53+00:00 DEBUG [scope=wc_subscription_scheduled_event] Dedicated queue runner "woocommerce-subscriptions" could not be created. Existing claim: none. Cycle: 1/3.
2026-07-25T08:00:21+00:00 DEBUG [scope=wc_subscription_scheduled_event] Dedicated queue runner "woocommerce-subscriptions" could not be created. Existing claim: none. Cycle: 2/3.
2026-07-25T08:00:39+00:00 DEBUG [scope=wc_subscription_scheduled_event] Dedicated queue runner "woocommerce-subscriptions" created. Cycle: 3/3.
2026-07-25T08:01:37+00:00 DEBUG [scope=wc_subscription_scheduled_event] Dedicated queue runner "woocommerce-subscriptions" could not be created. Existing claim: none. Cycle: 1/3.
2026-07-25T08:02:55+00:00 DEBUG [scope=wc_subscription_scheduled_event] Dedicated queue runner "woocommerce-subscriptions" could not be created. Existing claim: none. Cycle: 2/3.
2026-07-25T08:04:56+00:00 DEBUG [scope=wc_subscription_scheduled_event] Dedicated queue runner "woocommerce-subscriptions" created. Cycle: 3/3.
2026-07-25T08:06:57+00:00 DEBUG [scope=wc_subscription_scheduled_event] Dedicated queue runner "woocommerce-subscriptions" could not be created. Existing claim: none. Cycle: 1/3.
2026-07-25T08:08:58+00:00 DEBUG [scope=wc_subscription_scheduled_event] Dedicated queue runner "woocommerce-subscriptions" could not be created. Existing claim: none. Cycle: 2/3.
2026-07-25T08:10:59+00:00 DEBUG [scope=wc_subscription_scheduled_event] Dedicated queue runner "woocommerce-subscriptions" created. Cycle: 3/3.
2026-07-25T08:11:00+00:00 DEBUG [scope=wc_subscription_scheduled_event] Dedicated queue runner "woocommerce-subscriptions" could not be created. Existing claim: none. Cycle: 1/3.
2026-07-25T08:13:00+00:00 DEBUG [scope=wc_subscription_scheduled_event] Dedicated queue runner "woocommerce-subscriptions" could not be created. Existing claim: none. Cycle: 2/3.
2026-07-25T08:15:01+00:00 DEBUG [scope=wc_subscription_scheduled_event] Dedicated queue runner "woocommerce-subscriptions" created. Cycle: 3/3.
2026-07-25T08:17:03+00:00 DEBUG [scope=wc_subscription_scheduled_event] Dedicated queue runner "woocommerce-subscriptions" could not be created. Existing claim: none. Cycle: 1/3.
2026-07-25T08:19:03+00:00 DEBUG [scope=wc_subscription_scheduled_event] Dedicated queue runner "woocommerce-subscriptions" could not be created. Existing claim: none. Cycle: 2/3.
2026-07-25T08:21:04+00:00 DEBUG [scope=wc_subscription_scheduled_event] Dedicated queue runner "woocommerce-subscriptions" created. Cycle: 3/3.
2026-07-25T08:23:05+00:00 DEBUG [scope=wc_subscription_scheduled_event] Dedicated queue runner "woocommerce-subscriptions" could not be created. Existing claim: none. Cycle: 1/3.
2026-07-25T08:23:45+00:00 DEBUG [scope=wc_subscription_scheduled_event] Dedicated queue runner "woocommerce-subscriptions" could not be created. Existing claim: none. Cycle: 2/3.
2026-07-25T08:24:43+00:00 DEBUG [scope=wc_subscription_scheduled_event] Dedicated queue runner "woocommerce-subscriptions" created. Cycle: 3/3.
2026-07-25T08:25:52+00:00 DEBUG [scope=wc_subscription_scheduled_event] Dedicated queue runner "woocommerce-subscriptions" could not be created. Existing claim: none. Cycle: 1/3.
2026-07-25T08:26:44+00:00 DEBUG [scope=wc_subscription_scheduled_event] Dedicated queue runner "woocommerce-subscriptions" could not be created. Existing claim: none. Cycle: 2/3.
2026-07-25T08:27:52+00:00 DEBUG [scope=wc_subscription_scheduled_event] Dedicated queue runner "woocommerce-subscriptions" created. Cycle: 3/3.
2026-07-25T08:28:44+00:00 DEBUG [scope=wc_subscription_scheduled_event] Dedicated queue runner "woocommerce-subscriptions" could not be created. Existing claim: none. Cycle: 1/3.
2026-07-25T08:29:34+00:00 DEBUG [scope=wc_subscription_scheduled_event] Dedicated queue runner "woocommerce-subscriptions" could not be created. Existing claim: none. Cycle: 2/3.
2026-07-25T08:29:45+00:00 DEBUG [scope=wc_subscription_scheduled_event] Dedicated queue runner "woocommerce-subscriptions" not applied: none of its groups exist yet.
2026-07-25T08:31:04+00:00 DEBUG [scope=wc_subscription_scheduled_event] Dedicated queue runner "woocommerce-subscriptions" created. Cycle: 3/3.
2026-07-25T08:31:54+00:00 DEBUG [scope=wc_subscription_scheduled_event] Dedicated queue runner "woocommerce-subscriptions" could not be created. Existing claim: none. Cycle: 1/3.
2026-07-25T08:33:11+00:00 DEBUG [scope=wc_subscription_scheduled_event] Dedicated queue runner "woocommerce-subscriptions" could not be created. Existing claim: none. Cycle: 2/3.
2026-07-25T08:33:25+00:00 DEBUG [scope=wc_subscription_scheduled_event] Dedicated queue runner "woocommerce-subscriptions" not applied: none of its groups exist yet.
2026-07-25T08:35:12+00:00 DEBUG [scope=wc_subscription_scheduled_event] Dedicated queue runner "woocommerce-subscriptions" created. Cycle: 3/3.
2026-07-25T08:35:56+00:00 DEBUG [scope=wc_subscription_scheduled_event] Dedicated queue runner "woocommerce-subscriptions" could not be created. Existing claim: none. Cycle: 1/3.
2026-07-25T08:37:05+00:00 DEBUG [scope=wc_subscription_scheduled_event] Dedicated queue runner "woocommerce-subscriptions" could not be created. Existing claim: none. Cycle: 2/3.
2026-07-25T08:37:57+00:00 DEBUG [scope=wc_subscription_scheduled_event] Dedicated queue runner "woocommerce-subscriptions" created. Cycle: 3/3.
2026-07-25T08:38:58+00:00 DEBUG [scope=wc_subscription_scheduled_event] Dedicated queue runner "woocommerce-subscriptions" could not be created. Existing claim: none. Cycle: 1/3.
2026-07-25T08:39:39+00:00 DEBUG [scope=wc_subscription_scheduled_event] Dedicated queue runner "woocommerce-subscriptions" could not be created. Existing claim: none. Cycle: 2/3.
2026-07-25T08:40:46+00:00 DEBUG [scope=wc_subscription_scheduled_event] Dedicated queue runner "woocommerce-subscriptions" created. Cycle: 3/3.
2026-07-25T08:41:44+00:00 DEBUG [scope=wc_subscription_scheduled_event] Dedicated queue runner "woocommerce-subscriptions" could not be created. Existing claim: none. Cycle: 1/3.
2026-07-25T08:44:00+00:00 DEBUG [scope=wc_subscription_scheduled_event] Dedicated queue runner "woocommerce-subscriptions" could not be created. Existing claim: none. Cycle: 2/3.
2026-07-25T08:45:06+00:00 DEBUG [scope=wc_subscription_scheduled_event] Dedicated queue runner "woocommerce-subscriptions" created. Cycle: 3/3.
2026-07-25T08:45:43+00:00 DEBUG [scope=wc_subscription_scheduled_event] Dedicated queue runner "woocommerce-subscriptions" could not be created. Existing claim: none. Cycle: 1/3.
2026-07-25T08:48:02+00:00 DEBUG [scope=wc_subscription_scheduled_event] Dedicated queue runner "woocommerce-subscriptions" could not be created. Existing claim: none. Cycle: 2/3.
2026-07-25T08:50:04+00:00 DEBUG [scope=wc_subscription_scheduled_event] Dedicated queue runner "woocommerce-subscriptions" created. Cycle: 3/3.
2026-07-25T08:52:04+00:00 DEBUG [scope=wc_subscription_scheduled_event] Dedicated queue runner "woocommerce-subscriptions" could not be created. Existing claim: none. Cycle: 1/3.
2026-07-25T08:53:27+00:00 DEBUG [scope=wc_subscription_scheduled_event] Dedicated queue runner "woocommerce-subscriptions" could not be created. Existing claim: none. Cycle: 2/3.
2026-07-25T08:54:37+00:00 DEBUG [scope=wc_subscription_scheduled_event] Dedicated queue runner "woocommerce-subscriptions" created. Cycle: 3/3.
2026-07-25T08:54:40+00:00 DEBUG [scope=wc_subscription_scheduled_event] Dedicated queue runner "woocommerce-subscriptions" not applied: none of its groups exist yet.
2026-07-25T08:56:27+00:00 DEBUG [scope=wc_subscription_scheduled_event] Dedicated queue runner "woocommerce-subscriptions" could not be created. Existing claim: none. Cycle: 1/3.
2026-07-25T08:56:37+00:00 DEBUG [scope=wc_subscription_scheduled_event] Dedicated queue runner "woocommerce-subscriptions" could not be created. Existing claim: none. Cycle: 2/3.
2026-07-25T08:58:28+00:00 DEBUG [scope=wc_subscription_scheduled_event] Dedicated queue runner "woocommerce-subscriptions" created. Cycle: 3/3.
2026-07-25T08:58:38+00:00 DEBUG [scope=wc_subscription_scheduled_event] Dedicated queue runner "woocommerce-subscriptions" could not be created. Existing claim: none. Cycle: 1/3.
2026-07-25T08:59:45+00:00 DEBUG [scope=wc_subscription_scheduled_event] Dedicated queue runner "woocommerce-subscriptions" could not be created. Existing claim: none. Cycle: 2/3.
2026-07-25T09:00:39+00:00 DEBUG [scope=wc_subscription_scheduled_event] Dedicated queue runner "woocommerce-subscriptions" created. Cycle: 3/3.
2026-07-25T09:02:23+00:00 DEBUG [scope=wc_subscription_scheduled_event] Dedicated queue runner "woocommerce-subscriptions" not applied: none of its groups exist yet.
2026-07-25T09:02:28+00:00 DEBUG [scope=wc_subscription_scheduled_event] Dedicated queue runner "woocommerce-subscriptions" could not be created. Existing claim: none. Cycle: 1/3.
2026-07-25T09:02:28+00:00 DEBUG [scope=wc_subscription_scheduled_event] Dedicated queue runner "woocommerce-subscriptions" could not be created. Existing claim: none. Cycle: 2/3.
2026-07-25T09:02:35+00:00 DEBUG [scope=wc_subscription_scheduled_event] Dedicated queue runner "woocommerce-subscriptions" created. Cycle: 3/3.
2026-07-25T09:03:35+00:00 DEBUG [scope=wc_subscription_scheduled_event] Dedicated queue runner "woocommerce-subscriptions" could not be created. Existing claim: none. Cycle: 1/3.
2026-07-25T09:04:47+00:00 DEBUG [scope=wc_subscription_scheduled_event] Dedicated queue runner "woocommerce-subscriptions" could not be created. Existing claim: none. Cycle: 2/3.
2026-07-25T09:05:36+00:00 DEBUG [scope=wc_subscription_scheduled_event] Dedicated queue runner "woocommerce-subscriptions" created. Cycle: 3/3.
2026-07-25T09:06:48+00:00 DEBUG [scope=wc_subscription_scheduled_event] Dedicated queue runner "woocommerce-subscriptions" could not be created. Existing claim: none. Cycle: 1/3.
2026-07-25T09:07:33+00:00 DEBUG [scope=wc_subscription_scheduled_event] Dedicated queue runner "woocommerce-subscriptions" could not be created. Existing claim: none. Cycle: 2/3.
2026-07-25T09:07:38+00:00 DEBUG [scope=wc_subscription_scheduled_event] Dedicated queue runner "woocommerce-subscriptions" created. Cycle: 3/3.
2026-07-25T09:08:49+00:00 DEBUG [scope=wc_subscription_scheduled_event] Dedicated queue runner "woocommerce-subscriptions" could not be created. Existing claim: none. Cycle: 1/3.
2026-07-25T09:10:32+00:00 DEBUG [scope=wc_subscription_scheduled_event] Dedicated queue runner "woocommerce-subscriptions" could not be created. Existing claim: none. Cycle: 2/3.
2026-07-25T09:11:20+00:00 DEBUG [scope=wc_subscription_scheduled_event] Dedicated queue runner "woocommerce-subscriptions" created. Cycle: 3/3.
2026-07-25T09:12:34+00:00 DEBUG [scope=wc_subscription_scheduled_event] Dedicated queue runner "woocommerce-subscriptions" could not be created. Existing claim: none. Cycle: 1/3.
2026-07-25T09:12:34+00:00 DEBUG [scope=wc_subscription_scheduled_event] Dedicated queue runner "woocommerce-subscriptions" could not be created. Existing claim: none. Cycle: 2/3.
2026-07-25T09:14:33+00:00 DEBUG [scope=wc_subscription_scheduled_event] Dedicated queue runner "woocommerce-subscriptions" created. Cycle: 3/3.
2026-07-25T09:15:22+00:00 DEBUG [scope=wc_subscription_scheduled_event] Dedicated queue runner "woocommerce-subscriptions" could not be created. Existing claim: none. Cycle: 1/3.
2026-07-25T09:16:34+00:00 DEBUG [scope=wc_subscription_scheduled_event] Dedicated queue runner "woocommerce-subscriptions" could not be created. Existing claim: none. Cycle: 2/3.
2026-07-25T09:17:34+00:00 DEBUG [scope=wc_subscription_scheduled_event] Dedicated queue runner "woocommerce-subscriptions" created. Cycle: 3/3.
2026-07-25T09:18:34+00:00 DEBUG [scope=wc_subscription_scheduled_event] Dedicated queue runner "woocommerce-subscriptions" could not be created. Existing claim: none. Cycle: 1/3.
2026-07-25T09:19:35+00:00 DEBUG [scope=wc_subscription_scheduled_event] Dedicated queue runner "woocommerce-subscriptions" could not be created. Existing claim: none. Cycle: 2/3.
2026-07-25T09:20:35+00:00 DEBUG [scope=wc_subscription_scheduled_event] Dedicated queue runner "woocommerce-subscriptions" created. Cycle: 3/3.
2026-07-25T09:21:35+00:00 DEBUG [scope=wc_subscription_scheduled_event] Dedicated queue runner "woocommerce-subscriptions" could not be created. Existing claim: none. Cycle: 1/3.
2026-07-25T09:21:51+00:00 DEBUG [scope=wc_subscription_scheduled_event] Dedicated queue runner "woocommerce-subscriptions" not applied: none of its groups exist yet.
2026-07-25T09:22:35+00:00 DEBUG [scope=wc_subscription_scheduled_event] Dedicated queue runner "woocommerce-subscriptions" could not be created. Existing claim: none. Cycle: 2/3.
2026-07-25T09:23:35+00:00 DEBUG [scope=wc_subscription_scheduled_event] Dedicated queue runner "woocommerce-subscriptions" created. Cycle: 3/3.
2026-07-25T09:24:35+00:00 DEBUG [scope=wc_subscription_scheduled_event] Dedicated queue runner "woocommerce-subscriptions" could not be created. Existing claim: none. Cycle: 1/3.
2026-07-25T09:25:35+00:00 DEBUG [scope=wc_subscription_scheduled_event] Dedicated queue runner "woocommerce-subscriptions" could not be created. Existing claim: none. Cycle: 2/3.
2026-07-25T09:26:36+00:00 DEBUG [scope=wc_subscription_scheduled_event] Dedicated queue runner "woocommerce-subscriptions" created. Cycle: 3/3.
2026-07-25T09:27:36+00:00 DEBUG [scope=wc_subscription_scheduled_event] Dedicated queue runner "woocommerce-subscriptions" could not be created. Existing claim: none. Cycle: 1/3.
2026-07-25T09:28:36+00:00 DEBUG [scope=wc_subscription_scheduled_event] Dedicated queue runner "woocommerce-subscriptions" could not be created. Existing claim: none. Cycle: 2/3.
2026-07-25T09:29:36+00:00 DEBUG [scope=wc_subscription_scheduled_event] Dedicated queue runner "woocommerce-subscriptions" created. Cycle: 3/3.
2026-07-25T09:30:36+00:00 DEBUG [scope=wc_subscription_scheduled_event] Dedicated queue runner "woocommerce-subscriptions" could not be created. Existing claim: none. Cycle: 1/3.
2026-07-25T09:31:36+00:00 DEBUG [scope=wc_subscription_scheduled_event] Dedicated queue runner "woocommerce-subscriptions" could not be created. Existing claim: none. Cycle: 2/3.
2026-07-25T09:32:36+00:00 DEBUG [scope=wc_subscription_scheduled_event] Dedicated queue runner "woocommerce-subscriptions" created. Cycle: 3/3.
2026-07-25T09:33:44+00:00 DEBUG [scope=wc_subscription_scheduled_event] Dedicated queue runner "woocommerce-subscriptions" could not be created. Existing claim: none. Cycle: 1/3.
2026-07-25T09:34:44+00:00 DEBUG [scope=wc_subscription_scheduled_event] Dedicated queue runner "woocommerce-subscriptions" could not be created. Existing claim: none. Cycle: 2/3.
2026-07-25T09:35:44+00:00 DEBUG [scope=wc_subscription_scheduled_event] Dedicated queue runner "woocommerce-subscriptions" created. Cycle: 3/3.
2026-07-25T09:36:46+00:00 DEBUG [scope=wc_subscription_scheduled_event] Dedicated queue runner "woocommerce-subscriptions" could not be created. Existing claim: none. Cycle: 1/3.
2026-07-25T09:40:51+00:00 DEBUG [scope=wc_subscription_scheduled_event] Dedicated queue runner "woocommerce-subscriptions" could not be created. Existing claim: none. Cycle: 2/3.
2026-07-25T09:41:38+00:00 DEBUG [scope=wc_subscription_scheduled_event] Dedicated queue runner "woocommerce-subscriptions" created. Cycle: 3/3.
2026-07-25T09:43:02+00:00 DEBUG [scope=wc_subscription_scheduled_event] Dedicated queue runner "woocommerce-subscriptions" could not be created. Existing claim: none. Cycle: 1/3.
2026-07-25T09:46:58+00:00 DEBUG [scope=wc_subscription_scheduled_event] Dedicated queue runner "woocommerce-subscriptions" could not be created. Existing claim: none. Cycle: 2/3.
2026-07-25T09:48:04+00:00 DEBUG [scope=wc_subscription_scheduled_event] Dedicated queue runner "woocommerce-subscriptions" created. Cycle: 3/3.
2026-07-25T09:48:35+00:00 DEBUG [scope=wc_subscription_scheduled_event] Dedicated queue runner "woocommerce-subscriptions" could not be created. Existing claim: none. Cycle: 1/3.
2026-07-25T09:51:15+00:00 DEBUG [scope=wc_subscription_scheduled_event] Dedicated queue runner "woocommerce-subscriptions" could not be created. Existing claim: none. Cycle: 2/3.
2026-07-25T09:52:26+00:00 DEBUG [scope=wc_subscription_scheduled_event] Dedicated queue runner "woocommerce-subscriptions" created. Cycle: 3/3.
2026-07-25T09:53:26+00:00 DEBUG [scope=wc_subscription_scheduled_event] Dedicated queue runner "woocommerce-subscriptions" could not be created. Existing claim: none. Cycle: 1/3.
2026-07-25T09:53:37+00:00 DEBUG [scope=wc_subscription_scheduled_event] Dedicated queue runner "woocommerce-subscriptions" could not be created. Existing claim: none. Cycle: 2/3.
2026-07-25T09:54:35+00:00 DEBUG [scope=wc_subscription_scheduled_event] Dedicated queue runner "woocommerce-subscriptions" created. Cycle: 3/3.
2026-07-25T09:55:35+00:00 DEBUG [scope=wc_subscription_scheduled_event] Dedicated queue runner "woocommerce-subscriptions" could not be created. Existing claim: none. Cycle: 1/3.
2026-07-25T09:55:36+00:00 DEBUG [scope=wc_subscription_scheduled_event] Dedicated queue runner "woocommerce-subscriptions" could not be created. Existing claim: none. Cycle: 2/3.
2026-07-25T09:57:15+00:00 DEBUG [scope=wc_subscription_scheduled_event] Dedicated queue runner "woocommerce-subscriptions" created. Cycle: 3/3.
2026-07-25T09:57:37+00:00 DEBUG [scope=wc_subscription_scheduled_event] Dedicated queue runner "woocommerce-subscriptions" could not be created. Existing claim: none. Cycle: 1/3.
2026-07-25T09:58:40+00:00 DEBUG [scope=wc_subscription_scheduled_event] Dedicated queue runner "woocommerce-subscriptions" could not be created. Existing claim: none. Cycle: 2/3.
2026-07-25T09:58:41+00:00 DEBUG [scope=wc_subscription_scheduled_event] Dedicated queue runner "woocommerce-subscriptions" created. Cycle: 3/3.
2026-07-25T10:01:02+00:00 DEBUG [scope=wc_subscription_scheduled_event] Dedicated queue runner "woocommerce-subscriptions" could not be created. Existing claim: none. Cycle: 1/3.
2026-07-25T10:02:11+00:00 DEBUG [scope=wc_subscription_scheduled_event] Dedicated queue runner "woocommerce-subscriptions" could not be created. Existing claim: none. Cycle: 2/3.
2026-07-25T10:02:34+00:00 DEBUG [scope=wc_subscription_scheduled_event] Dedicated queue runner "woocommerce-subscriptions" created. Cycle: 3/3.
2026-07-25T10:03:55+00:00 DEBUG [scope=wc_subscription_scheduled_event] Dedicated queue runner "woocommerce-subscriptions" could not be created. Existing claim: none. Cycle: 1/3.
2026-07-25T10:05:04+00:00 DEBUG [scope=wc_subscription_scheduled_event] Dedicated queue runner "woocommerce-subscriptions" could not be created. Existing claim: none. Cycle: 2/3.
2026-07-25T10:05:40+00:00 DEBUG [scope=wc_subscription_scheduled_event] Dedicated queue runner "woocommerce-subscriptions" created. Cycle: 3/3.
2026-07-25T10:07:05+00:00 DEBUG [scope=wc_subscription_scheduled_event] Dedicated queue runner "woocommerce-subscriptions" could not be created. Existing claim: none. Cycle: 1/3.
2026-07-25T10:07:59+00:00 DEBUG [scope=wc_subscription_scheduled_event] Dedicated queue runner "woocommerce-subscriptions" could not be created. Existing claim: none. Cycle: 2/3.
2026-07-25T10:08:42+00:00 DEBUG [scope=wc_subscription_scheduled_event] Dedicated queue runner "woocommerce-subscriptions" created. Cycle: 3/3.
2026-07-25T10:10:29+00:00 DEBUG [scope=wc_subscription_scheduled_event] Dedicated queue runner "woocommerce-subscriptions" could not be created. Existing claim: none. Cycle: 1/3.
2026-07-25T10:11:20+00:00 DEBUG [scope=wc_subscription_scheduled_event] Dedicated queue runner "woocommerce-subscriptions" could not be created. Existing claim: none. Cycle: 2/3.
2026-07-25T10:14:37+00:00 DEBUG [scope=wc_subscription_scheduled_event] Dedicated queue runner "woocommerce-subscriptions" created. Cycle: 3/3.
2026-07-25T10:18:03+00:00 DEBUG [scope=wc_subscription_scheduled_event] Dedicated queue runner "woocommerce-subscriptions" could not be created. Existing claim: none. Cycle: 1/3.
2026-07-25T10:18:47+00:00 DEBUG [scope=wc_subscription_scheduled_event] Dedicated queue runner "woocommerce-subscriptions" could not be created. Existing claim: none. Cycle: 2/3.
2026-07-25T10:19:41+00:00 DEBUG [scope=wc_subscription_scheduled_event] Dedicated queue runner "woocommerce-subscriptions" created. Cycle: 3/3.
2026-07-25T10:27:19+00:00 DEBUG [scope=wc_subscription_scheduled_event] Dedicated queue runner "woocommerce-subscriptions" could not be created. Existing claim: none. Cycle: 1/3.
2026-07-25T10:27:41+00:00 DEBUG [scope=wc_subscription_scheduled_event] Dedicated queue runner "woocommerce-subscriptions" could not be created. Existing claim: none. Cycle: 2/3.
2026-07-25T10:29:44+00:00 DEBUG [scope=wc_subscription_scheduled_event] Dedicated queue runner "woocommerce-subscriptions" created. Cycle: 3/3.
2026-07-25T10:31:00+00:00 DEBUG [scope=wc_subscription_scheduled_event] Dedicated queue runner "woocommerce-subscriptions" could not be created. Existing claim: none. Cycle: 1/3.
2026-07-25T10:31:45+00:00 DEBUG [scope=wc_subscription_scheduled_event] Dedicated queue runner "woocommerce-subscriptions" could not be created. Existing claim: none. Cycle: 2/3.
2026-07-25T10:33:46+00:00 DEBUG [scope=wc_subscription_scheduled_event] Dedicated queue runner "woocommerce-subscriptions" created. Cycle: 3/3.
2026-07-25T10:35:47+00:00 DEBUG [scope=wc_subscription_scheduled_event] Dedicated queue runner "woocommerce-subscriptions" could not be created. Existing claim: none. Cycle: 1/3.
2026-07-25T10:37:48+00:00 DEBUG [scope=wc_subscription_scheduled_event] Dedicated queue runner "woocommerce-subscriptions" could not be created. Existing claim: none. Cycle: 2/3.
2026-07-25T10:39:50+00:00 DEBUG [scope=wc_subscription_scheduled_event] Dedicated queue runner "woocommerce-subscriptions" created. Cycle: 3/3.
2026-07-25T10:40:54+00:00 DEBUG [scope=wc_subscription_scheduled_event] Dedicated queue runner "woocommerce-subscriptions" could not be created. Existing claim: none. Cycle: 1/3.
2026-07-25T10:41:50+00:00 DEBUG [scope=wc_subscription_scheduled_event] Dedicated queue runner "woocommerce-subscriptions" could not be created. Existing claim: none. Cycle: 2/3.
2026-07-25T10:43:51+00:00 DEBUG [scope=wc_subscription_scheduled_event] Dedicated queue runner "woocommerce-subscriptions" created. Cycle: 3/3.
2026-07-25T10:43:52+00:00 DEBUG [scope=wc_subscription_scheduled_event] Dedicated queue runner "woocommerce-subscriptions" could not be created. Existing claim: none. Cycle: 1/3.
2026-07-25T10:44:44+00:00 DEBUG [scope=wc_subscription_scheduled_event] Dedicated queue runner "woocommerce-subscriptions" could not be created. Existing claim: none. Cycle: 2/3.
2026-07-25T10:45:52+00:00 DEBUG [scope=wc_subscription_scheduled_event] Dedicated queue runner "woocommerce-subscriptions" created. Cycle: 3/3.
2026-07-25T10:47:44+00:00 DEBUG [scope=wc_subscription_scheduled_event] Dedicated queue runner "woocommerce-subscriptions" could not be created. Existing claim: none. Cycle: 1/3.
2026-07-25T10:48:45+00:00 DEBUG [scope=wc_subscription_scheduled_event] Dedicated queue runner "woocommerce-subscriptions" could not be created. Existing claim: none. Cycle: 2/3.
2026-07-25T10:49:54+00:00 DEBUG [scope=wc_subscription_scheduled_event] Dedicated queue runner "woocommerce-subscriptions" created. Cycle: 3/3.
2026-07-25T10:50:45+00:00 DEBUG [scope=wc_subscription_scheduled_event] Dedicated queue runner "woocommerce-subscriptions" could not be created. Existing claim: none. Cycle: 1/3.
2026-07-25T10:51:48+00:00 DEBUG [scope=wc_subscription_scheduled_event] Dedicated queue runner "woocommerce-subscriptions" could not be created. Existing claim: none. Cycle: 2/3.
2026-07-25T10:53:30+00:00 DEBUG [scope=wc_subscription_scheduled_event] Dedicated queue runner "woocommerce-subscriptions" created. Cycle: 3/3.
2026-07-25T10:53:40+00:00 DEBUG [scope=wc_subscription_scheduled_event] Dedicated queue runner "woocommerce-subscriptions" could not be created. Existing claim: none. Cycle: 1/3.
2026-07-25T10:54:37+00:00 DEBUG [scope=wc_subscription_scheduled_event] Dedicated queue runner "woocommerce-subscriptions" could not be created. Existing claim: none. Cycle: 2/3.
2026-07-25T10:55:38+00:00 DEBUG [scope=wc_subscription_scheduled_event] Dedicated queue runner "woocommerce-subscriptions" created. Cycle: 3/3.
2026-07-25T10:55:39+00:00 DEBUG [scope=wc_subscription_scheduled_event] Dedicated queue runner "woocommerce-subscriptions" could not be created. Existing claim: none. Cycle: 1/3.
2026-07-25T10:56:38+00:00 DEBUG [scope=wc_subscription_scheduled_event] Dedicated queue runner "woocommerce-subscriptions" could not be created. Existing claim: none. Cycle: 2/3.
2026-07-25T10:57:35+00:00 DEBUG [scope=wc_subscription_scheduled_event] Dedicated queue runner "woocommerce-subscriptions" created. Cycle: 3/3.
2026-07-25T10:58:35+00:00 DEBUG [scope=wc_subscription_scheduled_event] Dedicated queue runner "woocommerce-subscriptions" could not be created. Existing claim: none. Cycle: 1/3.
2026-07-25T10:58:50+00:00 DEBUG [scope=wc_subscription_scheduled_event] Dedicated queue runner "woocommerce-subscriptions" could not be created. Existing claim: none. Cycle: 2/3.
2026-07-25T11:00:53+00:00 DEBUG [scope=wc_subscription_scheduled_event] Dedicated queue runner "woocommerce-subscriptions" created. Cycle: 3/3.
2026-07-25T11:02:54+00:00 DEBUG [scope=wc_subscription_scheduled_event] Dedicated queue runner "woocommerce-subscriptions" could not be created. Existing claim: none. Cycle: 1/3.
2026-07-25T11:03:28+00:00 DEBUG [scope=wc_subscription_scheduled_event] Dedicated queue runner "woocommerce-subscriptions" not applied: none of its groups exist yet.
2026-07-25T11:04:53+00:00 DEBUG [scope=wc_subscription_scheduled_event] Dedicated queue runner "woocommerce-subscriptions" could not be created. Existing claim: none. Cycle: 2/3.
2026-07-25T11:05:34+00:00 DEBUG [scope=wc_subscription_scheduled_event] Dedicated queue runner "woocommerce-subscriptions" created. Cycle: 3/3.
2026-07-25T11:06:56+00:00 DEBUG [scope=wc_subscription_scheduled_event] Dedicated queue runner "woocommerce-subscriptions" could not be created. Existing claim: none. Cycle: 1/3.
2026-07-25T11:07:35+00:00 DEBUG [scope=wc_subscription_scheduled_event] Dedicated queue runner "woocommerce-subscriptions" could not be created. Existing claim: none. Cycle: 2/3.
2026-07-25T11:08:57+00:00 DEBUG [scope=wc_subscription_scheduled_event] Dedicated queue runner "woocommerce-subscriptions" created. Cycle: 3/3.
2026-07-25T11:09:36+00:00 DEBUG [scope=wc_subscription_scheduled_event] Dedicated queue runner "woocommerce-subscriptions" could not be created. Existing claim: none. Cycle: 1/3.
2026-07-25T11:10:58+00:00 DEBUG [scope=wc_subscription_scheduled_event] Dedicated queue runner "woocommerce-subscriptions" could not be created. Existing claim: none. Cycle: 2/3.
2026-07-25T11:12:54+00:00 DEBUG [scope=wc_subscription_scheduled_event] Dedicated queue runner "woocommerce-subscriptions" not applied: none of its groups exist yet.
2026-07-25T11:12:59+00:00 DEBUG [scope=wc_subscription_scheduled_event] Dedicated queue runner "woocommerce-subscriptions" created. Cycle: 3/3.
2026-07-25T11:15:00+00:00 DEBUG [scope=wc_subscription_scheduled_event] Dedicated queue runner "woocommerce-subscriptions" could not be created. Existing claim: none. Cycle: 1/3.
2026-07-25T11:17:01+00:00 DEBUG [scope=wc_subscription_scheduled_event] Dedicated queue runner "woocommerce-subscriptions" could not be created. Existing claim: none. Cycle: 2/3.
2026-07-25T11:19:02+00:00 DEBUG [scope=wc_subscription_scheduled_event] Dedicated queue runner "woocommerce-subscriptions" created. Cycle: 3/3.
2026-07-25T11:19:03+00:00 DEBUG [scope=wc_subscription_scheduled_event] Dedicated queue runner "woocommerce-subscriptions" could not be created. Existing claim: none. Cycle: 1/3.
2026-07-25T11:21:03+00:00 DEBUG [scope=wc_subscription_scheduled_event] Dedicated queue runner "woocommerce-subscriptions" could not be created. Existing claim: none. Cycle: 2/3.
2026-07-25T11:21:53+00:00 DEBUG [scope=wc_subscription_scheduled_event] Dedicated queue runner "woocommerce-subscriptions" created. Cycle: 3/3.
2026-07-25T11:22:40+00:00 DEBUG [scope=wc_subscription_scheduled_event] Dedicated queue runner "woocommerce-subscriptions" could not be created. Existing claim: none. Cycle: 1/3.
2026-07-25T11:23:04+00:00 DEBUG [scope=wc_subscription_scheduled_event] Dedicated queue runner "woocommerce-subscriptions" could not be created. Existing claim: none. Cycle: 2/3.
2026-07-25T11:25:05+00:00 DEBUG [scope=wc_subscription_scheduled_event] Dedicated queue runner "woocommerce-subscriptions" created. Cycle: 3/3.
2026-07-25T11:27:07+00:00 DEBUG [scope=wc_subscription_scheduled_event] Dedicated queue runner "woocommerce-subscriptions" could not be created. Existing claim: none. Cycle: 1/3.
2026-07-25T11:29:07+00:00 DEBUG [scope=wc_subscription_scheduled_event] Dedicated queue runner "woocommerce-subscriptions" could not be created. Existing claim: none. Cycle: 2/3.
2026-07-25T11:29:08+00:00 DEBUG [scope=wc_subscription_scheduled_event] Dedicated queue runner "woocommerce-subscriptions" created. Cycle: 3/3.
2026-07-25T11:30:47+00:00 DEBUG [scope=wc_subscription_scheduled_event] Dedicated queue runner "woocommerce-subscriptions" not applied: none of its groups exist yet.
2026-07-25T11:30:48+00:00 DEBUG [scope=wc_subscription_scheduled_event] Dedicated queue runner "woocommerce-subscriptions" not applied: none of its groups exist yet.
2026-07-25T11:30:52+00:00 DEBUG [scope=wc_subscription_scheduled_event] Dedicated queue runner "woocommerce-subscriptions" could not be created. Existing claim: none. Cycle: 1/3.
2026-07-25T11:32:04+00:00 DEBUG [scope=wc_subscription_scheduled_event] Dedicated queue runner "woocommerce-subscriptions" could not be created. Existing claim: none. Cycle: 2/3.
2026-07-25T11:32:50+00:00 DEBUG [scope=wc_subscription_scheduled_event] Dedicated queue runner "woocommerce-subscriptions" created. Cycle: 3/3.
2026-07-25T11:33:09+00:00 DEBUG [scope=wc_subscription_scheduled_event] Dedicated queue runner "woocommerce-subscriptions" could not be created. Existing claim: none. Cycle: 1/3.
2026-07-25T11:33:14+00:00 DEBUG [scope=wc_subscription_scheduled_event] Dedicated queue runner "woocommerce-subscriptions" could not be created. Existing claim: none. Cycle: 2/3.
2026-07-25T11:34:05+00:00 DEBUG [scope=wc_subscription_scheduled_event] Dedicated queue runner "woocommerce-subscriptions" created. Cycle: 3/3.
2026-07-25T11:34:35+00:00 DEBUG [scope=wc_subscription_scheduled_event] Dedicated queue runner "woocommerce-subscriptions" could not be created. Existing claim: none. Cycle: 1/3.
2026-07-25T11:37:11+00:00 DEBUG [scope=wc_subscription_scheduled_event] Dedicated queue runner "woocommerce-subscriptions" could not be created. Existing claim: none. Cycle: 2/3.
2026-07-25T11:37:12+00:00 DEBUG [scope=wc_subscription_scheduled_event] Dedicated queue runner "woocommerce-subscriptions" created. Cycle: 3/3.
2026-07-25T11:39:12+00:00 DEBUG [scope=wc_subscription_scheduled_event] Dedicated queue runner "woocommerce-subscriptions" could not be created. Existing claim: none. Cycle: 1/3.
2026-07-25T11:39:15+00:00 DEBUG [scope=wc_subscription_scheduled_event] Dedicated queue runner "woocommerce-subscriptions" not applied: none of its groups exist yet.
2026-07-25T11:41:13+00:00 DEBUG [scope=wc_subscription_scheduled_event] Dedicated queue runner "woocommerce-subscriptions" could not be created. Existing claim: none. Cycle: 2/3.
2026-07-25T11:41:14+00:00 DEBUG [scope=wc_subscription_scheduled_event] Dedicated queue runner "woocommerce-subscriptions" created. Cycle: 3/3.
2026-07-25T11:43:14+00:00 DEBUG [scope=wc_subscription_scheduled_event] Dedicated queue runner "woocommerce-subscriptions" could not be created. Existing claim: none. Cycle: 1/3.
2026-07-25T11:44:14+00:00 DEBUG [scope=wc_subscription_scheduled_event] Dedicated queue runner "woocommerce-subscriptions" could not be created. Existing claim: none. Cycle: 2/3.
2026-07-25T11:44:34+00:00 DEBUG [scope=wc_subscription_scheduled_event] Dedicated queue runner "woocommerce-subscriptions" created. Cycle: 3/3.
2026-07-25T11:47:00+00:00 DEBUG [scope=wc_subscription_scheduled_event] Dedicated queue runner "woocommerce-subscriptions" could not be created. Existing claim: none. Cycle: 1/3.
2026-07-25T11:49:09+00:00 DEBUG [scope=wc_subscription_scheduled_event] Dedicated queue runner "woocommerce-subscriptions" could not be created. Existing claim: none. Cycle: 2/3.
2026-07-25T11:50:23+00:00 DEBUG [scope=wc_subscription_scheduled_event] Dedicated queue runner "woocommerce-subscriptions" created. Cycle: 3/3.
2026-07-25T11:51:11+00:00 DEBUG [scope=wc_subscription_scheduled_event] Dedicated queue runner "woocommerce-subscriptions" could not be created. Existing claim: none. Cycle: 1/3.
2026-07-25T11:51:48+00:00 DEBUG [scope=wc_subscription_scheduled_event] Dedicated queue runner "woocommerce-subscriptions" could not be created. Existing claim: none. Cycle: 2/3.
2026-07-25T11:52:34+00:00 DEBUG [scope=wc_subscription_scheduled_event] Dedicated queue runner "woocommerce-subscriptions" created. Cycle: 3/3.
2026-07-25T11:54:35+00:00 DEBUG [scope=wc_subscription_scheduled_event] Dedicated queue runner "woocommerce-subscriptions" could not be created. Existing claim: none. Cycle: 1/3.
2026-07-25T11:56:36+00:00 DEBUG [scope=wc_subscription_scheduled_event] Dedicated queue runner "woocommerce-subscriptions" could not be created. Existing claim: none. Cycle: 2/3.
2026-07-25T11:58:19+00:00 DEBUG [scope=wc_subscription_scheduled_event] Dedicated queue runner "woocommerce-subscriptions" created. Cycle: 3/3.
2026-07-25T11:58:34+00:00 DEBUG [scope=wc_subscription_scheduled_event] Dedicated queue runner "woocommerce-subscriptions" could not be created. Existing claim: none. Cycle: 1/3.
2026-07-25T12:00:38+00:00 DEBUG [scope=wc_subscription_scheduled_event] Dedicated queue runner "woocommerce-subscriptions" could not be created. Existing claim: none. Cycle: 2/3.
2026-07-25T12:02:04+00:00 DEBUG [scope=wc_subscription_scheduled_event] Dedicated queue runner "woocommerce-subscriptions" created. Cycle: 3/3.
2026-07-25T12:03:24+00:00 DEBUG [scope=wc_subscription_scheduled_event] Dedicated queue runner "woocommerce-subscriptions" could not be created. Existing claim: none. Cycle: 1/3.
2026-07-25T12:05:12+00:00 DEBUG [scope=wc_subscription_scheduled_event] Dedicated queue runner "woocommerce-subscriptions" could not be created. Existing claim: none. Cycle: 2/3.
2026-07-25T12:07:26+00:00 DEBUG [scope=wc_subscription_scheduled_event] Dedicated queue runner "woocommerce-subscriptions" created. Cycle: 3/3.
2026-07-25T12:09:07+00:00 DEBUG [scope=wc_subscription_scheduled_event] Dedicated queue runner "woocommerce-subscriptions" could not be created. Existing claim: none. Cycle: 1/3.
2026-07-25T12:09:58+00:00 DEBUG [scope=wc_subscription_scheduled_event] Dedicated queue runner "woocommerce-subscriptions" could not be created. Existing claim: none. Cycle: 2/3.
2026-07-25T12:11:05+00:00 DEBUG [scope=wc_subscription_scheduled_event] Dedicated queue runner "woocommerce-subscriptions" created. Cycle: 3/3.
2026-07-25T12:12:11+00:00 DEBUG [scope=wc_subscription_scheduled_event] Dedicated queue runner "woocommerce-subscriptions" could not be created. Existing claim: none. Cycle: 1/3.
2026-07-25T12:13:29+00:00 DEBUG [scope=wc_subscription_scheduled_event] Dedicated queue runner "woocommerce-subscriptions" could not be created. Existing claim: none. Cycle: 2/3.
2026-07-25T12:14:18+00:00 DEBUG [scope=wc_subscription_scheduled_event] Dedicated queue runner "woocommerce-subscriptions" created. Cycle: 3/3.
2026-07-25T12:14:42+00:00 DEBUG [scope=wc_subscription_scheduled_event] Dedicated queue runner "woocommerce-subscriptions" could not be created. Existing claim: none. Cycle: 1/3.
2026-07-25T12:17:05+00:00 DEBUG [scope=wc_subscription_scheduled_event] Dedicated queue runner "woocommerce-subscriptions" could not be created. Existing claim: none. Cycle: 2/3.
2026-07-25T12:18:18+00:00 DEBUG [scope=wc_subscription_scheduled_event] Dedicated queue runner "woocommerce-subscriptions" created. Cycle: 3/3.
2026-07-25T12:18:52+00:00 DEBUG [scope=wc_subscription_scheduled_event] Dedicated queue runner "woocommerce-subscriptions" could not be created. Existing claim: none. Cycle: 1/3.
2026-07-25T12:19:59+00:00 DEBUG [scope=wc_subscription_scheduled_event] Dedicated queue runner "woocommerce-subscriptions" could not be created. Existing claim: none. Cycle: 2/3.
2026-07-25T12:20:35+00:00 DEBUG [scope=wc_subscription_scheduled_event] Dedicated queue runner "woocommerce-subscriptions" created. Cycle: 3/3.
2026-07-25T12:21:54+00:00 DEBUG [scope=wc_subscription_scheduled_event] Dedicated queue runner "woocommerce-subscriptions" could not be created. Existing claim: none. Cycle: 1/3.
2026-07-25T12:23:14+00:00 DEBUG [scope=wc_subscription_scheduled_event] Dedicated queue runner "woocommerce-subscriptions" could not be created. Existing claim: none. Cycle: 2/3.
2026-07-25T12:24:08+00:00 DEBUG [scope=wc_subscription_scheduled_event] Dedicated queue runner "woocommerce-subscriptions" created. Cycle: 3/3.
2026-07-25T12:26:03+00:00 DEBUG [scope=wc_subscription_scheduled_event] Dedicated queue runner "woocommerce-subscriptions" could not be created. Existing claim: none. Cycle: 1/3.
2026-07-25T12:27:22+00:00 DEBUG [scope=wc_subscription_scheduled_event] Dedicated queue runner "woocommerce-subscriptions" could not be created. Existing claim: none. Cycle: 2/3.
2026-07-25T12:27:48+00:00 DEBUG [scope=wc_subscription_scheduled_event] Dedicated queue runner "woocommerce-subscriptions" created. Cycle: 3/3.
2026-07-25T12:29:24+00:00 DEBUG [scope=wc_subscription_scheduled_event] Dedicated queue runner "woocommerce-subscriptions" could not be created. Existing claim: none. Cycle: 1/3.
2026-07-25T12:30:25+00:00 DEBUG [scope=wc_subscription_scheduled_event] Dedicated queue runner "woocommerce-subscriptions" could not be created. Existing claim: none. Cycle: 2/3.
2026-07-25T12:31:25+00:00 DEBUG [scope=wc_subscription_scheduled_event] Dedicated queue runner "woocommerce-subscriptions" created. Cycle: 3/3.
2026-07-25T12:32:26+00:00 DEBUG [scope=wc_subscription_scheduled_event] Dedicated queue runner "woocommerce-subscriptions" could not be created. Existing claim: none. Cycle: 1/3.
2026-07-25T12:33:26+00:00 DEBUG [scope=wc_subscription_scheduled_event] Dedicated queue runner "woocommerce-subscriptions" could not be created. Existing claim: none. Cycle: 2/3.
2026-07-25T12:34:27+00:00 DEBUG [scope=wc_subscription_scheduled_event] Dedicated queue runner "woocommerce-subscriptions" created. Cycle: 3/3.
2026-07-25T12:35:16+00:00 DEBUG [scope=wc_subscription_scheduled_event] Dedicated queue runner "woocommerce-subscriptions" could not be created. Existing claim: none. Cycle: 1/3.
2026-07-25T12:36:34+00:00 DEBUG [scope=wc_subscription_scheduled_event] Dedicated queue runner "woocommerce-subscriptions" could not be created. Existing claim: none. Cycle: 2/3.
2026-07-25T12:38:29+00:00 DEBUG [scope=wc_subscription_scheduled_event] Dedicated queue runner "woocommerce-subscriptions" created. Cycle: 3/3.
2026-07-25T12:39:17+00:00 DEBUG [scope=wc_subscription_scheduled_event] Dedicated queue runner "woocommerce-subscriptions" could not be created. Existing claim: none. Cycle: 1/3.
2026-07-25T12:39:49+00:00 DEBUG [scope=wc_subscription_scheduled_event] Dedicated queue runner "woocommerce-subscriptions" could not be created. Existing claim: none. Cycle: 2/3.
2026-07-25T12:41:11+00:00 DEBUG [scope=wc_subscription_scheduled_event] Dedicated queue runner "woocommerce-subscriptions" created. Cycle: 3/3.
2026-07-25T12:42:48+00:00 DEBUG [scope=wc_subscription_scheduled_event] Dedicated queue runner "woocommerce-subscriptions" could not be created. Existing claim: none. Cycle: 1/3.
2026-07-25T12:44:55+00:00 DEBUG [scope=wc_subscription_scheduled_event] Dedicated queue runner "woocommerce-subscriptions" could not be created. Existing claim: none. Cycle: 2/3.
2026-07-25T12:46:08+00:00 DEBUG [scope=wc_subscription_scheduled_event] Dedicated queue runner "woocommerce-subscriptions" created. Cycle: 3/3.
2026-07-25T12:46:40+00:00 DEBUG [scope=wc_subscription_scheduled_event] Dedicated queue runner "woocommerce-subscriptions" not applied: none of its groups exist yet.
2026-07-25T12:47:02+00:00 DEBUG [scope=wc_subscription_scheduled_event] Dedicated queue runner "woocommerce-subscriptions" could not be created. Existing claim: none. Cycle: 1/3.
2026-07-25T12:47:42+00:00 DEBUG [scope=wc_subscription_scheduled_event] Dedicated queue runner "woocommerce-subscriptions" could not be created. Existing claim: none. Cycle: 2/3.
2026-07-25T12:48:37+00:00 DEBUG [scope=wc_subscription_scheduled_event] Dedicated queue runner "woocommerce-subscriptions" created. Cycle: 3/3.
2026-07-25T12:49:34+00:00 DEBUG [scope=wc_subscription_scheduled_event] Dedicated queue runner "woocommerce-subscriptions" could not be created. Existing claim: none. Cycle: 1/3.
2026-07-25T12:50:57+00:00 DEBUG [scope=wc_subscription_scheduled_event] Dedicated queue runner "woocommerce-subscriptions" could not be created. Existing claim: none. Cycle: 2/3.
2026-07-25T12:51:35+00:00 DEBUG [scope=wc_subscription_scheduled_event] Dedicated queue runner "woocommerce-subscriptions" created. Cycle: 3/3.
2026-07-25T12:52:57+00:00 DEBUG [scope=wc_subscription_scheduled_event] Dedicated queue runner "woocommerce-subscriptions" could not be created. Existing claim: none. Cycle: 1/3.
2026-07-25T12:53:36+00:00 DEBUG [scope=wc_subscription_scheduled_event] Dedicated queue runner "woocommerce-subscriptions" could not be created. Existing claim: none. Cycle: 2/3.
2026-07-25T12:55:05+00:00 DEBUG [scope=wc_subscription_scheduled_event] Dedicated queue runner "woocommerce-subscriptions" created. Cycle: 3/3.
2026-07-25T12:55:37+00:00 DEBUG [scope=wc_subscription_scheduled_event] Dedicated queue runner "woocommerce-subscriptions" could not be created. Existing claim: none. Cycle: 1/3.
2026-07-25T12:57:38+00:00 DEBUG [scope=wc_subscription_scheduled_event] Dedicated queue runner "woocommerce-subscriptions" could not be created. Existing claim: none. Cycle: 2/3.
2026-07-25T12:59:39+00:00 DEBUG [scope=wc_subscription_scheduled_event] Dedicated queue runner "woocommerce-subscriptions" created. Cycle: 3/3.
2026-07-25T13:01:40+00:00 DEBUG [scope=wc_subscription_scheduled_event] Dedicated queue runner "woocommerce-subscriptions" could not be created. Existing claim: none. Cycle: 1/3.
2026-07-25T13:02:45+00:00 DEBUG [scope=wc_subscription_scheduled_event] Dedicated queue runner "woocommerce-subscriptions" could not be created. Existing claim: none. Cycle: 2/3.
2026-07-25T13:03:41+00:00 DEBUG [scope=wc_subscription_scheduled_event] Dedicated queue runner "woocommerce-subscriptions" created. Cycle: 3/3.
2026-07-25T13:05:23+00:00 DEBUG [scope=wc_subscription_scheduled_event] Dedicated queue runner "woocommerce-subscriptions" not applied: none of its groups exist yet.
2026-07-25T13:05:42+00:00 DEBUG [scope=wc_subscription_scheduled_event] Dedicated queue runner "woocommerce-subscriptions" could not be created. Existing claim: none. Cycle: 1/3.
2026-07-25T13:07:43+00:00 DEBUG [scope=wc_subscription_scheduled_event] Dedicated queue runner "woocommerce-subscriptions" could not be created. Existing claim: none. Cycle: 2/3.
2026-07-25T13:09:44+00:00 DEBUG [scope=wc_subscription_scheduled_event] Dedicated queue runner "woocommerce-subscriptions" created. Cycle: 3/3.
2026-07-25T13:10:39+00:00 DEBUG [scope=wc_subscription_scheduled_event] Dedicated queue runner "woocommerce-subscriptions" could not be created. Existing claim: none. Cycle: 1/3.
2026-07-25T13:11:42+00:00 DEBUG [scope=wc_subscription_scheduled_event] Dedicated queue runner "woocommerce-subscriptions" could not be created. Existing claim: none. Cycle: 2/3.
2026-07-25T13:12:42+00:00 DEBUG [scope=wc_subscription_scheduled_event] Dedicated queue runner "woocommerce-subscriptions" created. Cycle: 3/3.
2026-07-25T13:13:42+00:00 DEBUG [scope=wc_subscription_scheduled_event] Dedicated queue runner "woocommerce-subscriptions" could not be created. Existing claim: none. Cycle: 1/3.
2026-07-25T13:14:42+00:00 DEBUG [scope=wc_subscription_scheduled_event] Dedicated queue runner "woocommerce-subscriptions" could not be created. Existing claim: none. Cycle: 2/3.
2026-07-25T13:15:43+00:00 DEBUG [scope=wc_subscription_scheduled_event] Dedicated queue runner "woocommerce-subscriptions" created. Cycle: 3/3.
2026-07-25T13:16:43+00:00 DEBUG [scope=wc_subscription_scheduled_event] Dedicated queue runner "woocommerce-subscriptions" could not be created. Existing claim: none. Cycle: 1/3.
2026-07-25T13:17:43+00:00 DEBUG [scope=wc_subscription_scheduled_event] Dedicated queue runner "woocommerce-subscriptions" could not be created. Existing claim: none. Cycle: 2/3.
2026-07-25T13:18:43+00:00 DEBUG [scope=wc_subscription_scheduled_event] Dedicated queue runner "woocommerce-subscriptions" created. Cycle: 3/3.
2026-07-25T13:19:43+00:00 DEBUG [scope=wc_subscription_scheduled_event] Dedicated queue runner "woocommerce-subscriptions" could not be created. Existing claim: none. Cycle: 1/3.
2026-07-25T13:20:44+00:00 DEBUG [scope=wc_subscription_scheduled_event] Dedicated queue runner "woocommerce-subscriptions" could not be created. Existing claim: none. Cycle: 2/3.
2026-07-25T13:21:50+00:00 DEBUG [scope=wc_subscription_scheduled_event] Dedicated queue runner "woocommerce-subscriptions" created. Cycle: 3/3.
2026-07-25T13:22:45+00:00 DEBUG [scope=wc_subscription_scheduled_event] Dedicated queue runner "woocommerce-subscriptions" could not be created. Existing claim: none. Cycle: 1/3.
2026-07-25T13:23:51+00:00 DEBUG [scope=wc_subscription_scheduled_event] Dedicated queue runner "woocommerce-subscriptions" could not be created. Existing claim: none. Cycle: 2/3.
2026-07-25T13:24:46+00:00 DEBUG [scope=wc_subscription_scheduled_event] Dedicated queue runner "woocommerce-subscriptions" created. Cycle: 3/3.
2026-07-25T13:25:52+00:00 DEBUG [scope=wc_subscription_scheduled_event] Dedicated queue runner "woocommerce-subscriptions" could not be created. Existing claim: none. Cycle: 1/3.
2026-07-25T13:26:36+00:00 DEBUG [scope=wc_subscription_scheduled_event] Dedicated queue runner "woocommerce-subscriptions" not applied: none of its groups exist yet.
2026-07-25T13:26:47+00:00 DEBUG [scope=wc_subscription_scheduled_event] Dedicated queue runner "woocommerce-subscriptions" could not be created. Existing claim: none. Cycle: 2/3.
2026-07-25T13:27:53+00:00 DEBUG [scope=wc_subscription_scheduled_event] Dedicated queue runner "woocommerce-subscriptions" created. Cycle: 3/3.
2026-07-25T13:28:48+00:00 DEBUG [scope=wc_subscription_scheduled_event] Dedicated queue runner "woocommerce-subscriptions" could not be created. Existing claim: none. Cycle: 1/3.
2026-07-25T13:29:54+00:00 DEBUG [scope=wc_subscription_scheduled_event] Dedicated queue runner "woocommerce-subscriptions" could not be created. Existing claim: none. Cycle: 2/3.
2026-07-25T13:30:51+00:00 DEBUG [scope=wc_subscription_scheduled_event] Dedicated queue runner "woocommerce-subscriptions" created. Cycle: 3/3.
2026-07-25T13:31:55+00:00 DEBUG [scope=wc_subscription_scheduled_event] Dedicated queue runner "woocommerce-subscriptions" could not be created. Existing claim: none. Cycle: 1/3.
2026-07-25T13:33:56+00:00 DEBUG [scope=wc_subscription_scheduled_event] Dedicated queue runner "woocommerce-subscriptions" could not be created. Existing claim: none. Cycle: 2/3.
2026-07-25T13:35:57+00:00 DEBUG [scope=wc_subscription_scheduled_event] Dedicated queue runner "woocommerce-subscriptions" created. Cycle: 3/3.
2026-07-25T13:37:58+00:00 DEBUG [scope=wc_subscription_scheduled_event] Dedicated queue runner "woocommerce-subscriptions" could not be created. Existing claim: none. Cycle: 1/3.
2026-07-25T13:39:59+00:00 DEBUG [scope=wc_subscription_scheduled_event] Dedicated queue runner "woocommerce-subscriptions" could not be created. Existing claim: none. Cycle: 2/3.
2026-07-25T13:42:00+00:00 DEBUG [scope=wc_subscription_scheduled_event] Dedicated queue runner "woocommerce-subscriptions" created. Cycle: 3/3.
2026-07-25T13:44:01+00:00 DEBUG [scope=wc_subscription_scheduled_event] Dedicated queue runner "woocommerce-subscriptions" could not be created. Existing claim: none. Cycle: 1/3.
2026-07-25T13:46:02+00:00 DEBUG [scope=wc_subscription_scheduled_event] Dedicated queue runner "woocommerce-subscriptions" could not be created. Existing claim: none. Cycle: 2/3.
2026-07-25T13:47:19+00:00 DEBUG [scope=wc_subscription_scheduled_event] Dedicated queue runner "woocommerce-subscriptions" created. Cycle: 3/3.
2026-07-25T13:47:34+00:00 DEBUG [scope=wc_subscription_scheduled_event] Dedicated queue runner "woocommerce-subscriptions" could not be created. Existing claim: none. Cycle: 1/3.
2026-07-25T13:50:04+00:00 DEBUG [scope=wc_subscription_scheduled_event] Dedicated queue runner "woocommerce-subscriptions" could not be created. Existing claim: none. Cycle: 2/3.
2026-07-25T13:51:35+00:00 DEBUG [scope=wc_subscription_scheduled_event] Dedicated queue runner "woocommerce-subscriptions" created. Cycle: 3/3.
2026-07-25T13:54:06+00:00 DEBUG [scope=wc_subscription_scheduled_event] Dedicated queue runner "woocommerce-subscriptions" could not be created. Existing claim: none. Cycle: 1/3.
2026-07-25T13:56:07+00:00 DEBUG [scope=wc_subscription_scheduled_event] Dedicated queue runner "woocommerce-subscriptions" could not be created. Existing claim: none. Cycle: 2/3.
2026-07-25T13:58:08+00:00 DEBUG [scope=wc_subscription_scheduled_event] Dedicated queue runner "woocommerce-subscriptions" created. Cycle: 3/3.
2026-07-25T14:00:09+00:00 DEBUG [scope=wc_subscription_scheduled_event] Dedicated queue runner "woocommerce-subscriptions" could not be created. Existing claim: none. Cycle: 1/3.
2026-07-25T14:02:00+00:00 DEBUG [scope=wc_subscription_scheduled_event] Dedicated queue runner "woocommerce-subscriptions" could not be created. Existing claim: none. Cycle: 2/3.
2026-07-25T14:04:11+00:00 DEBUG [scope=wc_subscription_scheduled_event] Dedicated queue runner "woocommerce-subscriptions" created. Cycle: 3/3.
2026-07-25T14:06:12+00:00 DEBUG [scope=wc_subscription_scheduled_event] Dedicated queue runner "woocommerce-subscriptions" could not be created. Existing claim: none. Cycle: 1/3.
2026-07-25T14:08:13+00:00 DEBUG [scope=wc_subscription_scheduled_event] Dedicated queue runner "woocommerce-subscriptions" could not be created. Existing claim: none. Cycle: 2/3.
2026-07-25T14:08:31+00:00 DEBUG [scope=wc_subscription_scheduled_event] Dedicated queue runner "woocommerce-subscriptions" not applied: none of its groups exist yet.
2026-07-25T14:08:38+00:00 DEBUG [scope=wc_subscription_scheduled_event] Dedicated queue runner "woocommerce-subscriptions" not applied: none of its groups exist yet.
2026-07-25T14:10:14+00:00 DEBUG [scope=wc_subscription_scheduled_event] Dedicated queue runner "woocommerce-subscriptions" created. Cycle: 3/3.
2026-07-25T14:12:15+00:00 DEBUG [scope=wc_subscription_scheduled_event] Dedicated queue runner "woocommerce-subscriptions" could not be created. Existing claim: none. Cycle: 1/3.
2026-07-25T14:14:16+00:00 DEBUG [scope=wc_subscription_scheduled_event] Dedicated queue runner "woocommerce-subscriptions" could not be created. Existing claim: none. Cycle: 2/3.
2026-07-25T14:16:17+00:00 DEBUG [scope=wc_subscription_scheduled_event] Dedicated queue runner "woocommerce-subscriptions" created. Cycle: 3/3.
2026-07-25T14:53:37+00:00 DEBUG [scope=wc_subscription_scheduled_event] Dedicated queue runner "woocommerce-subscriptions" could not be created. Existing claim: none. Cycle: 1/3.
2026-07-25T15:03:24+00:00 DEBUG [scope=wc_subscription_scheduled_event] Dedicated queue runner "woocommerce-subscriptions" could not be created. Existing claim: none. Cycle: 2/3.
2026-07-25T15:04:27+00:00 DEBUG [scope=wc_subscription_scheduled_event] Dedicated queue runner "woocommerce-subscriptions" created. Cycle: 3/3.
2026-07-25T15:05:22+00:00 DEBUG [scope=wc_subscription_scheduled_event] Dedicated queue runner "woocommerce-subscriptions" could not be created. Existing claim: none. Cycle: 1/3.
2026-07-25T15:07:23+00:00 DEBUG [scope=wc_subscription_scheduled_event] Dedicated queue runner "woocommerce-subscriptions" could not be created. Existing claim: none. Cycle: 2/3.
2026-07-25T15:09:25+00:00 DEBUG [scope=wc_subscription_scheduled_event] Dedicated queue runner "woocommerce-subscriptions" created. Cycle: 3/3.
2026-07-25T15:11:26+00:00 DEBUG [scope=wc_subscription_scheduled_event] Dedicated queue runner "woocommerce-subscriptions" could not be created. Existing claim: none. Cycle: 1/3.
2026-07-25T15:12:06+00:00 DEBUG [scope=wc_subscription_scheduled_event] Dedicated queue runner "woocommerce-subscriptions" could not be created. Existing claim: none. Cycle: 2/3.
2026-07-25T15:13:26+00:00 DEBUG [scope=wc_subscription_scheduled_event] Dedicated queue runner "woocommerce-subscriptions" created. Cycle: 3/3.
2026-07-25T15:15:27+00:00 DEBUG [scope=wc_subscription_scheduled_event] Dedicated queue runner "woocommerce-subscriptions" could not be created. Existing claim: none. Cycle: 1/3.
2026-07-25T15:17:29+00:00 DEBUG [scope=wc_subscription_scheduled_event] Dedicated queue runner "woocommerce-subscriptions" could not be created. Existing claim: none. Cycle: 2/3.
2026-07-25T15:19:29+00:00 DEBUG [scope=wc_subscription_scheduled_event] Dedicated queue runner "woocommerce-subscriptions" created. Cycle: 3/3.
2026-07-25T15:21:30+00:00 DEBUG [scope=wc_subscription_scheduled_event] Dedicated queue runner "woocommerce-subscriptions" could not be created. Existing claim: none. Cycle: 1/3.
2026-07-25T15:23:31+00:00 DEBUG [scope=wc_subscription_scheduled_event] Dedicated queue runner "woocommerce-subscriptions" could not be created. Existing claim: none. Cycle: 2/3.
2026-07-25T15:25:33+00:00 DEBUG [scope=wc_subscription_scheduled_event] Dedicated queue runner "woocommerce-subscriptions" created. Cycle: 3/3.
2026-07-25T15:27:33+00:00 DEBUG [scope=wc_subscription_scheduled_event] Dedicated queue runner "woocommerce-subscriptions" could not be created. Existing claim: none. Cycle: 1/3.
2026-07-25T15:29:34+00:00 DEBUG [scope=wc_subscription_scheduled_event] Dedicated queue runner "woocommerce-subscriptions" could not be created. Existing claim: none. Cycle: 2/3.
2026-07-25T15:31:36+00:00 DEBUG [scope=wc_subscription_scheduled_event] Dedicated queue runner "woocommerce-subscriptions" created. Cycle: 3/3.
2026-07-25T15:33:36+00:00 DEBUG [scope=wc_subscription_scheduled_event] Dedicated queue runner "woocommerce-subscriptions" could not be created. Existing claim: none. Cycle: 1/3.
2026-07-25T15:35:37+00:00 DEBUG [scope=wc_subscription_scheduled_event] Dedicated queue runner "woocommerce-subscriptions" could not be created. Existing claim: none. Cycle: 2/3.
2026-07-25T15:37:39+00:00 DEBUG [scope=wc_subscription_scheduled_event] Dedicated queue runner "woocommerce-subscriptions" created. Cycle: 3/3.
2026-07-25T15:39:39+00:00 DEBUG [scope=wc_subscription_scheduled_event] Dedicated queue runner "woocommerce-subscriptions" could not be created. Existing claim: none. Cycle: 1/3.
2026-07-25T15:41:36+00:00 DEBUG [scope=wc_subscription_scheduled_event] Dedicated queue runner "woocommerce-subscriptions" could not be created. Existing claim: none. Cycle: 2/3.
2026-07-25T15:43:42+00:00 DEBUG [scope=wc_subscription_scheduled_event] Dedicated queue runner "woocommerce-subscriptions" created. Cycle: 3/3.
2026-07-25T15:45:42+00:00 DEBUG [scope=wc_subscription_scheduled_event] Dedicated queue runner "woocommerce-subscriptions" could not be created. Existing claim: none. Cycle: 1/3.
2026-07-25T15:52:18+00:00 DEBUG [scope=wc_subscription_scheduled_event] Dedicated queue runner "woocommerce-subscriptions" could not be created. Existing claim: none. Cycle: 2/3.
2026-07-25T15:54:19+00:00 DEBUG [scope=wc_subscription_scheduled_event] Dedicated queue runner "woocommerce-subscriptions" created. Cycle: 3/3.
2026-07-25T15:54:20+00:00 DEBUG [scope=wc_subscription_scheduled_event] Dedicated queue runner "woocommerce-subscriptions" could not be created. Existing claim: none. Cycle: 1/3.
2026-07-25T15:55:37+00:00 DEBUG [scope=wc_subscription_scheduled_event] Dedicated queue runner "woocommerce-subscriptions" could not be created. Existing claim: none. Cycle: 2/3.
2026-07-25T15:58:21+00:00 DEBUG [scope=wc_subscription_scheduled_event] Dedicated queue runner "woocommerce-subscriptions" created. Cycle: 3/3.
2026-07-25T15:59:18+00:00 DEBUG [scope=wc_subscription_scheduled_event] Dedicated queue runner "woocommerce-subscriptions" could not be created. Existing claim: none. Cycle: 1/3.
2026-07-25T16:00:23+00:00 DEBUG [scope=wc_subscription_scheduled_event] Dedicated queue runner "woocommerce-subscriptions" could not be created. Existing claim: none. Cycle: 2/3.
2026-07-25T16:02:23+00:00 DEBUG [scope=wc_subscription_scheduled_event] Dedicated queue runner "woocommerce-subscriptions" created. Cycle: 3/3.
2026-07-25T16:04:24+00:00 DEBUG [scope=wc_subscription_scheduled_event] Dedicated queue runner "woocommerce-subscriptions" could not be created. Existing claim: none. Cycle: 1/3.
2026-07-25T16:06:25+00:00 DEBUG [scope=wc_subscription_scheduled_event] Dedicated queue runner "woocommerce-subscriptions" could not be created. Existing claim: none. Cycle: 2/3.
2026-07-25T16:08:27+00:00 DEBUG [scope=wc_subscription_scheduled_event] Dedicated queue runner "woocommerce-subscriptions" created. Cycle: 3/3.
2026-07-25T16:10:27+00:00 DEBUG [scope=wc_subscription_scheduled_event] Dedicated queue runner "woocommerce-subscriptions" could not be created. Existing claim: none. Cycle: 1/3.
2026-07-25T16:12:28+00:00 DEBUG [scope=wc_subscription_scheduled_event] Dedicated queue runner "woocommerce-subscriptions" could not be created. Existing claim: none. Cycle: 2/3.
2026-07-25T16:14:29+00:00 DEBUG [scope=wc_subscription_scheduled_event] Dedicated queue runner "woocommerce-subscriptions" created. Cycle: 3/3.
2026-07-25T16:16:30+00:00 DEBUG [scope=wc_subscription_scheduled_event] Dedicated queue runner "woocommerce-subscriptions" could not be created. Existing claim: none. Cycle: 1/3.
2026-07-25T16:18:31+00:00 DEBUG [scope=wc_subscription_scheduled_event] Dedicated queue runner "woocommerce-subscriptions" could not be created. Existing claim: none. Cycle: 2/3.
2026-07-25T16:20:32+00:00 DEBUG [scope=wc_subscription_scheduled_event] Dedicated queue runner "woocommerce-subscriptions" created. Cycle: 3/3.
2026-07-25T16:22:33+00:00 DEBUG [scope=wc_subscription_scheduled_event] Dedicated queue runner "woocommerce-subscriptions" could not be created. Existing claim: none. Cycle: 1/3.
2026-07-25T16:24:34+00:00 DEBUG [scope=wc_subscription_scheduled_event] Dedicated queue runner "woocommerce-subscriptions" could not be created. Existing claim: none. Cycle: 2/3.
2026-07-25T16:26:36+00:00 DEBUG [scope=wc_subscription_scheduled_event] Dedicated queue runner "woocommerce-subscriptions" created. Cycle: 3/3.
2026-07-25T16:28:36+00:00 DEBUG [scope=wc_subscription_scheduled_event] Dedicated queue runner "woocommerce-subscriptions" could not be created. Existing claim: none. Cycle: 1/3.
2026-07-25T16:30:37+00:00 DEBUG [scope=wc_subscription_scheduled_event] Dedicated queue runner "woocommerce-subscriptions" could not be created. Existing claim: none. Cycle: 2/3.
2026-07-25T16:32:23+00:00 DEBUG [scope=wc_subscription_scheduled_event] Dedicated queue runner "woocommerce-subscriptions" created. Cycle: 3/3.
2026-07-25T16:32:34+00:00 DEBUG [scope=wc_subscription_scheduled_event] Dedicated queue runner "woocommerce-subscriptions" could not be created. Existing claim: none. Cycle: 1/3.
2026-07-25T16:33:34+00:00 DEBUG [scope=wc_subscription_scheduled_event] Dedicated queue runner "woocommerce-subscriptions" could not be created. Existing claim: none. Cycle: 2/3.
2026-07-25T16:34:36+00:00 DEBUG [scope=wc_subscription_scheduled_event] Dedicated queue runner "woocommerce-subscriptions" created. Cycle: 3/3.
2026-07-25T16:35:36+00:00 DEBUG [scope=wc_subscription_scheduled_event] Dedicated queue runner "woocommerce-subscriptions" could not be created. Existing claim: none. Cycle: 1/3.
2026-07-25T16:36:36+00:00 DEBUG [scope=wc_subscription_scheduled_event] Dedicated queue runner "woocommerce-subscriptions" could not be created. Existing claim: none. Cycle: 2/3.
2026-07-25T16:37:36+00:00 DEBUG [scope=wc_subscription_scheduled_event] Dedicated queue runner "woocommerce-subscriptions" created. Cycle: 3/3.
2026-07-25T16:38:36+00:00 DEBUG [scope=wc_subscription_scheduled_event] Dedicated queue runner "woocommerce-subscriptions" could not be created. Existing claim: none. Cycle: 1/3.
2026-07-25T16:40:37+00:00 DEBUG [scope=wc_subscription_scheduled_event] Dedicated queue runner "woocommerce-subscriptions" could not be created. Existing claim: none. Cycle: 2/3.
2026-07-25T16:42:38+00:00 DEBUG [scope=wc_subscription_scheduled_event] Dedicated queue runner "woocommerce-subscriptions" created. Cycle: 3/3.
2026-07-25T16:44:02+00:00 DEBUG [scope=wc_subscription_scheduled_event] Dedicated queue runner "woocommerce-subscriptions" could not be created. Existing claim: none. Cycle: 1/3.
2026-07-25T16:44:39+00:00 DEBUG [scope=wc_subscription_scheduled_event] Dedicated queue runner "woocommerce-subscriptions" could not be created. Existing claim: none. Cycle: 2/3.
2026-07-25T16:46:40+00:00 DEBUG [scope=wc_subscription_scheduled_event] Dedicated queue runner "woocommerce-subscriptions" created. Cycle: 3/3.
2026-07-25T16:48:42+00:00 DEBUG [scope=wc_subscription_scheduled_event] Dedicated queue runner "woocommerce-subscriptions" could not be created. Existing claim: none. Cycle: 1/3.
2026-07-25T16:50:47+00:00 DEBUG [scope=wc_subscription_scheduled_event] Dedicated queue runner "woocommerce-subscriptions" could not be created. Existing claim: none. Cycle: 2/3.
2026-07-25T16:52:48+00:00 DEBUG [scope=wc_subscription_scheduled_event] Dedicated queue runner "woocommerce-subscriptions" created. Cycle: 3/3.
2026-07-25T16:54:50+00:00 DEBUG [scope=wc_subscription_scheduled_event] Dedicated queue runner "woocommerce-subscriptions" could not be created. Existing claim: none. Cycle: 1/3.
2026-07-25T16:54:50+00:00 DEBUG [scope=wc_subscription_scheduled_event] Dedicated queue runner "woocommerce-subscriptions" could not be created. Existing claim: none. Cycle: 2/3.
2026-07-25T16:56:50+00:00 DEBUG [scope=wc_subscription_scheduled_event] Dedicated queue runner "woocommerce-subscriptions" created. Cycle: 3/3.
2026-07-25T16:58:51+00:00 DEBUG [scope=wc_subscription_scheduled_event] Dedicated queue runner "woocommerce-subscriptions" could not be created. Existing claim: none. Cycle: 1/3.
2026-07-25T17:00:53+00:00 DEBUG [scope=wc_subscription_scheduled_event] Dedicated queue runner "woocommerce-subscriptions" could not be created. Existing claim: none. Cycle: 2/3.
2026-07-25T17:02:53+00:00 DEBUG [scope=wc_subscription_scheduled_event] Dedicated queue runner "woocommerce-subscriptions" created. Cycle: 3/3.
2026-07-25T17:04:55+00:00 DEBUG [scope=wc_subscription_scheduled_event] Dedicated queue runner "woocommerce-subscriptions" could not be created. Existing claim: none. Cycle: 1/3.
2026-07-25T17:06:56+00:00 DEBUG [scope=wc_subscription_scheduled_event] Dedicated queue runner "woocommerce-subscriptions" could not be created. Existing claim: none. Cycle: 2/3.
2026-07-25T17:08:56+00:00 DEBUG [scope=wc_subscription_scheduled_event] Dedicated queue runner "woocommerce-subscriptions" created. Cycle: 3/3.
2026-07-25T17:08:57+00:00 DEBUG [scope=wc_subscription_scheduled_event] Dedicated queue runner "woocommerce-subscriptions" could not be created. Existing claim: none. Cycle: 1/3.
2026-07-25T17:10:51+00:00 DEBUG [scope=wc_subscription_scheduled_event] Dedicated queue runner "woocommerce-subscriptions" not applied: none of its groups exist yet.
2026-07-25T17:10:57+00:00 DEBUG [scope=wc_subscription_scheduled_event] Dedicated queue runner "woocommerce-subscriptions" could not be created. Existing claim: none. Cycle: 2/3.
2026-07-25T17:12:59+00:00 DEBUG [scope=wc_subscription_scheduled_event] Dedicated queue runner "woocommerce-subscriptions" created. Cycle: 3/3.
2026-07-25T17:14:59+00:00 DEBUG [scope=wc_subscription_scheduled_event] Dedicated queue runner "woocommerce-subscriptions" could not be created. Existing claim: none. Cycle: 1/3.
2026-07-25T17:17:00+00:00 DEBUG [scope=wc_subscription_scheduled_event] Dedicated queue runner "woocommerce-subscriptions" could not be created. Existing claim: none. Cycle: 2/3.
2026-07-25T17:19:02+00:00 DEBUG [scope=wc_subscription_scheduled_event] Dedicated queue runner "woocommerce-subscriptions" created. Cycle: 3/3.
2026-07-25T17:20:28+00:00 DEBUG [scope=wc_subscription_scheduled_event] Dedicated queue runner "woocommerce-subscriptions" could not be created. Existing claim: none. Cycle: 1/3.
2026-07-25T17:20:44+00:00 DEBUG [scope=wc_subscription_scheduled_event] Dedicated queue runner "woocommerce-subscriptions" could not be created. Existing claim: none. Cycle: 2/3.
2026-07-25T17:22:05+00:00 DEBUG [scope=wc_subscription_scheduled_event] Dedicated queue runner "woocommerce-subscriptions" not applied: none of its groups exist yet.
2026-07-25T17:23:04+00:00 DEBUG [scope=wc_subscription_scheduled_event] Dedicated queue runner "woocommerce-subscriptions" created. Cycle: 3/3.
2026-07-25T17:25:05+00:00 DEBUG [scope=wc_subscription_scheduled_event] Dedicated queue runner "woocommerce-subscriptions" could not be created. Existing claim: none. Cycle: 1/3.
2026-07-25T17:27:05+00:00 DEBUG [scope=wc_subscription_scheduled_event] Dedicated queue runner "woocommerce-subscriptions" could not be created. Existing claim: none. Cycle: 2/3.
2026-07-25T17:29:06+00:00 DEBUG [scope=wc_subscription_scheduled_event] Dedicated queue runner "woocommerce-subscriptions" created. Cycle: 3/3.
2026-07-25T17:29:44+00:00 DEBUG [scope=wc_subscription_scheduled_event] Dedicated queue runner "woocommerce-subscriptions" could not be created. Existing claim: none. Cycle: 1/3.
2026-07-25T17:31:07+00:00 DEBUG [scope=wc_subscription_scheduled_event] Dedicated queue runner "woocommerce-subscriptions" could not be created. Existing claim: none. Cycle: 2/3.
2026-07-25T17:31:08+00:00 DEBUG [scope=wc_subscription_scheduled_event] Dedicated queue runner "woocommerce-subscriptions" created. Cycle: 3/3.
2026-07-25T17:31:58+00:00 DEBUG [scope=wc_subscription_scheduled_event] Dedicated queue runner "woocommerce-subscriptions" could not be created. Existing claim: none. Cycle: 1/3.
2026-07-25T17:33:08+00:00 DEBUG [scope=wc_subscription_scheduled_event] Dedicated queue runner "woocommerce-subscriptions" could not be created. Existing claim: none. Cycle: 2/3.
2026-07-25T17:34:27+00:00 DEBUG [scope=wc_subscription_scheduled_event] Dedicated queue runner "woocommerce-subscriptions" created. Cycle: 3/3.
2026-07-25T17:35:09+00:00 DEBUG [scope=wc_subscription_scheduled_event] Dedicated queue runner "woocommerce-subscriptions" could not be created. Existing claim: none. Cycle: 1/3.
2026-07-25T17:35:10+00:00 DEBUG [scope=wc_subscription_scheduled_event] Dedicated queue runner "woocommerce-subscriptions" could not be created. Existing claim: none. Cycle: 2/3.
2026-07-25T17:37:10+00:00 DEBUG [scope=wc_subscription_scheduled_event] Dedicated queue runner "woocommerce-subscriptions" created. Cycle: 3/3.
2026-07-25T17:39:11+00:00 DEBUG [scope=wc_subscription_scheduled_event] Dedicated queue runner "woocommerce-subscriptions" could not be created. Existing claim: none. Cycle: 1/3.
2026-07-25T17:41:12+00:00 DEBUG [scope=wc_subscription_scheduled_event] Dedicated queue runner "woocommerce-subscriptions" could not be created. Existing claim: none. Cycle: 2/3.
2026-07-25T17:43:13+00:00 DEBUG [scope=wc_subscription_scheduled_event] Dedicated queue runner "woocommerce-subscriptions" created. Cycle: 3/3.
2026-07-25T17:45:14+00:00 DEBUG [scope=wc_subscription_scheduled_event] Dedicated queue runner "woocommerce-subscriptions" could not be created. Existing claim: none. Cycle: 1/3.
2026-07-25T17:47:15+00:00 DEBUG [scope=wc_subscription_scheduled_event] Dedicated queue runner "woocommerce-subscriptions" could not be created. Existing claim: none. Cycle: 2/3.
2026-07-25T17:49:17+00:00 DEBUG [scope=wc_subscription_scheduled_event] Dedicated queue runner "woocommerce-subscriptions" created. Cycle: 3/3.
2026-07-25T17:51:17+00:00 DEBUG [scope=wc_subscription_scheduled_event] Dedicated queue runner "woocommerce-subscriptions" could not be created. Existing claim: none. Cycle: 1/3.
2026-07-25T17:52:55+00:00 DEBUG [scope=wc_subscription_scheduled_event] Dedicated queue runner "woocommerce-subscriptions" could not be created. Existing claim: none. Cycle: 2/3.
2026-07-25T17:55:00+00:00 DEBUG [scope=wc_subscription_scheduled_event] Dedicated queue runner "woocommerce-subscriptions" created. Cycle: 3/3.
2026-07-25T17:55:19+00:00 DEBUG [scope=wc_subscription_scheduled_event] Dedicated queue runner "woocommerce-subscriptions" could not be created. Existing claim: none. Cycle: 1/3.
2026-07-25T17:57:20+00:00 DEBUG [scope=wc_subscription_scheduled_event] Dedicated queue runner "woocommerce-subscriptions" could not be created. Existing claim: none. Cycle: 2/3.
2026-07-25T17:59:21+00:00 DEBUG [scope=wc_subscription_scheduled_event] Dedicated queue runner "woocommerce-subscriptions" created. Cycle: 3/3.
2026-07-25T18:01:22+00:00 DEBUG [scope=wc_subscription_scheduled_event] Dedicated queue runner "woocommerce-subscriptions" could not be created. Existing claim: none. Cycle: 1/3.
2026-07-25T18:03:23+00:00 DEBUG [scope=wc_subscription_scheduled_event] Dedicated queue runner "woocommerce-subscriptions" could not be created. Existing claim: none. Cycle: 2/3.
2026-07-25T18:05:25+00:00 DEBUG [scope=wc_subscription_scheduled_event] Dedicated queue runner "woocommerce-subscriptions" created. Cycle: 3/3.
2026-07-25T18:07:25+00:00 DEBUG [scope=wc_subscription_scheduled_event] Dedicated queue runner "woocommerce-subscriptions" could not be created. Existing claim: none. Cycle: 1/3.
2026-07-25T18:09:27+00:00 DEBUG [scope=wc_subscription_scheduled_event] Dedicated queue runner "woocommerce-subscriptions" could not be created. Existing claim: none. Cycle: 2/3.
2026-07-25T18:11:27+00:00 DEBUG [scope=wc_subscription_scheduled_event] Dedicated queue runner "woocommerce-subscriptions" created. Cycle: 3/3.
2026-07-25T18:13:29+00:00 DEBUG [scope=wc_subscription_scheduled_event] Dedicated queue runner "woocommerce-subscriptions" could not be created. Existing claim: none. Cycle: 1/3.
2026-07-25T18:14:36+00:00 DEBUG [scope=wc_subscription_scheduled_event] Dedicated queue runner "woocommerce-subscriptions" could not be created. Existing claim: none. Cycle: 2/3.
2026-07-25T18:15:55+00:00 DEBUG [scope=wc_subscription_scheduled_event] Dedicated queue runner "woocommerce-subscriptions" created. Cycle: 3/3.
2026-07-25T18:16:34+00:00 DEBUG [scope=wc_subscription_scheduled_event] Dedicated queue runner "woocommerce-subscriptions" could not be created. Existing claim: none. Cycle: 1/3.
2026-07-25T18:17:34+00:00 DEBUG [scope=wc_subscription_scheduled_event] Dedicated queue runner "woocommerce-subscriptions" could not be created. Existing claim: none. Cycle: 2/3.
2026-07-25T18:18:34+00:00 DEBUG [scope=wc_subscription_scheduled_event] Dedicated queue runner "woocommerce-subscriptions" created. Cycle: 3/3.
2026-07-25T18:19:34+00:00 DEBUG [scope=wc_subscription_scheduled_event] Dedicated queue runner "woocommerce-subscriptions" could not be created. Existing claim: none. Cycle: 1/3.
2026-07-25T18:20:34+00:00 DEBUG [scope=wc_subscription_scheduled_event] Dedicated queue runner "woocommerce-subscriptions" could not be created. Existing claim: none. Cycle: 2/3.
2026-07-25T18:21:34+00:00 DEBUG [scope=wc_subscription_scheduled_event] Dedicated queue runner "woocommerce-subscriptions" created. Cycle: 3/3.
2026-07-25T18:22:36+00:00 DEBUG [scope=wc_subscription_scheduled_event] Dedicated queue runner "woocommerce-subscriptions" could not be created. Existing claim: none. Cycle: 1/3.
2026-07-25T18:23:34+00:00 DEBUG [scope=wc_subscription_scheduled_event] Dedicated queue runner "woocommerce-subscriptions" could not be created. Existing claim: none. Cycle: 2/3.
2026-07-25T18:24:34+00:00 DEBUG [scope=wc_subscription_scheduled_event] Dedicated queue runner "woocommerce-subscriptions" created. Cycle: 3/3.
2026-07-25T18:25:34+00:00 DEBUG [scope=wc_subscription_scheduled_event] Dedicated queue runner "woocommerce-subscriptions" could not be created. Existing claim: none. Cycle: 1/3.
2026-07-25T18:26:34+00:00 DEBUG [scope=wc_subscription_scheduled_event] Dedicated queue runner "woocommerce-subscriptions" could not be created. Existing claim: none. Cycle: 2/3.
2026-07-25T18:27:34+00:00 DEBUG [scope=wc_subscription_scheduled_event] Dedicated queue runner "woocommerce-subscriptions" created. Cycle: 3/3.
2026-07-25T18:28:34+00:00 DEBUG [scope=wc_subscription_scheduled_event] Dedicated queue runner "woocommerce-subscriptions" could not be created. Existing claim: none. Cycle: 1/3.
2026-07-25T18:29:37+00:00 DEBUG [scope=wc_subscription_scheduled_event] Dedicated queue runner "woocommerce-subscriptions" could not be created. Existing claim: none. Cycle: 2/3.
2026-07-25T18:31:37+00:00 DEBUG [scope=wc_subscription_scheduled_event] Dedicated queue runner "woocommerce-subscriptions" created. Cycle: 3/3.
2026-07-25T18:33:38+00:00 DEBUG [scope=wc_subscription_scheduled_event] Dedicated queue runner "woocommerce-subscriptions" could not be created. Existing claim: none. Cycle: 1/3.
2026-07-25T18:35:39+00:00 DEBUG [scope=wc_subscription_scheduled_event] Dedicated queue runner "woocommerce-subscriptions" could not be created. Existing claim: none. Cycle: 2/3.
2026-07-25T18:37:29+00:00 DEBUG [scope=wc_subscription_scheduled_event] Dedicated queue runner "woocommerce-subscriptions" created. Cycle: 3/3.
2026-07-25T18:37:40+00:00 DEBUG [scope=wc_subscription_scheduled_event] Dedicated queue runner "woocommerce-subscriptions" could not be created. Existing claim: none. Cycle: 1/3.
2026-07-25T18:39:41+00:00 DEBUG [scope=wc_subscription_scheduled_event] Dedicated queue runner "woocommerce-subscriptions" could not be created. Existing claim: none. Cycle: 2/3.
2026-07-25T18:41:43+00:00 DEBUG [scope=wc_subscription_scheduled_event] Dedicated queue runner "woocommerce-subscriptions" created. Cycle: 3/3.
2026-07-25T18:43:43+00:00 DEBUG [scope=wc_subscription_scheduled_event] Dedicated queue runner "woocommerce-subscriptions" could not be created. Existing claim: none. Cycle: 1/3.
2026-07-25T18:47:41+00:00 DEBUG [scope=wc_subscription_scheduled_event] Dedicated queue runner "woocommerce-subscriptions" could not be created. Existing claim: none. Cycle: 2/3.
2026-07-25T18:48:55+00:00 DEBUG [scope=wc_subscription_scheduled_event] Dedicated queue runner "woocommerce-subscriptions" created. Cycle: 3/3.
2026-07-25T18:49:46+00:00 DEBUG [scope=wc_subscription_scheduled_event] Dedicated queue runner "woocommerce-subscriptions" could not be created. Existing claim: none. Cycle: 1/3.
2026-07-25T18:50:38+00:00 DEBUG [scope=wc_subscription_scheduled_event] Dedicated queue runner "woocommerce-subscriptions" could not be created. Existing claim: none. Cycle: 2/3.
2026-07-25T18:51:48+00:00 DEBUG [scope=wc_subscription_scheduled_event] Dedicated queue runner "woocommerce-subscriptions" created. Cycle: 3/3.
2026-07-25T18:53:48+00:00 DEBUG [scope=wc_subscription_scheduled_event] Dedicated queue runner "woocommerce-subscriptions" could not be created. Existing claim: none. Cycle: 1/3.
2026-07-25T18:55:49+00:00 DEBUG [scope=wc_subscription_scheduled_event] Dedicated queue runner "woocommerce-subscriptions" could not be created. Existing claim: none. Cycle: 2/3.
2026-07-25T18:55:50+00:00 DEBUG [scope=wc_subscription_scheduled_event] Dedicated queue runner "woocommerce-subscriptions" created. Cycle: 3/3.
2026-07-25T18:57:51+00:00 DEBUG [scope=wc_subscription_scheduled_event] Dedicated queue runner "woocommerce-subscriptions" could not be created. Existing claim: none. Cycle: 1/3.
2026-07-25T18:59:51+00:00 DEBUG [scope=wc_subscription_scheduled_event] Dedicated queue runner "woocommerce-subscriptions" could not be created. Existing claim: none. Cycle: 2/3.
2026-07-25T19:01:52+00:00 DEBUG [scope=wc_subscription_scheduled_event] Dedicated queue runner "woocommerce-subscriptions" created. Cycle: 3/3.
2026-07-25T19:03:45+00:00 DEBUG [scope=wc_subscription_scheduled_event] Dedicated queue runner "woocommerce-subscriptions" could not be created. Existing claim: none. Cycle: 1/3.
2026-07-25T19:05:55+00:00 DEBUG [scope=wc_subscription_scheduled_event] Dedicated queue runner "woocommerce-subscriptions" could not be created. Existing claim: none. Cycle: 2/3.
2026-07-25T19:07:55+00:00 DEBUG [scope=wc_subscription_scheduled_event] Dedicated queue runner "woocommerce-subscriptions" created. Cycle: 3/3.
2026-07-25T19:08:41+00:00 DEBUG [scope=wc_subscription_scheduled_event] Dedicated queue runner "woocommerce-subscriptions" could not be created. Existing claim: none. Cycle: 1/3.
2026-07-25T19:09:57+00:00 DEBUG [scope=wc_subscription_scheduled_event] Dedicated queue runner "woocommerce-subscriptions" could not be created. Existing claim: none. Cycle: 2/3.
2026-07-25T19:11:02+00:00 DEBUG [scope=wc_subscription_scheduled_event] Dedicated queue runner "woocommerce-subscriptions" created. Cycle: 3/3.
2026-07-25T19:11:42+00:00 DEBUG [scope=wc_subscription_scheduled_event] Dedicated queue runner "woocommerce-subscriptions" could not be created. Existing claim: none. Cycle: 1/3.
2026-07-25T19:13:03+00:00 DEBUG [scope=wc_subscription_scheduled_event] Dedicated queue runner "woocommerce-subscriptions" could not be created. Existing claim: none. Cycle: 2/3.
2026-07-25T19:13:58+00:00 DEBUG [scope=wc_subscription_scheduled_event] Dedicated queue runner "woocommerce-subscriptions" created. Cycle: 3/3.
2026-07-25T19:15:05+00:00 DEBUG [scope=wc_subscription_scheduled_event] Dedicated queue runner "woocommerce-subscriptions" could not be created. Existing claim: none. Cycle: 1/3.
2026-07-25T19:15:59+00:00 DEBUG [scope=wc_subscription_scheduled_event] Dedicated queue runner "woocommerce-subscriptions" could not be created. Existing claim: none. Cycle: 2/3.
2026-07-25T19:17:05+00:00 DEBUG [scope=wc_subscription_scheduled_event] Dedicated queue runner "woocommerce-subscriptions" created. Cycle: 3/3.
2026-07-25T19:18:00+00:00 DEBUG [scope=wc_subscription_scheduled_event] Dedicated queue runner "woocommerce-subscriptions" could not be created. Existing claim: none. Cycle: 1/3.
2026-07-25T19:19:06+00:00 DEBUG [scope=wc_subscription_scheduled_event] Dedicated queue runner "woocommerce-subscriptions" could not be created. Existing claim: none. Cycle: 2/3.
2026-07-25T19:20:01+00:00 DEBUG [scope=wc_subscription_scheduled_event] Dedicated queue runner "woocommerce-subscriptions" created. Cycle: 3/3.
2026-07-25T19:22:03+00:00 DEBUG [scope=wc_subscription_scheduled_event] Dedicated queue runner "woocommerce-subscriptions" could not be created. Existing claim: none. Cycle: 1/3.
2026-07-25T19:24:03+00:00 DEBUG [scope=wc_subscription_scheduled_event] Dedicated queue runner "woocommerce-subscriptions" could not be created. Existing claim: none. Cycle: 2/3.
2026-07-25T19:24:51+00:00 DEBUG [scope=wc_subscription_scheduled_event] Dedicated queue runner "woocommerce-subscriptions" created. Cycle: 3/3.
2026-07-25T19:26:04+00:00 DEBUG [scope=wc_subscription_scheduled_event] Dedicated queue runner "woocommerce-subscriptions" could not be created. Existing claim: none. Cycle: 1/3.
2026-07-25T19:28:06+00:00 DEBUG [scope=wc_subscription_scheduled_event] Dedicated queue runner "woocommerce-subscriptions" could not be created. Existing claim: none. Cycle: 2/3.
2026-07-25T19:30:06+00:00 DEBUG [scope=wc_subscription_scheduled_event] Dedicated queue runner "woocommerce-subscriptions" created. Cycle: 3/3.
2026-07-25T19:32:07+00:00 DEBUG [scope=wc_subscription_scheduled_event] Dedicated queue runner "woocommerce-subscriptions" could not be created. Existing claim: none. Cycle: 1/3.
2026-07-25T19:34:09+00:00 DEBUG [scope=wc_subscription_scheduled_event] Dedicated queue runner "woocommerce-subscriptions" could not be created. Existing claim: none. Cycle: 2/3.
2026-07-25T19:35:18+00:00 DEBUG [scope=wc_subscription_scheduled_event] Dedicated queue runner "woocommerce-subscriptions" created. Cycle: 3/3.
2026-07-25T19:36:09+00:00 DEBUG [scope=wc_subscription_scheduled_event] Dedicated queue runner "woocommerce-subscriptions" could not be created. Existing claim: none. Cycle: 1/3.
2026-07-25T19:38:10+00:00 DEBUG [scope=wc_subscription_scheduled_event] Dedicated queue runner "woocommerce-subscriptions" could not be created. Existing claim: none. Cycle: 2/3.
2026-07-25T19:40:12+00:00 DEBUG [scope=wc_subscription_scheduled_event] Dedicated queue runner "woocommerce-subscriptions" created. Cycle: 3/3.
2026-07-25T19:41:31+00:00 DEBUG [scope=wc_subscription_scheduled_event] Dedicated queue runner "woocommerce-subscriptions" could not be created. Existing claim: none. Cycle: 1/3.
2026-07-25T19:41:49+00:00 DEBUG [scope=wc_subscription_scheduled_event] Dedicated queue runner "woocommerce-subscriptions" could not be created. Existing claim: none. Cycle: 2/3.
2026-07-25T19:42:36+00:00 DEBUG [scope=wc_subscription_scheduled_event] Dedicated queue runner "woocommerce-subscriptions" created. Cycle: 3/3.
2026-07-25T19:43:53+00:00 DEBUG [scope=wc_subscription_scheduled_event] Dedicated queue runner "woocommerce-subscriptions" could not be created. Existing claim: none. Cycle: 1/3.
2026-07-25T19:44:35+00:00 DEBUG [scope=wc_subscription_scheduled_event] Dedicated queue runner "woocommerce-subscriptions" could not be created. Existing claim: none. Cycle: 2/3.
2026-07-25T19:46:08+00:00 DEBUG [scope=wc_subscription_scheduled_event] Dedicated queue runner "woocommerce-subscriptions" created. Cycle: 3/3.
2026-07-25T19:46:38+00:00 DEBUG [scope=wc_subscription_scheduled_event] Dedicated queue runner "woocommerce-subscriptions" could not be created. Existing claim: none. Cycle: 1/3.
2026-07-25T19:47:48+00:00 DEBUG [scope=wc_subscription_scheduled_event] Dedicated queue runner "woocommerce-subscriptions" could not be created. Existing claim: none. Cycle: 2/3.
2026-07-25T19:48:34+00:00 DEBUG [scope=wc_subscription_scheduled_event] Dedicated queue runner "woocommerce-subscriptions" created. Cycle: 3/3.
2026-07-25T19:49:48+00:00 DEBUG [scope=wc_subscription_scheduled_event] Dedicated queue runner "woocommerce-subscriptions" could not be created. Existing claim: none. Cycle: 1/3.
2026-07-25T19:50:35+00:00 DEBUG [scope=wc_subscription_scheduled_event] Dedicated queue runner "woocommerce-subscriptions" could not be created. Existing claim: none. Cycle: 2/3.
2026-07-25T19:51:48+00:00 DEBUG [scope=wc_subscription_scheduled_event] Dedicated queue runner "woocommerce-subscriptions" created. Cycle: 3/3.
2026-07-25T19:53:50+00:00 DEBUG [scope=wc_subscription_scheduled_event] Dedicated queue runner "woocommerce-subscriptions" could not be created. Existing claim: none. Cycle: 1/3.
2026-07-25T20:11:37+00:00 DEBUG [scope=wc_subscription_scheduled_event] Dedicated queue runner "woocommerce-subscriptions" not applied: none of its groups exist yet.
2026-07-25T20:15:35+00:00 DEBUG [scope=wc_subscription_scheduled_event] Dedicated queue runner "woocommerce-subscriptions" could not be created. Existing claim: none. Cycle: 2/3.
2026-07-25T20:30:53+00:00 DEBUG [scope=wc_subscription_scheduled_event] Dedicated queue runner "woocommerce-subscriptions" created. Cycle: 3/3.
2026-07-25T20:31:40+00:00 DEBUG [scope=wc_subscription_scheduled_event] Dedicated queue runner "woocommerce-subscriptions" could not be created. Existing claim: none. Cycle: 1/3.
2026-07-25T20:33:41+00:00 DEBUG [scope=wc_subscription_scheduled_event] Dedicated queue runner "woocommerce-subscriptions" could not be created. Existing claim: none. Cycle: 2/3.
2026-07-25T20:34:44+00:00 DEBUG [scope=wc_subscription_scheduled_event] Dedicated queue runner "woocommerce-subscriptions" created. Cycle: 3/3.
2026-07-25T20:35:43+00:00 DEBUG [scope=wc_subscription_scheduled_event] Dedicated queue runner "woocommerce-subscriptions" could not be created. Existing claim: none. Cycle: 1/3.
2026-07-25T20:36:46+00:00 DEBUG [scope=wc_subscription_scheduled_event] Dedicated queue runner "woocommerce-subscriptions" could not be created. Existing claim: none. Cycle: 2/3.
2026-07-25T20:37:55+00:00 DEBUG [scope=wc_subscription_scheduled_event] Dedicated queue runner "woocommerce-subscriptions" created. Cycle: 3/3.
2026-07-25T20:42:36+00:00 DEBUG [scope=wc_subscription_scheduled_event] Dedicated queue runner "woocommerce-subscriptions" could not be created. Existing claim: none. Cycle: 1/3.
2026-07-25T20:44:17+00:00 DEBUG [scope=wc_subscription_scheduled_event] Dedicated queue runner "woocommerce-subscriptions" not applied: none of its groups exist yet.
2026-07-25T20:46:11+00:00 DEBUG [scope=wc_subscription_scheduled_event] Dedicated queue runner "woocommerce-subscriptions" not applied: none of its groups exist yet.
2026-07-25T21:01:28+00:00 DEBUG [scope=wc_subscription_scheduled_event] Dedicated queue runner "woocommerce-subscriptions" not applied: none of its groups exist yet.
2026-07-25T21:24:40+00:00 DEBUG [scope=wc_subscription_scheduled_event] Dedicated queue runner "woocommerce-subscriptions" could not be created. Existing claim: none. Cycle: 2/3.
2026-07-25T21:48:13+00:00 DEBUG [scope=wc_subscription_scheduled_event] Dedicated queue runner "woocommerce-subscriptions" created. Cycle: 3/3.
2026-07-25T21:56:41+00:00 DEBUG [scope=wc_subscription_scheduled_event] Dedicated queue runner "woocommerce-subscriptions" not applied: none of its groups exist yet.
2026-07-25T22:39:25+00:00 DEBUG [scope=wc_subscription_scheduled_event] Dedicated queue runner "woocommerce-subscriptions" not applied: none of its groups exist yet.
2026-07-25T22:39:53+00:00 DEBUG [scope=wc_subscription_scheduled_event] Dedicated queue runner "woocommerce-subscriptions" not applied: none of its groups exist yet.
2026-07-25T22:59:32+00:00 DEBUG [scope=wc_subscription_scheduled_event] Dedicated queue runner "woocommerce-subscriptions" not applied: none of its groups exist yet.
2026-07-25T23:11:34+00:00 DEBUG [scope=wc_subscription_scheduled_event] Dedicated queue runner "woocommerce-subscriptions" not applied: none of its groups exist yet.
2026-07-25T23:29:40+00:00 DEBUG [scope=wc_subscription_scheduled_event] Dedicated queue runner "woocommerce-subscriptions" not applied: none of its groups exist yet.
2026-07-25T23:33:38+00:00 DEBUG [scope=wc_subscription_scheduled_event] Dedicated queue runner "woocommerce-subscriptions" not applied: none of its groups exist yet.
2026-07-25T23:34:11+00:00 DEBUG [scope=wc_subscription_scheduled_event] Dedicated queue runner "woocommerce-subscriptions" could not be created. Existing claim: none. Cycle: 1/3.
2026-07-25T23:34:47+00:00 DEBUG [scope=wc_subscription_scheduled_event] Dedicated queue runner "woocommerce-subscriptions" could not be created. Existing claim: none. Cycle: 2/3.
2026-07-25T23:35:39+00:00 DEBUG [scope=wc_subscription_scheduled_event] Dedicated queue runner "woocommerce-subscriptions" not applied: none of its groups exist yet.
2026-07-25T23:36:06+00:00 DEBUG [scope=wc_subscription_scheduled_event] Dedicated queue runner "woocommerce-subscriptions" created. Cycle: 3/3.
2026-07-25T23:37:40+00:00 DEBUG [scope=wc_subscription_scheduled_event] Dedicated queue runner "woocommerce-subscriptions" not applied: none of its groups exist yet.
2026-07-25T23:38:06+00:00 DEBUG [scope=wc_subscription_scheduled_event] Dedicated queue runner "woocommerce-subscriptions" could not be created. Existing claim: none. Cycle: 1/3.
2026-07-25T23:39:58+00:00 DEBUG [scope=wc_subscription_scheduled_event] Dedicated queue runner "woocommerce-subscriptions" could not be created. Existing claim: none. Cycle: 2/3.
2026-07-25T23:41:26+00:00 DEBUG [scope=wc_subscription_scheduled_event] Dedicated queue runner "woocommerce-subscriptions" created. Cycle: 3/3.
2026-07-25T23:41:43+00:00 DEBUG [scope=wc_subscription_scheduled_event] Dedicated queue runner "woocommerce-subscriptions" could not be created. Existing claim: none. Cycle: 1/3.
2026-07-25T23:42:34+00:00 DEBUG [scope=wc_subscription_scheduled_event] Dedicated queue runner "woocommerce-subscriptions" could not be created. Existing claim: none. Cycle: 2/3.
2026-07-25T23:43:41+00:00 DEBUG [scope=wc_subscription_scheduled_event] Dedicated queue runner "woocommerce-subscriptions" created. Cycle: 3/3.
2026-07-25T23:53:40+00:00 DEBUG [scope=wc_subscription_scheduled_event] Dedicated queue runner "woocommerce-subscriptions" could not be created. Existing claim: none. Cycle: 1/3.
