07-21-2026 @ 00:44:24 - ---[ New import started at 2026-07-20 19:14:24 ] PHP Memory: 512 MB, WP Memory: 256 MB
07-21-2026 @ 00:44:24 - Preparing for import.
07-21-2026 @ 00:44:24 - Row :1 - Parsing item.
07-21-2026 @ 00:44:24 - Row :1 - Processing item.
07-21-2026 @ 00:44:24 - Process start..
07-21-2026 @ 00:44:24 - Processing subscriptions...
07-21-2026 @ 00:44:25 - > &#8220;0&#8221;Subscription Imported Successfully.
07-21-2026 @ 00:44:25 - > Finished importing order 0
07-21-2026 @ 00:44:25 - Finished processing orders.
07-21-2026 @ 00:44:25 - Row :1 - Subscription order imported successfully.
07-21-2026 @ 00:44:25 - Row :2 - Parsing item.
07-21-2026 @ 00:44:25 - Row :2 - Processing item.
07-21-2026 @ 00:44:25 - Process start..
07-21-2026 @ 00:44:25 - Processing subscriptions...
07-21-2026 @ 00:44:26 - > &#8220;0&#8221;Subscription Imported Successfully.
07-21-2026 @ 00:44:26 - > Finished importing order 0
07-21-2026 @ 00:44:26 - Finished processing orders.
07-21-2026 @ 00:44:26 - Row :2 - Subscription order imported successfully.
07-21-2026 @ 00:44:26 - Row :3 - Parsing item.
07-21-2026 @ 00:44:26 - Row :3 - Processing item.
07-21-2026 @ 00:44:26 - Process start..
07-21-2026 @ 00:44:26 - Processing subscriptions...
07-21-2026 @ 00:44:26 - > &#8220;0&#8221;Subscription Imported Successfully.
07-21-2026 @ 00:44:26 - > Finished importing order 0
07-21-2026 @ 00:44:26 - Finished processing orders.
07-21-2026 @ 00:44:27 - Row :3 - Subscription order imported successfully.
07-21-2026 @ 00:44:27 - Row :4 - Parsing item.
07-21-2026 @ 00:44:27 - Row :4 - Processing item.
07-21-2026 @ 00:44:27 - Process start..
07-21-2026 @ 00:44:27 - Processing subscriptions...
07-21-2026 @ 00:44:27 - > &#8220;0&#8221;Subscription Imported Successfully.
07-21-2026 @ 00:44:27 - > Finished importing order 0
07-21-2026 @ 00:44:27 - Finished processing orders.
07-21-2026 @ 00:44:27 - Row :4 - Subscription order imported successfully.
07-21-2026 @ 00:44:27 - Row :5 - Parsing item.
07-21-2026 @ 00:44:28 - Row :5 - Processing item.
07-21-2026 @ 00:44:28 - Process start..
07-21-2026 @ 00:44:28 - Processing subscriptions...
07-21-2026 @ 00:44:28 - > &#8220;0&#8221;Subscription Imported Successfully.
07-21-2026 @ 00:44:28 - > Finished importing order 0
07-21-2026 @ 00:44:28 - Finished processing orders.
07-21-2026 @ 00:44:29 - Row :5 - Subscription order imported successfully.
07-21-2026 @ 00:44:29 - Row :6 - Parsing item.
07-21-2026 @ 00:44:29 - Row :6 - Processing item.
07-21-2026 @ 00:44:29 - Process start..
07-21-2026 @ 00:44:29 - Processing subscriptions...
07-21-2026 @ 00:44:29 - > &#8220;0&#8221;Subscription Imported Successfully.
07-21-2026 @ 00:44:29 - > Finished importing order 0
07-21-2026 @ 00:44:29 - Finished processing orders.
07-21-2026 @ 00:44:30 - Row :6 - Subscription order imported successfully.
07-21-2026 @ 00:44:30 - Row :7 - Parsing item.
07-21-2026 @ 00:44:30 - Row :7 - Processing item.
07-21-2026 @ 00:44:30 - Process start..
07-21-2026 @ 00:44:30 - Processing subscriptions...
07-21-2026 @ 00:44:30 - > &#8220;0&#8221;Subscription Imported Successfully.
07-21-2026 @ 00:44:30 - > Finished importing order 0
07-21-2026 @ 00:44:30 - Finished processing orders.
07-21-2026 @ 00:44:31 - Row :7 - Subscription order imported successfully.
07-21-2026 @ 00:44:31 - Row :8 - Parsing item.
07-21-2026 @ 00:44:31 - Row :8 - Processing item.
07-21-2026 @ 00:44:31 - Process start..
07-21-2026 @ 00:44:31 - Processing subscriptions...
07-21-2026 @ 00:44:31 - > &#8220;0&#8221;Subscription Imported Successfully.
07-21-2026 @ 00:44:31 - > Finished importing order 0
07-21-2026 @ 00:44:31 - Finished processing orders.
07-21-2026 @ 00:44:32 - Row :8 - Subscription order imported successfully.
07-21-2026 @ 00:44:32 - Row :9 - Parsing item.
07-21-2026 @ 00:44:32 - Row :9 - Processing item.
07-21-2026 @ 00:44:32 - Process start..
07-21-2026 @ 00:44:32 - Processing subscriptions...
07-21-2026 @ 00:44:32 - > &#8220;0&#8221;Subscription Imported Successfully.
07-21-2026 @ 00:44:32 - > Finished importing order 0
07-21-2026 @ 00:44:32 - Finished processing orders.
07-21-2026 @ 00:44:33 - Row :9 - Subscription order imported successfully.
07-21-2026 @ 00:44:33 - Row :10 - Parsing item.
07-21-2026 @ 00:44:33 - Row :10 - Processing item.
07-21-2026 @ 00:44:33 - Process start..
07-21-2026 @ 00:44:33 - Processing subscriptions...
07-21-2026 @ 00:44:34 - > &#8220;0&#8221;Subscription Imported Successfully.
07-21-2026 @ 00:44:34 - > Finished importing order 0
07-21-2026 @ 00:44:34 - Finished processing orders.
07-21-2026 @ 00:44:34 - Row :10 - Subscription order imported successfully.
07-21-2026 @ 00:44:34 - Preparing for import.
07-21-2026 @ 00:44:34 - Row :11 - Parsing item.
07-21-2026 @ 00:44:34 - Row :11 - Processing item.
07-21-2026 @ 00:44:35 - Process start..
07-21-2026 @ 00:44:35 - Processing subscriptions...
07-21-2026 @ 00:44:35 - > &#8220;0&#8221;Subscription Imported Successfully.
07-21-2026 @ 00:44:35 - > Finished importing order 0
07-21-2026 @ 00:44:35 - Finished processing orders.
07-21-2026 @ 00:44:35 - Row :11 - Subscription order imported successfully.
07-21-2026 @ 00:44:35 - Row :12 - Parsing item.
07-21-2026 @ 00:44:35 - Row :12 - Processing item.
07-21-2026 @ 00:44:36 - Process start..
07-21-2026 @ 00:44:36 - Processing subscriptions...
07-21-2026 @ 00:44:36 - > &#8220;0&#8221;Subscription Imported Successfully.
07-21-2026 @ 00:44:36 - > Finished importing order 0
07-21-2026 @ 00:44:36 - Finished processing orders.
07-21-2026 @ 00:44:36 - Row :12 - Subscription order imported successfully.
07-21-2026 @ 00:44:36 - Row :13 - Parsing item.
07-21-2026 @ 00:44:36 - Row :13 - Processing item.
07-21-2026 @ 00:44:37 - Process start..
07-21-2026 @ 00:44:37 - Processing subscriptions...
07-21-2026 @ 00:44:37 - > &#8220;0&#8221;Subscription Imported Successfully.
07-21-2026 @ 00:44:37 - > Finished importing order 0
07-21-2026 @ 00:44:37 - Finished processing orders.
07-21-2026 @ 00:44:37 - Row :13 - Subscription order imported successfully.
07-21-2026 @ 00:44:37 - Row :14 - Parsing item.
07-21-2026 @ 00:44:37 - Row :14 - Processing item.
07-21-2026 @ 00:44:38 - Process start..
07-21-2026 @ 00:44:38 - Processing subscriptions...
07-21-2026 @ 00:44:38 - > &#8220;0&#8221;Subscription Imported Successfully.
07-21-2026 @ 00:44:38 - > Finished importing order 0
07-21-2026 @ 00:44:38 - Finished processing orders.
07-21-2026 @ 00:44:38 - Row :14 - Subscription order imported successfully.
07-21-2026 @ 00:44:38 - Row :15 - Parsing item.
07-21-2026 @ 00:44:38 - Row :15 - Processing item.
07-21-2026 @ 00:44:39 - Process start..
07-21-2026 @ 00:44:39 - Processing subscriptions...
07-21-2026 @ 00:44:39 - > &#8220;0&#8221;Subscription Imported Successfully.
07-21-2026 @ 00:44:39 - > Finished importing order 0
07-21-2026 @ 00:44:39 - Finished processing orders.
07-21-2026 @ 00:44:39 - Row :15 - Subscription order imported successfully.
07-21-2026 @ 00:44:39 - Row :16 - Parsing item.
07-21-2026 @ 00:44:39 - Row :16 - Processing item.
07-21-2026 @ 00:44:40 - Process start..
07-21-2026 @ 00:44:40 - Processing subscriptions...
07-21-2026 @ 00:44:40 - > &#8220;0&#8221;Subscription Imported Successfully.
07-21-2026 @ 00:44:40 - > Finished importing order 0
07-21-2026 @ 00:44:40 - Finished processing orders.
07-21-2026 @ 00:44:40 - Row :16 - Subscription order imported successfully.
07-21-2026 @ 00:44:40 - Row :17 - Parsing item.
07-21-2026 @ 00:44:40 - Row :17 - Processing item.
07-21-2026 @ 00:44:41 - Process start..
07-21-2026 @ 00:44:41 - Processing subscriptions...
07-21-2026 @ 00:44:41 - > &#8220;0&#8221;Subscription Imported Successfully.
07-21-2026 @ 00:44:41 - > Finished importing order 0
07-21-2026 @ 00:44:41 - Finished processing orders.
07-21-2026 @ 00:44:41 - Row :17 - Subscription order imported successfully.
07-21-2026 @ 00:44:41 - Row :18 - Parsing item.
07-21-2026 @ 00:44:41 - Row :18 - Processing item.
07-21-2026 @ 00:44:42 - Process start..
07-21-2026 @ 00:44:42 - Processing subscriptions...
07-21-2026 @ 00:44:42 - > &#8220;0&#8221;Subscription Imported Successfully.
07-21-2026 @ 00:44:42 - > Finished importing order 0
07-21-2026 @ 00:44:42 - Finished processing orders.
07-21-2026 @ 00:44:42 - Row :18 - Subscription order imported successfully.
07-21-2026 @ 00:44:42 - Row :19 - Parsing item.
07-21-2026 @ 00:44:42 - Row :19 - Processing item.
07-21-2026 @ 00:44:42 - Process start..
07-21-2026 @ 00:44:42 - Processing subscriptions...
07-21-2026 @ 00:44:43 - > &#8220;0&#8221;Subscription Imported Successfully.
07-21-2026 @ 00:44:43 - > Finished importing order 0
07-21-2026 @ 00:44:43 - Finished processing orders.
07-21-2026 @ 00:44:43 - Row :19 - Subscription order imported successfully.
07-21-2026 @ 00:44:43 - Row :20 - Parsing item.
07-21-2026 @ 00:44:43 - Row :20 - Processing item.
07-21-2026 @ 00:44:43 - Process start..
07-21-2026 @ 00:44:43 - Processing subscriptions...
07-21-2026 @ 00:44:44 - > &#8220;0&#8221;Subscription Imported Successfully.
07-21-2026 @ 00:44:44 - > Finished importing order 0
07-21-2026 @ 00:44:44 - Finished processing orders.
07-21-2026 @ 00:44:44 - Row :20 - Subscription order imported successfully.
07-21-2026 @ 00:44:44 - Preparing for import.
07-21-2026 @ 00:44:44 - Row :21 - Parsing item.
07-21-2026 @ 00:44:44 - Row :21 - Processing item.
07-21-2026 @ 00:44:44 - Process start..
07-21-2026 @ 00:44:44 - Processing subscriptions...
07-21-2026 @ 00:44:45 - > &#8220;0&#8221;Subscription Imported Successfully.
07-21-2026 @ 00:44:45 - > Finished importing order 0
07-21-2026 @ 00:44:45 - Finished processing orders.
07-21-2026 @ 00:44:45 - Row :21 - Subscription order imported successfully.
07-21-2026 @ 00:44:45 - Row :22 - Parsing item.
07-21-2026 @ 00:44:45 - Row :22 - Processing item.
07-21-2026 @ 00:44:45 - Process start..
07-21-2026 @ 00:44:45 - Processing subscriptions...
07-21-2026 @ 00:44:46 - > &#8220;0&#8221;Subscription Imported Successfully.
07-21-2026 @ 00:44:46 - > Finished importing order 0
07-21-2026 @ 00:44:46 - Finished processing orders.
07-21-2026 @ 00:44:46 - Row :22 - Subscription order imported successfully.
07-21-2026 @ 00:44:46 - Row :23 - Parsing item.
07-21-2026 @ 00:44:46 - Row :23 - Processing item.
07-21-2026 @ 00:44:46 - Process start..
07-21-2026 @ 00:44:46 - Processing subscriptions...
07-21-2026 @ 00:44:46 - > &#8220;0&#8221;Subscription Imported Successfully.
07-21-2026 @ 00:44:46 - > Finished importing order 0
07-21-2026 @ 00:44:46 - Finished processing orders.
07-21-2026 @ 00:44:46 - Row :23 - Subscription order imported successfully.
07-21-2026 @ 00:44:46 - Row :24 - Parsing item.
07-21-2026 @ 00:44:47 - Row :24 - Processing item.
07-21-2026 @ 00:44:47 - Process start..
07-21-2026 @ 00:44:47 - Processing subscriptions...
07-21-2026 @ 00:44:47 - > &#8220;0&#8221;Subscription Imported Successfully.
07-21-2026 @ 00:44:47 - > Finished importing order 0
07-21-2026 @ 00:44:47 - Finished processing orders.
07-21-2026 @ 00:44:47 - Row :24 - Subscription order imported successfully.
07-21-2026 @ 00:44:47 - Row :25 - Parsing item.
07-21-2026 @ 00:44:47 - Row :25 - Processing item.
07-21-2026 @ 00:44:48 - Process start..
07-21-2026 @ 00:44:48 - Processing subscriptions...
07-21-2026 @ 00:44:48 - > &#8220;0&#8221;Subscription Imported Successfully.
07-21-2026 @ 00:44:48 - > Finished importing order 0
07-21-2026 @ 00:44:48 - Finished processing orders.
07-21-2026 @ 00:44:48 - Row :25 - Subscription order imported successfully.
07-21-2026 @ 00:44:48 - Row :26 - Parsing item.
07-21-2026 @ 00:44:48 - Row :26 - Processing item.
07-21-2026 @ 00:44:49 - Process start..
07-21-2026 @ 00:44:49 - Processing subscriptions...
07-21-2026 @ 00:44:49 - > &#8220;0&#8221;Subscription Imported Successfully.
07-21-2026 @ 00:44:49 - > Finished importing order 0
07-21-2026 @ 00:44:49 - Finished processing orders.
07-21-2026 @ 00:44:49 - Row :26 - Subscription order imported successfully.
07-21-2026 @ 00:44:49 - Row :27 - Parsing item.
07-21-2026 @ 00:44:49 - Row :27 - Processing item.
07-21-2026 @ 00:44:50 - Process start..
07-21-2026 @ 00:44:50 - Processing subscriptions...
07-21-2026 @ 00:44:50 - > &#8220;0&#8221;Subscription Imported Successfully.
07-21-2026 @ 00:44:50 - > Finished importing order 0
07-21-2026 @ 00:44:50 - Finished processing orders.
07-21-2026 @ 00:44:50 - Row :27 - Subscription order imported successfully.
07-21-2026 @ 00:44:50 - Row :28 - Parsing item.
07-21-2026 @ 00:44:50 - Row :28 - Processing item.
07-21-2026 @ 00:44:51 - Process start..
07-21-2026 @ 00:44:51 - Processing subscriptions...
07-21-2026 @ 00:44:51 - > &#8220;0&#8221;Subscription Imported Successfully.
07-21-2026 @ 00:44:51 - > Finished importing order 0
07-21-2026 @ 00:44:51 - Finished processing orders.
07-21-2026 @ 00:44:51 - Row :28 - Subscription order imported successfully.
07-21-2026 @ 00:44:51 - Row :29 - Parsing item.
07-21-2026 @ 00:44:51 - Row :29 - Processing item.
07-21-2026 @ 00:44:51 - Process start..
07-21-2026 @ 00:44:51 - Processing subscriptions...
07-21-2026 @ 00:44:52 - > &#8220;0&#8221;Subscription Imported Successfully.
07-21-2026 @ 00:44:52 - > Finished importing order 0
07-21-2026 @ 00:44:52 - Finished processing orders.
07-21-2026 @ 00:44:52 - Row :29 - Subscription order imported successfully.
07-21-2026 @ 00:44:52 - Row :30 - Parsing item.
07-21-2026 @ 00:44:52 - Row :30 - Processing item.
07-21-2026 @ 00:44:52 - Process start..
07-21-2026 @ 00:44:52 - Processing subscriptions...
07-21-2026 @ 00:44:53 - > &#8220;0&#8221;Subscription Imported Successfully.
07-21-2026 @ 00:44:53 - > Finished importing order 0
07-21-2026 @ 00:44:53 - Finished processing orders.
07-21-2026 @ 00:44:53 - Row :30 - Subscription order imported successfully.
07-21-2026 @ 00:44:53 - Preparing for import.
07-21-2026 @ 00:44:53 - Row :31 - Parsing item.
07-21-2026 @ 00:44:53 - Row :31 - Processing item.
07-21-2026 @ 00:44:54 - Process start..
07-21-2026 @ 00:44:54 - Processing subscriptions...
07-21-2026 @ 00:44:54 - > &#8220;0&#8221;Subscription Imported Successfully.
07-21-2026 @ 00:44:54 - > Finished importing order 0
07-21-2026 @ 00:44:54 - Finished processing orders.
07-21-2026 @ 00:44:54 - Row :31 - Subscription order imported successfully.
07-21-2026 @ 00:44:54 - Row :32 - Parsing item.
07-21-2026 @ 00:44:54 - Row :32 - Processing item.
07-21-2026 @ 00:44:55 - Process start..
07-21-2026 @ 00:44:55 - Processing subscriptions...
07-21-2026 @ 00:44:55 - > &#8220;0&#8221;Subscription Imported Successfully.
07-21-2026 @ 00:44:55 - > Finished importing order 0
07-21-2026 @ 00:44:55 - Finished processing orders.
07-21-2026 @ 00:44:55 - Row :32 - Subscription order imported successfully.
07-21-2026 @ 00:44:55 - Row :33 - Parsing item.
07-21-2026 @ 00:44:55 - Row :33 - Processing item.
07-21-2026 @ 00:44:56 - Process start..
07-21-2026 @ 00:44:56 - Processing subscriptions...
07-21-2026 @ 00:44:56 - > &#8220;0&#8221;Subscription Imported Successfully.
07-21-2026 @ 00:44:56 - > Finished importing order 0
07-21-2026 @ 00:44:56 - Finished processing orders.
07-21-2026 @ 00:44:56 - Row :33 - Subscription order imported successfully.
07-21-2026 @ 00:44:56 - Row :34 - Parsing item.
07-21-2026 @ 00:44:56 - Row :34 - Processing item.
07-21-2026 @ 00:44:56 - Process start..
07-21-2026 @ 00:44:56 - Processing subscriptions...
07-21-2026 @ 00:44:57 - > &#8220;0&#8221;Subscription Imported Successfully.
07-21-2026 @ 00:44:57 - > Finished importing order 0
07-21-2026 @ 00:44:57 - Finished processing orders.
07-21-2026 @ 00:44:57 - Row :34 - Subscription order imported successfully.
07-21-2026 @ 00:44:57 - Row :35 - Parsing item.
07-21-2026 @ 00:44:57 - Row :35 - Processing item.
07-21-2026 @ 00:44:57 - Process start..
07-21-2026 @ 00:44:57 - Processing subscriptions...
07-21-2026 @ 00:44:58 - > &#8220;0&#8221;Subscription Imported Successfully.
07-21-2026 @ 00:44:58 - > Finished importing order 0
07-21-2026 @ 00:44:58 - Finished processing orders.
07-21-2026 @ 00:44:58 - Row :35 - Subscription order imported successfully.
07-21-2026 @ 00:44:58 - Row :36 - Parsing item.
07-21-2026 @ 00:44:58 - Row :36 - Processing item.
07-21-2026 @ 00:44:58 - Process start..
07-21-2026 @ 00:44:58 - Processing subscriptions...
07-21-2026 @ 00:44:58 - > &#8220;0&#8221;Subscription Imported Successfully.
07-21-2026 @ 00:44:58 - > Finished importing order 0
07-21-2026 @ 00:44:58 - Finished processing orders.
07-21-2026 @ 00:44:59 - Row :36 - Subscription order imported successfully.
07-21-2026 @ 00:44:59 - Row :37 - Parsing item.
07-21-2026 @ 00:44:59 - Row :37 - Processing item.
07-21-2026 @ 00:44:59 - Process start..
07-21-2026 @ 00:44:59 - Processing subscriptions...
07-21-2026 @ 00:44:59 - > &#8220;0&#8221;Subscription Imported Successfully.
07-21-2026 @ 00:44:59 - > Finished importing order 0
07-21-2026 @ 00:44:59 - Finished processing orders.
07-21-2026 @ 00:44:59 - Row :37 - Subscription order imported successfully.
07-21-2026 @ 00:44:59 - Row :38 - Parsing item.
07-21-2026 @ 00:45:00 - Row :38 - Processing item.
07-21-2026 @ 00:45:00 - Process start..
07-21-2026 @ 00:45:00 - Processing subscriptions...
07-21-2026 @ 00:45:00 - > &#8220;0&#8221;Subscription Imported Successfully.
07-21-2026 @ 00:45:00 - > Finished importing order 0
07-21-2026 @ 00:45:00 - Finished processing orders.
07-21-2026 @ 00:45:00 - Row :38 - Subscription order imported successfully.
07-21-2026 @ 00:45:00 - Row :39 - Parsing item.
07-21-2026 @ 00:45:00 - Row :39 - Processing item.
07-21-2026 @ 00:45:01 - Process start..
07-21-2026 @ 00:45:01 - Processing subscriptions...
07-21-2026 @ 00:45:01 - > &#8220;0&#8221;Subscription Imported Successfully.
07-21-2026 @ 00:45:01 - > Finished importing order 0
07-21-2026 @ 00:45:01 - Finished processing orders.
07-21-2026 @ 00:45:01 - Row :39 - Subscription order imported successfully.
07-21-2026 @ 00:45:01 - Row :40 - Parsing item.
07-21-2026 @ 00:45:01 - Row :40 - Processing item.
07-21-2026 @ 00:45:02 - Process start..
07-21-2026 @ 00:45:02 - Processing subscriptions...
07-21-2026 @ 00:45:02 - > &#8220;0&#8221;Subscription Imported Successfully.
07-21-2026 @ 00:45:02 - > Finished importing order 0
07-21-2026 @ 00:45:02 - Finished processing orders.
07-21-2026 @ 00:45:02 - Row :40 - Subscription order imported successfully.
07-21-2026 @ 00:45:03 - Preparing for import.
07-21-2026 @ 00:45:03 - Row :41 - Parsing item.
07-21-2026 @ 00:45:03 - Row :41 - Processing item.
07-21-2026 @ 00:45:03 - Process start..
07-21-2026 @ 00:45:03 - Processing subscriptions...
07-21-2026 @ 00:45:03 - > &#8220;0&#8221;Subscription Imported Successfully.
07-21-2026 @ 00:45:03 - > Finished importing order 0
07-21-2026 @ 00:45:03 - Finished processing orders.
07-21-2026 @ 00:45:03 - Row :41 - Subscription order imported successfully.
07-21-2026 @ 00:45:03 - Row :42 - Parsing item.
07-21-2026 @ 00:45:04 - Row :42 - Processing item.
07-21-2026 @ 00:45:04 - Process start..
07-21-2026 @ 00:45:04 - Processing subscriptions...
07-21-2026 @ 00:45:04 - > &#8220;0&#8221;Subscription Imported Successfully.
07-21-2026 @ 00:45:04 - > Finished importing order 0
07-21-2026 @ 00:45:04 - Finished processing orders.
07-21-2026 @ 00:45:05 - Row :42 - Subscription order imported successfully.
07-21-2026 @ 00:45:05 - Row :43 - Parsing item.
07-21-2026 @ 00:45:05 - Row :43 - Processing item.
07-21-2026 @ 00:45:05 - Process start..
07-21-2026 @ 00:45:05 - Processing subscriptions...
07-21-2026 @ 00:45:06 - > &#8220;0&#8221;Subscription Imported Successfully.
07-21-2026 @ 00:45:06 - > Finished importing order 0
07-21-2026 @ 00:45:06 - Finished processing orders.
07-21-2026 @ 00:45:06 - Row :43 - Subscription order imported successfully.
07-21-2026 @ 00:45:06 - Row :44 - Parsing item.
07-21-2026 @ 00:45:06 - Row :44 - Processing item.
07-21-2026 @ 00:45:06 - Process start..
07-21-2026 @ 00:45:06 - Processing subscriptions...
07-21-2026 @ 00:45:07 - > &#8220;0&#8221;Subscription Imported Successfully.
07-21-2026 @ 00:45:07 - > Finished importing order 0
07-21-2026 @ 00:45:07 - Finished processing orders.
07-21-2026 @ 00:45:07 - Row :44 - Subscription order imported successfully.
07-21-2026 @ 00:45:07 - Row :45 - Parsing item.
07-21-2026 @ 00:45:07 - Row :45 - Processing item.
07-21-2026 @ 00:45:08 - Process start..
07-21-2026 @ 00:45:08 - Processing subscriptions...
07-21-2026 @ 00:45:08 - > &#8220;0&#8221;Subscription Imported Successfully.
07-21-2026 @ 00:45:08 - > Finished importing order 0
07-21-2026 @ 00:45:08 - Finished processing orders.
07-21-2026 @ 00:45:08 - Row :45 - Subscription order imported successfully.
07-21-2026 @ 00:45:08 - Row :46 - Parsing item.
07-21-2026 @ 00:45:08 - Row :46 - Processing item.
07-21-2026 @ 00:45:09 - Process start..
07-21-2026 @ 00:45:09 - Processing subscriptions...
07-21-2026 @ 00:45:09 - > &#8220;0&#8221;Subscription Imported Successfully.
07-21-2026 @ 00:45:09 - > Finished importing order 0
07-21-2026 @ 00:45:09 - Finished processing orders.
07-21-2026 @ 00:45:09 - Row :46 - Subscription order imported successfully.
07-21-2026 @ 00:45:09 - Row :47 - Parsing item.
07-21-2026 @ 00:45:09 - Row :47 - Processing item.
07-21-2026 @ 00:45:09 - Process start..
07-21-2026 @ 00:45:09 - Processing subscriptions...
07-21-2026 @ 00:45:10 - > &#8220;0&#8221;Subscription Imported Successfully.
07-21-2026 @ 00:45:10 - > Finished importing order 0
07-21-2026 @ 00:45:10 - Finished processing orders.
07-21-2026 @ 00:45:10 - Row :47 - Subscription order imported successfully.
07-21-2026 @ 00:45:10 - Row :48 - Parsing item.
07-21-2026 @ 00:45:10 - Row :48 - Processing item.
07-21-2026 @ 00:45:11 - Process start..
07-21-2026 @ 00:45:11 - Processing subscriptions...
07-21-2026 @ 00:45:11 - > &#8220;0&#8221;Subscription Imported Successfully.
07-21-2026 @ 00:45:11 - > Finished importing order 0
07-21-2026 @ 00:45:11 - Finished processing orders.
07-21-2026 @ 00:45:11 - Row :48 - Subscription order imported successfully.
07-21-2026 @ 00:45:11 - Row :49 - Parsing item.
07-21-2026 @ 00:45:11 - Row :49 - Processing item.
07-21-2026 @ 00:45:11 - Process start..
07-21-2026 @ 00:45:11 - Processing subscriptions...
07-21-2026 @ 00:45:12 - > &#8220;0&#8221;Subscription Imported Successfully.
07-21-2026 @ 00:45:12 - > Finished importing order 0
07-21-2026 @ 00:45:12 - Finished processing orders.
07-21-2026 @ 00:45:12 - Row :49 - Subscription order imported successfully.
07-21-2026 @ 00:45:12 - Row :50 - Parsing item.
07-21-2026 @ 00:45:12 - Row :50 - Processing item.
07-21-2026 @ 00:45:12 - Process start..
07-21-2026 @ 00:45:12 - Processing subscriptions...
07-21-2026 @ 00:45:13 - > &#8220;0&#8221;Subscription Imported Successfully.
07-21-2026 @ 00:45:13 - > Finished importing order 0
07-21-2026 @ 00:45:13 - Finished processing orders.
07-21-2026 @ 00:45:13 - Row :50 - Subscription order imported successfully.
07-21-2026 @ 00:45:13 - Preparing for import.
07-21-2026 @ 00:45:13 - Row :51 - Parsing item.
07-21-2026 @ 00:45:14 - Row :51 - Processing item.
07-21-2026 @ 00:45:14 - Process start..
07-21-2026 @ 00:45:14 - Processing subscriptions...
07-21-2026 @ 00:45:14 - > &#8220;0&#8221;Subscription Imported Successfully.
07-21-2026 @ 00:45:14 - > Finished importing order 0
07-21-2026 @ 00:45:14 - Finished processing orders.
07-21-2026 @ 00:45:15 - Row :51 - Subscription order imported successfully.
07-21-2026 @ 00:45:15 - Row :52 - Parsing item.
07-21-2026 @ 00:45:15 - Row :52 - Processing item.
07-21-2026 @ 00:45:15 - Process start..
07-21-2026 @ 00:45:15 - Processing subscriptions...
07-21-2026 @ 00:45:16 - > &#8220;0&#8221;Subscription Imported Successfully.
07-21-2026 @ 00:45:16 - > Finished importing order 0
07-21-2026 @ 00:45:16 - Finished processing orders.
07-21-2026 @ 00:45:16 - Row :52 - Subscription order imported successfully.
07-21-2026 @ 00:45:16 - Row :53 - Parsing item.
07-21-2026 @ 00:45:16 - Row :53 - Processing item.
07-21-2026 @ 00:45:16 - Process start..
07-21-2026 @ 00:45:16 - Processing subscriptions...
07-21-2026 @ 00:45:17 - > &#8220;0&#8221;Subscription Imported Successfully.
07-21-2026 @ 00:45:17 - > Finished importing order 0
07-21-2026 @ 00:45:17 - Finished processing orders.
07-21-2026 @ 00:45:17 - Row :53 - Subscription order imported successfully.
07-21-2026 @ 00:45:17 - Row :54 - Parsing item.
07-21-2026 @ 00:45:17 - Row :54 - Processing item.
07-21-2026 @ 00:45:17 - Process start..
07-21-2026 @ 00:45:17 - Processing subscriptions...
07-21-2026 @ 00:45:18 - > &#8220;0&#8221;Subscription Imported Successfully.
07-21-2026 @ 00:45:18 - > Finished importing order 0
07-21-2026 @ 00:45:18 - Finished processing orders.
07-21-2026 @ 00:45:18 - Row :54 - Subscription order imported successfully.
07-21-2026 @ 00:45:18 - Row :55 - Parsing item.
07-21-2026 @ 00:45:18 - Row :55 - Processing item.
07-21-2026 @ 00:45:18 - Process start..
07-21-2026 @ 00:45:18 - Processing subscriptions...
07-21-2026 @ 00:45:19 - > &#8220;0&#8221;Subscription Imported Successfully.
07-21-2026 @ 00:45:19 - > Finished importing order 0
07-21-2026 @ 00:45:19 - Finished processing orders.
07-21-2026 @ 00:45:19 - Row :55 - Subscription order imported successfully.
07-21-2026 @ 00:45:19 - Row :56 - Parsing item.
07-21-2026 @ 00:45:19 - Row :56 - Processing item.
07-21-2026 @ 00:45:19 - Process start..
07-21-2026 @ 00:45:19 - Processing subscriptions...
07-21-2026 @ 00:45:20 - > &#8220;0&#8221;Subscription Imported Successfully.
07-21-2026 @ 00:45:20 - > Finished importing order 0
07-21-2026 @ 00:45:20 - Finished processing orders.
07-21-2026 @ 00:45:20 - Row :56 - Subscription order imported successfully.
07-21-2026 @ 00:45:20 - Row :57 - Parsing item.
07-21-2026 @ 00:45:20 - Row :57 - Processing item.
07-21-2026 @ 00:45:20 - Process start..
07-21-2026 @ 00:45:20 - Processing subscriptions...
07-21-2026 @ 00:45:20 - > &#8220;0&#8221;Subscription Imported Successfully.
07-21-2026 @ 00:45:20 - > Finished importing order 0
07-21-2026 @ 00:45:20 - Finished processing orders.
07-21-2026 @ 00:45:21 - Row :57 - Subscription order imported successfully.
07-21-2026 @ 00:45:21 - Row :58 - Parsing item.
07-21-2026 @ 00:45:21 - Row :58 - Processing item.
07-21-2026 @ 00:45:21 - Process start..
07-21-2026 @ 00:45:21 - Processing subscriptions...
07-21-2026 @ 00:45:21 - > &#8220;0&#8221;Subscription Imported Successfully.
07-21-2026 @ 00:45:21 - > Finished importing order 0
07-21-2026 @ 00:45:21 - Finished processing orders.
07-21-2026 @ 00:45:21 - Row :58 - Subscription order imported successfully.
07-21-2026 @ 00:45:21 - Row :59 - Parsing item.
07-21-2026 @ 00:45:22 - Row :59 - Processing item.
07-21-2026 @ 00:45:22 - Process start..
07-21-2026 @ 00:45:22 - Processing subscriptions...
07-21-2026 @ 00:45:22 - > &#8220;0&#8221;Subscription Imported Successfully.
07-21-2026 @ 00:45:22 - > Finished importing order 0
07-21-2026 @ 00:45:22 - Finished processing orders.
07-21-2026 @ 00:45:22 - Row :59 - Subscription order imported successfully.
07-21-2026 @ 00:45:22 - Row :60 - Parsing item.
07-21-2026 @ 00:45:23 - Row :60 - Processing item.
07-21-2026 @ 00:45:23 - Process start..
07-21-2026 @ 00:45:23 - Processing subscriptions...
07-21-2026 @ 00:45:23 - > &#8220;0&#8221;Subscription Imported Successfully.
07-21-2026 @ 00:45:23 - > Finished importing order 0
07-21-2026 @ 00:45:23 - Finished processing orders.
07-21-2026 @ 00:45:23 - Row :60 - Subscription order imported successfully.
07-21-2026 @ 00:45:24 - Preparing for import.
07-21-2026 @ 00:45:24 - Row :61 - Parsing item.
07-21-2026 @ 00:45:24 - Row :61 - Processing item.
07-21-2026 @ 00:45:24 - Process start..
07-21-2026 @ 00:45:24 - Processing subscriptions...
07-21-2026 @ 00:45:24 - > &#8220;0&#8221;Subscription Imported Successfully.
07-21-2026 @ 00:45:24 - > Finished importing order 0
07-21-2026 @ 00:45:24 - Finished processing orders.
07-21-2026 @ 00:45:25 - Row :61 - Subscription order imported successfully.
07-21-2026 @ 00:45:25 - Row :62 - Parsing item.
07-21-2026 @ 00:45:25 - Row :62 - Processing item.
07-21-2026 @ 00:45:25 - Process start..
07-21-2026 @ 00:45:25 - Processing subscriptions...
07-21-2026 @ 00:45:25 - > &#8220;0&#8221;Subscription Imported Successfully.
07-21-2026 @ 00:45:25 - > Finished importing order 0
07-21-2026 @ 00:45:25 - Finished processing orders.
07-21-2026 @ 00:45:26 - Row :62 - Subscription order imported successfully.
07-21-2026 @ 00:45:26 - Row :63 - Parsing item.
07-21-2026 @ 00:45:26 - Row :63 - Processing item.
07-21-2026 @ 00:45:26 - Process start..
07-21-2026 @ 00:45:26 - Processing subscriptions...
07-21-2026 @ 00:45:26 - > &#8220;0&#8221;Subscription Imported Successfully.
07-21-2026 @ 00:45:26 - > Finished importing order 0
07-21-2026 @ 00:45:26 - Finished processing orders.
07-21-2026 @ 00:45:26 - Row :63 - Subscription order imported successfully.
07-21-2026 @ 00:45:26 - Row :64 - Parsing item.
07-21-2026 @ 00:45:27 - Row :64 - Processing item.
07-21-2026 @ 00:45:27 - Process start..
07-21-2026 @ 00:45:27 - Processing subscriptions...
07-21-2026 @ 00:45:27 - > &#8220;0&#8221;Subscription Imported Successfully.
07-21-2026 @ 00:45:27 - > Finished importing order 0
07-21-2026 @ 00:45:27 - Finished processing orders.
07-21-2026 @ 00:45:27 - Row :64 - Subscription order imported successfully.
07-21-2026 @ 00:45:27 - Row :65 - Parsing item.
07-21-2026 @ 00:45:28 - Row :65 - Processing item.
07-21-2026 @ 00:45:28 - Process start..
07-21-2026 @ 00:45:28 - Processing subscriptions...
07-21-2026 @ 00:45:28 - > &#8220;0&#8221;Subscription Imported Successfully.
07-21-2026 @ 00:45:28 - > Finished importing order 0
07-21-2026 @ 00:45:28 - Finished processing orders.
07-21-2026 @ 00:45:28 - Row :65 - Subscription order imported successfully.
07-21-2026 @ 00:45:28 - Row :66 - Parsing item.
07-21-2026 @ 00:45:29 - Row :66 - Processing item.
07-21-2026 @ 00:45:29 - Process start..
07-21-2026 @ 00:45:29 - Processing subscriptions...
07-21-2026 @ 00:45:29 - > &#8220;0&#8221;Subscription Imported Successfully.
07-21-2026 @ 00:45:29 - > Finished importing order 0
07-21-2026 @ 00:45:29 - Finished processing orders.
07-21-2026 @ 00:45:29 - Row :66 - Subscription order imported successfully.
07-21-2026 @ 00:45:29 - Row :67 - Parsing item.
07-21-2026 @ 00:45:30 - Row :67 - Processing item.
07-21-2026 @ 00:45:30 - Process start..
07-21-2026 @ 00:45:30 - Processing subscriptions...
07-21-2026 @ 00:45:30 - > &#8220;0&#8221;Subscription Imported Successfully.
07-21-2026 @ 00:45:30 - > Finished importing order 0
07-21-2026 @ 00:45:30 - Finished processing orders.
07-21-2026 @ 00:45:30 - Row :67 - Subscription order imported successfully.
07-21-2026 @ 00:45:30 - Row :68 - Parsing item.
07-21-2026 @ 00:45:31 - Row :68 - Processing item.
07-21-2026 @ 00:45:31 - Process start..
07-21-2026 @ 00:45:31 - Processing subscriptions...
07-21-2026 @ 00:45:31 - > &#8220;0&#8221;Subscription Imported Successfully.
07-21-2026 @ 00:45:31 - > Finished importing order 0
07-21-2026 @ 00:45:31 - Finished processing orders.
07-21-2026 @ 00:45:31 - Row :68 - Subscription order imported successfully.
07-21-2026 @ 00:45:31 - Row :69 - Parsing item.
07-21-2026 @ 00:45:31 - Row :69 - Processing item.
07-21-2026 @ 00:45:32 - Process start..
07-21-2026 @ 00:45:32 - Processing subscriptions...
07-21-2026 @ 00:45:32 - > &#8220;0&#8221;Subscription Imported Successfully.
07-21-2026 @ 00:45:32 - > Finished importing order 0
07-21-2026 @ 00:45:32 - Finished processing orders.
07-21-2026 @ 00:45:32 - Row :69 - Subscription order imported successfully.
07-21-2026 @ 00:45:32 - Row :70 - Parsing item.
07-21-2026 @ 00:45:32 - Row :70 - Processing item.
07-21-2026 @ 00:45:33 - Process start..
07-21-2026 @ 00:45:33 - Processing subscriptions...
07-21-2026 @ 00:45:33 - > &#8220;0&#8221;Subscription Imported Successfully.
07-21-2026 @ 00:45:33 - > Finished importing order 0
07-21-2026 @ 00:45:33 - Finished processing orders.
07-21-2026 @ 00:45:33 - Row :70 - Subscription order imported successfully.
07-21-2026 @ 00:45:33 - Preparing for import.
07-21-2026 @ 00:45:33 - Row :71 - Parsing item.
07-21-2026 @ 00:45:34 - Row :71 - Processing item.
07-21-2026 @ 00:45:34 - Process start..
07-21-2026 @ 00:45:34 - Processing subscriptions...
07-21-2026 @ 00:45:34 - > &#8220;0&#8221;Subscription Imported Successfully.
07-21-2026 @ 00:45:34 - > Finished importing order 0
07-21-2026 @ 00:45:34 - Finished processing orders.
07-21-2026 @ 00:45:34 - Row :71 - Subscription order imported successfully.
07-21-2026 @ 00:45:34 - Row :72 - Parsing item.
07-21-2026 @ 00:45:35 - Row :72 - Processing item.
07-21-2026 @ 00:45:35 - Process start..
07-21-2026 @ 00:45:35 - Processing subscriptions...
07-21-2026 @ 00:45:35 - > &#8220;0&#8221;Subscription Imported Successfully.
07-21-2026 @ 00:45:35 - > Finished importing order 0
07-21-2026 @ 00:45:35 - Finished processing orders.
07-21-2026 @ 00:45:35 - Row :72 - Subscription order imported successfully.
07-21-2026 @ 00:45:35 - Row :73 - Parsing item.
07-21-2026 @ 00:45:35 - Row :73 - Processing item.
07-21-2026 @ 00:45:36 - Process start..
07-21-2026 @ 00:45:36 - Processing subscriptions...
07-21-2026 @ 00:45:36 - > &#8220;0&#8221;Subscription Imported Successfully.
07-21-2026 @ 00:45:36 - > Finished importing order 0
07-21-2026 @ 00:45:36 - Finished processing orders.
07-21-2026 @ 00:45:36 - Row :73 - Subscription order imported successfully.
07-21-2026 @ 00:45:36 - Row :74 - Parsing item.
07-21-2026 @ 00:45:36 - Row :74 - Processing item.
07-21-2026 @ 00:45:37 - Process start..
07-21-2026 @ 00:45:37 - Processing subscriptions...
07-21-2026 @ 00:45:37 - > &#8220;0&#8221;Subscription Imported Successfully.
07-21-2026 @ 00:45:37 - > Finished importing order 0
07-21-2026 @ 00:45:37 - Finished processing orders.
07-21-2026 @ 00:45:37 - Row :74 - Subscription order imported successfully.
07-21-2026 @ 00:45:37 - Row :75 - Parsing item.
07-21-2026 @ 00:45:37 - Row :75 - Processing item.
07-21-2026 @ 00:45:37 - Process start..
07-21-2026 @ 00:45:37 - Processing subscriptions...
07-21-2026 @ 00:45:38 - > &#8220;0&#8221;Subscription Imported Successfully.
07-21-2026 @ 00:45:38 - > Finished importing order 0
07-21-2026 @ 00:45:38 - Finished processing orders.
07-21-2026 @ 00:45:38 - Row :75 - Subscription order imported successfully.
07-21-2026 @ 00:45:38 - Row :76 - Parsing item.
07-21-2026 @ 00:45:38 - Row :76 - Processing item.
07-21-2026 @ 00:45:38 - Process start..
07-21-2026 @ 00:45:38 - Processing subscriptions...
07-21-2026 @ 00:45:39 - > &#8220;0&#8221;Subscription Imported Successfully.
07-21-2026 @ 00:45:39 - > Finished importing order 0
07-21-2026 @ 00:45:39 - Finished processing orders.
07-21-2026 @ 00:45:39 - Row :76 - Subscription order imported successfully.
07-21-2026 @ 00:45:39 - Row :77 - Parsing item.
07-21-2026 @ 00:45:39 - Row :77 - Processing item.
07-21-2026 @ 00:45:39 - Process start..
07-21-2026 @ 00:45:39 - Processing subscriptions...
07-21-2026 @ 00:45:39 - > &#8220;0&#8221;Subscription Imported Successfully.
07-21-2026 @ 00:45:39 - > Finished importing order 0
07-21-2026 @ 00:45:39 - Finished processing orders.
07-21-2026 @ 00:45:40 - Row :77 - Subscription order imported successfully.
07-21-2026 @ 00:45:40 - Row :78 - Parsing item.
07-21-2026 @ 00:45:40 - Row :78 - Processing item.
07-21-2026 @ 00:45:40 - Process start..
07-21-2026 @ 00:45:40 - Processing subscriptions...
07-21-2026 @ 00:45:40 - > &#8220;0&#8221;Subscription Imported Successfully.
07-21-2026 @ 00:45:40 - > Finished importing order 0
07-21-2026 @ 00:45:40 - Finished processing orders.
07-21-2026 @ 00:45:41 - Row :78 - Subscription order imported successfully.
07-21-2026 @ 00:45:41 - Row :79 - Parsing item.
07-21-2026 @ 00:45:41 - Row :79 - Processing item.
07-21-2026 @ 00:45:41 - Process start..
07-21-2026 @ 00:45:41 - Processing subscriptions...
07-21-2026 @ 00:45:41 - > &#8220;0&#8221;Subscription Imported Successfully.
07-21-2026 @ 00:45:41 - > Finished importing order 0
07-21-2026 @ 00:45:41 - Finished processing orders.
07-21-2026 @ 00:45:42 - Row :79 - Subscription order imported successfully.
07-21-2026 @ 00:45:42 - Row :80 - Parsing item.
07-21-2026 @ 00:45:42 - Row :80 - Processing item.
07-21-2026 @ 00:45:42 - Process start..
07-21-2026 @ 00:45:42 - Processing subscriptions...
07-21-2026 @ 00:45:42 - > &#8220;0&#8221;Subscription Imported Successfully.
07-21-2026 @ 00:45:42 - > Finished importing order 0
07-21-2026 @ 00:45:42 - Finished processing orders.
07-21-2026 @ 00:45:43 - Row :80 - Subscription order imported successfully.
07-21-2026 @ 00:45:43 - Preparing for import.
07-21-2026 @ 00:45:43 - Row :81 - Parsing item.
07-21-2026 @ 00:45:43 - Row :81 - Processing item.
07-21-2026 @ 00:45:43 - Process start..
07-21-2026 @ 00:45:43 - Processing subscriptions...
07-21-2026 @ 00:45:44 - > &#8220;0&#8221;Subscription Imported Successfully.
07-21-2026 @ 00:45:44 - > Finished importing order 0
07-21-2026 @ 00:45:44 - Finished processing orders.
07-21-2026 @ 00:45:44 - Row :81 - Subscription order imported successfully.
07-21-2026 @ 00:45:44 - Row :82 - Parsing item.
07-21-2026 @ 00:45:44 - Row :82 - Processing item.
07-21-2026 @ 00:45:44 - Process start..
07-21-2026 @ 00:45:44 - Processing subscriptions...
07-21-2026 @ 00:45:45 - > &#8220;0&#8221;Subscription Imported Successfully.
07-21-2026 @ 00:45:45 - > Finished importing order 0
07-21-2026 @ 00:45:45 - Finished processing orders.
07-21-2026 @ 00:45:45 - Row :82 - Subscription order imported successfully.
07-21-2026 @ 00:45:45 - Row :83 - Parsing item.
07-21-2026 @ 00:45:45 - Row :83 - Processing item.
07-21-2026 @ 00:45:45 - Process start..
07-21-2026 @ 00:45:45 - Processing subscriptions...
07-21-2026 @ 00:45:46 - > &#8220;0&#8221;Subscription Imported Successfully.
07-21-2026 @ 00:45:46 - > Finished importing order 0
07-21-2026 @ 00:45:46 - Finished processing orders.
07-21-2026 @ 00:45:46 - Row :83 - Subscription order imported successfully.
07-21-2026 @ 00:45:46 - Row :84 - Parsing item.
07-21-2026 @ 00:45:46 - Row :84 - Processing item.
07-21-2026 @ 00:45:46 - Process start..
07-21-2026 @ 00:45:46 - Processing subscriptions...
07-21-2026 @ 00:45:47 - > &#8220;0&#8221;Subscription Imported Successfully.
07-21-2026 @ 00:45:47 - > Finished importing order 0
07-21-2026 @ 00:45:47 - Finished processing orders.
07-21-2026 @ 00:45:47 - Row :84 - Subscription order imported successfully.
07-21-2026 @ 00:45:47 - Row :85 - Parsing item.
07-21-2026 @ 00:45:47 - Row :85 - Processing item.
07-21-2026 @ 00:45:47 - Process start..
07-21-2026 @ 00:45:47 - Processing subscriptions...
07-21-2026 @ 00:45:48 - > &#8220;0&#8221;Subscription Imported Successfully.
07-21-2026 @ 00:45:48 - > Finished importing order 0
07-21-2026 @ 00:45:48 - Finished processing orders.
07-21-2026 @ 00:45:48 - Row :85 - Subscription order imported successfully.
07-21-2026 @ 00:45:48 - Row :86 - Parsing item.
07-21-2026 @ 00:45:48 - Row :86 - Processing item.
07-21-2026 @ 00:45:48 - Process start..
07-21-2026 @ 00:45:48 - Processing subscriptions...
07-21-2026 @ 00:45:49 - > &#8220;0&#8221;Subscription Imported Successfully.
07-21-2026 @ 00:45:49 - > Finished importing order 0
07-21-2026 @ 00:45:49 - Finished processing orders.
07-21-2026 @ 00:45:49 - Row :86 - Subscription order imported successfully.
07-21-2026 @ 00:45:49 - Row :87 - Parsing item.
07-21-2026 @ 00:45:49 - Row :87 - Processing item.
07-21-2026 @ 00:45:49 - Process start..
07-21-2026 @ 00:45:49 - Processing subscriptions...
07-21-2026 @ 00:45:50 - > &#8220;0&#8221;Subscription Imported Successfully.
07-21-2026 @ 00:45:50 - > Finished importing order 0
07-21-2026 @ 00:45:50 - Finished processing orders.
07-21-2026 @ 00:45:50 - Row :87 - Subscription order imported successfully.
07-21-2026 @ 00:45:50 - Row :88 - Parsing item.
07-21-2026 @ 00:45:50 - Row :88 - Processing item.
07-21-2026 @ 00:45:50 - Process start..
07-21-2026 @ 00:45:50 - Processing subscriptions...
07-21-2026 @ 00:45:51 - > &#8220;0&#8221;Subscription Imported Successfully.
07-21-2026 @ 00:45:51 - > Finished importing order 0
07-21-2026 @ 00:45:51 - Finished processing orders.
07-21-2026 @ 00:45:51 - Row :88 - Subscription order imported successfully.
07-21-2026 @ 00:45:51 - Row :89 - Parsing item.
07-21-2026 @ 00:45:51 - Row :89 - Processing item.
07-21-2026 @ 00:45:51 - Process start..
07-21-2026 @ 00:45:51 - Processing subscriptions...
07-21-2026 @ 00:45:51 - > &#8220;0&#8221;Subscription Imported Successfully.
07-21-2026 @ 00:45:51 - > Finished importing order 0
07-21-2026 @ 00:45:51 - Finished processing orders.
07-21-2026 @ 00:45:52 - Row :89 - Subscription order imported successfully.
07-21-2026 @ 00:45:52 - Row :90 - Parsing item.
07-21-2026 @ 00:45:52 - Row :90 - Processing item.
07-21-2026 @ 00:45:52 - Process start..
07-21-2026 @ 00:45:52 - Processing subscriptions...
07-21-2026 @ 00:45:53 - > &#8220;0&#8221;Subscription Imported Successfully.
07-21-2026 @ 00:45:53 - > Finished importing order 0
07-21-2026 @ 00:45:53 - Finished processing orders.
07-21-2026 @ 00:45:53 - Row :90 - Subscription order imported successfully.
07-21-2026 @ 00:45:53 - Preparing for import.
07-21-2026 @ 00:45:53 - Row :91 - Parsing item.
07-21-2026 @ 00:45:53 - Row :91 - Processing item.
07-21-2026 @ 00:45:54 - Process start..
07-21-2026 @ 00:45:54 - Processing subscriptions...
07-21-2026 @ 00:45:54 - > &#8220;0&#8221;Subscription Imported Successfully.
07-21-2026 @ 00:45:54 - > Finished importing order 0
07-21-2026 @ 00:45:54 - Finished processing orders.
07-21-2026 @ 00:45:54 - Row :91 - Subscription order imported successfully.
07-21-2026 @ 00:45:54 - Row :92 - Parsing item.
07-21-2026 @ 00:45:54 - Row :92 - Processing item.
07-21-2026 @ 00:45:55 - Process start..
07-21-2026 @ 00:45:55 - Processing subscriptions...
07-21-2026 @ 00:45:55 - > &#8220;0&#8221;Subscription Imported Successfully.
07-21-2026 @ 00:45:55 - > Finished importing order 0
07-21-2026 @ 00:45:55 - Finished processing orders.
07-21-2026 @ 00:45:55 - Row :92 - Subscription order imported successfully.
07-21-2026 @ 00:45:55 - Row :93 - Parsing item.
07-21-2026 @ 00:45:55 - Row :93 - Processing item.
07-21-2026 @ 00:45:55 - Process start..
07-21-2026 @ 00:45:55 - Processing subscriptions...
07-21-2026 @ 00:45:56 - > &#8220;0&#8221;Subscription Imported Successfully.
07-21-2026 @ 00:45:56 - > Finished importing order 0
07-21-2026 @ 00:45:56 - Finished processing orders.
07-21-2026 @ 00:45:56 - Row :93 - Subscription order imported successfully.
07-21-2026 @ 00:45:56 - Row :94 - Parsing item.
07-21-2026 @ 00:45:56 - Row :94 - Processing item.
07-21-2026 @ 00:45:56 - Process start..
07-21-2026 @ 00:45:56 - Processing subscriptions...
07-21-2026 @ 00:45:57 - > &#8220;0&#8221;Subscription Imported Successfully.
07-21-2026 @ 00:45:57 - > Finished importing order 0
07-21-2026 @ 00:45:57 - Finished processing orders.
07-21-2026 @ 00:45:57 - Row :94 - Subscription order imported successfully.
07-21-2026 @ 00:45:57 - Row :95 - Parsing item.
07-21-2026 @ 00:45:57 - Row :95 - Processing item.
07-21-2026 @ 00:45:57 - Process start..
07-21-2026 @ 00:45:57 - Processing subscriptions...
07-21-2026 @ 00:45:58 - > &#8220;0&#8221;Subscription Imported Successfully.
07-21-2026 @ 00:45:58 - > Finished importing order 0
07-21-2026 @ 00:45:58 - Finished processing orders.
07-21-2026 @ 00:45:58 - Row :95 - Subscription order imported successfully.
07-21-2026 @ 00:45:58 - Row :96 - Parsing item.
07-21-2026 @ 00:45:58 - Row :96 - Processing item.
07-21-2026 @ 00:45:58 - Process start..
07-21-2026 @ 00:45:58 - Processing subscriptions...
07-21-2026 @ 00:45:59 - > &#8220;0&#8221;Subscription Imported Successfully.
07-21-2026 @ 00:45:59 - > Finished importing order 0
07-21-2026 @ 00:45:59 - Finished processing orders.
07-21-2026 @ 00:45:59 - Row :96 - Subscription order imported successfully.
07-21-2026 @ 00:45:59 - Row :97 - Parsing item.
07-21-2026 @ 00:45:59 - Row :97 - Processing item.
07-21-2026 @ 00:45:59 - Process start..
07-21-2026 @ 00:45:59 - Processing subscriptions...
07-21-2026 @ 00:46:00 - > &#8220;0&#8221;Subscription Imported Successfully.
07-21-2026 @ 00:46:00 - > Finished importing order 0
07-21-2026 @ 00:46:00 - Finished processing orders.
07-21-2026 @ 00:46:00 - Row :97 - Subscription order imported successfully.
07-21-2026 @ 00:46:00 - Row :98 - Parsing item.
07-21-2026 @ 00:46:00 - Row :98 - Processing item.
07-21-2026 @ 00:46:00 - Process start..
07-21-2026 @ 00:46:00 - Processing subscriptions...
07-21-2026 @ 00:46:00 - > &#8220;0&#8221;Subscription Imported Successfully.
07-21-2026 @ 00:46:00 - > Finished importing order 0
07-21-2026 @ 00:46:00 - Finished processing orders.
07-21-2026 @ 00:46:01 - Row :98 - Subscription order imported successfully.
07-21-2026 @ 00:46:01 - Row :99 - Parsing item.
07-21-2026 @ 00:46:01 - Row :99 - Processing item.
07-21-2026 @ 00:46:01 - Process start..
07-21-2026 @ 00:46:01 - Processing subscriptions...
07-21-2026 @ 00:46:02 - > &#8220;0&#8221;Subscription Imported Successfully.
07-21-2026 @ 00:46:02 - > Finished importing order 0
07-21-2026 @ 00:46:02 - Finished processing orders.
07-21-2026 @ 00:46:02 - Row :99 - Subscription order imported successfully.
07-21-2026 @ 00:46:02 - Row :100 - Parsing item.
07-21-2026 @ 00:46:02 - Row :100 - Processing item.
07-21-2026 @ 00:46:02 - Process start..
07-21-2026 @ 00:46:02 - Processing subscriptions...
07-21-2026 @ 00:46:03 - > &#8220;0&#8221;Subscription Imported Successfully.
07-21-2026 @ 00:46:03 - > Finished importing order 0
07-21-2026 @ 00:46:03 - Finished processing orders.
07-21-2026 @ 00:46:03 - Row :100 - Subscription order imported successfully.
07-21-2026 @ 00:46:03 - Preparing for import.
07-21-2026 @ 00:46:03 - Row :101 - Parsing item.
07-21-2026 @ 00:46:03 - Row :101 - Processing item.
07-21-2026 @ 00:46:04 - Process start..
07-21-2026 @ 00:46:04 - Processing subscriptions...
07-21-2026 @ 00:46:04 - > &#8220;0&#8221;Subscription Imported Successfully.
07-21-2026 @ 00:46:04 - > Finished importing order 0
07-21-2026 @ 00:46:04 - Finished processing orders.
07-21-2026 @ 00:46:04 - Row :101 - Subscription order imported successfully.
07-21-2026 @ 00:46:04 - Row :102 - Parsing item.
07-21-2026 @ 00:46:04 - Row :102 - Processing item.
07-21-2026 @ 00:46:05 - Process start..
07-21-2026 @ 00:46:05 - Processing subscriptions...
07-21-2026 @ 00:46:05 - > &#8220;0&#8221;Subscription Imported Successfully.
07-21-2026 @ 00:46:05 - > Finished importing order 0
07-21-2026 @ 00:46:05 - Finished processing orders.
07-21-2026 @ 00:46:05 - Row :102 - Subscription order imported successfully.
07-21-2026 @ 00:46:05 - Row :103 - Parsing item.
07-21-2026 @ 00:46:06 - Row :103 - Processing item.
07-21-2026 @ 00:46:06 - Process start..
07-21-2026 @ 00:46:06 - Processing subscriptions...
07-21-2026 @ 00:46:06 - > &#8220;0&#8221;Subscription Imported Successfully.
07-21-2026 @ 00:46:06 - > Finished importing order 0
07-21-2026 @ 00:46:06 - Finished processing orders.
07-21-2026 @ 00:46:07 - Row :103 - Subscription order imported successfully.
07-21-2026 @ 00:46:07 - Row :104 - Parsing item.
07-21-2026 @ 00:46:07 - Row :104 - Processing item.
07-21-2026 @ 00:46:07 - Process start..
07-21-2026 @ 00:46:07 - Processing subscriptions...
07-21-2026 @ 00:46:07 - > &#8220;0&#8221;Subscription Imported Successfully.
07-21-2026 @ 00:46:07 - > Finished importing order 0
07-21-2026 @ 00:46:07 - Finished processing orders.
07-21-2026 @ 00:46:08 - Row :104 - Subscription order imported successfully.
07-21-2026 @ 00:46:08 - Row :105 - Parsing item.
07-21-2026 @ 00:46:08 - Row :105 - Processing item.
07-21-2026 @ 00:46:08 - Process start..
07-21-2026 @ 00:46:08 - Processing subscriptions...
07-21-2026 @ 00:46:09 - > &#8220;0&#8221;Subscription Imported Successfully.
07-21-2026 @ 00:46:09 - > Finished importing order 0
07-21-2026 @ 00:46:09 - Finished processing orders.
07-21-2026 @ 00:46:09 - Row :105 - Subscription order imported successfully.
07-21-2026 @ 00:46:09 - Row :106 - Parsing item.
07-21-2026 @ 00:46:09 - Row :106 - Processing item.
07-21-2026 @ 00:46:09 - Process start..
07-21-2026 @ 00:46:09 - Processing subscriptions...
07-21-2026 @ 00:46:10 - > &#8220;0&#8221;Subscription Imported Successfully.
07-21-2026 @ 00:46:10 - > Finished importing order 0
07-21-2026 @ 00:46:10 - Finished processing orders.
07-21-2026 @ 00:46:10 - Row :106 - Subscription order imported successfully.
07-21-2026 @ 00:46:10 - Row :107 - Parsing item.
07-21-2026 @ 00:46:10 - Row :107 - Processing item.
07-21-2026 @ 00:46:10 - Process start..
07-21-2026 @ 00:46:10 - Processing subscriptions...
07-21-2026 @ 00:46:11 - > &#8220;0&#8221;Subscription Imported Successfully.
07-21-2026 @ 00:46:11 - > Finished importing order 0
07-21-2026 @ 00:46:11 - Finished processing orders.
07-21-2026 @ 00:46:11 - Row :107 - Subscription order imported successfully.
07-21-2026 @ 00:46:11 - Row :108 - Parsing item.
07-21-2026 @ 00:46:11 - Row :108 - Processing item.
07-21-2026 @ 00:46:11 - Process start..
07-21-2026 @ 00:46:11 - Processing subscriptions...
07-21-2026 @ 00:46:12 - > &#8220;0&#8221;Subscription Imported Successfully.
07-21-2026 @ 00:46:12 - > Finished importing order 0
07-21-2026 @ 00:46:12 - Finished processing orders.
07-21-2026 @ 00:46:12 - Row :108 - Subscription order imported successfully.
07-21-2026 @ 00:46:12 - Row :109 - Parsing item.
07-21-2026 @ 00:46:12 - Row :109 - Processing item.
07-21-2026 @ 00:46:12 - Process start..
07-21-2026 @ 00:46:12 - Processing subscriptions...
07-21-2026 @ 00:46:13 - > &#8220;0&#8221;Subscription Imported Successfully.
07-21-2026 @ 00:46:13 - > Finished importing order 0
07-21-2026 @ 00:46:13 - Finished processing orders.
07-21-2026 @ 00:46:13 - Row :109 - Subscription order imported successfully.
07-21-2026 @ 00:46:13 - Row :110 - Parsing item.
07-21-2026 @ 00:46:13 - Row :110 - Processing item.
07-21-2026 @ 00:46:14 - Process start..
07-21-2026 @ 00:46:14 - Processing subscriptions...
07-21-2026 @ 00:46:14 - > &#8220;0&#8221;Subscription Imported Successfully.
07-21-2026 @ 00:46:14 - > Finished importing order 0
07-21-2026 @ 00:46:14 - Finished processing orders.
07-21-2026 @ 00:46:14 - Row :110 - Subscription order imported successfully.
07-21-2026 @ 00:46:15 - Preparing for import.
07-21-2026 @ 00:46:15 - Row :111 - Parsing item.
07-21-2026 @ 00:46:15 - Row :111 - Processing item.
07-21-2026 @ 00:46:15 - Process start..
07-21-2026 @ 00:46:15 - Processing subscriptions...
07-21-2026 @ 00:46:16 - > &#8220;0&#8221;Subscription Imported Successfully.
07-21-2026 @ 00:46:16 - > Finished importing order 0
07-21-2026 @ 00:46:16 - Finished processing orders.
07-21-2026 @ 00:46:16 - Row :111 - Subscription order imported successfully.
07-21-2026 @ 00:46:16 - Row :112 - Parsing item.
07-21-2026 @ 00:46:16 - Row :112 - Processing item.
07-21-2026 @ 00:46:16 - Process start..
07-21-2026 @ 00:46:16 - Processing subscriptions...
07-21-2026 @ 00:46:17 - > &#8220;0&#8221;Subscription Imported Successfully.
07-21-2026 @ 00:46:17 - > Finished importing order 0
07-21-2026 @ 00:46:17 - Finished processing orders.
07-21-2026 @ 00:46:17 - Row :112 - Subscription order imported successfully.
07-21-2026 @ 00:46:17 - Row :113 - Parsing item.
07-21-2026 @ 00:46:17 - Row :113 - Processing item.
07-21-2026 @ 00:46:17 - Process start..
07-21-2026 @ 00:46:17 - Processing subscriptions...
07-21-2026 @ 00:46:18 - > &#8220;0&#8221;Subscription Imported Successfully.
07-21-2026 @ 00:46:18 - > Finished importing order 0
07-21-2026 @ 00:46:18 - Finished processing orders.
07-21-2026 @ 00:46:18 - Row :113 - Subscription order imported successfully.
07-21-2026 @ 00:46:18 - Row :114 - Parsing item.
07-21-2026 @ 00:46:18 - Row :114 - Processing item.
07-21-2026 @ 00:46:18 - Process start..
07-21-2026 @ 00:46:18 - Processing subscriptions...
07-21-2026 @ 00:46:19 - > &#8220;0&#8221;Subscription Imported Successfully.
07-21-2026 @ 00:46:19 - > Finished importing order 0
07-21-2026 @ 00:46:19 - Finished processing orders.
07-21-2026 @ 00:46:19 - Row :114 - Subscription order imported successfully.
07-21-2026 @ 00:46:19 - Row :115 - Parsing item.
07-21-2026 @ 00:46:19 - Row :115 - Processing item.
07-21-2026 @ 00:46:19 - Process start..
07-21-2026 @ 00:46:19 - Processing subscriptions...
07-21-2026 @ 00:46:20 - > &#8220;0&#8221;Subscription Imported Successfully.
07-21-2026 @ 00:46:20 - > Finished importing order 0
07-21-2026 @ 00:46:20 - Finished processing orders.
07-21-2026 @ 00:46:20 - Row :115 - Subscription order imported successfully.
07-21-2026 @ 00:46:20 - Row :116 - Parsing item.
07-21-2026 @ 00:46:20 - Row :116 - Processing item.
07-21-2026 @ 00:46:20 - Process start..
07-21-2026 @ 00:46:20 - Processing subscriptions...
07-21-2026 @ 00:46:21 - > &#8220;0&#8221;Subscription Imported Successfully.
07-21-2026 @ 00:46:21 - > Finished importing order 0
07-21-2026 @ 00:46:21 - Finished processing orders.
07-21-2026 @ 00:46:21 - Row :116 - Subscription order imported successfully.
07-21-2026 @ 00:46:21 - Row :117 - Parsing item.
07-21-2026 @ 00:46:21 - Row :117 - Processing item.
07-21-2026 @ 00:46:21 - Process start..
07-21-2026 @ 00:46:21 - Processing subscriptions...
07-21-2026 @ 00:46:22 - > &#8220;0&#8221;Subscription Imported Successfully.
07-21-2026 @ 00:46:22 - > Finished importing order 0
07-21-2026 @ 00:46:22 - Finished processing orders.
07-21-2026 @ 00:46:22 - Row :117 - Subscription order imported successfully.
07-21-2026 @ 00:46:22 - Row :118 - Parsing item.
07-21-2026 @ 00:46:22 - Row :118 - Processing item.
07-21-2026 @ 00:46:22 - Process start..
07-21-2026 @ 00:46:22 - Processing subscriptions...
07-21-2026 @ 00:46:23 - > &#8220;0&#8221;Subscription Imported Successfully.
07-21-2026 @ 00:46:23 - > Finished importing order 0
07-21-2026 @ 00:46:23 - Finished processing orders.
07-21-2026 @ 00:46:23 - Row :118 - Subscription order imported successfully.
07-21-2026 @ 00:46:23 - Row :119 - Parsing item.
07-21-2026 @ 00:46:23 - Row :119 - Processing item.
07-21-2026 @ 00:46:23 - Process start..
07-21-2026 @ 00:46:23 - Processing subscriptions...
07-21-2026 @ 00:46:24 - > &#8220;0&#8221;Subscription Imported Successfully.
07-21-2026 @ 00:46:24 - > Finished importing order 0
07-21-2026 @ 00:46:24 - Finished processing orders.
07-21-2026 @ 00:46:24 - Row :119 - Subscription order imported successfully.
07-21-2026 @ 00:46:24 - Row :120 - Parsing item.
07-21-2026 @ 00:46:24 - Row :120 - Processing item.
07-21-2026 @ 00:46:24 - Process start..
07-21-2026 @ 00:46:24 - Processing subscriptions...
07-21-2026 @ 00:46:25 - > &#8220;0&#8221;Subscription Imported Successfully.
07-21-2026 @ 00:46:25 - > Finished importing order 0
07-21-2026 @ 00:46:25 - Finished processing orders.
07-21-2026 @ 00:46:25 - Row :120 - Subscription order imported successfully.
07-21-2026 @ 00:46:25 - Preparing for import.
07-21-2026 @ 00:46:25 - Row :121 - Parsing item.
07-21-2026 @ 00:46:26 - Row :121 - Processing item.
07-21-2026 @ 00:46:26 - Process start..
07-21-2026 @ 00:46:26 - Processing subscriptions...
07-21-2026 @ 00:46:26 - > &#8220;0&#8221;Subscription Imported Successfully.
07-21-2026 @ 00:46:26 - > Finished importing order 0
07-21-2026 @ 00:46:26 - Finished processing orders.
07-21-2026 @ 00:46:26 - Row :121 - Subscription order imported successfully.
07-21-2026 @ 00:46:26 - Row :122 - Parsing item.
07-21-2026 @ 00:46:27 - Row :122 - Processing item.
07-21-2026 @ 00:46:27 - Process start..
07-21-2026 @ 00:46:27 - Processing subscriptions...
07-21-2026 @ 00:46:27 - > &#8220;0&#8221;Subscription Imported Successfully.
07-21-2026 @ 00:46:27 - > Finished importing order 0
07-21-2026 @ 00:46:27 - Finished processing orders.
07-21-2026 @ 00:46:27 - Row :122 - Subscription order imported successfully.
07-21-2026 @ 00:46:27 - Row :123 - Parsing item.
07-21-2026 @ 00:46:28 - Row :123 - Processing item.
07-21-2026 @ 00:46:28 - Process start..
07-21-2026 @ 00:46:28 - Processing subscriptions...
07-21-2026 @ 00:46:28 - > &#8220;0&#8221;Subscription Imported Successfully.
07-21-2026 @ 00:46:28 - > Finished importing order 0
07-21-2026 @ 00:46:28 - Finished processing orders.
07-21-2026 @ 00:46:28 - Row :123 - Subscription order imported successfully.
07-21-2026 @ 00:46:28 - Row :124 - Parsing item.
07-21-2026 @ 00:46:29 - Row :124 - Processing item.
07-21-2026 @ 00:46:29 - Process start..
07-21-2026 @ 00:46:29 - Processing subscriptions...
07-21-2026 @ 00:46:29 - > &#8220;0&#8221;Subscription Imported Successfully.
07-21-2026 @ 00:46:29 - > Finished importing order 0
07-21-2026 @ 00:46:29 - Finished processing orders.
07-21-2026 @ 00:46:29 - Row :124 - Subscription order imported successfully.
07-21-2026 @ 00:46:29 - Row :125 - Parsing item.
07-21-2026 @ 00:46:30 - Row :125 - Processing item.
07-21-2026 @ 00:46:30 - Process start..
07-21-2026 @ 00:46:30 - Processing subscriptions...
07-21-2026 @ 00:46:30 - > &#8220;0&#8221;Subscription Imported Successfully.
07-21-2026 @ 00:46:30 - > Finished importing order 0
07-21-2026 @ 00:46:30 - Finished processing orders.
07-21-2026 @ 00:46:30 - Row :125 - Subscription order imported successfully.
07-21-2026 @ 00:46:30 - Row :126 - Parsing item.
07-21-2026 @ 00:46:31 - Row :126 - Processing item.
07-21-2026 @ 00:46:31 - Process start..
07-21-2026 @ 00:46:31 - Processing subscriptions...
07-21-2026 @ 00:46:31 - > &#8220;0&#8221;Subscription Imported Successfully.
07-21-2026 @ 00:46:31 - > Finished importing order 0
07-21-2026 @ 00:46:31 - Finished processing orders.
07-21-2026 @ 00:46:31 - Row :126 - Subscription order imported successfully.
07-21-2026 @ 00:46:31 - Row :127 - Parsing item.
07-21-2026 @ 00:46:32 - Row :127 - Processing item.
07-21-2026 @ 00:46:32 - Process start..
07-21-2026 @ 00:46:32 - Processing subscriptions...
07-21-2026 @ 00:46:32 - > &#8220;0&#8221;Subscription Imported Successfully.
07-21-2026 @ 00:46:32 - > Finished importing order 0
07-21-2026 @ 00:46:32 - Finished processing orders.
07-21-2026 @ 00:46:32 - Row :127 - Subscription order imported successfully.
07-21-2026 @ 00:46:32 - Row :128 - Parsing item.
07-21-2026 @ 00:46:33 - Row :128 - Processing item.
07-21-2026 @ 00:46:33 - Process start..
07-21-2026 @ 00:46:33 - Processing subscriptions...
07-21-2026 @ 00:46:33 - > &#8220;0&#8221;Subscription Imported Successfully.
07-21-2026 @ 00:46:33 - > Finished importing order 0
07-21-2026 @ 00:46:33 - Finished processing orders.
07-21-2026 @ 00:46:33 - Row :128 - Subscription order imported successfully.
07-21-2026 @ 00:46:33 - Row :129 - Parsing item.
07-21-2026 @ 00:46:33 - Row :129 - Processing item.
07-21-2026 @ 00:46:34 - Process start..
07-21-2026 @ 00:46:34 - Processing subscriptions...
07-21-2026 @ 00:46:34 - > &#8220;0&#8221;Subscription Imported Successfully.
07-21-2026 @ 00:46:34 - > Finished importing order 0
07-21-2026 @ 00:46:34 - Finished processing orders.
07-21-2026 @ 00:46:34 - Row :129 - Subscription order imported successfully.
07-21-2026 @ 00:46:34 - Row :130 - Parsing item.
07-21-2026 @ 00:46:34 - Row :130 - Processing item.
07-21-2026 @ 00:46:35 - Process start..
07-21-2026 @ 00:46:35 - Processing subscriptions...
07-21-2026 @ 00:46:35 - > &#8220;0&#8221;Subscription Imported Successfully.
07-21-2026 @ 00:46:35 - > Finished importing order 0
07-21-2026 @ 00:46:35 - Finished processing orders.
07-21-2026 @ 00:46:35 - Row :130 - Subscription order imported successfully.
07-21-2026 @ 00:46:36 - Preparing for import.
07-21-2026 @ 00:46:36 - Row :131 - Parsing item.
07-21-2026 @ 00:46:36 - Row :131 - Processing item.
07-21-2026 @ 00:46:36 - Process start..
07-21-2026 @ 00:46:36 - Processing subscriptions...
07-21-2026 @ 00:46:36 - > &#8220;0&#8221;Subscription Imported Successfully.
07-21-2026 @ 00:46:36 - > Finished importing order 0
07-21-2026 @ 00:46:36 - Finished processing orders.
07-21-2026 @ 00:46:37 - Row :131 - Subscription order imported successfully.
07-21-2026 @ 00:46:37 - Row :132 - Parsing item.
07-21-2026 @ 00:46:37 - Row :132 - Processing item.
07-21-2026 @ 00:46:37 - Process start..
07-21-2026 @ 00:46:37 - Processing subscriptions...
07-21-2026 @ 00:46:37 - > &#8220;0&#8221;Subscription Imported Successfully.
07-21-2026 @ 00:46:37 - > Finished importing order 0
07-21-2026 @ 00:46:37 - Finished processing orders.
07-21-2026 @ 00:46:38 - Row :132 - Subscription order imported successfully.
07-21-2026 @ 00:46:38 - Row :133 - Parsing item.
07-21-2026 @ 00:46:38 - Row :133 - Processing item.
07-21-2026 @ 00:46:38 - Process start..
07-21-2026 @ 00:46:38 - Processing subscriptions...
07-21-2026 @ 00:46:38 - > &#8220;0&#8221;Subscription Imported Successfully.
07-21-2026 @ 00:46:38 - > Finished importing order 0
07-21-2026 @ 00:46:38 - Finished processing orders.
07-21-2026 @ 00:46:39 - Row :133 - Subscription order imported successfully.
07-21-2026 @ 00:46:39 - Row :134 - Parsing item.
07-21-2026 @ 00:46:39 - Row :134 - Processing item.
07-21-2026 @ 00:46:39 - Process start..
07-21-2026 @ 00:46:39 - Processing subscriptions...
07-21-2026 @ 00:46:39 - > &#8220;0&#8221;Subscription Imported Successfully.
07-21-2026 @ 00:46:39 - > Finished importing order 0
07-21-2026 @ 00:46:39 - Finished processing orders.
07-21-2026 @ 00:46:39 - Row :134 - Subscription order imported successfully.
07-21-2026 @ 00:46:39 - Row :135 - Parsing item.
07-21-2026 @ 00:46:40 - Row :135 - Processing item.
07-21-2026 @ 00:46:40 - Process start..
07-21-2026 @ 00:46:40 - Processing subscriptions...
07-21-2026 @ 00:46:40 - > &#8220;0&#8221;Subscription Imported Successfully.
07-21-2026 @ 00:46:40 - > Finished importing order 0
07-21-2026 @ 00:46:40 - Finished processing orders.
07-21-2026 @ 00:46:41 - Row :135 - Subscription order imported successfully.
07-21-2026 @ 00:46:41 - Row :136 - Parsing item.
07-21-2026 @ 00:46:41 - Row :136 - Processing item.
07-21-2026 @ 00:46:41 - Process start..
07-21-2026 @ 00:46:41 - Processing subscriptions...
07-21-2026 @ 00:46:42 - > &#8220;0&#8221;Subscription Imported Successfully.
07-21-2026 @ 00:46:42 - > Finished importing order 0
07-21-2026 @ 00:46:42 - Finished processing orders.
07-21-2026 @ 00:46:42 - Row :136 - Subscription order imported successfully.
07-21-2026 @ 00:46:42 - Row :137 - Parsing item.
07-21-2026 @ 00:46:42 - Row :137 - Processing item.
07-21-2026 @ 00:46:42 - Process start..
07-21-2026 @ 00:46:42 - Processing subscriptions...
07-21-2026 @ 00:46:43 - > &#8220;0&#8221;Subscription Imported Successfully.
07-21-2026 @ 00:46:43 - > Finished importing order 0
07-21-2026 @ 00:46:43 - Finished processing orders.
07-21-2026 @ 00:46:43 - Row :137 - Subscription order imported successfully.
07-21-2026 @ 00:46:43 - Row :138 - Parsing item.
07-21-2026 @ 00:46:43 - Row :138 - Processing item.
07-21-2026 @ 00:46:43 - Process start..
07-21-2026 @ 00:46:43 - Processing subscriptions...
07-21-2026 @ 00:46:43 - > &#8220;0&#8221;Subscription Imported Successfully.
07-21-2026 @ 00:46:43 - > Finished importing order 0
07-21-2026 @ 00:46:43 - Finished processing orders.
07-21-2026 @ 00:46:44 - Row :138 - Subscription order imported successfully.
07-21-2026 @ 00:46:44 - Row :139 - Parsing item.
07-21-2026 @ 00:46:44 - Row :139 - Processing item.
07-21-2026 @ 00:46:44 - Process start..
07-21-2026 @ 00:46:44 - Processing subscriptions...
07-21-2026 @ 00:46:45 - > &#8220;0&#8221;Subscription Imported Successfully.
07-21-2026 @ 00:46:45 - > Finished importing order 0
07-21-2026 @ 00:46:45 - Finished processing orders.
07-21-2026 @ 00:46:45 - Row :139 - Subscription order imported successfully.
07-21-2026 @ 00:46:45 - Row :140 - Parsing item.
07-21-2026 @ 00:46:45 - Row :140 - Processing item.
07-21-2026 @ 00:46:45 - Process start..
07-21-2026 @ 00:46:45 - Processing subscriptions...
07-21-2026 @ 00:46:46 - > &#8220;0&#8221;Subscription Imported Successfully.
07-21-2026 @ 00:46:46 - > Finished importing order 0
07-21-2026 @ 00:46:46 - Finished processing orders.
07-21-2026 @ 00:46:46 - Row :140 - Subscription order imported successfully.
07-21-2026 @ 00:46:46 - Preparing for import.
07-21-2026 @ 00:46:46 - Row :141 - Parsing item.
07-21-2026 @ 00:46:46 - Row :141 - Processing item.
07-21-2026 @ 00:46:47 - Process start..
07-21-2026 @ 00:46:47 - Processing subscriptions...
07-21-2026 @ 00:46:47 - > &#8220;0&#8221;Subscription Imported Successfully.
07-21-2026 @ 00:46:47 - > Finished importing order 0
07-21-2026 @ 00:46:47 - Finished processing orders.
07-21-2026 @ 00:46:47 - Row :141 - Subscription order imported successfully.
07-21-2026 @ 00:46:47 - Row :142 - Parsing item.
07-21-2026 @ 00:46:48 - Row :142 - Processing item.
07-21-2026 @ 00:46:48 - Process start..
07-21-2026 @ 00:46:48 - Processing subscriptions...
07-21-2026 @ 00:46:48 - > &#8220;0&#8221;Subscription Imported Successfully.
07-21-2026 @ 00:46:48 - > Finished importing order 0
07-21-2026 @ 00:46:48 - Finished processing orders.
07-21-2026 @ 00:46:48 - Row :142 - Subscription order imported successfully.
07-21-2026 @ 00:46:48 - Row :143 - Parsing item.
07-21-2026 @ 00:46:49 - Row :143 - Processing item.
07-21-2026 @ 00:46:49 - Process start..
07-21-2026 @ 00:46:49 - Processing subscriptions...
07-21-2026 @ 00:46:49 - > &#8220;0&#8221;Subscription Imported Successfully.
07-21-2026 @ 00:46:49 - > Finished importing order 0
07-21-2026 @ 00:46:49 - Finished processing orders.
07-21-2026 @ 00:46:49 - Row :143 - Subscription order imported successfully.
07-21-2026 @ 00:46:49 - Row :144 - Parsing item.
07-21-2026 @ 00:46:50 - Row :144 - Processing item.
07-21-2026 @ 00:46:50 - Process start..
07-21-2026 @ 00:46:50 - Processing subscriptions...
07-21-2026 @ 00:46:50 - > &#8220;0&#8221;Subscription Imported Successfully.
07-21-2026 @ 00:46:50 - > Finished importing order 0
07-21-2026 @ 00:46:50 - Finished processing orders.
07-21-2026 @ 00:46:51 - Row :144 - Subscription order imported successfully.
07-21-2026 @ 00:46:51 - Row :145 - Parsing item.
07-21-2026 @ 00:46:51 - Row :145 - Processing item.
07-21-2026 @ 00:46:51 - Process start..
07-21-2026 @ 00:46:51 - Processing subscriptions...
07-21-2026 @ 00:46:51 - > &#8220;0&#8221;Subscription Imported Successfully.
07-21-2026 @ 00:46:51 - > Finished importing order 0
07-21-2026 @ 00:46:51 - Finished processing orders.
07-21-2026 @ 00:46:52 - Row :145 - Subscription order imported successfully.
07-21-2026 @ 00:46:52 - Row :146 - Parsing item.
07-21-2026 @ 00:46:52 - Row :146 - Processing item.
07-21-2026 @ 00:46:52 - Process start..
07-21-2026 @ 00:46:52 - Processing subscriptions...
07-21-2026 @ 00:46:53 - > &#8220;0&#8221;Subscription Imported Successfully.
07-21-2026 @ 00:46:53 - > Finished importing order 0
07-21-2026 @ 00:46:53 - Finished processing orders.
07-21-2026 @ 00:46:53 - Row :146 - Subscription order imported successfully.
07-21-2026 @ 00:46:53 - Row :147 - Parsing item.
07-21-2026 @ 00:46:53 - Row :147 - Processing item.
07-21-2026 @ 00:46:53 - Process start..
07-21-2026 @ 00:46:53 - Processing subscriptions...
07-21-2026 @ 00:46:54 - > &#8220;0&#8221;Subscription Imported Successfully.
07-21-2026 @ 00:46:54 - > Finished importing order 0
07-21-2026 @ 00:46:54 - Finished processing orders.
07-21-2026 @ 00:46:54 - Row :147 - Subscription order imported successfully.
07-21-2026 @ 00:46:54 - Row :148 - Parsing item.
07-21-2026 @ 00:46:54 - Row :148 - Processing item.
07-21-2026 @ 00:46:54 - Process start..
07-21-2026 @ 00:46:54 - Processing subscriptions...
07-21-2026 @ 00:46:55 - > &#8220;0&#8221;Subscription Imported Successfully.
07-21-2026 @ 00:46:55 - > Finished importing order 0
07-21-2026 @ 00:46:55 - Finished processing orders.
07-21-2026 @ 00:46:55 - Row :148 - Subscription order imported successfully.
07-21-2026 @ 00:46:55 - Row :149 - Parsing item.
07-21-2026 @ 00:46:55 - Row :149 - Processing item.
07-21-2026 @ 00:46:55 - Process start..
07-21-2026 @ 00:46:55 - Processing subscriptions...
07-21-2026 @ 00:46:56 - > &#8220;0&#8221;Subscription Imported Successfully.
07-21-2026 @ 00:46:56 - > Finished importing order 0
07-21-2026 @ 00:46:56 - Finished processing orders.
07-21-2026 @ 00:46:56 - Row :149 - Subscription order imported successfully.
07-21-2026 @ 00:46:56 - Row :150 - Parsing item.
07-21-2026 @ 00:46:56 - Row :150 - Processing item.
07-21-2026 @ 00:46:56 - Process start..
07-21-2026 @ 00:46:56 - Processing subscriptions...
07-21-2026 @ 00:46:57 - > &#8220;0&#8221;Subscription Imported Successfully.
07-21-2026 @ 00:46:57 - > Finished importing order 0
07-21-2026 @ 00:46:57 - Finished processing orders.
07-21-2026 @ 00:46:57 - Row :150 - Subscription order imported successfully.
07-21-2026 @ 00:46:57 - Preparing for import.
07-21-2026 @ 00:46:57 - Row :151 - Parsing item.
07-21-2026 @ 00:46:57 - Row :151 - Processing item.
07-21-2026 @ 00:46:58 - Process start..
07-21-2026 @ 00:46:58 - Processing subscriptions...
07-21-2026 @ 00:46:58 - > &#8220;0&#8221;Subscription Imported Successfully.
07-21-2026 @ 00:46:58 - > Finished importing order 0
07-21-2026 @ 00:46:58 - Finished processing orders.
07-21-2026 @ 00:46:58 - Row :151 - Subscription order imported successfully.
07-21-2026 @ 00:46:58 - Row :152 - Parsing item.
07-21-2026 @ 00:46:58 - Row :152 - Processing item.
07-21-2026 @ 00:46:59 - Process start..
07-21-2026 @ 00:46:59 - Processing subscriptions...
07-21-2026 @ 00:46:59 - > &#8220;0&#8221;Subscription Imported Successfully.
07-21-2026 @ 00:46:59 - > Finished importing order 0
07-21-2026 @ 00:46:59 - Finished processing orders.
07-21-2026 @ 00:46:59 - Row :152 - Subscription order imported successfully.
07-21-2026 @ 00:46:59 - Row :153 - Parsing item.
07-21-2026 @ 00:46:59 - Row :153 - Processing item.
07-21-2026 @ 00:47:00 - Process start..
07-21-2026 @ 00:47:00 - Processing subscriptions...
07-21-2026 @ 00:47:00 - > &#8220;0&#8221;Subscription Imported Successfully.
07-21-2026 @ 00:47:00 - > Finished importing order 0
07-21-2026 @ 00:47:00 - Finished processing orders.
07-21-2026 @ 00:47:00 - Row :153 - Subscription order imported successfully.
07-21-2026 @ 00:47:00 - Row :154 - Parsing item.
07-21-2026 @ 00:47:00 - Row :154 - Processing item.
07-21-2026 @ 00:47:00 - Process start..
07-21-2026 @ 00:47:00 - Processing subscriptions...
07-21-2026 @ 00:47:01 - > &#8220;0&#8221;Subscription Imported Successfully.
07-21-2026 @ 00:47:01 - > Finished importing order 0
07-21-2026 @ 00:47:01 - Finished processing orders.
07-21-2026 @ 00:47:01 - Row :154 - Subscription order imported successfully.
07-21-2026 @ 00:47:01 - Row :155 - Parsing item.
07-21-2026 @ 00:47:01 - Row :155 - Processing item.
07-21-2026 @ 00:47:01 - Process start..
07-21-2026 @ 00:47:01 - Processing subscriptions...
07-21-2026 @ 00:47:02 - > &#8220;0&#8221;Subscription Imported Successfully.
07-21-2026 @ 00:47:02 - > Finished importing order 0
07-21-2026 @ 00:47:02 - Finished processing orders.
07-21-2026 @ 00:47:02 - Row :155 - Subscription order imported successfully.
07-21-2026 @ 00:47:02 - Row :156 - Parsing item.
07-21-2026 @ 00:47:02 - Row :156 - Processing item.
07-21-2026 @ 00:47:02 - Process start..
07-21-2026 @ 00:47:02 - Processing subscriptions...
07-21-2026 @ 00:47:03 - > &#8220;0&#8221;Subscription Imported Successfully.
07-21-2026 @ 00:47:03 - > Finished importing order 0
07-21-2026 @ 00:47:03 - Finished processing orders.
07-21-2026 @ 00:47:03 - Row :156 - Subscription order imported successfully.
07-21-2026 @ 00:47:03 - Row :157 - Parsing item.
07-21-2026 @ 00:47:03 - Row :157 - Processing item.
07-21-2026 @ 00:47:03 - Process start..
07-21-2026 @ 00:47:03 - Processing subscriptions...
07-21-2026 @ 00:47:04 - > &#8220;0&#8221;Subscription Imported Successfully.
07-21-2026 @ 00:47:04 - > Finished importing order 0
07-21-2026 @ 00:47:04 - Finished processing orders.
07-21-2026 @ 00:47:04 - Row :157 - Subscription order imported successfully.
07-21-2026 @ 00:47:04 - Row :158 - Parsing item.
07-21-2026 @ 00:47:04 - Row :158 - Processing item.
07-21-2026 @ 00:47:04 - Process start..
07-21-2026 @ 00:47:04 - Processing subscriptions...
07-21-2026 @ 00:47:05 - > &#8220;0&#8221;Subscription Imported Successfully.
07-21-2026 @ 00:47:05 - > Finished importing order 0
07-21-2026 @ 00:47:05 - Finished processing orders.
07-21-2026 @ 00:47:05 - Row :158 - Subscription order imported successfully.
07-21-2026 @ 00:47:05 - Row :159 - Parsing item.
07-21-2026 @ 00:47:05 - Row :159 - Processing item.
07-21-2026 @ 00:47:06 - Process start..
07-21-2026 @ 00:47:06 - Processing subscriptions...
07-21-2026 @ 00:47:06 - > &#8220;0&#8221;Subscription Imported Successfully.
07-21-2026 @ 00:47:06 - > Finished importing order 0
07-21-2026 @ 00:47:06 - Finished processing orders.
07-21-2026 @ 00:47:06 - Row :159 - Subscription order imported successfully.
07-21-2026 @ 00:47:06 - Row :160 - Parsing item.
07-21-2026 @ 00:47:06 - Row :160 - Processing item.
07-21-2026 @ 00:47:07 - Process start..
07-21-2026 @ 00:47:07 - Processing subscriptions...
07-21-2026 @ 00:47:07 - > &#8220;0&#8221;Subscription Imported Successfully.
07-21-2026 @ 00:47:07 - > Finished importing order 0
07-21-2026 @ 00:47:07 - Finished processing orders.
07-21-2026 @ 00:47:07 - Row :160 - Subscription order imported successfully.
07-21-2026 @ 00:47:08 - Preparing for import.
07-21-2026 @ 00:47:08 - Row :161 - Parsing item.
07-21-2026 @ 00:47:09 - Row :161 - Processing item.
07-21-2026 @ 00:47:09 - Process start..
07-21-2026 @ 00:47:09 - Processing subscriptions...
07-21-2026 @ 00:47:09 - > &#8220;0&#8221;Subscription Imported Successfully.
07-21-2026 @ 00:47:09 - > Finished importing order 0
07-21-2026 @ 00:47:09 - Finished processing orders.
07-21-2026 @ 00:47:09 - Row :161 - Subscription order imported successfully.
07-21-2026 @ 00:47:09 - Row :162 - Parsing item.
07-21-2026 @ 00:47:10 - Row :162 - Processing item.
07-21-2026 @ 00:47:10 - Process start..
07-21-2026 @ 00:47:10 - Processing subscriptions...
07-21-2026 @ 00:47:10 - > &#8220;0&#8221;Subscription Imported Successfully.
07-21-2026 @ 00:47:10 - > Finished importing order 0
07-21-2026 @ 00:47:10 - Finished processing orders.
07-21-2026 @ 00:47:10 - Row :162 - Subscription order imported successfully.
07-21-2026 @ 00:47:10 - Row :163 - Parsing item.
07-21-2026 @ 00:47:11 - Row :163 - Processing item.
07-21-2026 @ 00:47:11 - Process start..
07-21-2026 @ 00:47:11 - Processing subscriptions...
07-21-2026 @ 00:47:11 - > &#8220;0&#8221;Subscription Imported Successfully.
07-21-2026 @ 00:47:11 - > Finished importing order 0
07-21-2026 @ 00:47:11 - Finished processing orders.
07-21-2026 @ 00:47:11 - Row :163 - Subscription order imported successfully.
07-21-2026 @ 00:47:11 - Row :164 - Parsing item.
07-21-2026 @ 00:47:12 - Row :164 - Processing item.
07-21-2026 @ 00:47:12 - Process start..
07-21-2026 @ 00:47:12 - Processing subscriptions...
07-21-2026 @ 00:47:12 - > &#8220;0&#8221;Subscription Imported Successfully.
07-21-2026 @ 00:47:12 - > Finished importing order 0
07-21-2026 @ 00:47:12 - Finished processing orders.
07-21-2026 @ 00:47:12 - Row :164 - Subscription order imported successfully.
07-21-2026 @ 00:47:12 - Row :165 - Parsing item.
07-21-2026 @ 00:47:13 - Row :165 - Processing item.
07-21-2026 @ 00:47:13 - Process start..
07-21-2026 @ 00:47:13 - Processing subscriptions...
07-21-2026 @ 00:47:13 - > &#8220;0&#8221;Subscription Imported Successfully.
07-21-2026 @ 00:47:13 - > Finished importing order 0
07-21-2026 @ 00:47:13 - Finished processing orders.
07-21-2026 @ 00:47:13 - Row :165 - Subscription order imported successfully.
07-21-2026 @ 00:47:13 - Row :166 - Parsing item.
07-21-2026 @ 00:47:14 - Row :166 - Processing item.
07-21-2026 @ 00:47:14 - Process start..
07-21-2026 @ 00:47:14 - Processing subscriptions...
07-21-2026 @ 00:47:14 - > &#8220;0&#8221;Subscription Imported Successfully.
07-21-2026 @ 00:47:14 - > Finished importing order 0
07-21-2026 @ 00:47:14 - Finished processing orders.
07-21-2026 @ 00:47:14 - Row :166 - Subscription order imported successfully.
07-21-2026 @ 00:47:14 - Row :167 - Parsing item.
07-21-2026 @ 00:47:14 - Row :167 - Processing item.
07-21-2026 @ 00:47:15 - Process start..
07-21-2026 @ 00:47:15 - Processing subscriptions...
07-21-2026 @ 00:47:16 - > &#8220;0&#8221;Subscription Imported Successfully.
07-21-2026 @ 00:47:16 - > Finished importing order 0
07-21-2026 @ 00:47:16 - Finished processing orders.
07-21-2026 @ 00:47:16 - Row :167 - Subscription order imported successfully.
07-21-2026 @ 00:47:16 - Row :168 - Parsing item.
07-21-2026 @ 00:47:16 - Row :168 - Processing item.
07-21-2026 @ 00:47:17 - Process start..
07-21-2026 @ 00:47:17 - Processing subscriptions...
07-21-2026 @ 00:47:17 - > &#8220;0&#8221;Subscription Imported Successfully.
07-21-2026 @ 00:47:17 - > Finished importing order 0
07-21-2026 @ 00:47:17 - Finished processing orders.
07-21-2026 @ 00:47:17 - Row :168 - Subscription order imported successfully.
07-21-2026 @ 00:47:17 - Row :169 - Parsing item.
07-21-2026 @ 00:47:17 - Row :169 - Processing item.
07-21-2026 @ 00:47:18 - Process start..
07-21-2026 @ 00:47:18 - Processing subscriptions...
07-21-2026 @ 00:47:18 - > &#8220;0&#8221;Subscription Imported Successfully.
07-21-2026 @ 00:47:18 - > Finished importing order 0
07-21-2026 @ 00:47:18 - Finished processing orders.
07-21-2026 @ 00:47:18 - Row :169 - Subscription order imported successfully.
07-21-2026 @ 00:47:18 - Row :170 - Parsing item.
07-21-2026 @ 00:47:18 - Row :170 - Processing item.
07-21-2026 @ 00:47:18 - Process start..
07-21-2026 @ 00:47:18 - Processing subscriptions...
07-21-2026 @ 00:47:19 - > &#8220;0&#8221;Subscription Imported Successfully.
07-21-2026 @ 00:47:19 - > Finished importing order 0
07-21-2026 @ 00:47:19 - Finished processing orders.
07-21-2026 @ 00:47:19 - Row :170 - Subscription order imported successfully.
07-21-2026 @ 00:47:19 - Preparing for import.
07-21-2026 @ 00:47:19 - Row :171 - Parsing item.
07-21-2026 @ 00:47:19 - Row :171 - Processing item.
07-21-2026 @ 00:47:20 - Process start..
07-21-2026 @ 00:47:20 - Processing subscriptions...
07-21-2026 @ 00:47:20 - > &#8220;0&#8221;Subscription Imported Successfully.
07-21-2026 @ 00:47:20 - > Finished importing order 0
07-21-2026 @ 00:47:20 - Finished processing orders.
07-21-2026 @ 00:47:20 - Row :171 - Subscription order imported successfully.
07-21-2026 @ 00:47:20 - Row :172 - Parsing item.
07-21-2026 @ 00:47:20 - Row :172 - Processing item.
07-21-2026 @ 00:47:20 - Process start..
07-21-2026 @ 00:47:20 - Processing subscriptions...
07-21-2026 @ 00:47:21 - > &#8220;0&#8221;Subscription Imported Successfully.
07-21-2026 @ 00:47:21 - > Finished importing order 0
07-21-2026 @ 00:47:21 - Finished processing orders.
07-21-2026 @ 00:47:21 - Row :172 - Subscription order imported successfully.
07-21-2026 @ 00:47:21 - Row :173 - Parsing item.
07-21-2026 @ 00:47:21 - Row :173 - Processing item.
07-21-2026 @ 00:47:21 - Process start..
07-21-2026 @ 00:47:21 - Processing subscriptions...
07-21-2026 @ 00:47:22 - > &#8220;0&#8221;Subscription Imported Successfully.
07-21-2026 @ 00:47:22 - > Finished importing order 0
07-21-2026 @ 00:47:22 - Finished processing orders.
07-21-2026 @ 00:47:22 - Row :173 - Subscription order imported successfully.
07-21-2026 @ 00:47:22 - Row :174 - Parsing item.
07-21-2026 @ 00:47:22 - Row :174 - Processing item.
07-21-2026 @ 00:47:22 - Process start..
07-21-2026 @ 00:47:22 - Processing subscriptions...
07-21-2026 @ 00:47:22 - > &#8220;0&#8221;Subscription Imported Successfully.
07-21-2026 @ 00:47:22 - > Finished importing order 0
07-21-2026 @ 00:47:22 - Finished processing orders.
07-21-2026 @ 00:47:22 - Row :174 - Subscription order imported successfully.
07-21-2026 @ 00:47:22 - Row :175 - Parsing item.
07-21-2026 @ 00:47:23 - Row :175 - Processing item.
07-21-2026 @ 00:47:23 - Process start..
07-21-2026 @ 00:47:23 - Processing subscriptions...
07-21-2026 @ 00:47:23 - > &#8220;0&#8221;Subscription Imported Successfully.
07-21-2026 @ 00:47:23 - > Finished importing order 0
07-21-2026 @ 00:47:23 - Finished processing orders.
07-21-2026 @ 00:47:23 - Row :175 - Subscription order imported successfully.
07-21-2026 @ 00:47:23 - Row :176 - Parsing item.
07-21-2026 @ 00:47:24 - Row :176 - Processing item.
07-21-2026 @ 00:47:24 - Process start..
07-21-2026 @ 00:47:24 - Processing subscriptions...
07-21-2026 @ 00:47:24 - > &#8220;0&#8221;Subscription Imported Successfully.
07-21-2026 @ 00:47:24 - > Finished importing order 0
07-21-2026 @ 00:47:24 - Finished processing orders.
07-21-2026 @ 00:47:24 - Row :176 - Subscription order imported successfully.
07-21-2026 @ 00:47:24 - Row :177 - Parsing item.
07-21-2026 @ 00:47:25 - Row :177 - Processing item.
07-21-2026 @ 00:47:25 - Process start..
07-21-2026 @ 00:47:25 - Processing subscriptions...
07-21-2026 @ 00:47:25 - > &#8220;0&#8221;Subscription Imported Successfully.
07-21-2026 @ 00:47:25 - > Finished importing order 0
07-21-2026 @ 00:47:25 - Finished processing orders.
07-21-2026 @ 00:47:25 - Row :177 - Subscription order imported successfully.
07-21-2026 @ 00:47:25 - Row :178 - Parsing item.
07-21-2026 @ 00:47:26 - Row :178 - Processing item.
07-21-2026 @ 00:47:26 - Process start..
07-21-2026 @ 00:47:26 - Processing subscriptions...
07-21-2026 @ 00:47:26 - > &#8220;0&#8221;Subscription Imported Successfully.
07-21-2026 @ 00:47:26 - > Finished importing order 0
07-21-2026 @ 00:47:26 - Finished processing orders.
07-21-2026 @ 00:47:26 - Row :178 - Subscription order imported successfully.
07-21-2026 @ 00:47:26 - Row :179 - Parsing item.
07-21-2026 @ 00:47:26 - Row :179 - Processing item.
07-21-2026 @ 00:47:27 - Process start..
07-21-2026 @ 00:47:27 - Processing subscriptions...
07-21-2026 @ 00:47:27 - > &#8220;0&#8221;Subscription Imported Successfully.
07-21-2026 @ 00:47:27 - > Finished importing order 0
07-21-2026 @ 00:47:27 - Finished processing orders.
07-21-2026 @ 00:47:27 - Row :179 - Subscription order imported successfully.
07-21-2026 @ 00:47:27 - Row :180 - Parsing item.
07-21-2026 @ 00:47:27 - Row :180 - Processing item.
07-21-2026 @ 00:47:27 - Process start..
07-21-2026 @ 00:47:27 - Processing subscriptions...
07-21-2026 @ 00:47:28 - > &#8220;0&#8221;Subscription Imported Successfully.
07-21-2026 @ 00:47:28 - > Finished importing order 0
07-21-2026 @ 00:47:28 - Finished processing orders.
07-21-2026 @ 00:47:28 - Row :180 - Subscription order imported successfully.
07-21-2026 @ 00:47:28 - Preparing for import.
07-21-2026 @ 00:47:28 - Row :181 - Parsing item.
07-21-2026 @ 00:47:29 - Row :181 - Processing item.
07-21-2026 @ 00:47:29 - Process start..
07-21-2026 @ 00:47:29 - Processing subscriptions...
07-21-2026 @ 00:47:29 - > &#8220;0&#8221;Subscription Imported Successfully.
07-21-2026 @ 00:47:29 - > Finished importing order 0
07-21-2026 @ 00:47:29 - Finished processing orders.
07-21-2026 @ 00:47:29 - Row :181 - Subscription order imported successfully.
07-21-2026 @ 00:47:29 - Row :182 - Parsing item.
07-21-2026 @ 00:47:30 - Row :182 - Processing item.
07-21-2026 @ 00:47:30 - Process start..
07-21-2026 @ 00:47:30 - Processing subscriptions...
07-21-2026 @ 00:47:30 - > &#8220;0&#8221;Subscription Imported Successfully.
07-21-2026 @ 00:47:30 - > Finished importing order 0
07-21-2026 @ 00:47:30 - Finished processing orders.
07-21-2026 @ 00:47:30 - Row :182 - Subscription order imported successfully.
07-21-2026 @ 00:47:30 - Row :183 - Parsing item.
07-21-2026 @ 00:47:31 - Row :183 - Processing item.
07-21-2026 @ 00:47:31 - Process start..
07-21-2026 @ 00:47:31 - Processing subscriptions...
07-21-2026 @ 00:47:31 - > &#8220;0&#8221;Subscription Imported Successfully.
07-21-2026 @ 00:47:31 - > Finished importing order 0
07-21-2026 @ 00:47:31 - Finished processing orders.
07-21-2026 @ 00:47:31 - Row :183 - Subscription order imported successfully.
07-21-2026 @ 00:47:31 - Row :184 - Parsing item.
07-21-2026 @ 00:47:32 - Row :184 - Processing item.
07-21-2026 @ 00:47:32 - Process start..
07-21-2026 @ 00:47:32 - Processing subscriptions...
07-21-2026 @ 00:47:32 - > &#8220;0&#8221;Subscription Imported Successfully.
07-21-2026 @ 00:47:32 - > Finished importing order 0
07-21-2026 @ 00:47:32 - Finished processing orders.
07-21-2026 @ 00:47:32 - Row :184 - Subscription order imported successfully.
07-21-2026 @ 00:47:32 - Row :185 - Parsing item.
07-21-2026 @ 00:47:33 - Row :185 - Processing item.
07-21-2026 @ 00:47:33 - Process start..
07-21-2026 @ 00:47:33 - Processing subscriptions...
07-21-2026 @ 00:47:33 - > &#8220;0&#8221;Subscription Imported Successfully.
07-21-2026 @ 00:47:33 - > Finished importing order 0
07-21-2026 @ 00:47:33 - Finished processing orders.
07-21-2026 @ 00:47:33 - Row :185 - Subscription order imported successfully.
07-21-2026 @ 00:47:33 - Row :186 - Parsing item.
07-21-2026 @ 00:47:33 - Row :186 - Processing item.
07-21-2026 @ 00:47:34 - Process start..
07-21-2026 @ 00:47:34 - Processing subscriptions...
07-21-2026 @ 00:47:34 - > &#8220;0&#8221;Subscription Imported Successfully.
07-21-2026 @ 00:47:34 - > Finished importing order 0
07-21-2026 @ 00:47:34 - Finished processing orders.
07-21-2026 @ 00:47:34 - Row :186 - Subscription order imported successfully.
07-21-2026 @ 00:47:34 - Row :187 - Parsing item.
07-21-2026 @ 00:47:34 - Row :187 - Processing item.
07-21-2026 @ 00:47:35 - Process start..
07-21-2026 @ 00:47:35 - Processing subscriptions...
07-21-2026 @ 00:47:35 - > &#8220;0&#8221;Subscription Imported Successfully.
07-21-2026 @ 00:47:35 - > Finished importing order 0
07-21-2026 @ 00:47:35 - Finished processing orders.
07-21-2026 @ 00:47:35 - Row :187 - Subscription order imported successfully.
07-21-2026 @ 00:47:35 - Row :188 - Parsing item.
07-21-2026 @ 00:47:35 - Row :188 - Processing item.
07-21-2026 @ 00:47:36 - Process start..
07-21-2026 @ 00:47:36 - Processing subscriptions...
07-21-2026 @ 00:47:36 - > &#8220;0&#8221;Subscription Imported Successfully.
07-21-2026 @ 00:47:36 - > Finished importing order 0
07-21-2026 @ 00:47:36 - Finished processing orders.
07-21-2026 @ 00:47:36 - Row :188 - Subscription order imported successfully.
07-21-2026 @ 00:47:36 - Row :189 - Parsing item.
07-21-2026 @ 00:47:36 - Row :189 - Processing item.
07-21-2026 @ 00:47:36 - Process start..
07-21-2026 @ 00:47:36 - Processing subscriptions...
07-21-2026 @ 00:47:37 - > &#8220;0&#8221;Subscription Imported Successfully.
07-21-2026 @ 00:47:37 - > Finished importing order 0
07-21-2026 @ 00:47:37 - Finished processing orders.
07-21-2026 @ 00:47:37 - Row :189 - Subscription order imported successfully.
07-21-2026 @ 00:47:37 - Row :190 - Parsing item.
07-21-2026 @ 00:47:37 - Row :190 - Processing item.
07-21-2026 @ 00:47:37 - Process start..
07-21-2026 @ 00:47:37 - Processing subscriptions...
07-21-2026 @ 00:47:38 - > &#8220;0&#8221;Subscription Imported Successfully.
07-21-2026 @ 00:47:38 - > Finished importing order 0
07-21-2026 @ 00:47:38 - Finished processing orders.
07-21-2026 @ 00:47:38 - Row :190 - Subscription order imported successfully.
07-21-2026 @ 00:47:38 - Preparing for import.
07-21-2026 @ 00:47:38 - Row :191 - Parsing item.
07-21-2026 @ 00:47:39 - Row :191 - Processing item.
07-21-2026 @ 00:47:39 - Process start..
07-21-2026 @ 00:47:39 - Processing subscriptions...
07-21-2026 @ 00:47:39 - > &#8220;0&#8221;Subscription Imported Successfully.
07-21-2026 @ 00:47:39 - > Finished importing order 0
07-21-2026 @ 00:47:39 - Finished processing orders.
07-21-2026 @ 00:47:39 - Row :191 - Subscription order imported successfully.
07-21-2026 @ 00:47:39 - Row :192 - Parsing item.
07-21-2026 @ 00:47:39 - Row :192 - Processing item.
07-21-2026 @ 00:47:40 - Process start..
07-21-2026 @ 00:47:40 - Processing subscriptions...
07-21-2026 @ 00:47:40 - > &#8220;0&#8221;Subscription Imported Successfully.
07-21-2026 @ 00:47:40 - > Finished importing order 0
07-21-2026 @ 00:47:40 - Finished processing orders.
07-21-2026 @ 00:47:40 - Row :192 - Subscription order imported successfully.
07-21-2026 @ 00:47:40 - Row :193 - Parsing item.
07-21-2026 @ 00:47:40 - Row :193 - Processing item.
07-21-2026 @ 00:47:41 - Process start..
07-21-2026 @ 00:47:41 - Processing subscriptions...
07-21-2026 @ 00:47:41 - > &#8220;0&#8221;Subscription Imported Successfully.
07-21-2026 @ 00:47:41 - > Finished importing order 0
07-21-2026 @ 00:47:41 - Finished processing orders.
07-21-2026 @ 00:47:41 - Row :193 - Subscription order imported successfully.
07-21-2026 @ 00:47:41 - Row :194 - Parsing item.
07-21-2026 @ 00:47:41 - Row :194 - Processing item.
07-21-2026 @ 00:47:41 - Process start..
07-21-2026 @ 00:47:41 - Processing subscriptions...
07-21-2026 @ 00:47:42 - > &#8220;0&#8221;Subscription Imported Successfully.
07-21-2026 @ 00:47:42 - > Finished importing order 0
07-21-2026 @ 00:47:42 - Finished processing orders.
07-21-2026 @ 00:47:42 - Row :194 - Subscription order imported successfully.
07-21-2026 @ 00:47:42 - Row :195 - Parsing item.
07-21-2026 @ 00:47:42 - Row :195 - Processing item.
07-21-2026 @ 00:47:42 - Process start..
07-21-2026 @ 00:47:42 - Processing subscriptions...
07-21-2026 @ 00:47:43 - > &#8220;0&#8221;Subscription Imported Successfully.
07-21-2026 @ 00:47:43 - > Finished importing order 0
07-21-2026 @ 00:47:43 - Finished processing orders.
07-21-2026 @ 00:47:43 - Row :195 - Subscription order imported successfully.
07-21-2026 @ 00:47:43 - Row :196 - Parsing item.
07-21-2026 @ 00:47:43 - Row :196 - Processing item.
07-21-2026 @ 00:47:43 - Process start..
07-21-2026 @ 00:47:43 - Processing subscriptions...
07-21-2026 @ 00:47:43 - > &#8220;0&#8221;Subscription Imported Successfully.
07-21-2026 @ 00:47:43 - > Finished importing order 0
07-21-2026 @ 00:47:43 - Finished processing orders.
07-21-2026 @ 00:47:43 - Row :196 - Subscription order imported successfully.
07-21-2026 @ 00:47:43 - Row :197 - Parsing item.
07-21-2026 @ 00:47:44 - Row :197 - Processing item.
07-21-2026 @ 00:47:44 - Process start..
07-21-2026 @ 00:47:44 - Processing subscriptions...
07-21-2026 @ 00:47:44 - > &#8220;0&#8221;Subscription Imported Successfully.
07-21-2026 @ 00:47:44 - > Finished importing order 0
07-21-2026 @ 00:47:44 - Finished processing orders.
07-21-2026 @ 00:47:44 - Row :197 - Subscription order imported successfully.
07-21-2026 @ 00:47:44 - Row :198 - Parsing item.
07-21-2026 @ 00:47:45 - Row :198 - Processing item.
07-21-2026 @ 00:47:45 - Process start..
07-21-2026 @ 00:47:45 - Processing subscriptions...
07-21-2026 @ 00:47:45 - > &#8220;0&#8221;Subscription Imported Successfully.
07-21-2026 @ 00:47:45 - > Finished importing order 0
07-21-2026 @ 00:47:45 - Finished processing orders.
07-21-2026 @ 00:47:45 - Row :198 - Subscription order imported successfully.
07-21-2026 @ 00:47:45 - Row :199 - Parsing item.
07-21-2026 @ 00:47:45 - Row :199 - Processing item.
07-21-2026 @ 00:47:46 - Process start..
07-21-2026 @ 00:47:46 - Processing subscriptions...
07-21-2026 @ 00:47:46 - > &#8220;0&#8221;Subscription Imported Successfully.
07-21-2026 @ 00:47:46 - > Finished importing order 0
07-21-2026 @ 00:47:46 - Finished processing orders.
07-21-2026 @ 00:47:46 - Row :199 - Subscription order imported successfully.
07-21-2026 @ 00:47:46 - Row :200 - Parsing item.
07-21-2026 @ 00:47:46 - Row :200 - Processing item.
07-21-2026 @ 00:47:47 - Process start..
07-21-2026 @ 00:47:47 - Processing subscriptions...
07-21-2026 @ 00:47:47 - > &#8220;0&#8221;Subscription Imported Successfully.
07-21-2026 @ 00:47:47 - > Finished importing order 0
07-21-2026 @ 00:47:47 - Finished processing orders.
07-21-2026 @ 00:47:47 - Row :200 - Subscription order imported successfully.
07-21-2026 @ 00:47:48 - Preparing for import.
07-21-2026 @ 00:47:48 - Row :201 - Parsing item.
07-21-2026 @ 00:47:48 - Row :201 - Processing item.
07-21-2026 @ 00:47:48 - Process start..
07-21-2026 @ 00:47:48 - Processing subscriptions...
07-21-2026 @ 00:47:49 - > &#8220;0&#8221;Subscription Imported Successfully.
07-21-2026 @ 00:47:49 - > Finished importing order 0
07-21-2026 @ 00:47:49 - Finished processing orders.
07-21-2026 @ 00:47:49 - Row :201 - Subscription order imported successfully.
07-21-2026 @ 00:47:49 - Row :202 - Parsing item.
07-21-2026 @ 00:47:49 - Row :202 - Processing item.
07-21-2026 @ 00:47:49 - Process start..
07-21-2026 @ 00:47:49 - Processing subscriptions...
07-21-2026 @ 00:47:50 - > &#8220;0&#8221;Subscription Imported Successfully.
07-21-2026 @ 00:47:50 - > Finished importing order 0
07-21-2026 @ 00:47:50 - Finished processing orders.
07-21-2026 @ 00:47:50 - Row :202 - Subscription order imported successfully.
07-21-2026 @ 00:47:50 - Row :203 - Parsing item.
07-21-2026 @ 00:47:50 - Row :203 - Processing item.
07-21-2026 @ 00:47:50 - Process start..
07-21-2026 @ 00:47:50 - Processing subscriptions...
07-21-2026 @ 00:47:50 - > &#8220;0&#8221;Subscription Imported Successfully.
07-21-2026 @ 00:47:50 - > Finished importing order 0
07-21-2026 @ 00:47:50 - Finished processing orders.
07-21-2026 @ 00:47:51 - Row :203 - Subscription order imported successfully.
07-21-2026 @ 00:47:51 - Row :204 - Parsing item.
07-21-2026 @ 00:47:51 - Row :204 - Processing item.
07-21-2026 @ 00:47:51 - Process start..
07-21-2026 @ 00:47:51 - Processing subscriptions...
07-21-2026 @ 00:47:51 - > &#8220;0&#8221;Subscription Imported Successfully.
07-21-2026 @ 00:47:51 - > Finished importing order 0
07-21-2026 @ 00:47:51 - Finished processing orders.
07-21-2026 @ 00:47:52 - Row :204 - Subscription order imported successfully.
07-21-2026 @ 00:47:52 - Row :205 - Parsing item.
07-21-2026 @ 00:47:52 - Row :205 - Processing item.
07-21-2026 @ 00:47:52 - Process start..
07-21-2026 @ 00:47:52 - Processing subscriptions...
07-21-2026 @ 00:47:52 - > &#8220;0&#8221;Subscription Imported Successfully.
07-21-2026 @ 00:47:52 - > Finished importing order 0
07-21-2026 @ 00:47:52 - Finished processing orders.
07-21-2026 @ 00:47:52 - Row :205 - Subscription order imported successfully.
07-21-2026 @ 00:47:52 - Row :206 - Parsing item.
07-21-2026 @ 00:47:52 - Row :206 - Processing item.
07-21-2026 @ 00:47:53 - Process start..
07-21-2026 @ 00:47:53 - Processing subscriptions...
07-21-2026 @ 00:47:53 - > &#8220;0&#8221;Subscription Imported Successfully.
07-21-2026 @ 00:47:53 - > Finished importing order 0
07-21-2026 @ 00:47:53 - Finished processing orders.
07-21-2026 @ 00:47:53 - Row :206 - Subscription order imported successfully.
07-21-2026 @ 00:47:53 - Row :207 - Parsing item.
07-21-2026 @ 00:47:53 - Row :207 - Processing item.
07-21-2026 @ 00:47:53 - Process start..
07-21-2026 @ 00:47:53 - Processing subscriptions...
07-21-2026 @ 00:47:54 - > &#8220;0&#8221;Subscription Imported Successfully.
07-21-2026 @ 00:47:54 - > Finished importing order 0
07-21-2026 @ 00:47:54 - Finished processing orders.
07-21-2026 @ 00:47:54 - Row :207 - Subscription order imported successfully.
07-21-2026 @ 00:47:54 - Row :208 - Parsing item.
07-21-2026 @ 00:47:54 - Row :208 - Processing item.
07-21-2026 @ 00:47:54 - Process start..
07-21-2026 @ 00:47:54 - Processing subscriptions...
07-21-2026 @ 00:47:55 - > &#8220;0&#8221;Subscription Imported Successfully.
07-21-2026 @ 00:47:55 - > Finished importing order 0
07-21-2026 @ 00:47:55 - Finished processing orders.
07-21-2026 @ 00:47:55 - Row :208 - Subscription order imported successfully.
07-21-2026 @ 00:47:55 - Row :209 - Parsing item.
07-21-2026 @ 00:47:55 - Row :209 - Processing item.
07-21-2026 @ 00:47:55 - Process start..
07-21-2026 @ 00:47:55 - Processing subscriptions...
07-21-2026 @ 00:47:56 - > &#8220;0&#8221;Subscription Imported Successfully.
07-21-2026 @ 00:47:56 - > Finished importing order 0
07-21-2026 @ 00:47:56 - Finished processing orders.
07-21-2026 @ 00:47:56 - Row :209 - Subscription order imported successfully.
07-21-2026 @ 00:47:56 - Row :210 - Parsing item.
07-21-2026 @ 00:47:56 - Row :210 - Processing item.
07-21-2026 @ 00:47:56 - Process start..
07-21-2026 @ 00:47:56 - Processing subscriptions...
07-21-2026 @ 00:47:56 - > &#8220;0&#8221;Subscription Imported Successfully.
07-21-2026 @ 00:47:56 - > Finished importing order 0
07-21-2026 @ 00:47:56 - Finished processing orders.
07-21-2026 @ 00:47:57 - Row :210 - Subscription order imported successfully.
07-21-2026 @ 00:47:57 - Preparing for import.
07-21-2026 @ 00:47:57 - Row :211 - Parsing item.
07-21-2026 @ 00:47:57 - Row :211 - Processing item.
07-21-2026 @ 00:47:57 - Process start..
07-21-2026 @ 00:47:57 - Processing subscriptions...
07-21-2026 @ 00:47:58 - > &#8220;0&#8221;Subscription Imported Successfully.
07-21-2026 @ 00:47:58 - > Finished importing order 0
07-21-2026 @ 00:47:58 - Finished processing orders.
07-21-2026 @ 00:47:58 - Row :211 - Subscription order imported successfully.
07-21-2026 @ 00:47:58 - Row :212 - Parsing item.
07-21-2026 @ 00:47:58 - Row :212 - Processing item.
07-21-2026 @ 00:47:58 - Process start..
07-21-2026 @ 00:47:58 - Processing subscriptions...
07-21-2026 @ 00:47:59 - > &#8220;0&#8221;Subscription Imported Successfully.
07-21-2026 @ 00:47:59 - > Finished importing order 0
07-21-2026 @ 00:47:59 - Finished processing orders.
07-21-2026 @ 00:47:59 - Row :212 - Subscription order imported successfully.
07-21-2026 @ 00:47:59 - Row :213 - Parsing item.
07-21-2026 @ 00:47:59 - Row :213 - Processing item.
07-21-2026 @ 00:47:59 - Process start..
07-21-2026 @ 00:47:59 - Processing subscriptions...
07-21-2026 @ 00:47:59 - > &#8220;0&#8221;Subscription Imported Successfully.
07-21-2026 @ 00:47:59 - > Finished importing order 0
07-21-2026 @ 00:47:59 - Finished processing orders.
07-21-2026 @ 00:48:00 - Row :213 - Subscription order imported successfully.
07-21-2026 @ 00:48:00 - Row :214 - Parsing item.
07-21-2026 @ 00:48:00 - Row :214 - Processing item.
07-21-2026 @ 00:48:00 - Process start..
07-21-2026 @ 00:48:00 - Processing subscriptions...
07-21-2026 @ 00:48:00 - > &#8220;0&#8221;Subscription Imported Successfully.
07-21-2026 @ 00:48:00 - > Finished importing order 0
07-21-2026 @ 00:48:00 - Finished processing orders.
07-21-2026 @ 00:48:00 - Row :214 - Subscription order imported successfully.
07-21-2026 @ 00:48:00 - Row :215 - Parsing item.
07-21-2026 @ 00:48:01 - Row :215 - Processing item.
07-21-2026 @ 00:48:01 - Process start..
07-21-2026 @ 00:48:01 - Processing subscriptions...
07-21-2026 @ 00:48:01 - > &#8220;0&#8221;Subscription Imported Successfully.
07-21-2026 @ 00:48:01 - > Finished importing order 0
07-21-2026 @ 00:48:01 - Finished processing orders.
07-21-2026 @ 00:48:01 - Row :215 - Subscription order imported successfully.
07-21-2026 @ 00:48:01 - Row :216 - Parsing item.
07-21-2026 @ 00:48:02 - Row :216 - Processing item.
07-21-2026 @ 00:48:02 - Process start..
07-21-2026 @ 00:48:02 - Processing subscriptions...
07-21-2026 @ 00:48:02 - > &#8220;0&#8221;Subscription Imported Successfully.
07-21-2026 @ 00:48:02 - > Finished importing order 0
07-21-2026 @ 00:48:02 - Finished processing orders.
07-21-2026 @ 00:48:02 - Row :216 - Subscription order imported successfully.
07-21-2026 @ 00:48:02 - Row :217 - Parsing item.
07-21-2026 @ 00:48:02 - Row :217 - Processing item.
07-21-2026 @ 00:48:03 - Process start..
07-21-2026 @ 00:48:03 - Processing subscriptions...
07-21-2026 @ 00:48:03 - > &#8220;0&#8221;Subscription Imported Successfully.
07-21-2026 @ 00:48:03 - > Finished importing order 0
07-21-2026 @ 00:48:03 - Finished processing orders.
07-21-2026 @ 00:48:03 - Row :217 - Subscription order imported successfully.
07-21-2026 @ 00:48:03 - Row :218 - Parsing item.
07-21-2026 @ 00:48:03 - Row :218 - Processing item.
07-21-2026 @ 00:48:04 - Process start..
07-21-2026 @ 00:48:04 - Processing subscriptions...
07-21-2026 @ 00:48:04 - > &#8220;0&#8221;Subscription Imported Successfully.
07-21-2026 @ 00:48:04 - > Finished importing order 0
07-21-2026 @ 00:48:04 - Finished processing orders.
07-21-2026 @ 00:48:04 - Row :218 - Subscription order imported successfully.
07-21-2026 @ 00:48:04 - Row :219 - Parsing item.
07-21-2026 @ 00:48:05 - Row :219 - Processing item.
07-21-2026 @ 00:48:05 - Process start..
07-21-2026 @ 00:48:05 - Processing subscriptions...
07-21-2026 @ 00:48:05 - > &#8220;0&#8221;Subscription Imported Successfully.
07-21-2026 @ 00:48:05 - > Finished importing order 0
07-21-2026 @ 00:48:05 - Finished processing orders.
07-21-2026 @ 00:48:05 - Row :219 - Subscription order imported successfully.
07-21-2026 @ 00:48:05 - Row :220 - Parsing item.
07-21-2026 @ 00:48:06 - Row :220 - Processing item.
07-21-2026 @ 00:48:06 - Process start..
07-21-2026 @ 00:48:06 - Processing subscriptions...
07-21-2026 @ 00:48:06 - > &#8220;0&#8221;Subscription Imported Successfully.
07-21-2026 @ 00:48:06 - > Finished importing order 0
07-21-2026 @ 00:48:06 - Finished processing orders.
07-21-2026 @ 00:48:06 - Row :220 - Subscription order imported successfully.
07-21-2026 @ 00:48:07 - Preparing for import.
07-21-2026 @ 00:48:07 - Row :221 - Parsing item.
07-21-2026 @ 00:48:07 - Row :221 - Processing item.
07-21-2026 @ 00:48:07 - Process start..
07-21-2026 @ 00:48:07 - Processing subscriptions...
07-21-2026 @ 00:48:08 - > &#8220;0&#8221;Subscription Imported Successfully.
07-21-2026 @ 00:48:08 - > Finished importing order 0
07-21-2026 @ 00:48:08 - Finished processing orders.
07-21-2026 @ 00:48:08 - Row :221 - Subscription order imported successfully.
07-21-2026 @ 00:48:08 - Row :222 - Parsing item.
07-21-2026 @ 00:48:08 - Row :222 - Processing item.
07-21-2026 @ 00:48:08 - Process start..
07-21-2026 @ 00:48:08 - Processing subscriptions...
07-21-2026 @ 00:48:09 - > &#8220;0&#8221;Subscription Imported Successfully.
07-21-2026 @ 00:48:09 - > Finished importing order 0
07-21-2026 @ 00:48:09 - Finished processing orders.
07-21-2026 @ 00:48:09 - Row :222 - Subscription order imported successfully.
07-21-2026 @ 00:48:09 - Row :223 - Parsing item.
07-21-2026 @ 00:48:09 - Row :223 - Processing item.
07-21-2026 @ 00:48:09 - Process start..
07-21-2026 @ 00:48:09 - Processing subscriptions...
07-21-2026 @ 00:48:10 - > &#8220;0&#8221;Subscription Imported Successfully.
07-21-2026 @ 00:48:10 - > Finished importing order 0
07-21-2026 @ 00:48:10 - Finished processing orders.
07-21-2026 @ 00:48:10 - Row :223 - Subscription order imported successfully.
07-21-2026 @ 00:48:10 - Row :224 - Parsing item.
07-21-2026 @ 00:48:10 - Row :224 - Processing item.
07-21-2026 @ 00:48:10 - Process start..
07-21-2026 @ 00:48:10 - Processing subscriptions...
07-21-2026 @ 00:48:11 - > &#8220;0&#8221;Subscription Imported Successfully.
07-21-2026 @ 00:48:11 - > Finished importing order 0
07-21-2026 @ 00:48:11 - Finished processing orders.
07-21-2026 @ 00:48:11 - Row :224 - Subscription order imported successfully.
07-21-2026 @ 00:48:11 - Row :225 - Parsing item.
07-21-2026 @ 00:48:11 - Row :225 - Processing item.
07-21-2026 @ 00:48:11 - Process start..
07-21-2026 @ 00:48:11 - Processing subscriptions...
07-21-2026 @ 00:48:12 - > &#8220;0&#8221;Subscription Imported Successfully.
07-21-2026 @ 00:48:12 - > Finished importing order 0
07-21-2026 @ 00:48:12 - Finished processing orders.
07-21-2026 @ 00:48:12 - Row :225 - Subscription order imported successfully.
07-21-2026 @ 00:48:12 - Row :226 - Parsing item.
07-21-2026 @ 00:48:12 - Row :226 - Processing item.
07-21-2026 @ 00:48:12 - Process start..
07-21-2026 @ 00:48:12 - Processing subscriptions...
07-21-2026 @ 00:48:13 - > &#8220;0&#8221;Subscription Imported Successfully.
07-21-2026 @ 00:48:13 - > Finished importing order 0
07-21-2026 @ 00:48:13 - Finished processing orders.
07-21-2026 @ 00:48:13 - Row :226 - Subscription order imported successfully.
07-21-2026 @ 00:48:13 - Row :227 - Parsing item.
07-21-2026 @ 00:48:13 - Row :227 - Processing item.
07-21-2026 @ 00:48:13 - Process start..
07-21-2026 @ 00:48:13 - Processing subscriptions...
07-21-2026 @ 00:48:14 - > &#8220;0&#8221;Subscription Imported Successfully.
07-21-2026 @ 00:48:14 - > Finished importing order 0
07-21-2026 @ 00:48:14 - Finished processing orders.
07-21-2026 @ 00:48:14 - Row :227 - Subscription order imported successfully.
07-21-2026 @ 00:48:14 - Row :228 - Parsing item.
07-21-2026 @ 00:48:14 - Row :228 - Processing item.
07-21-2026 @ 00:48:14 - Process start..
07-21-2026 @ 00:48:14 - Processing subscriptions...
07-21-2026 @ 00:48:15 - > &#8220;0&#8221;Subscription Imported Successfully.
07-21-2026 @ 00:48:15 - > Finished importing order 0
07-21-2026 @ 00:48:15 - Finished processing orders.
07-21-2026 @ 00:48:15 - Row :228 - Subscription order imported successfully.
07-21-2026 @ 00:48:15 - Row :229 - Parsing item.
07-21-2026 @ 00:48:15 - Row :229 - Processing item.
07-21-2026 @ 00:48:15 - Process start..
07-21-2026 @ 00:48:15 - Processing subscriptions...
07-21-2026 @ 00:48:16 - > &#8220;0&#8221;Subscription Imported Successfully.
07-21-2026 @ 00:48:16 - > Finished importing order 0
07-21-2026 @ 00:48:16 - Finished processing orders.
07-21-2026 @ 00:48:16 - Row :229 - Subscription order imported successfully.
07-21-2026 @ 00:48:16 - Row :230 - Parsing item.
07-21-2026 @ 00:48:16 - Row :230 - Processing item.
07-21-2026 @ 00:48:16 - Process start..
07-21-2026 @ 00:48:16 - Processing subscriptions...
07-21-2026 @ 00:48:17 - > &#8220;0&#8221;Subscription Imported Successfully.
07-21-2026 @ 00:48:17 - > Finished importing order 0
07-21-2026 @ 00:48:17 - Finished processing orders.
07-21-2026 @ 00:48:17 - Row :230 - Subscription order imported successfully.
07-21-2026 @ 00:48:18 - Preparing for import.
07-21-2026 @ 00:48:18 - Row :231 - Parsing item.
07-21-2026 @ 00:48:18 - Row :231 - Processing item.
07-21-2026 @ 00:48:19 - Process start..
07-21-2026 @ 00:48:19 - Processing subscriptions...
07-21-2026 @ 00:48:19 - > &#8220;0&#8221;Subscription Imported Successfully.
07-21-2026 @ 00:48:19 - > Finished importing order 0
07-21-2026 @ 00:48:19 - Finished processing orders.
07-21-2026 @ 00:48:19 - Row :231 - Subscription order imported successfully.
07-21-2026 @ 00:48:19 - Row :232 - Parsing item.
07-21-2026 @ 00:48:19 - Row :232 - Processing item.
07-21-2026 @ 00:48:20 - Process start..
07-21-2026 @ 00:48:20 - Processing subscriptions...
07-21-2026 @ 00:48:20 - > &#8220;0&#8221;Subscription Imported Successfully.
07-21-2026 @ 00:48:20 - > Finished importing order 0
07-21-2026 @ 00:48:20 - Finished processing orders.
07-21-2026 @ 00:48:20 - Row :232 - Subscription order imported successfully.
07-21-2026 @ 00:48:20 - Row :233 - Parsing item.
07-21-2026 @ 00:48:20 - Row :233 - Processing item.
07-21-2026 @ 00:48:20 - Process start..
07-21-2026 @ 00:48:20 - Processing subscriptions...
07-21-2026 @ 00:48:21 - > &#8220;0&#8221;Subscription Imported Successfully.
07-21-2026 @ 00:48:21 - > Finished importing order 0
07-21-2026 @ 00:48:21 - Finished processing orders.
07-21-2026 @ 00:48:21 - Row :233 - Subscription order imported successfully.
07-21-2026 @ 00:48:21 - Row :234 - Parsing item.
07-21-2026 @ 00:48:21 - Row :234 - Processing item.
07-21-2026 @ 00:48:21 - Process start..
07-21-2026 @ 00:48:21 - Processing subscriptions...
07-21-2026 @ 00:48:22 - > &#8220;0&#8221;Subscription Imported Successfully.
07-21-2026 @ 00:48:22 - > Finished importing order 0
07-21-2026 @ 00:48:22 - Finished processing orders.
07-21-2026 @ 00:48:22 - Row :234 - Subscription order imported successfully.
07-21-2026 @ 00:48:22 - Row :235 - Parsing item.
07-21-2026 @ 00:48:22 - Row :235 - Processing item.
07-21-2026 @ 00:48:22 - Process start..
07-21-2026 @ 00:48:22 - Processing subscriptions...
07-21-2026 @ 00:48:23 - > &#8220;0&#8221;Subscription Imported Successfully.
07-21-2026 @ 00:48:23 - > Finished importing order 0
07-21-2026 @ 00:48:23 - Finished processing orders.
07-21-2026 @ 00:48:23 - Row :235 - Subscription order imported successfully.
07-21-2026 @ 00:48:23 - Row :236 - Parsing item.
07-21-2026 @ 00:48:23 - Row :236 - Processing item.
07-21-2026 @ 00:48:23 - Process start..
07-21-2026 @ 00:48:23 - Processing subscriptions...
07-21-2026 @ 00:48:23 - > &#8220;0&#8221;Subscription Imported Successfully.
07-21-2026 @ 00:48:23 - > Finished importing order 0
07-21-2026 @ 00:48:23 - Finished processing orders.
07-21-2026 @ 00:48:24 - Row :236 - Subscription order imported successfully.
07-21-2026 @ 00:48:24 - Row :237 - Parsing item.
07-21-2026 @ 00:48:24 - Row :237 - Processing item.
07-21-2026 @ 00:48:24 - Process start..
07-21-2026 @ 00:48:24 - Processing subscriptions...
07-21-2026 @ 00:48:24 - > &#8220;0&#8221;Subscription Imported Successfully.
07-21-2026 @ 00:48:24 - > Finished importing order 0
07-21-2026 @ 00:48:24 - Finished processing orders.
07-21-2026 @ 00:48:25 - Row :237 - Subscription order imported successfully.
07-21-2026 @ 00:48:25 - Row :238 - Parsing item.
07-21-2026 @ 00:48:25 - Row :238 - Processing item.
07-21-2026 @ 00:48:25 - Process start..
07-21-2026 @ 00:48:25 - Processing subscriptions...
07-21-2026 @ 00:48:25 - > &#8220;0&#8221;Subscription Imported Successfully.
07-21-2026 @ 00:48:25 - > Finished importing order 0
07-21-2026 @ 00:48:25 - Finished processing orders.
07-21-2026 @ 00:48:25 - Row :238 - Subscription order imported successfully.
07-21-2026 @ 00:48:25 - Row :239 - Parsing item.
07-21-2026 @ 00:48:26 - Row :239 - Processing item.
07-21-2026 @ 00:48:26 - Process start..
07-21-2026 @ 00:48:26 - Processing subscriptions...
07-21-2026 @ 00:48:26 - > &#8220;0&#8221;Subscription Imported Successfully.
07-21-2026 @ 00:48:26 - > Finished importing order 0
07-21-2026 @ 00:48:26 - Finished processing orders.
07-21-2026 @ 00:48:26 - Row :239 - Subscription order imported successfully.
07-21-2026 @ 00:48:26 - Row :240 - Parsing item.
07-21-2026 @ 00:48:26 - Row :240 - Processing item.
07-21-2026 @ 00:48:27 - Process start..
07-21-2026 @ 00:48:27 - Processing subscriptions...
07-21-2026 @ 00:48:27 - > &#8220;0&#8221;Subscription Imported Successfully.
07-21-2026 @ 00:48:27 - > Finished importing order 0
07-21-2026 @ 00:48:27 - Finished processing orders.
07-21-2026 @ 00:48:27 - Row :240 - Subscription order imported successfully.
07-21-2026 @ 00:48:28 - Preparing for import.
07-21-2026 @ 00:48:28 - Row :241 - Parsing item.
07-21-2026 @ 00:48:28 - Row :241 - Processing item.
07-21-2026 @ 00:48:28 - Process start..
07-21-2026 @ 00:48:28 - Processing subscriptions...
07-21-2026 @ 00:48:28 - > &#8220;0&#8221;Subscription Imported Successfully.
07-21-2026 @ 00:48:28 - > Finished importing order 0
07-21-2026 @ 00:48:28 - Finished processing orders.
07-21-2026 @ 00:48:29 - Row :241 - Subscription order imported successfully.
07-21-2026 @ 00:48:29 - Row :242 - Parsing item.
07-21-2026 @ 00:48:29 - Row :242 - Processing item.
07-21-2026 @ 00:48:29 - Process start..
07-21-2026 @ 00:48:29 - Processing subscriptions...
07-21-2026 @ 00:48:29 - > &#8220;0&#8221;Subscription Imported Successfully.
07-21-2026 @ 00:48:29 - > Finished importing order 0
07-21-2026 @ 00:48:29 - Finished processing orders.
07-21-2026 @ 00:48:29 - Row :242 - Subscription order imported successfully.
07-21-2026 @ 00:48:29 - Row :243 - Parsing item.
07-21-2026 @ 00:48:30 - Row :243 - Processing item.
07-21-2026 @ 00:48:30 - Process start..
07-21-2026 @ 00:48:30 - Processing subscriptions...
07-21-2026 @ 00:48:30 - > &#8220;0&#8221;Subscription Imported Successfully.
07-21-2026 @ 00:48:30 - > Finished importing order 0
07-21-2026 @ 00:48:30 - Finished processing orders.
07-21-2026 @ 00:48:30 - Row :243 - Subscription order imported successfully.
07-21-2026 @ 00:48:30 - Row :244 - Parsing item.
07-21-2026 @ 00:48:31 - Row :244 - Processing item.
07-21-2026 @ 00:48:31 - Process start..
07-21-2026 @ 00:48:31 - Processing subscriptions...
07-21-2026 @ 00:48:31 - > &#8220;0&#8221;Subscription Imported Successfully.
07-21-2026 @ 00:48:31 - > Finished importing order 0
07-21-2026 @ 00:48:31 - Finished processing orders.
07-21-2026 @ 00:48:31 - Row :244 - Subscription order imported successfully.
07-21-2026 @ 00:48:31 - Row :245 - Parsing item.
07-21-2026 @ 00:48:31 - Row :245 - Processing item.
07-21-2026 @ 00:48:32 - Process start..
07-21-2026 @ 00:48:32 - Processing subscriptions...
07-21-2026 @ 00:48:32 - > &#8220;0&#8221;Subscription Imported Successfully.
07-21-2026 @ 00:48:32 - > Finished importing order 0
07-21-2026 @ 00:48:32 - Finished processing orders.
07-21-2026 @ 00:48:32 - Row :245 - Subscription order imported successfully.
07-21-2026 @ 00:48:32 - Row :246 - Parsing item.
07-21-2026 @ 00:48:32 - Row :246 - Processing item.
07-21-2026 @ 00:48:32 - Process start..
07-21-2026 @ 00:48:32 - Processing subscriptions...
07-21-2026 @ 00:48:33 - > &#8220;0&#8221;Subscription Imported Successfully.
07-21-2026 @ 00:48:33 - > Finished importing order 0
07-21-2026 @ 00:48:33 - Finished processing orders.
07-21-2026 @ 00:48:33 - Row :246 - Subscription order imported successfully.
07-21-2026 @ 00:48:33 - Row :247 - Parsing item.
07-21-2026 @ 00:48:33 - Row :247 - Processing item.
07-21-2026 @ 00:48:33 - Process start..
07-21-2026 @ 00:48:33 - Processing subscriptions...
07-21-2026 @ 00:48:34 - > &#8220;0&#8221;Subscription Imported Successfully.
07-21-2026 @ 00:48:34 - > Finished importing order 0
07-21-2026 @ 00:48:34 - Finished processing orders.
07-21-2026 @ 00:48:34 - Row :247 - Subscription order imported successfully.
07-21-2026 @ 00:48:34 - Row :248 - Parsing item.
07-21-2026 @ 00:48:34 - Row :248 - Processing item.
07-21-2026 @ 00:48:34 - Process start..
07-21-2026 @ 00:48:34 - Processing subscriptions...
07-21-2026 @ 00:48:35 - > &#8220;0&#8221;Subscription Imported Successfully.
07-21-2026 @ 00:48:35 - > Finished importing order 0
07-21-2026 @ 00:48:35 - Finished processing orders.
07-21-2026 @ 00:48:35 - Row :248 - Subscription order imported successfully.
07-21-2026 @ 00:48:35 - Row :249 - Parsing item.
07-21-2026 @ 00:48:35 - Row :249 - Processing item.
07-21-2026 @ 00:48:35 - Process start..
07-21-2026 @ 00:48:35 - Processing subscriptions...
07-21-2026 @ 00:48:35 - > &#8220;0&#8221;Subscription Imported Successfully.
07-21-2026 @ 00:48:35 - > Finished importing order 0
07-21-2026 @ 00:48:35 - Finished processing orders.
07-21-2026 @ 00:48:36 - Row :249 - Subscription order imported successfully.
07-21-2026 @ 00:48:36 - Row :250 - Parsing item.
07-21-2026 @ 00:48:36 - Row :250 - Processing item.
07-21-2026 @ 00:48:36 - Process start..
07-21-2026 @ 00:48:36 - Processing subscriptions...
07-21-2026 @ 00:48:36 - > &#8220;0&#8221;Subscription Imported Successfully.
07-21-2026 @ 00:48:36 - > Finished importing order 0
07-21-2026 @ 00:48:36 - Finished processing orders.
07-21-2026 @ 00:48:37 - Row :250 - Subscription order imported successfully.
07-21-2026 @ 00:48:37 - Preparing for import.
07-21-2026 @ 00:48:37 - Row :251 - Parsing item.
07-21-2026 @ 00:48:37 - Row :251 - Processing item.
07-21-2026 @ 00:48:37 - Process start..
07-21-2026 @ 00:48:37 - Processing subscriptions...
07-21-2026 @ 00:48:38 - > &#8220;0&#8221;Subscription Imported Successfully.
07-21-2026 @ 00:48:38 - > Finished importing order 0
07-21-2026 @ 00:48:38 - Finished processing orders.
07-21-2026 @ 00:48:38 - Row :251 - Subscription order imported successfully.
07-21-2026 @ 00:48:38 - Row :252 - Parsing item.
07-21-2026 @ 00:48:38 - Row :252 - Processing item.
07-21-2026 @ 00:48:38 - Process start..
07-21-2026 @ 00:48:38 - Processing subscriptions...
07-21-2026 @ 00:48:38 - > &#8220;0&#8221;Subscription Imported Successfully.
07-21-2026 @ 00:48:38 - > Finished importing order 0
07-21-2026 @ 00:48:38 - Finished processing orders.
07-21-2026 @ 00:48:39 - Row :252 - Subscription order imported successfully.
07-21-2026 @ 00:48:39 - Row :253 - Parsing item.
07-21-2026 @ 00:48:39 - Row :253 - Processing item.
07-21-2026 @ 00:48:39 - Process start..
07-21-2026 @ 00:48:39 - Processing subscriptions...
07-21-2026 @ 00:48:40 - > &#8220;0&#8221;Subscription Imported Successfully.
07-21-2026 @ 00:48:40 - > Finished importing order 0
07-21-2026 @ 00:48:40 - Finished processing orders.
07-21-2026 @ 00:48:40 - Row :253 - Subscription order imported successfully.
07-21-2026 @ 00:48:40 - Row :254 - Parsing item.
07-21-2026 @ 00:48:40 - Row :254 - Processing item.
07-21-2026 @ 00:48:40 - Process start..
07-21-2026 @ 00:48:40 - Processing subscriptions...
07-21-2026 @ 00:48:41 - > &#8220;0&#8221;Subscription Imported Successfully.
07-21-2026 @ 00:48:41 - > Finished importing order 0
07-21-2026 @ 00:48:41 - Finished processing orders.
07-21-2026 @ 00:48:41 - Row :254 - Subscription order imported successfully.
07-21-2026 @ 00:48:41 - Row :255 - Parsing item.
07-21-2026 @ 00:48:41 - Row :255 - Processing item.
07-21-2026 @ 00:48:41 - Process start..
07-21-2026 @ 00:48:41 - Processing subscriptions...
07-21-2026 @ 00:48:41 - > &#8220;0&#8221;Subscription Imported Successfully.
07-21-2026 @ 00:48:41 - > Finished importing order 0
07-21-2026 @ 00:48:41 - Finished processing orders.
07-21-2026 @ 00:48:42 - Row :255 - Subscription order imported successfully.
07-21-2026 @ 00:48:42 - Row :256 - Parsing item.
07-21-2026 @ 00:48:42 - Row :256 - Processing item.
07-21-2026 @ 00:48:42 - Process start..
07-21-2026 @ 00:48:42 - Processing subscriptions...
07-21-2026 @ 00:48:43 - > &#8220;0&#8221;Subscription Imported Successfully.
07-21-2026 @ 00:48:43 - > Finished importing order 0
07-21-2026 @ 00:48:43 - Finished processing orders.
07-21-2026 @ 00:48:43 - Row :256 - Subscription order imported successfully.
07-21-2026 @ 00:48:43 - Row :257 - Parsing item.
07-21-2026 @ 00:48:43 - Row :257 - Processing item.
07-21-2026 @ 00:48:43 - Process start..
07-21-2026 @ 00:48:43 - Processing subscriptions...
07-21-2026 @ 00:48:43 - > &#8220;0&#8221;Subscription Imported Successfully.
07-21-2026 @ 00:48:43 - > Finished importing order 0
07-21-2026 @ 00:48:43 - Finished processing orders.
07-21-2026 @ 00:48:44 - Row :257 - Subscription order imported successfully.
07-21-2026 @ 00:48:44 - Row :258 - Parsing item.
07-21-2026 @ 00:48:44 - Row :258 - Processing item.
07-21-2026 @ 00:48:44 - Process start..
07-21-2026 @ 00:48:44 - Processing subscriptions...
07-21-2026 @ 00:48:44 - > &#8220;0&#8221;Subscription Imported Successfully.
07-21-2026 @ 00:48:44 - > Finished importing order 0
07-21-2026 @ 00:48:44 - Finished processing orders.
07-21-2026 @ 00:48:45 - Row :258 - Subscription order imported successfully.
07-21-2026 @ 00:48:45 - Row :259 - Parsing item.
07-21-2026 @ 00:48:45 - Row :259 - Processing item.
07-21-2026 @ 00:48:45 - Process start..
07-21-2026 @ 00:48:45 - Processing subscriptions...
07-21-2026 @ 00:48:45 - > &#8220;0&#8221;Subscription Imported Successfully.
07-21-2026 @ 00:48:45 - > Finished importing order 0
07-21-2026 @ 00:48:45 - Finished processing orders.
07-21-2026 @ 00:48:46 - Row :259 - Subscription order imported successfully.
07-21-2026 @ 00:48:46 - Row :260 - Parsing item.
07-21-2026 @ 00:48:46 - Row :260 - Processing item.
07-21-2026 @ 00:48:46 - Process start..
07-21-2026 @ 00:48:46 - Processing subscriptions...
07-21-2026 @ 00:48:46 - > &#8220;0&#8221;Subscription Imported Successfully.
07-21-2026 @ 00:48:46 - > Finished importing order 0
07-21-2026 @ 00:48:46 - Finished processing orders.
07-21-2026 @ 00:48:47 - Row :260 - Subscription order imported successfully.
07-21-2026 @ 00:48:47 - Preparing for import.
07-21-2026 @ 00:48:47 - Row :261 - Parsing item.
07-21-2026 @ 00:48:47 - Row :261 - Processing item.
07-21-2026 @ 00:48:47 - Process start..
07-21-2026 @ 00:48:47 - Processing subscriptions...
07-21-2026 @ 00:48:48 - > &#8220;0&#8221;Subscription Imported Successfully.
07-21-2026 @ 00:48:48 - > Finished importing order 0
07-21-2026 @ 00:48:48 - Finished processing orders.
07-21-2026 @ 00:48:48 - Row :261 - Subscription order imported successfully.
07-21-2026 @ 00:48:48 - Row :262 - Parsing item.
07-21-2026 @ 00:48:48 - Row :262 - Processing item.
07-21-2026 @ 00:48:49 - Process start..
07-21-2026 @ 00:48:49 - Processing subscriptions...
07-21-2026 @ 00:48:49 - > &#8220;0&#8221;Subscription Imported Successfully.
07-21-2026 @ 00:48:49 - > Finished importing order 0
07-21-2026 @ 00:48:49 - Finished processing orders.
07-21-2026 @ 00:48:49 - Row :262 - Subscription order imported successfully.
07-21-2026 @ 00:48:49 - Row :263 - Parsing item.
07-21-2026 @ 00:48:49 - Row :263 - Processing item.
07-21-2026 @ 00:48:50 - Process start..
07-21-2026 @ 00:48:50 - Processing subscriptions...
07-21-2026 @ 00:48:50 - > &#8220;0&#8221;Subscription Imported Successfully.
07-21-2026 @ 00:48:50 - > Finished importing order 0
07-21-2026 @ 00:48:50 - Finished processing orders.
07-21-2026 @ 00:48:50 - Row :263 - Subscription order imported successfully.
07-21-2026 @ 00:48:50 - Row :264 - Parsing item.
07-21-2026 @ 00:48:50 - Row :264 - Processing item.
07-21-2026 @ 00:48:51 - Process start..
07-21-2026 @ 00:48:51 - Processing subscriptions...
07-21-2026 @ 00:48:51 - > &#8220;0&#8221;Subscription Imported Successfully.
07-21-2026 @ 00:48:51 - > Finished importing order 0
07-21-2026 @ 00:48:51 - Finished processing orders.
07-21-2026 @ 00:48:51 - Row :264 - Subscription order imported successfully.
07-21-2026 @ 00:48:51 - Row :265 - Parsing item.
07-21-2026 @ 00:48:51 - Row :265 - Processing item.
07-21-2026 @ 00:48:52 - Process start..
07-21-2026 @ 00:48:52 - Processing subscriptions...
07-21-2026 @ 00:48:52 - > &#8220;0&#8221;Subscription Imported Successfully.
07-21-2026 @ 00:48:52 - > Finished importing order 0
07-21-2026 @ 00:48:52 - Finished processing orders.
07-21-2026 @ 00:48:52 - Row :265 - Subscription order imported successfully.
07-21-2026 @ 00:48:52 - Row :266 - Parsing item.
07-21-2026 @ 00:48:52 - Row :266 - Processing item.
07-21-2026 @ 00:48:53 - Process start..
07-21-2026 @ 00:48:53 - Processing subscriptions...
07-21-2026 @ 00:48:53 - > &#8220;0&#8221;Subscription Imported Successfully.
07-21-2026 @ 00:48:53 - > Finished importing order 0
07-21-2026 @ 00:48:53 - Finished processing orders.
07-21-2026 @ 00:48:53 - Row :266 - Subscription order imported successfully.
07-21-2026 @ 00:48:53 - Row :267 - Parsing item.
07-21-2026 @ 00:48:53 - Row :267 - Processing item.
07-21-2026 @ 00:48:53 - Process start..
07-21-2026 @ 00:48:53 - Processing subscriptions...
07-21-2026 @ 00:48:54 - > &#8220;0&#8221;Subscription Imported Successfully.
07-21-2026 @ 00:48:54 - > Finished importing order 0
07-21-2026 @ 00:48:54 - Finished processing orders.
07-21-2026 @ 00:48:54 - Row :267 - Subscription order imported successfully.
07-21-2026 @ 00:48:54 - Row :268 - Parsing item.
07-21-2026 @ 00:48:54 - Row :268 - Processing item.
07-21-2026 @ 00:48:54 - Process start..
07-21-2026 @ 00:48:54 - Processing subscriptions...
07-21-2026 @ 00:48:55 - > &#8220;0&#8221;Subscription Imported Successfully.
07-21-2026 @ 00:48:55 - > Finished importing order 0
07-21-2026 @ 00:48:55 - Finished processing orders.
07-21-2026 @ 00:48:55 - Row :268 - Subscription order imported successfully.
07-21-2026 @ 00:48:55 - Row :269 - Parsing item.
07-21-2026 @ 00:48:55 - Row :269 - Processing item.
07-21-2026 @ 00:48:55 - Process start..
07-21-2026 @ 00:48:55 - Processing subscriptions...
07-21-2026 @ 00:48:56 - > &#8220;0&#8221;Subscription Imported Successfully.
07-21-2026 @ 00:48:56 - > Finished importing order 0
07-21-2026 @ 00:48:56 - Finished processing orders.
07-21-2026 @ 00:48:56 - Row :269 - Subscription order imported successfully.
07-21-2026 @ 00:48:56 - Row :270 - Parsing item.
07-21-2026 @ 00:48:56 - Row :270 - Processing item.
07-21-2026 @ 00:48:56 - Process start..
07-21-2026 @ 00:48:56 - Processing subscriptions...
07-21-2026 @ 00:48:56 - > &#8220;0&#8221;Subscription Imported Successfully.
07-21-2026 @ 00:48:56 - > Finished importing order 0
07-21-2026 @ 00:48:56 - Finished processing orders.
07-21-2026 @ 00:48:57 - Row :270 - Subscription order imported successfully.
07-21-2026 @ 00:48:57 - Preparing for import.
07-21-2026 @ 00:48:57 - Row :271 - Parsing item.
07-21-2026 @ 00:48:57 - Row :271 - Processing item.
07-21-2026 @ 00:48:57 - Process start..
07-21-2026 @ 00:48:57 - Processing subscriptions...
07-21-2026 @ 00:48:58 - > &#8220;0&#8221;Subscription Imported Successfully.
07-21-2026 @ 00:48:58 - > Finished importing order 0
07-21-2026 @ 00:48:58 - Finished processing orders.
07-21-2026 @ 00:48:58 - Row :271 - Subscription order imported successfully.
07-21-2026 @ 00:48:58 - Row :272 - Parsing item.
07-21-2026 @ 00:48:58 - Row :272 - Processing item.
07-21-2026 @ 00:48:58 - Process start..
07-21-2026 @ 00:48:58 - Processing subscriptions...
07-21-2026 @ 00:48:59 - > &#8220;0&#8221;Subscription Imported Successfully.
07-21-2026 @ 00:48:59 - > Finished importing order 0
07-21-2026 @ 00:48:59 - Finished processing orders.
07-21-2026 @ 00:48:59 - Row :272 - Subscription order imported successfully.
07-21-2026 @ 00:48:59 - Row :273 - Parsing item.
07-21-2026 @ 00:48:59 - Row :273 - Processing item.
07-21-2026 @ 00:48:59 - Process start..
07-21-2026 @ 00:48:59 - Processing subscriptions...
07-21-2026 @ 00:48:59 - > &#8220;0&#8221;Subscription Imported Successfully.
07-21-2026 @ 00:48:59 - > Finished importing order 0
07-21-2026 @ 00:48:59 - Finished processing orders.
07-21-2026 @ 00:49:00 - Row :273 - Subscription order imported successfully.
07-21-2026 @ 00:49:00 - Row :274 - Parsing item.
07-21-2026 @ 00:49:00 - Row :274 - Processing item.
07-21-2026 @ 00:49:00 - Process start..
07-21-2026 @ 00:49:00 - Processing subscriptions...
07-21-2026 @ 00:49:00 - > &#8220;0&#8221;Subscription Imported Successfully.
07-21-2026 @ 00:49:00 - > Finished importing order 0
07-21-2026 @ 00:49:00 - Finished processing orders.
07-21-2026 @ 00:49:01 - Row :274 - Subscription order imported successfully.
07-21-2026 @ 00:49:01 - Row :275 - Parsing item.
07-21-2026 @ 00:49:01 - Row :275 - Processing item.
07-21-2026 @ 00:49:01 - Process start..
07-21-2026 @ 00:49:01 - Processing subscriptions...
07-21-2026 @ 00:49:01 - > &#8220;0&#8221;Subscription Imported Successfully.
07-21-2026 @ 00:49:01 - > Finished importing order 0
07-21-2026 @ 00:49:01 - Finished processing orders.
07-21-2026 @ 00:49:02 - Row :275 - Subscription order imported successfully.
07-21-2026 @ 00:49:02 - Row :276 - Parsing item.
07-21-2026 @ 00:49:02 - Row :276 - Processing item.
07-21-2026 @ 00:49:02 - Process start..
07-21-2026 @ 00:49:02 - Processing subscriptions...
07-21-2026 @ 00:49:03 - > &#8220;0&#8221;Subscription Imported Successfully.
07-21-2026 @ 00:49:03 - > Finished importing order 0
07-21-2026 @ 00:49:03 - Finished processing orders.
07-21-2026 @ 00:49:03 - Row :276 - Subscription order imported successfully.
07-21-2026 @ 00:49:03 - Row :277 - Parsing item.
07-21-2026 @ 00:49:03 - Row :277 - Processing item.
07-21-2026 @ 00:49:03 - Process start..
07-21-2026 @ 00:49:03 - Processing subscriptions...
07-21-2026 @ 00:49:03 - > &#8220;0&#8221;Subscription Imported Successfully.
07-21-2026 @ 00:49:03 - > Finished importing order 0
07-21-2026 @ 00:49:03 - Finished processing orders.
07-21-2026 @ 00:49:03 - Row :277 - Subscription order imported successfully.
07-21-2026 @ 00:49:03 - Row :278 - Parsing item.
07-21-2026 @ 00:49:04 - Row :278 - Processing item.
07-21-2026 @ 00:49:04 - Process start..
07-21-2026 @ 00:49:04 - Processing subscriptions...
07-21-2026 @ 00:49:04 - > &#8220;0&#8221;Subscription Imported Successfully.
07-21-2026 @ 00:49:04 - > Finished importing order 0
07-21-2026 @ 00:49:04 - Finished processing orders.
07-21-2026 @ 00:49:05 - Row :278 - Subscription order imported successfully.
07-21-2026 @ 00:49:05 - Row :279 - Parsing item.
07-21-2026 @ 00:49:05 - Row :279 - Processing item.
07-21-2026 @ 00:49:05 - Process start..
07-21-2026 @ 00:49:05 - Processing subscriptions...
07-21-2026 @ 00:49:05 - > &#8220;0&#8221;Subscription Imported Successfully.
07-21-2026 @ 00:49:05 - > Finished importing order 0
07-21-2026 @ 00:49:05 - Finished processing orders.
07-21-2026 @ 00:49:06 - Row :279 - Subscription order imported successfully.
07-21-2026 @ 00:49:06 - Row :280 - Parsing item.
07-21-2026 @ 00:49:06 - Row :280 - Processing item.
07-21-2026 @ 00:49:06 - Process start..
07-21-2026 @ 00:49:06 - Processing subscriptions...
07-21-2026 @ 00:49:06 - > &#8220;0&#8221;Subscription Imported Successfully.
07-21-2026 @ 00:49:06 - > Finished importing order 0
07-21-2026 @ 00:49:06 - Finished processing orders.
07-21-2026 @ 00:49:07 - Row :280 - Subscription order imported successfully.
07-21-2026 @ 00:49:07 - Preparing for import.
07-21-2026 @ 00:49:07 - Row :281 - Parsing item.
07-21-2026 @ 00:49:07 - Row :281 - Processing item.
07-21-2026 @ 00:49:08 - Process start..
07-21-2026 @ 00:49:08 - Processing subscriptions...
07-21-2026 @ 00:49:08 - > &#8220;0&#8221;Subscription Imported Successfully.
07-21-2026 @ 00:49:08 - > Finished importing order 0
07-21-2026 @ 00:49:08 - Finished processing orders.
07-21-2026 @ 00:49:08 - Row :281 - Subscription order imported successfully.
07-21-2026 @ 00:49:08 - Row :282 - Parsing item.
07-21-2026 @ 00:49:08 - Row :282 - Processing item.
07-21-2026 @ 00:49:09 - Process start..
07-21-2026 @ 00:49:09 - Processing subscriptions...
07-21-2026 @ 00:49:09 - > &#8220;0&#8221;Subscription Imported Successfully.
07-21-2026 @ 00:49:09 - > Finished importing order 0
07-21-2026 @ 00:49:09 - Finished processing orders.
07-21-2026 @ 00:49:09 - Row :282 - Subscription order imported successfully.
07-21-2026 @ 00:49:09 - Row :283 - Parsing item.
07-21-2026 @ 00:49:09 - Row :283 - Processing item.
07-21-2026 @ 00:49:10 - Process start..
07-21-2026 @ 00:49:10 - Processing subscriptions...
07-21-2026 @ 00:49:10 - > &#8220;0&#8221;Subscription Imported Successfully.
07-21-2026 @ 00:49:10 - > Finished importing order 0
07-21-2026 @ 00:49:10 - Finished processing orders.
07-21-2026 @ 00:49:10 - Row :283 - Subscription order imported successfully.
07-21-2026 @ 00:49:10 - Row :284 - Parsing item.
07-21-2026 @ 00:49:10 - Row :284 - Processing item.
07-21-2026 @ 00:49:11 - Process start..
07-21-2026 @ 00:49:11 - Processing subscriptions...
07-21-2026 @ 00:49:11 - > &#8220;0&#8221;Subscription Imported Successfully.
07-21-2026 @ 00:49:11 - > Finished importing order 0
07-21-2026 @ 00:49:11 - Finished processing orders.
07-21-2026 @ 00:49:11 - Row :284 - Subscription order imported successfully.
07-21-2026 @ 00:49:11 - Row :285 - Parsing item.
07-21-2026 @ 00:49:11 - Row :285 - Processing item.
07-21-2026 @ 00:49:12 - Process start..
07-21-2026 @ 00:49:12 - Processing subscriptions...
07-21-2026 @ 00:49:12 - > &#8220;0&#8221;Subscription Imported Successfully.
07-21-2026 @ 00:49:12 - > Finished importing order 0
07-21-2026 @ 00:49:12 - Finished processing orders.
07-21-2026 @ 00:49:12 - Row :285 - Subscription order imported successfully.
07-21-2026 @ 00:49:12 - Row :286 - Parsing item.
07-21-2026 @ 00:49:12 - Row :286 - Processing item.
07-21-2026 @ 00:49:13 - Process start..
07-21-2026 @ 00:49:13 - Processing subscriptions...
07-21-2026 @ 00:49:13 - > &#8220;0&#8221;Subscription Imported Successfully.
07-21-2026 @ 00:49:13 - > Finished importing order 0
07-21-2026 @ 00:49:13 - Finished processing orders.
07-21-2026 @ 00:49:13 - Row :286 - Subscription order imported successfully.
07-21-2026 @ 00:49:13 - Row :287 - Parsing item.
07-21-2026 @ 00:49:13 - Row :287 - Processing item.
07-21-2026 @ 00:49:14 - Process start..
07-21-2026 @ 00:49:14 - Processing subscriptions...
07-21-2026 @ 00:49:14 - > &#8220;0&#8221;Subscription Imported Successfully.
07-21-2026 @ 00:49:14 - > Finished importing order 0
07-21-2026 @ 00:49:14 - Finished processing orders.
07-21-2026 @ 00:49:14 - Row :287 - Subscription order imported successfully.
07-21-2026 @ 00:49:14 - Row :288 - Parsing item.
07-21-2026 @ 00:49:14 - Row :288 - Processing item.
07-21-2026 @ 00:49:15 - Process start..
07-21-2026 @ 00:49:15 - Processing subscriptions...
07-21-2026 @ 00:49:15 - > &#8220;0&#8221;Subscription Imported Successfully.
07-21-2026 @ 00:49:15 - > Finished importing order 0
07-21-2026 @ 00:49:15 - Finished processing orders.
07-21-2026 @ 00:49:15 - Row :288 - Subscription order imported successfully.
07-21-2026 @ 00:49:15 - Row :289 - Parsing item.
07-21-2026 @ 00:49:15 - Row :289 - Processing item.
07-21-2026 @ 00:49:16 - Process start..
07-21-2026 @ 00:49:16 - Processing subscriptions...
07-21-2026 @ 00:49:16 - > &#8220;0&#8221;Subscription Imported Successfully.
07-21-2026 @ 00:49:16 - > Finished importing order 0
07-21-2026 @ 00:49:16 - Finished processing orders.
07-21-2026 @ 00:49:16 - Row :289 - Subscription order imported successfully.
07-21-2026 @ 00:49:16 - Row :290 - Parsing item.
07-21-2026 @ 00:49:16 - Row :290 - Processing item.
07-21-2026 @ 00:49:17 - Process start..
07-21-2026 @ 00:49:17 - Processing subscriptions...
07-21-2026 @ 00:49:17 - > &#8220;0&#8221;Subscription Imported Successfully.
07-21-2026 @ 00:49:17 - > Finished importing order 0
07-21-2026 @ 00:49:17 - Finished processing orders.
07-21-2026 @ 00:49:17 - Row :290 - Subscription order imported successfully.
07-21-2026 @ 00:49:17 - Preparing for import.
07-21-2026 @ 00:49:17 - Row :291 - Parsing item.
07-21-2026 @ 00:49:18 - Row :291 - Processing item.
07-21-2026 @ 00:49:18 - Process start..
07-21-2026 @ 00:49:18 - Processing subscriptions...
07-21-2026 @ 00:49:18 - > &#8220;0&#8221;Subscription Imported Successfully.
07-21-2026 @ 00:49:18 - > Finished importing order 0
07-21-2026 @ 00:49:18 - Finished processing orders.
07-21-2026 @ 00:49:18 - Row :291 - Subscription order imported successfully.
07-21-2026 @ 00:49:18 - Row :292 - Parsing item.
07-21-2026 @ 00:49:19 - Row :292 - Processing item.
07-21-2026 @ 00:49:19 - Process start..
07-21-2026 @ 00:49:19 - Processing subscriptions...
07-21-2026 @ 00:49:19 - > &#8220;0&#8221;Subscription Imported Successfully.
07-21-2026 @ 00:49:19 - > Finished importing order 0
07-21-2026 @ 00:49:19 - Finished processing orders.
07-21-2026 @ 00:49:19 - Row :292 - Subscription order imported successfully.
07-21-2026 @ 00:49:19 - Row :293 - Parsing item.
07-21-2026 @ 00:49:19 - Row :293 - Processing item.
07-21-2026 @ 00:49:20 - Process start..
07-21-2026 @ 00:49:20 - Processing subscriptions...
07-21-2026 @ 00:49:20 - > &#8220;0&#8221;Subscription Imported Successfully.
07-21-2026 @ 00:49:20 - > Finished importing order 0
07-21-2026 @ 00:49:20 - Finished processing orders.
07-21-2026 @ 00:49:20 - Row :293 - Subscription order imported successfully.
07-21-2026 @ 00:49:20 - Row :294 - Parsing item.
07-21-2026 @ 00:49:20 - Row :294 - Processing item.
07-21-2026 @ 00:49:20 - Process start..
07-21-2026 @ 00:49:20 - Processing subscriptions...
07-21-2026 @ 00:49:21 - > &#8220;0&#8221;Subscription Imported Successfully.
07-21-2026 @ 00:49:21 - > Finished importing order 0
07-21-2026 @ 00:49:21 - Finished processing orders.
07-21-2026 @ 00:49:21 - Row :294 - Subscription order imported successfully.
07-21-2026 @ 00:49:21 - Row :295 - Parsing item.
07-21-2026 @ 00:49:21 - Row :295 - Processing item.
07-21-2026 @ 00:49:21 - Process start..
07-21-2026 @ 00:49:21 - Processing subscriptions...
07-21-2026 @ 00:49:22 - > &#8220;0&#8221;Subscription Imported Successfully.
07-21-2026 @ 00:49:22 - > Finished importing order 0
07-21-2026 @ 00:49:22 - Finished processing orders.
07-21-2026 @ 00:49:22 - Row :295 - Subscription order imported successfully.
07-21-2026 @ 00:49:22 - Row :296 - Parsing item.
07-21-2026 @ 00:49:22 - Row :296 - Processing item.
07-21-2026 @ 00:49:22 - Process start..
07-21-2026 @ 00:49:22 - Processing subscriptions...
07-21-2026 @ 00:49:22 - > &#8220;0&#8221;Subscription Imported Successfully.
07-21-2026 @ 00:49:22 - > Finished importing order 0
07-21-2026 @ 00:49:22 - Finished processing orders.
07-21-2026 @ 00:49:22 - Row :296 - Subscription order imported successfully.
07-21-2026 @ 00:49:22 - Row :297 - Parsing item.
07-21-2026 @ 00:49:23 - Row :297 - Processing item.
07-21-2026 @ 00:49:23 - Process start..
07-21-2026 @ 00:49:23 - Processing subscriptions...
07-21-2026 @ 00:49:23 - > &#8220;0&#8221;Subscription Imported Successfully.
07-21-2026 @ 00:49:23 - > Finished importing order 0
07-21-2026 @ 00:49:23 - Finished processing orders.
07-21-2026 @ 00:49:23 - Row :297 - Subscription order imported successfully.
07-21-2026 @ 00:49:23 - Row :298 - Parsing item.
07-21-2026 @ 00:49:24 - Row :298 - Processing item.
07-21-2026 @ 00:49:24 - Process start..
07-21-2026 @ 00:49:24 - Processing subscriptions...
07-21-2026 @ 00:49:24 - > &#8220;0&#8221;Subscription Imported Successfully.
07-21-2026 @ 00:49:24 - > Finished importing order 0
07-21-2026 @ 00:49:24 - Finished processing orders.
07-21-2026 @ 00:49:24 - Row :298 - Subscription order imported successfully.
07-21-2026 @ 00:49:24 - Row :299 - Parsing item.
07-21-2026 @ 00:49:24 - Row :299 - Processing item.
07-21-2026 @ 00:49:25 - Process start..
07-21-2026 @ 00:49:25 - Processing subscriptions...
07-21-2026 @ 00:49:25 - > &#8220;0&#8221;Subscription Imported Successfully.
07-21-2026 @ 00:49:25 - > Finished importing order 0
07-21-2026 @ 00:49:25 - Finished processing orders.
07-21-2026 @ 00:49:25 - Row :299 - Subscription order imported successfully.
07-21-2026 @ 00:49:25 - Row :300 - Parsing item.
07-21-2026 @ 00:49:25 - Row :300 - Processing item.
07-21-2026 @ 00:49:25 - Process start..
07-21-2026 @ 00:49:25 - Processing subscriptions...
07-21-2026 @ 00:49:26 - > &#8220;0&#8221;Subscription Imported Successfully.
07-21-2026 @ 00:49:26 - > Finished importing order 0
07-21-2026 @ 00:49:26 - Finished processing orders.
07-21-2026 @ 00:49:26 - Row :300 - Subscription order imported successfully.
07-21-2026 @ 00:49:26 - Preparing for import.
07-21-2026 @ 00:49:26 - Row :301 - Parsing item.
07-21-2026 @ 00:49:26 - Row :301 - Processing item.
07-21-2026 @ 00:49:27 - Process start..
07-21-2026 @ 00:49:27 - Processing subscriptions...
07-21-2026 @ 00:49:27 - > &#8220;0&#8221;Subscription Imported Successfully.
07-21-2026 @ 00:49:27 - > Finished importing order 0
07-21-2026 @ 00:49:27 - Finished processing orders.
07-21-2026 @ 00:49:27 - Row :301 - Subscription order imported successfully.
07-21-2026 @ 00:49:27 - Row :302 - Parsing item.
07-21-2026 @ 00:49:27 - Row :302 - Processing item.
07-21-2026 @ 00:49:28 - Process start..
07-21-2026 @ 00:49:28 - Processing subscriptions...
07-21-2026 @ 00:49:28 - > &#8220;0&#8221;Subscription Imported Successfully.
07-21-2026 @ 00:49:28 - > Finished importing order 0
07-21-2026 @ 00:49:28 - Finished processing orders.
07-21-2026 @ 00:49:28 - Row :302 - Subscription order imported successfully.
07-21-2026 @ 00:49:28 - Row :303 - Parsing item.
07-21-2026 @ 00:49:28 - Row :303 - Processing item.
07-21-2026 @ 00:49:28 - Process start..
07-21-2026 @ 00:49:28 - Processing subscriptions...
07-21-2026 @ 00:49:29 - > &#8220;0&#8221;Subscription Imported Successfully.
07-21-2026 @ 00:49:29 - > Finished importing order 0
07-21-2026 @ 00:49:29 - Finished processing orders.
07-21-2026 @ 00:49:29 - Row :303 - Subscription order imported successfully.
07-21-2026 @ 00:49:29 - Row :304 - Parsing item.
07-21-2026 @ 00:49:29 - Row :304 - Processing item.
07-21-2026 @ 00:49:29 - Process start..
07-21-2026 @ 00:49:29 - Processing subscriptions...
07-21-2026 @ 00:49:30 - > &#8220;0&#8221;Subscription Imported Successfully.
07-21-2026 @ 00:49:30 - > Finished importing order 0
07-21-2026 @ 00:49:30 - Finished processing orders.
07-21-2026 @ 00:49:30 - Row :304 - Subscription order imported successfully.
07-21-2026 @ 00:49:30 - Row :305 - Parsing item.
07-21-2026 @ 00:49:30 - Row :305 - Processing item.
07-21-2026 @ 00:49:30 - Process start..
07-21-2026 @ 00:49:30 - Processing subscriptions...
07-21-2026 @ 00:49:30 - > &#8220;0&#8221;Subscription Imported Successfully.
07-21-2026 @ 00:49:30 - > Finished importing order 0
07-21-2026 @ 00:49:30 - Finished processing orders.
07-21-2026 @ 00:49:31 - Row :305 - Subscription order imported successfully.
07-21-2026 @ 00:49:31 - Row :306 - Parsing item.
07-21-2026 @ 00:49:31 - Row :306 - Processing item.
07-21-2026 @ 00:49:31 - Process start..
07-21-2026 @ 00:49:31 - Processing subscriptions...
07-21-2026 @ 00:49:31 - > &#8220;0&#8221;Subscription Imported Successfully.
07-21-2026 @ 00:49:31 - > Finished importing order 0
07-21-2026 @ 00:49:31 - Finished processing orders.
07-21-2026 @ 00:49:31 - Row :306 - Subscription order imported successfully.
07-21-2026 @ 00:49:31 - Row :307 - Parsing item.
07-21-2026 @ 00:49:32 - Row :307 - Processing item.
07-21-2026 @ 00:49:32 - Process start..
07-21-2026 @ 00:49:32 - Processing subscriptions...
07-21-2026 @ 00:49:32 - > &#8220;0&#8221;Subscription Imported Successfully.
07-21-2026 @ 00:49:32 - > Finished importing order 0
07-21-2026 @ 00:49:32 - Finished processing orders.
07-21-2026 @ 00:49:32 - Row :307 - Subscription order imported successfully.
07-21-2026 @ 00:49:32 - Row :308 - Parsing item.
07-21-2026 @ 00:49:32 - Row :308 - Processing item.
07-21-2026 @ 00:49:33 - Process start..
07-21-2026 @ 00:49:33 - Processing subscriptions...
07-21-2026 @ 00:49:33 - > &#8220;0&#8221;Subscription Imported Successfully.
07-21-2026 @ 00:49:33 - > Finished importing order 0
07-21-2026 @ 00:49:33 - Finished processing orders.
07-21-2026 @ 00:49:33 - Row :308 - Subscription order imported successfully.
07-21-2026 @ 00:49:33 - Row :309 - Parsing item.
07-21-2026 @ 00:49:33 - Row :309 - Processing item.
07-21-2026 @ 00:49:33 - Process start..
07-21-2026 @ 00:49:33 - Processing subscriptions...
07-21-2026 @ 00:49:34 - > &#8220;0&#8221;Subscription Imported Successfully.
07-21-2026 @ 00:49:34 - > Finished importing order 0
07-21-2026 @ 00:49:34 - Finished processing orders.
07-21-2026 @ 00:49:34 - Row :309 - Subscription order imported successfully.
07-21-2026 @ 00:49:34 - Row :310 - Parsing item.
07-21-2026 @ 00:49:34 - Row :310 - Processing item.
07-21-2026 @ 00:49:34 - Process start..
07-21-2026 @ 00:49:34 - Processing subscriptions...
07-21-2026 @ 00:49:35 - > &#8220;0&#8221;Subscription Imported Successfully.
07-21-2026 @ 00:49:35 - > Finished importing order 0
07-21-2026 @ 00:49:35 - Finished processing orders.
07-21-2026 @ 00:49:35 - Row :310 - Subscription order imported successfully.
07-21-2026 @ 00:49:35 - Preparing for import.
07-21-2026 @ 00:49:35 - Row :311 - Parsing item.
07-21-2026 @ 00:49:35 - Row :311 - Processing item.
07-21-2026 @ 00:49:36 - Process start..
07-21-2026 @ 00:49:36 - Processing subscriptions...
07-21-2026 @ 00:49:36 - > &#8220;0&#8221;Subscription Imported Successfully.
07-21-2026 @ 00:49:36 - > Finished importing order 0
07-21-2026 @ 00:49:36 - Finished processing orders.
07-21-2026 @ 00:49:36 - Row :311 - Subscription order imported successfully.
07-21-2026 @ 00:49:36 - Row :312 - Parsing item.
07-21-2026 @ 00:49:36 - Row :312 - Processing item.
07-21-2026 @ 00:49:37 - Process start..
07-21-2026 @ 00:49:37 - Processing subscriptions...
07-21-2026 @ 00:49:37 - > &#8220;0&#8221;Subscription Imported Successfully.
07-21-2026 @ 00:49:37 - > Finished importing order 0
07-21-2026 @ 00:49:37 - Finished processing orders.
07-21-2026 @ 00:49:37 - Row :312 - Subscription order imported successfully.
07-21-2026 @ 00:49:37 - Row :313 - Parsing item.
07-21-2026 @ 00:49:37 - Row :313 - Processing item.
07-21-2026 @ 00:49:37 - Process start..
07-21-2026 @ 00:49:37 - Processing subscriptions...
07-21-2026 @ 00:49:38 - > &#8220;0&#8221;Subscription Imported Successfully.
07-21-2026 @ 00:49:38 - > Finished importing order 0
07-21-2026 @ 00:49:38 - Finished processing orders.
07-21-2026 @ 00:49:38 - Row :313 - Subscription order imported successfully.
07-21-2026 @ 00:49:38 - Row :314 - Parsing item.
07-21-2026 @ 00:49:38 - Row :314 - Processing item.
07-21-2026 @ 00:49:38 - Process start..
07-21-2026 @ 00:49:38 - Processing subscriptions...
07-21-2026 @ 00:49:38 - > &#8220;0&#8221;Subscription Imported Successfully.
07-21-2026 @ 00:49:38 - > Finished importing order 0
07-21-2026 @ 00:49:38 - Finished processing orders.
07-21-2026 @ 00:49:39 - Row :314 - Subscription order imported successfully.
07-21-2026 @ 00:49:39 - Row :315 - Parsing item.
07-21-2026 @ 00:49:39 - Row :315 - Processing item.
07-21-2026 @ 00:49:39 - Process start..
07-21-2026 @ 00:49:39 - Processing subscriptions...
07-21-2026 @ 00:49:39 - > &#8220;0&#8221;Subscription Imported Successfully.
07-21-2026 @ 00:49:39 - > Finished importing order 0
07-21-2026 @ 00:49:39 - Finished processing orders.
07-21-2026 @ 00:49:39 - Row :315 - Subscription order imported successfully.
07-21-2026 @ 00:49:39 - Row :316 - Parsing item.
07-21-2026 @ 00:49:40 - Row :316 - Processing item.
07-21-2026 @ 00:49:40 - Process start..
07-21-2026 @ 00:49:40 - Processing subscriptions...
07-21-2026 @ 00:49:40 - > &#8220;0&#8221;Subscription Imported Successfully.
07-21-2026 @ 00:49:40 - > Finished importing order 0
07-21-2026 @ 00:49:40 - Finished processing orders.
07-21-2026 @ 00:49:40 - Row :316 - Subscription order imported successfully.
07-21-2026 @ 00:49:40 - Row :317 - Parsing item.
07-21-2026 @ 00:49:41 - Row :317 - Processing item.
07-21-2026 @ 00:49:41 - Process start..
07-21-2026 @ 00:49:41 - Processing subscriptions...
07-21-2026 @ 00:49:41 - > &#8220;0&#8221;Subscription Imported Successfully.
07-21-2026 @ 00:49:41 - > Finished importing order 0
07-21-2026 @ 00:49:41 - Finished processing orders.
07-21-2026 @ 00:49:41 - Row :317 - Subscription order imported successfully.
07-21-2026 @ 00:49:41 - Row :318 - Parsing item.
07-21-2026 @ 00:49:42 - Row :318 - Processing item.
07-21-2026 @ 00:49:42 - Process start..
07-21-2026 @ 00:49:42 - Processing subscriptions...
07-21-2026 @ 00:49:42 - > &#8220;0&#8221;Subscription Imported Successfully.
07-21-2026 @ 00:49:42 - > Finished importing order 0
07-21-2026 @ 00:49:42 - Finished processing orders.
07-21-2026 @ 00:49:42 - Row :318 - Subscription order imported successfully.
07-21-2026 @ 00:49:42 - Row :319 - Parsing item.
07-21-2026 @ 00:49:43 - Row :319 - Processing item.
07-21-2026 @ 00:49:43 - Process start..
07-21-2026 @ 00:49:43 - Processing subscriptions...
07-21-2026 @ 00:49:43 - > &#8220;0&#8221;Subscription Imported Successfully.
07-21-2026 @ 00:49:43 - > Finished importing order 0
07-21-2026 @ 00:49:43 - Finished processing orders.
07-21-2026 @ 00:49:43 - Row :319 - Subscription order imported successfully.
07-21-2026 @ 00:49:43 - Row :320 - Parsing item.
07-21-2026 @ 00:49:44 - Row :320 - Processing item.
07-21-2026 @ 00:49:44 - Process start..
07-21-2026 @ 00:49:44 - Processing subscriptions...
07-21-2026 @ 00:49:44 - > &#8220;0&#8221;Subscription Imported Successfully.
07-21-2026 @ 00:49:44 - > Finished importing order 0
07-21-2026 @ 00:49:44 - Finished processing orders.
07-21-2026 @ 00:49:44 - Row :320 - Subscription order imported successfully.
07-21-2026 @ 00:49:45 - Preparing for import.
07-21-2026 @ 00:49:45 - Row :321 - Parsing item.
07-21-2026 @ 00:49:45 - Row :321 - Processing item.
07-21-2026 @ 00:49:45 - Process start..
07-21-2026 @ 00:49:45 - Processing subscriptions...
07-21-2026 @ 00:49:46 - > &#8220;0&#8221;Subscription Imported Successfully.
07-21-2026 @ 00:49:46 - > Finished importing order 0
07-21-2026 @ 00:49:46 - Finished processing orders.
07-21-2026 @ 00:49:46 - Row :321 - Subscription order imported successfully.
07-21-2026 @ 00:49:46 - Row :322 - Parsing item.
07-21-2026 @ 00:49:46 - Row :322 - Processing item.
07-21-2026 @ 00:49:46 - Process start..
07-21-2026 @ 00:49:46 - Processing subscriptions...
07-21-2026 @ 00:49:47 - > &#8220;0&#8221;Subscription Imported Successfully.
07-21-2026 @ 00:49:47 - > Finished importing order 0
07-21-2026 @ 00:49:47 - Finished processing orders.
07-21-2026 @ 00:49:47 - Row :322 - Subscription order imported successfully.
07-21-2026 @ 00:49:47 - Row :323 - Parsing item.
07-21-2026 @ 00:49:47 - Row :323 - Processing item.
07-21-2026 @ 00:49:47 - Process start..
07-21-2026 @ 00:49:47 - Processing subscriptions...
07-21-2026 @ 00:49:48 - > &#8220;0&#8221;Subscription Imported Successfully.
07-21-2026 @ 00:49:48 - > Finished importing order 0
07-21-2026 @ 00:49:48 - Finished processing orders.
07-21-2026 @ 00:49:48 - Row :323 - Subscription order imported successfully.
07-21-2026 @ 00:49:48 - Row :324 - Parsing item.
07-21-2026 @ 00:49:48 - Row :324 - Processing item.
07-21-2026 @ 00:49:48 - Process start..
07-21-2026 @ 00:49:48 - Processing subscriptions...
07-21-2026 @ 00:49:49 - > &#8220;0&#8221;Subscription Imported Successfully.
07-21-2026 @ 00:49:49 - > Finished importing order 0
07-21-2026 @ 00:49:49 - Finished processing orders.
07-21-2026 @ 00:49:49 - Row :324 - Subscription order imported successfully.
07-21-2026 @ 00:49:49 - Row :325 - Parsing item.
07-21-2026 @ 00:49:49 - Row :325 - Processing item.
07-21-2026 @ 00:49:49 - Process start..
07-21-2026 @ 00:49:49 - Processing subscriptions...
07-21-2026 @ 00:49:50 - > &#8220;0&#8221;Subscription Imported Successfully.
07-21-2026 @ 00:49:50 - > Finished importing order 0
07-21-2026 @ 00:49:50 - Finished processing orders.
07-21-2026 @ 00:49:50 - Row :325 - Subscription order imported successfully.
07-21-2026 @ 00:49:50 - Row :326 - Parsing item.
07-21-2026 @ 00:49:50 - Row :326 - Processing item.
07-21-2026 @ 00:49:50 - Process start..
07-21-2026 @ 00:49:50 - Processing subscriptions...
07-21-2026 @ 00:49:51 - > &#8220;0&#8221;Subscription Imported Successfully.
07-21-2026 @ 00:49:51 - > Finished importing order 0
07-21-2026 @ 00:49:51 - Finished processing orders.
07-21-2026 @ 00:49:51 - Row :326 - Subscription order imported successfully.
07-21-2026 @ 00:49:51 - Row :327 - Parsing item.
07-21-2026 @ 00:49:51 - Row :327 - Processing item.
07-21-2026 @ 00:49:51 - Process start..
07-21-2026 @ 00:49:51 - Processing subscriptions...
07-21-2026 @ 00:49:52 - > &#8220;0&#8221;Subscription Imported Successfully.
07-21-2026 @ 00:49:52 - > Finished importing order 0
07-21-2026 @ 00:49:52 - Finished processing orders.
07-21-2026 @ 00:49:52 - Row :327 - Subscription order imported successfully.
07-21-2026 @ 00:49:52 - Row :328 - Parsing item.
07-21-2026 @ 00:49:52 - Row :328 - Processing item.
07-21-2026 @ 00:49:52 - Process start..
07-21-2026 @ 00:49:52 - Processing subscriptions...
07-21-2026 @ 00:49:52 - > &#8220;0&#8221;Subscription Imported Successfully.
07-21-2026 @ 00:49:52 - > Finished importing order 0
07-21-2026 @ 00:49:52 - Finished processing orders.
07-21-2026 @ 00:49:52 - Row :328 - Subscription order imported successfully.
07-21-2026 @ 00:49:52 - Row :329 - Parsing item.
07-21-2026 @ 00:49:53 - Row :329 - Processing item.
07-21-2026 @ 00:49:53 - Process start..
07-21-2026 @ 00:49:53 - Processing subscriptions...
07-21-2026 @ 00:49:53 - > &#8220;0&#8221;Subscription Imported Successfully.
07-21-2026 @ 00:49:53 - > Finished importing order 0
07-21-2026 @ 00:49:53 - Finished processing orders.
07-21-2026 @ 00:49:53 - Row :329 - Subscription order imported successfully.
07-21-2026 @ 00:49:53 - Row :330 - Parsing item.
07-21-2026 @ 00:49:54 - Row :330 - Processing item.
07-21-2026 @ 00:49:54 - Process start..
07-21-2026 @ 00:49:54 - Processing subscriptions...
07-21-2026 @ 00:49:54 - > &#8220;0&#8221;Subscription Imported Successfully.
07-21-2026 @ 00:49:54 - > Finished importing order 0
07-21-2026 @ 00:49:54 - Finished processing orders.
07-21-2026 @ 00:49:54 - Row :330 - Subscription order imported successfully.
07-21-2026 @ 00:49:55 - Preparing for import.
07-21-2026 @ 00:49:55 - Row :331 - Parsing item.
07-21-2026 @ 00:49:55 - Row :331 - Processing item.
07-21-2026 @ 00:49:55 - Process start..
07-21-2026 @ 00:49:55 - Processing subscriptions...
07-21-2026 @ 00:49:55 - > &#8220;0&#8221;Subscription Imported Successfully.
07-21-2026 @ 00:49:55 - > Finished importing order 0
07-21-2026 @ 00:49:55 - Finished processing orders.
07-21-2026 @ 00:49:56 - Row :331 - Subscription order imported successfully.
07-21-2026 @ 00:49:56 - Row :332 - Parsing item.
07-21-2026 @ 00:49:56 - Row :332 - Processing item.
07-21-2026 @ 00:49:56 - Process start..
07-21-2026 @ 00:49:56 - Processing subscriptions...
07-21-2026 @ 00:49:56 - > &#8220;0&#8221;Subscription Imported Successfully.
07-21-2026 @ 00:49:56 - > Finished importing order 0
07-21-2026 @ 00:49:56 - Finished processing orders.
07-21-2026 @ 00:49:57 - Row :332 - Subscription order imported successfully.
07-21-2026 @ 00:49:57 - Row :333 - Parsing item.
07-21-2026 @ 00:49:57 - Row :333 - Processing item.
07-21-2026 @ 00:49:57 - Process start..
07-21-2026 @ 00:49:57 - Processing subscriptions...
07-21-2026 @ 00:49:57 - > &#8220;0&#8221;Subscription Imported Successfully.
07-21-2026 @ 00:49:57 - > Finished importing order 0
07-21-2026 @ 00:49:57 - Finished processing orders.
07-21-2026 @ 00:49:58 - Row :333 - Subscription order imported successfully.
07-21-2026 @ 00:49:58 - Row :334 - Parsing item.
07-21-2026 @ 00:49:58 - Row :334 - Processing item.
07-21-2026 @ 00:49:58 - Process start..
07-21-2026 @ 00:49:58 - Processing subscriptions...
07-21-2026 @ 00:49:58 - > &#8220;0&#8221;Subscription Imported Successfully.
07-21-2026 @ 00:49:58 - > Finished importing order 0
07-21-2026 @ 00:49:58 - Finished processing orders.
07-21-2026 @ 00:49:59 - Row :334 - Subscription order imported successfully.
07-21-2026 @ 00:49:59 - Row :335 - Parsing item.
07-21-2026 @ 00:49:59 - Row :335 - Processing item.
07-21-2026 @ 00:49:59 - Process start..
07-21-2026 @ 00:49:59 - Processing subscriptions...
07-21-2026 @ 00:49:59 - > &#8220;0&#8221;Subscription Imported Successfully.
07-21-2026 @ 00:49:59 - > Finished importing order 0
07-21-2026 @ 00:49:59 - Finished processing orders.
07-21-2026 @ 00:49:59 - Row :335 - Subscription order imported successfully.
07-21-2026 @ 00:49:59 - Row :336 - Parsing item.
07-21-2026 @ 00:50:00 - Row :336 - Processing item.
07-21-2026 @ 00:50:00 - Process start..
07-21-2026 @ 00:50:00 - Processing subscriptions...
07-21-2026 @ 00:50:00 - > &#8220;0&#8221;Subscription Imported Successfully.
07-21-2026 @ 00:50:00 - > Finished importing order 0
07-21-2026 @ 00:50:00 - Finished processing orders.
07-21-2026 @ 00:50:00 - Row :336 - Subscription order imported successfully.
07-21-2026 @ 00:50:00 - Row :337 - Parsing item.
07-21-2026 @ 00:50:01 - Row :337 - Processing item.
07-21-2026 @ 00:50:01 - Process start..
07-21-2026 @ 00:50:01 - Processing subscriptions...
07-21-2026 @ 00:50:01 - > &#8220;0&#8221;Subscription Imported Successfully.
07-21-2026 @ 00:50:01 - > Finished importing order 0
07-21-2026 @ 00:50:01 - Finished processing orders.
07-21-2026 @ 00:50:01 - Row :337 - Subscription order imported successfully.
07-21-2026 @ 00:50:01 - Row :338 - Parsing item.
07-21-2026 @ 00:50:02 - Row :338 - Processing item.
07-21-2026 @ 00:50:02 - Process start..
07-21-2026 @ 00:50:02 - Processing subscriptions...
07-21-2026 @ 00:50:02 - > &#8220;0&#8221;Subscription Imported Successfully.
07-21-2026 @ 00:50:02 - > Finished importing order 0
07-21-2026 @ 00:50:02 - Finished processing orders.
07-21-2026 @ 00:50:02 - Row :338 - Subscription order imported successfully.
07-21-2026 @ 00:50:02 - Row :339 - Parsing item.
07-21-2026 @ 00:50:03 - Row :339 - Processing item.
07-21-2026 @ 00:50:03 - Process start..
07-21-2026 @ 00:50:03 - Processing subscriptions...
07-21-2026 @ 00:50:03 - > &#8220;0&#8221;Subscription Imported Successfully.
07-21-2026 @ 00:50:03 - > Finished importing order 0
07-21-2026 @ 00:50:03 - Finished processing orders.
07-21-2026 @ 00:50:03 - Row :339 - Subscription order imported successfully.
07-21-2026 @ 00:50:03 - Row :340 - Parsing item.
07-21-2026 @ 00:50:03 - Row :340 - Processing item.
07-21-2026 @ 00:50:04 - Process start..
07-21-2026 @ 00:50:04 - Processing subscriptions...
07-21-2026 @ 00:50:04 - > &#8220;0&#8221;Subscription Imported Successfully.
07-21-2026 @ 00:50:04 - > Finished importing order 0
07-21-2026 @ 00:50:04 - Finished processing orders.
07-21-2026 @ 00:50:04 - Row :340 - Subscription order imported successfully.
07-21-2026 @ 00:50:05 - Preparing for import.
07-21-2026 @ 00:50:05 - Row :341 - Parsing item.
07-21-2026 @ 00:50:05 - Row :341 - Processing item.
07-21-2026 @ 00:50:05 - Process start..
07-21-2026 @ 00:50:05 - Processing subscriptions...
07-21-2026 @ 00:50:06 - > &#8220;0&#8221;Subscription Imported Successfully.
07-21-2026 @ 00:50:06 - > Finished importing order 0
07-21-2026 @ 00:50:06 - Finished processing orders.
07-21-2026 @ 00:50:06 - Row :341 - Subscription order imported successfully.
07-21-2026 @ 00:50:06 - Row :342 - Parsing item.
07-21-2026 @ 00:50:06 - Row :342 - Processing item.
07-21-2026 @ 00:50:06 - Process start..
07-21-2026 @ 00:50:06 - Processing subscriptions...
07-21-2026 @ 00:50:07 - > &#8220;0&#8221;Subscription Imported Successfully.
07-21-2026 @ 00:50:07 - > Finished importing order 0
07-21-2026 @ 00:50:07 - Finished processing orders.
07-21-2026 @ 00:50:07 - Row :342 - Subscription order imported successfully.
07-21-2026 @ 00:50:07 - Row :343 - Parsing item.
07-21-2026 @ 00:50:07 - Row :343 - Processing item.
07-21-2026 @ 00:50:07 - Process start..
07-21-2026 @ 00:50:07 - Processing subscriptions...
07-21-2026 @ 00:50:08 - > &#8220;0&#8221;Subscription Imported Successfully.
07-21-2026 @ 00:50:08 - > Finished importing order 0
07-21-2026 @ 00:50:08 - Finished processing orders.
07-21-2026 @ 00:50:08 - Row :343 - Subscription order imported successfully.
07-21-2026 @ 00:50:08 - Row :344 - Parsing item.
07-21-2026 @ 00:50:08 - Row :344 - Processing item.
07-21-2026 @ 00:50:08 - Process start..
07-21-2026 @ 00:50:08 - Processing subscriptions...
07-21-2026 @ 00:50:09 - > &#8220;0&#8221;Subscription Imported Successfully.
07-21-2026 @ 00:50:09 - > Finished importing order 0
07-21-2026 @ 00:50:09 - Finished processing orders.
07-21-2026 @ 00:50:09 - Row :344 - Subscription order imported successfully.
07-21-2026 @ 00:50:09 - Row :345 - Parsing item.
07-21-2026 @ 00:50:09 - Row :345 - Processing item.
07-21-2026 @ 00:50:09 - Process start..
07-21-2026 @ 00:50:09 - Processing subscriptions...
07-21-2026 @ 00:50:10 - > &#8220;0&#8221;Subscription Imported Successfully.
07-21-2026 @ 00:50:10 - > Finished importing order 0
07-21-2026 @ 00:50:10 - Finished processing orders.
07-21-2026 @ 00:50:10 - Row :345 - Subscription order imported successfully.
07-21-2026 @ 00:50:10 - Row :346 - Parsing item.
07-21-2026 @ 00:50:10 - Row :346 - Processing item.
07-21-2026 @ 00:50:11 - Process start..
07-21-2026 @ 00:50:11 - Processing subscriptions...
07-21-2026 @ 00:50:11 - > &#8220;0&#8221;Subscription Imported Successfully.
07-21-2026 @ 00:50:11 - > Finished importing order 0
07-21-2026 @ 00:50:11 - Finished processing orders.
07-21-2026 @ 00:50:11 - Row :346 - Subscription order imported successfully.
07-21-2026 @ 00:50:11 - Row :347 - Parsing item.
07-21-2026 @ 00:50:11 - Row :347 - Processing item.
07-21-2026 @ 00:50:12 - Process start..
07-21-2026 @ 00:50:12 - Processing subscriptions...
07-21-2026 @ 00:50:12 - > &#8220;0&#8221;Subscription Imported Successfully.
07-21-2026 @ 00:50:12 - > Finished importing order 0
07-21-2026 @ 00:50:12 - Finished processing orders.
07-21-2026 @ 00:50:12 - Row :347 - Subscription order imported successfully.
07-21-2026 @ 00:50:12 - Row :348 - Parsing item.
07-21-2026 @ 00:50:12 - Row :348 - Processing item.
07-21-2026 @ 00:50:13 - Process start..
07-21-2026 @ 00:50:13 - Processing subscriptions...
07-21-2026 @ 00:50:13 - > &#8220;0&#8221;Subscription Imported Successfully.
07-21-2026 @ 00:50:13 - > Finished importing order 0
07-21-2026 @ 00:50:13 - Finished processing orders.
07-21-2026 @ 00:50:13 - Row :348 - Subscription order imported successfully.
07-21-2026 @ 00:50:13 - Row :349 - Parsing item.
07-21-2026 @ 00:50:13 - Row :349 - Processing item.
07-21-2026 @ 00:50:14 - Process start..
07-21-2026 @ 00:50:14 - Processing subscriptions...
07-21-2026 @ 00:50:14 - > &#8220;0&#8221;Subscription Imported Successfully.
07-21-2026 @ 00:50:14 - > Finished importing order 0
07-21-2026 @ 00:50:14 - Finished processing orders.
07-21-2026 @ 00:50:14 - Row :349 - Subscription order imported successfully.
07-21-2026 @ 00:50:14 - Row :350 - Parsing item.
07-21-2026 @ 00:50:14 - Row :350 - Processing item.
07-21-2026 @ 00:50:15 - Process start..
07-21-2026 @ 00:50:15 - Processing subscriptions...
07-21-2026 @ 00:50:15 - > &#8220;0&#8221;Subscription Imported Successfully.
07-21-2026 @ 00:50:15 - > Finished importing order 0
07-21-2026 @ 00:50:15 - Finished processing orders.
07-21-2026 @ 00:50:15 - Row :350 - Subscription order imported successfully.
07-21-2026 @ 00:50:16 - Preparing for import.
07-21-2026 @ 00:50:16 - Row :351 - Parsing item.
07-21-2026 @ 00:50:16 - Row :351 - Processing item.
07-21-2026 @ 00:50:16 - Process start..
07-21-2026 @ 00:50:16 - Processing subscriptions...
07-21-2026 @ 00:50:17 - > &#8220;0&#8221;Subscription Imported Successfully.
07-21-2026 @ 00:50:17 - > Finished importing order 0
07-21-2026 @ 00:50:17 - Finished processing orders.
07-21-2026 @ 00:50:17 - Row :351 - Subscription order imported successfully.
07-21-2026 @ 00:50:17 - Row :352 - Parsing item.
07-21-2026 @ 00:50:17 - Row :352 - Processing item.
07-21-2026 @ 00:50:17 - Process start..
07-21-2026 @ 00:50:17 - Processing subscriptions...
07-21-2026 @ 00:50:18 - > &#8220;0&#8221;Subscription Imported Successfully.
07-21-2026 @ 00:50:18 - > Finished importing order 0
07-21-2026 @ 00:50:18 - Finished processing orders.
07-21-2026 @ 00:50:18 - Row :352 - Subscription order imported successfully.
07-21-2026 @ 00:50:18 - Row :353 - Parsing item.
07-21-2026 @ 00:50:18 - Row :353 - Processing item.
07-21-2026 @ 00:50:19 - Process start..
07-21-2026 @ 00:50:19 - Processing subscriptions...
07-21-2026 @ 00:50:19 - > &#8220;0&#8221;Subscription Imported Successfully.
07-21-2026 @ 00:50:19 - > Finished importing order 0
07-21-2026 @ 00:50:19 - Finished processing orders.
07-21-2026 @ 00:50:19 - Row :353 - Subscription order imported successfully.
07-21-2026 @ 00:50:19 - Row :354 - Parsing item.
07-21-2026 @ 00:50:19 - Row :354 - Processing item.
07-21-2026 @ 00:50:19 - Process start..
07-21-2026 @ 00:50:19 - Processing subscriptions...
07-21-2026 @ 00:50:20 - > &#8220;0&#8221;Subscription Imported Successfully.
07-21-2026 @ 00:50:20 - > Finished importing order 0
07-21-2026 @ 00:50:20 - Finished processing orders.
07-21-2026 @ 00:50:20 - Row :354 - Subscription order imported successfully.
07-21-2026 @ 00:50:20 - Row :355 - Parsing item.
07-21-2026 @ 00:50:20 - Row :355 - Processing item.
07-21-2026 @ 00:50:21 - Process start..
07-21-2026 @ 00:50:21 - Processing subscriptions...
07-21-2026 @ 00:50:21 - > &#8220;0&#8221;Subscription Imported Successfully.
07-21-2026 @ 00:50:21 - > Finished importing order 0
07-21-2026 @ 00:50:21 - Finished processing orders.
07-21-2026 @ 00:50:21 - Row :355 - Subscription order imported successfully.
07-21-2026 @ 00:50:21 - Row :356 - Parsing item.
07-21-2026 @ 00:50:21 - Row :356 - Processing item.
07-21-2026 @ 00:50:21 - Process start..
07-21-2026 @ 00:50:21 - Processing subscriptions...
07-21-2026 @ 00:50:22 - > &#8220;0&#8221;Subscription Imported Successfully.
07-21-2026 @ 00:50:22 - > Finished importing order 0
07-21-2026 @ 00:50:22 - Finished processing orders.
07-21-2026 @ 00:50:22 - Row :356 - Subscription order imported successfully.
07-21-2026 @ 00:50:22 - Row :357 - Parsing item.
07-21-2026 @ 00:50:22 - Row :357 - Processing item.
07-21-2026 @ 00:50:22 - Process start..
07-21-2026 @ 00:50:22 - Processing subscriptions...
07-21-2026 @ 00:50:23 - > &#8220;0&#8221;Subscription Imported Successfully.
07-21-2026 @ 00:50:23 - > Finished importing order 0
07-21-2026 @ 00:50:23 - Finished processing orders.
07-21-2026 @ 00:50:23 - Row :357 - Subscription order imported successfully.
07-21-2026 @ 00:50:23 - Row :358 - Parsing item.
07-21-2026 @ 00:50:23 - Row :358 - Processing item.
07-21-2026 @ 00:50:23 - Process start..
07-21-2026 @ 00:50:23 - Processing subscriptions...
07-21-2026 @ 00:50:23 - > &#8220;0&#8221;Subscription Imported Successfully.
07-21-2026 @ 00:50:23 - > Finished importing order 0
07-21-2026 @ 00:50:23 - Finished processing orders.
07-21-2026 @ 00:50:24 - Row :358 - Subscription order imported successfully.
07-21-2026 @ 00:50:24 - Row :359 - Parsing item.
07-21-2026 @ 00:50:24 - Row :359 - Processing item.
07-21-2026 @ 00:50:24 - Process start..
07-21-2026 @ 00:50:24 - Processing subscriptions...
07-21-2026 @ 00:50:24 - > &#8220;0&#8221;Subscription Imported Successfully.
07-21-2026 @ 00:50:24 - > Finished importing order 0
07-21-2026 @ 00:50:24 - Finished processing orders.
07-21-2026 @ 00:50:25 - Row :359 - Subscription order imported successfully.
07-21-2026 @ 00:50:25 - Row :360 - Parsing item.
07-21-2026 @ 00:50:25 - Row :360 - Processing item.
07-21-2026 @ 00:50:25 - Process start..
07-21-2026 @ 00:50:25 - Processing subscriptions...
07-21-2026 @ 00:50:25 - > &#8220;0&#8221;Subscription Imported Successfully.
07-21-2026 @ 00:50:25 - > Finished importing order 0
07-21-2026 @ 00:50:25 - Finished processing orders.
07-21-2026 @ 00:50:25 - Row :360 - Subscription order imported successfully.
07-21-2026 @ 00:50:26 - Preparing for import.
07-21-2026 @ 00:50:26 - Row :361 - Parsing item.
07-21-2026 @ 00:50:26 - Row :361 - Processing item.
07-21-2026 @ 00:50:26 - Process start..
07-21-2026 @ 00:50:26 - Processing subscriptions...
07-21-2026 @ 00:50:27 - > &#8220;0&#8221;Subscription Imported Successfully.
07-21-2026 @ 00:50:27 - > Finished importing order 0
07-21-2026 @ 00:50:27 - Finished processing orders.
07-21-2026 @ 00:50:27 - Row :361 - Subscription order imported successfully.
07-21-2026 @ 00:50:27 - Row :362 - Parsing item.
07-21-2026 @ 00:50:27 - Row :362 - Processing item.
07-21-2026 @ 00:50:27 - Process start..
07-21-2026 @ 00:50:27 - Processing subscriptions...
07-21-2026 @ 00:50:28 - > &#8220;0&#8221;Subscription Imported Successfully.
07-21-2026 @ 00:50:28 - > Finished importing order 0
07-21-2026 @ 00:50:28 - Finished processing orders.
07-21-2026 @ 00:50:28 - Row :362 - Subscription order imported successfully.
07-21-2026 @ 00:50:28 - Row :363 - Parsing item.
07-21-2026 @ 00:50:28 - Row :363 - Processing item.
07-21-2026 @ 00:50:28 - Process start..
07-21-2026 @ 00:50:28 - Processing subscriptions...
07-21-2026 @ 00:50:29 - > &#8220;0&#8221;Subscription Imported Successfully.
07-21-2026 @ 00:50:29 - > Finished importing order 0
07-21-2026 @ 00:50:29 - Finished processing orders.
07-21-2026 @ 00:50:29 - Row :363 - Subscription order imported successfully.
07-21-2026 @ 00:50:29 - Row :364 - Parsing item.
07-21-2026 @ 00:50:29 - Row :364 - Processing item.
07-21-2026 @ 00:50:29 - Process start..
07-21-2026 @ 00:50:29 - Processing subscriptions...
07-21-2026 @ 00:50:29 - > &#8220;0&#8221;Subscription Imported Successfully.
07-21-2026 @ 00:50:29 - > Finished importing order 0
07-21-2026 @ 00:50:29 - Finished processing orders.
07-21-2026 @ 00:50:30 - Row :364 - Subscription order imported successfully.
07-21-2026 @ 00:50:30 - Row :365 - Parsing item.
07-21-2026 @ 00:50:30 - Row :365 - Processing item.
07-21-2026 @ 00:50:30 - Process start..
07-21-2026 @ 00:50:30 - Processing subscriptions...
07-21-2026 @ 00:50:30 - > &#8220;0&#8221;Subscription Imported Successfully.
07-21-2026 @ 00:50:30 - > Finished importing order 0
07-21-2026 @ 00:50:30 - Finished processing orders.
07-21-2026 @ 00:50:31 - Row :365 - Subscription order imported successfully.
07-21-2026 @ 00:50:31 - Row :366 - Parsing item.
07-21-2026 @ 00:50:31 - Row :366 - Processing item.
07-21-2026 @ 00:50:31 - Process start..
07-21-2026 @ 00:50:31 - Processing subscriptions...
07-21-2026 @ 00:50:31 - > &#8220;0&#8221;Subscription Imported Successfully.
07-21-2026 @ 00:50:31 - > Finished importing order 0
07-21-2026 @ 00:50:31 - Finished processing orders.
07-21-2026 @ 00:50:31 - Row :366 - Subscription order imported successfully.
07-21-2026 @ 00:50:31 - Row :367 - Parsing item.
07-21-2026 @ 00:50:32 - Row :367 - Processing item.
07-21-2026 @ 00:50:32 - Process start..
07-21-2026 @ 00:50:32 - Processing subscriptions...
07-21-2026 @ 00:50:32 - > &#8220;0&#8221;Subscription Imported Successfully.
07-21-2026 @ 00:50:32 - > Finished importing order 0
07-21-2026 @ 00:50:32 - Finished processing orders.
07-21-2026 @ 00:50:32 - Row :367 - Subscription order imported successfully.
07-21-2026 @ 00:50:32 - Row :368 - Parsing item.
07-21-2026 @ 00:50:33 - Row :368 - Processing item.
07-21-2026 @ 00:50:33 - Process start..
07-21-2026 @ 00:50:33 - Processing subscriptions...
07-21-2026 @ 00:50:33 - > &#8220;0&#8221;Subscription Imported Successfully.
07-21-2026 @ 00:50:33 - > Finished importing order 0
07-21-2026 @ 00:50:33 - Finished processing orders.
07-21-2026 @ 00:50:33 - Row :368 - Subscription order imported successfully.
07-21-2026 @ 00:50:33 - Row :369 - Parsing item.
07-21-2026 @ 00:50:33 - Row :369 - Processing item.
07-21-2026 @ 00:50:34 - Process start..
07-21-2026 @ 00:50:34 - Processing subscriptions...
07-21-2026 @ 00:50:34 - > &#8220;0&#8221;Subscription Imported Successfully.
07-21-2026 @ 00:50:34 - > Finished importing order 0
07-21-2026 @ 00:50:34 - Finished processing orders.
07-21-2026 @ 00:50:34 - Row :369 - Subscription order imported successfully.
07-21-2026 @ 00:50:34 - Row :370 - Parsing item.
07-21-2026 @ 00:50:34 - Row :370 - Processing item.
07-21-2026 @ 00:50:35 - Process start..
07-21-2026 @ 00:50:35 - Processing subscriptions...
07-21-2026 @ 00:50:35 - > &#8220;0&#8221;Subscription Imported Successfully.
07-21-2026 @ 00:50:35 - > Finished importing order 0
07-21-2026 @ 00:50:35 - Finished processing orders.
07-21-2026 @ 00:50:35 - Row :370 - Subscription order imported successfully.
07-21-2026 @ 00:50:36 - Preparing for import.
07-21-2026 @ 00:50:36 - Row :371 - Parsing item.
07-21-2026 @ 00:50:36 - Row :371 - Processing item.
07-21-2026 @ 00:50:36 - Process start..
07-21-2026 @ 00:50:36 - Processing subscriptions...
07-21-2026 @ 00:50:37 - > &#8220;0&#8221;Subscription Imported Successfully.
07-21-2026 @ 00:50:37 - > Finished importing order 0
07-21-2026 @ 00:50:37 - Finished processing orders.
07-21-2026 @ 00:50:37 - Row :371 - Subscription order imported successfully.
07-21-2026 @ 00:50:37 - Row :372 - Parsing item.
07-21-2026 @ 00:50:37 - Row :372 - Processing item.
07-21-2026 @ 00:50:37 - Process start..
07-21-2026 @ 00:50:37 - Processing subscriptions...
07-21-2026 @ 00:50:37 - > &#8220;0&#8221;Subscription Imported Successfully.
07-21-2026 @ 00:50:37 - > Finished importing order 0
07-21-2026 @ 00:50:37 - Finished processing orders.
07-21-2026 @ 00:50:38 - Row :372 - Subscription order imported successfully.
07-21-2026 @ 00:50:38 - Row :373 - Parsing item.
07-21-2026 @ 00:50:38 - Row :373 - Processing item.
07-21-2026 @ 00:50:38 - Process start..
07-21-2026 @ 00:50:38 - Processing subscriptions...
07-21-2026 @ 00:50:38 - > &#8220;0&#8221;Subscription Imported Successfully.
07-21-2026 @ 00:50:38 - > Finished importing order 0
07-21-2026 @ 00:50:38 - Finished processing orders.
07-21-2026 @ 00:50:38 - Row :373 - Subscription order imported successfully.
07-21-2026 @ 00:50:38 - Row :374 - Parsing item.
07-21-2026 @ 00:50:39 - Row :374 - Processing item.
07-21-2026 @ 00:50:39 - Process start..
07-21-2026 @ 00:50:39 - Processing subscriptions...
07-21-2026 @ 00:50:39 - > &#8220;0&#8221;Subscription Imported Successfully.
07-21-2026 @ 00:50:39 - > Finished importing order 0
07-21-2026 @ 00:50:39 - Finished processing orders.
07-21-2026 @ 00:50:39 - Row :374 - Subscription order imported successfully.
07-21-2026 @ 00:50:39 - Row :375 - Parsing item.
07-21-2026 @ 00:50:40 - Row :375 - Processing item.
07-21-2026 @ 00:50:40 - Process start..
07-21-2026 @ 00:50:40 - Processing subscriptions...
07-21-2026 @ 00:50:40 - > &#8220;0&#8221;Subscription Imported Successfully.
07-21-2026 @ 00:50:40 - > Finished importing order 0
07-21-2026 @ 00:50:40 - Finished processing orders.
07-21-2026 @ 00:50:41 - Row :375 - Subscription order imported successfully.
07-21-2026 @ 00:50:41 - Row :376 - Parsing item.
07-21-2026 @ 00:50:41 - Row :376 - Processing item.
07-21-2026 @ 00:50:41 - Process start..
07-21-2026 @ 00:50:41 - Processing subscriptions...
07-21-2026 @ 00:50:41 - > &#8220;0&#8221;Subscription Imported Successfully.
07-21-2026 @ 00:50:41 - > Finished importing order 0
07-21-2026 @ 00:50:41 - Finished processing orders.
07-21-2026 @ 00:50:41 - Row :376 - Subscription order imported successfully.
07-21-2026 @ 00:50:41 - Row :377 - Parsing item.
07-21-2026 @ 00:50:42 - Row :377 - Processing item.
07-21-2026 @ 00:50:42 - Process start..
07-21-2026 @ 00:50:42 - Processing subscriptions...
07-21-2026 @ 00:50:43 - > &#8220;0&#8221;Subscription Imported Successfully.
07-21-2026 @ 00:50:43 - > Finished importing order 0
07-21-2026 @ 00:50:43 - Finished processing orders.
07-21-2026 @ 00:50:43 - Row :377 - Subscription order imported successfully.
07-21-2026 @ 00:50:43 - Row :378 - Parsing item.
07-21-2026 @ 00:50:43 - Row :378 - Processing item.
07-21-2026 @ 00:50:43 - Process start..
07-21-2026 @ 00:50:43 - Processing subscriptions...
07-21-2026 @ 00:50:44 - > &#8220;0&#8221;Subscription Imported Successfully.
07-21-2026 @ 00:50:44 - > Finished importing order 0
07-21-2026 @ 00:50:44 - Finished processing orders.
07-21-2026 @ 00:50:44 - Row :378 - Subscription order imported successfully.
07-21-2026 @ 00:50:44 - Row :379 - Parsing item.
07-21-2026 @ 00:50:44 - Row :379 - Processing item.
07-21-2026 @ 00:50:44 - Process start..
07-21-2026 @ 00:50:44 - Processing subscriptions...
07-21-2026 @ 00:50:45 - > &#8220;0&#8221;Subscription Imported Successfully.
07-21-2026 @ 00:50:45 - > Finished importing order 0
07-21-2026 @ 00:50:45 - Finished processing orders.
07-21-2026 @ 00:50:45 - Row :379 - Subscription order imported successfully.
07-21-2026 @ 00:50:45 - Row :380 - Parsing item.
07-21-2026 @ 00:50:45 - Row :380 - Processing item.
07-21-2026 @ 00:50:45 - Process start..
07-21-2026 @ 00:50:45 - Processing subscriptions...
07-21-2026 @ 00:50:46 - > &#8220;0&#8221;Subscription Imported Successfully.
07-21-2026 @ 00:50:46 - > Finished importing order 0
07-21-2026 @ 00:50:46 - Finished processing orders.
07-21-2026 @ 00:50:46 - Row :380 - Subscription order imported successfully.
07-21-2026 @ 00:50:46 - Preparing for import.
07-21-2026 @ 00:50:46 - Row :381 - Parsing item.
07-21-2026 @ 00:50:47 - Row :381 - Processing item.
07-21-2026 @ 00:50:47 - Process start..
07-21-2026 @ 00:50:47 - Processing subscriptions...
07-21-2026 @ 00:50:47 - > &#8220;0&#8221;Subscription Imported Successfully.
07-21-2026 @ 00:50:47 - > Finished importing order 0
07-21-2026 @ 00:50:47 - Finished processing orders.
07-21-2026 @ 00:50:47 - Row :381 - Subscription order imported successfully.
07-21-2026 @ 00:50:47 - Row :382 - Parsing item.
07-21-2026 @ 00:50:48 - Row :382 - Processing item.
07-21-2026 @ 00:50:48 - Process start..
07-21-2026 @ 00:50:48 - Processing subscriptions...
07-21-2026 @ 00:50:48 - > &#8220;0&#8221;Subscription Imported Successfully.
07-21-2026 @ 00:50:48 - > Finished importing order 0
07-21-2026 @ 00:50:48 - Finished processing orders.
07-21-2026 @ 00:50:48 - Row :382 - Subscription order imported successfully.
07-21-2026 @ 00:50:48 - Row :383 - Parsing item.
07-21-2026 @ 00:50:49 - Row :383 - Processing item.
07-21-2026 @ 00:50:49 - Process start..
07-21-2026 @ 00:50:49 - Processing subscriptions...
07-21-2026 @ 00:50:49 - > &#8220;0&#8221;Subscription Imported Successfully.
07-21-2026 @ 00:50:49 - > Finished importing order 0
07-21-2026 @ 00:50:49 - Finished processing orders.
07-21-2026 @ 00:50:49 - Row :383 - Subscription order imported successfully.
07-21-2026 @ 00:50:49 - Row :384 - Parsing item.
07-21-2026 @ 00:50:50 - Row :384 - Processing item.
07-21-2026 @ 00:50:50 - Process start..
07-21-2026 @ 00:50:50 - Processing subscriptions...
07-21-2026 @ 00:50:50 - > &#8220;0&#8221;Subscription Imported Successfully.
07-21-2026 @ 00:50:50 - > Finished importing order 0
07-21-2026 @ 00:50:50 - Finished processing orders.
07-21-2026 @ 00:50:50 - Row :384 - Subscription order imported successfully.
07-21-2026 @ 00:50:50 - Row :385 - Parsing item.
07-21-2026 @ 00:50:51 - Row :385 - Processing item.
07-21-2026 @ 00:50:51 - Process start..
07-21-2026 @ 00:50:51 - Processing subscriptions...
07-21-2026 @ 00:50:51 - > &#8220;0&#8221;Subscription Imported Successfully.
07-21-2026 @ 00:50:51 - > Finished importing order 0
07-21-2026 @ 00:50:51 - Finished processing orders.
07-21-2026 @ 00:50:51 - Row :385 - Subscription order imported successfully.
07-21-2026 @ 00:50:51 - Row :386 - Parsing item.
07-21-2026 @ 00:50:52 - Row :386 - Processing item.
07-21-2026 @ 00:50:52 - Process start..
07-21-2026 @ 00:50:52 - Processing subscriptions...
07-21-2026 @ 00:50:52 - > &#8220;0&#8221;Subscription Imported Successfully.
07-21-2026 @ 00:50:52 - > Finished importing order 0
07-21-2026 @ 00:50:52 - Finished processing orders.
07-21-2026 @ 00:50:53 - Row :386 - Subscription order imported successfully.
07-21-2026 @ 00:50:53 - Row :387 - Parsing item.
07-21-2026 @ 00:50:53 - Row :387 - Processing item.
07-21-2026 @ 00:50:53 - Process start..
07-21-2026 @ 00:50:53 - Processing subscriptions...
07-21-2026 @ 00:50:53 - > &#8220;0&#8221;Subscription Imported Successfully.
07-21-2026 @ 00:50:53 - > Finished importing order 0
07-21-2026 @ 00:50:53 - Finished processing orders.
07-21-2026 @ 00:50:53 - Row :387 - Subscription order imported successfully.
07-21-2026 @ 00:50:53 - Row :388 - Parsing item.
07-21-2026 @ 00:50:54 - Row :388 - Processing item.
07-21-2026 @ 00:50:54 - Process start..
07-21-2026 @ 00:50:54 - Processing subscriptions...
07-21-2026 @ 00:50:54 - > &#8220;0&#8221;Subscription Imported Successfully.
07-21-2026 @ 00:50:54 - > Finished importing order 0
07-21-2026 @ 00:50:54 - Finished processing orders.
07-21-2026 @ 00:50:55 - Row :388 - Subscription order imported successfully.
07-21-2026 @ 00:50:55 - Row :389 - Parsing item.
07-21-2026 @ 00:50:55 - Row :389 - Processing item.
07-21-2026 @ 00:50:55 - Process start..
07-21-2026 @ 00:50:55 - Processing subscriptions...
07-21-2026 @ 00:50:55 - > &#8220;0&#8221;Subscription Imported Successfully.
07-21-2026 @ 00:50:55 - > Finished importing order 0
07-21-2026 @ 00:50:55 - Finished processing orders.
07-21-2026 @ 00:50:56 - Row :389 - Subscription order imported successfully.
07-21-2026 @ 00:50:56 - Row :390 - Parsing item.
07-21-2026 @ 00:50:56 - Row :390 - Processing item.
07-21-2026 @ 00:50:56 - Process start..
07-21-2026 @ 00:50:56 - Processing subscriptions...
07-21-2026 @ 00:50:56 - > &#8220;0&#8221;Subscription Imported Successfully.
07-21-2026 @ 00:50:56 - > Finished importing order 0
07-21-2026 @ 00:50:56 - Finished processing orders.
07-21-2026 @ 00:50:56 - Row :390 - Subscription order imported successfully.
07-21-2026 @ 00:50:57 - Preparing for import.
07-21-2026 @ 00:50:57 - Row :391 - Parsing item.
07-21-2026 @ 00:50:57 - Row :391 - Processing item.
07-21-2026 @ 00:50:57 - Process start..
07-21-2026 @ 00:50:57 - Processing subscriptions...
07-21-2026 @ 00:50:58 - > &#8220;0&#8221;Subscription Imported Successfully.
07-21-2026 @ 00:50:58 - > Finished importing order 0
07-21-2026 @ 00:50:58 - Finished processing orders.
07-21-2026 @ 00:50:58 - Row :391 - Subscription order imported successfully.
07-21-2026 @ 00:50:58 - Row :392 - Parsing item.
07-21-2026 @ 00:50:58 - Row :392 - Processing item.
07-21-2026 @ 00:50:58 - Process start..
07-21-2026 @ 00:50:58 - Processing subscriptions...
07-21-2026 @ 00:50:59 - > &#8220;0&#8221;Subscription Imported Successfully.
07-21-2026 @ 00:50:59 - > Finished importing order 0
07-21-2026 @ 00:50:59 - Finished processing orders.
07-21-2026 @ 00:50:59 - Row :392 - Subscription order imported successfully.
07-21-2026 @ 00:50:59 - Row :393 - Parsing item.
07-21-2026 @ 00:50:59 - Row :393 - Processing item.
07-21-2026 @ 00:50:59 - Process start..
07-21-2026 @ 00:50:59 - Processing subscriptions...
07-21-2026 @ 00:51:00 - > &#8220;0&#8221;Subscription Imported Successfully.
07-21-2026 @ 00:51:00 - > Finished importing order 0
07-21-2026 @ 00:51:00 - Finished processing orders.
07-21-2026 @ 00:51:00 - Row :393 - Subscription order imported successfully.
07-21-2026 @ 00:51:00 - Row :394 - Parsing item.
07-21-2026 @ 00:51:00 - Row :394 - Processing item.
07-21-2026 @ 00:51:00 - Process start..
07-21-2026 @ 00:51:00 - Processing subscriptions...
07-21-2026 @ 00:51:01 - > &#8220;0&#8221;Subscription Imported Successfully.
07-21-2026 @ 00:51:01 - > Finished importing order 0
07-21-2026 @ 00:51:01 - Finished processing orders.
07-21-2026 @ 00:51:01 - Row :394 - Subscription order imported successfully.
07-21-2026 @ 00:51:01 - Row :395 - Parsing item.
07-21-2026 @ 00:51:01 - Row :395 - Processing item.
07-21-2026 @ 00:51:01 - Process start..
07-21-2026 @ 00:51:01 - Processing subscriptions...
07-21-2026 @ 00:51:02 - > &#8220;0&#8221;Subscription Imported Successfully.
07-21-2026 @ 00:51:02 - > Finished importing order 0
07-21-2026 @ 00:51:02 - Finished processing orders.
07-21-2026 @ 00:51:02 - Row :395 - Subscription order imported successfully.
07-21-2026 @ 00:51:02 - Row :396 - Parsing item.
07-21-2026 @ 00:51:02 - Row :396 - Processing item.
07-21-2026 @ 00:51:02 - Process start..
07-21-2026 @ 00:51:02 - Processing subscriptions...
07-21-2026 @ 00:51:02 - > &#8220;0&#8221;Subscription Imported Successfully.
07-21-2026 @ 00:51:02 - > Finished importing order 0
07-21-2026 @ 00:51:02 - Finished processing orders.
07-21-2026 @ 00:51:03 - Row :396 - Subscription order imported successfully.
07-21-2026 @ 00:51:03 - Row :397 - Parsing item.
07-21-2026 @ 00:51:03 - Row :397 - Processing item.
07-21-2026 @ 00:51:03 - Process start..
07-21-2026 @ 00:51:03 - Processing subscriptions...
07-21-2026 @ 00:51:03 - > &#8220;0&#8221;Subscription Imported Successfully.
07-21-2026 @ 00:51:03 - > Finished importing order 0
07-21-2026 @ 00:51:03 - Finished processing orders.
07-21-2026 @ 00:51:03 - Row :397 - Subscription order imported successfully.
07-21-2026 @ 00:51:03 - Row :398 - Parsing item.
07-21-2026 @ 00:51:04 - Row :398 - Processing item.
07-21-2026 @ 00:51:04 - Process start..
07-21-2026 @ 00:51:04 - Processing subscriptions...
07-21-2026 @ 00:51:04 - > &#8220;0&#8221;Subscription Imported Successfully.
07-21-2026 @ 00:51:04 - > Finished importing order 0
07-21-2026 @ 00:51:04 - Finished processing orders.
07-21-2026 @ 00:51:05 - Row :398 - Subscription order imported successfully.
07-21-2026 @ 00:51:05 - Row :399 - Parsing item.
07-21-2026 @ 00:51:05 - Row :399 - Processing item.
07-21-2026 @ 00:51:05 - Process start..
07-21-2026 @ 00:51:05 - Processing subscriptions...
07-21-2026 @ 00:51:05 - > &#8220;0&#8221;Subscription Imported Successfully.
07-21-2026 @ 00:51:05 - > Finished importing order 0
07-21-2026 @ 00:51:05 - Finished processing orders.
07-21-2026 @ 00:51:06 - Row :399 - Subscription order imported successfully.
07-21-2026 @ 00:51:06 - Row :400 - Parsing item.
07-21-2026 @ 00:51:06 - Row :400 - Processing item.
07-21-2026 @ 00:51:06 - Process start..
07-21-2026 @ 00:51:06 - Processing subscriptions...
07-21-2026 @ 00:51:07 - > &#8220;0&#8221;Subscription Imported Successfully.
07-21-2026 @ 00:51:07 - > Finished importing order 0
07-21-2026 @ 00:51:07 - Finished processing orders.
07-21-2026 @ 00:51:08 - Row :400 - Subscription order imported successfully.
07-21-2026 @ 00:51:08 - Preparing for import.
07-21-2026 @ 00:51:08 - Row :401 - Parsing item.
07-21-2026 @ 00:51:08 - Row :401 - Processing item.
07-21-2026 @ 00:51:09 - Process start..
07-21-2026 @ 00:51:09 - Processing subscriptions...
07-21-2026 @ 00:51:09 - > &#8220;0&#8221;Subscription Imported Successfully.
07-21-2026 @ 00:51:09 - > Finished importing order 0
07-21-2026 @ 00:51:09 - Finished processing orders.
07-21-2026 @ 00:51:09 - Row :401 - Subscription order imported successfully.
07-21-2026 @ 00:51:09 - Row :402 - Parsing item.
07-21-2026 @ 00:51:09 - Row :402 - Processing item.
07-21-2026 @ 00:51:10 - Process start..
07-21-2026 @ 00:51:10 - Processing subscriptions...
07-21-2026 @ 00:51:10 - > &#8220;0&#8221;Subscription Imported Successfully.
07-21-2026 @ 00:51:10 - > Finished importing order 0
07-21-2026 @ 00:51:10 - Finished processing orders.
07-21-2026 @ 00:51:10 - Row :402 - Subscription order imported successfully.
07-21-2026 @ 00:51:10 - Row :403 - Parsing item.
07-21-2026 @ 00:51:10 - Row :403 - Processing item.
07-21-2026 @ 00:51:10 - Process start..
07-21-2026 @ 00:51:10 - Processing subscriptions...
07-21-2026 @ 00:51:11 - > &#8220;0&#8221;Subscription Imported Successfully.
07-21-2026 @ 00:51:11 - > Finished importing order 0
07-21-2026 @ 00:51:11 - Finished processing orders.
07-21-2026 @ 00:51:11 - Row :403 - Subscription order imported successfully.
07-21-2026 @ 00:51:11 - Row :404 - Parsing item.
07-21-2026 @ 00:51:11 - Row :404 - Processing item.
07-21-2026 @ 00:51:11 - Process start..
07-21-2026 @ 00:51:11 - Processing subscriptions...
07-21-2026 @ 00:51:11 - > &#8220;0&#8221;Subscription Imported Successfully.
07-21-2026 @ 00:51:11 - > Finished importing order 0
07-21-2026 @ 00:51:11 - Finished processing orders.
07-21-2026 @ 00:51:12 - Row :404 - Subscription order imported successfully.
07-21-2026 @ 00:51:12 - Row :405 - Parsing item.
07-21-2026 @ 00:51:12 - Row :405 - Processing item.
07-21-2026 @ 00:51:12 - Process start..
07-21-2026 @ 00:51:12 - Processing subscriptions...
07-21-2026 @ 00:51:13 - > &#8220;0&#8221;Subscription Imported Successfully.
07-21-2026 @ 00:51:13 - > Finished importing order 0
07-21-2026 @ 00:51:13 - Finished processing orders.
07-21-2026 @ 00:51:13 - Row :405 - Subscription order imported successfully.
07-21-2026 @ 00:51:13 - Row :406 - Parsing item.
07-21-2026 @ 00:51:13 - Row :406 - Processing item.
07-21-2026 @ 00:51:13 - Process start..
07-21-2026 @ 00:51:13 - Processing subscriptions...
07-21-2026 @ 00:51:13 - > &#8220;0&#8221;Subscription Imported Successfully.
07-21-2026 @ 00:51:13 - > Finished importing order 0
07-21-2026 @ 00:51:13 - Finished processing orders.
07-21-2026 @ 00:51:14 - Row :406 - Subscription order imported successfully.
07-21-2026 @ 00:51:14 - Row :407 - Parsing item.
07-21-2026 @ 00:51:14 - Row :407 - Processing item.
07-21-2026 @ 00:51:14 - Process start..
07-21-2026 @ 00:51:14 - Processing subscriptions...
07-21-2026 @ 00:51:14 - > &#8220;0&#8221;Subscription Imported Successfully.
07-21-2026 @ 00:51:14 - > Finished importing order 0
07-21-2026 @ 00:51:14 - Finished processing orders.
07-21-2026 @ 00:51:14 - Row :407 - Subscription order imported successfully.
07-21-2026 @ 00:51:14 - Row :408 - Parsing item.
07-21-2026 @ 00:51:15 - Row :408 - Processing item.
07-21-2026 @ 00:51:15 - Process start..
07-21-2026 @ 00:51:15 - Processing subscriptions...
07-21-2026 @ 00:51:15 - > &#8220;0&#8221;Subscription Imported Successfully.
07-21-2026 @ 00:51:15 - > Finished importing order 0
07-21-2026 @ 00:51:15 - Finished processing orders.
07-21-2026 @ 00:51:15 - Row :408 - Subscription order imported successfully.
07-21-2026 @ 00:51:15 - Row :409 - Parsing item.
07-21-2026 @ 00:51:15 - Row :409 - Processing item.
07-21-2026 @ 00:51:16 - Process start..
07-21-2026 @ 00:51:16 - Processing subscriptions...
07-21-2026 @ 00:51:16 - > &#8220;0&#8221;Subscription Imported Successfully.
07-21-2026 @ 00:51:16 - > Finished importing order 0
07-21-2026 @ 00:51:16 - Finished processing orders.
07-21-2026 @ 00:51:16 - Row :409 - Subscription order imported successfully.
07-21-2026 @ 00:51:16 - Row :410 - Parsing item.
07-21-2026 @ 00:51:17 - Row :410 - Processing item.
07-21-2026 @ 00:51:17 - Process start..
07-21-2026 @ 00:51:17 - Processing subscriptions...
07-21-2026 @ 00:51:17 - > &#8220;0&#8221;Subscription Imported Successfully.
07-21-2026 @ 00:51:17 - > Finished importing order 0
07-21-2026 @ 00:51:17 - Finished processing orders.
07-21-2026 @ 00:51:17 - Row :410 - Subscription order imported successfully.
07-21-2026 @ 00:51:18 - Preparing for import.
07-21-2026 @ 00:51:18 - Row :411 - Parsing item.
07-21-2026 @ 00:51:18 - Row :411 - Processing item.
07-21-2026 @ 00:51:18 - Process start..
07-21-2026 @ 00:51:18 - Processing subscriptions...
07-21-2026 @ 00:51:18 - > &#8220;0&#8221;Subscription Imported Successfully.
07-21-2026 @ 00:51:18 - > Finished importing order 0
07-21-2026 @ 00:51:18 - Finished processing orders.
07-21-2026 @ 00:51:19 - Row :411 - Subscription order imported successfully.
07-21-2026 @ 00:51:19 - Row :412 - Parsing item.
07-21-2026 @ 00:51:19 - Row :412 - Processing item.
07-21-2026 @ 00:51:19 - Process start..
07-21-2026 @ 00:51:19 - Processing subscriptions...
07-21-2026 @ 00:51:19 - > &#8220;0&#8221;Subscription Imported Successfully.
07-21-2026 @ 00:51:19 - > Finished importing order 0
07-21-2026 @ 00:51:19 - Finished processing orders.
07-21-2026 @ 00:51:19 - Row :412 - Subscription order imported successfully.
07-21-2026 @ 00:51:19 - Row :413 - Parsing item.
07-21-2026 @ 00:51:19 - Row :413 - Processing item.
07-21-2026 @ 00:51:20 - Process start..
07-21-2026 @ 00:51:20 - Processing subscriptions...
07-21-2026 @ 00:51:20 - > &#8220;0&#8221;Subscription Imported Successfully.
07-21-2026 @ 00:51:20 - > Finished importing order 0
07-21-2026 @ 00:51:20 - Finished processing orders.
07-21-2026 @ 00:51:20 - Row :413 - Subscription order imported successfully.
07-21-2026 @ 00:51:20 - Row :414 - Parsing item.
07-21-2026 @ 00:51:20 - Row :414 - Processing item.
07-21-2026 @ 00:51:20 - Process start..
07-21-2026 @ 00:51:20 - Processing subscriptions...
07-21-2026 @ 00:51:21 - > &#8220;0&#8221;Subscription Imported Successfully.
07-21-2026 @ 00:51:21 - > Finished importing order 0
07-21-2026 @ 00:51:21 - Finished processing orders.
07-21-2026 @ 00:51:21 - Row :414 - Subscription order imported successfully.
07-21-2026 @ 00:51:21 - Row :415 - Parsing item.
07-21-2026 @ 00:51:21 - Row :415 - Processing item.
07-21-2026 @ 00:51:21 - Process start..
07-21-2026 @ 00:51:21 - Processing subscriptions...
07-21-2026 @ 00:51:22 - > &#8220;0&#8221;Subscription Imported Successfully.
07-21-2026 @ 00:51:22 - > Finished importing order 0
07-21-2026 @ 00:51:22 - Finished processing orders.
07-21-2026 @ 00:51:22 - Row :415 - Subscription order imported successfully.
07-21-2026 @ 00:51:22 - Row :416 - Parsing item.
07-21-2026 @ 00:51:22 - Row :416 - Processing item.
07-21-2026 @ 00:51:22 - Process start..
07-21-2026 @ 00:51:22 - Processing subscriptions...
07-21-2026 @ 00:51:22 - > &#8220;0&#8221;Subscription Imported Successfully.
07-21-2026 @ 00:51:22 - > Finished importing order 0
07-21-2026 @ 00:51:22 - Finished processing orders.
07-21-2026 @ 00:51:22 - Row :416 - Subscription order imported successfully.
07-21-2026 @ 00:51:22 - Row :417 - Parsing item.
07-21-2026 @ 00:51:23 - Row :417 - Processing item.
07-21-2026 @ 00:51:23 - Process start..
07-21-2026 @ 00:51:23 - Processing subscriptions...
07-21-2026 @ 00:51:23 - > &#8220;0&#8221;Subscription Imported Successfully.
07-21-2026 @ 00:51:23 - > Finished importing order 0
07-21-2026 @ 00:51:23 - Finished processing orders.
07-21-2026 @ 00:51:23 - Row :417 - Subscription order imported successfully.
07-21-2026 @ 00:51:23 - Row :418 - Parsing item.
07-21-2026 @ 00:51:24 - Row :418 - Processing item.
07-21-2026 @ 00:51:24 - Process start..
07-21-2026 @ 00:51:24 - Processing subscriptions...
07-21-2026 @ 00:51:24 - > &#8220;0&#8221;Subscription Imported Successfully.
07-21-2026 @ 00:51:24 - > Finished importing order 0
07-21-2026 @ 00:51:24 - Finished processing orders.
07-21-2026 @ 00:51:24 - Row :418 - Subscription order imported successfully.
07-21-2026 @ 00:51:24 - Row :419 - Parsing item.
07-21-2026 @ 00:51:24 - Row :419 - Processing item.
07-21-2026 @ 00:51:25 - Process start..
07-21-2026 @ 00:51:25 - Processing subscriptions...
07-21-2026 @ 00:51:25 - > &#8220;0&#8221;Subscription Imported Successfully.
07-21-2026 @ 00:51:25 - > Finished importing order 0
07-21-2026 @ 00:51:25 - Finished processing orders.
07-21-2026 @ 00:51:25 - Row :419 - Subscription order imported successfully.
07-21-2026 @ 00:51:25 - Row :420 - Parsing item.
07-21-2026 @ 00:51:25 - Row :420 - Processing item.
07-21-2026 @ 00:51:25 - Process start..
07-21-2026 @ 00:51:25 - Processing subscriptions...
07-21-2026 @ 00:51:26 - > &#8220;0&#8221;Subscription Imported Successfully.
07-21-2026 @ 00:51:26 - > Finished importing order 0
07-21-2026 @ 00:51:26 - Finished processing orders.
07-21-2026 @ 00:51:26 - Row :420 - Subscription order imported successfully.
07-21-2026 @ 00:51:26 - Preparing for import.
07-21-2026 @ 00:51:26 - Row :421 - Parsing item.
07-21-2026 @ 00:51:27 - Row :421 - Processing item.
07-21-2026 @ 00:51:27 - Process start..
07-21-2026 @ 00:51:27 - Processing subscriptions...
07-21-2026 @ 00:51:27 - > &#8220;0&#8221;Subscription Imported Successfully.
07-21-2026 @ 00:51:27 - > Finished importing order 0
07-21-2026 @ 00:51:27 - Finished processing orders.
07-21-2026 @ 00:51:27 - Row :421 - Subscription order imported successfully.
07-21-2026 @ 00:51:27 - Row :422 - Parsing item.
07-21-2026 @ 00:51:27 - Row :422 - Processing item.
07-21-2026 @ 00:51:28 - Process start..
07-21-2026 @ 00:51:28 - Processing subscriptions...
07-21-2026 @ 00:51:28 - > &#8220;0&#8221;Subscription Imported Successfully.
07-21-2026 @ 00:51:28 - > Finished importing order 0
07-21-2026 @ 00:51:28 - Finished processing orders.
07-21-2026 @ 00:51:28 - Row :422 - Subscription order imported successfully.
07-21-2026 @ 00:51:28 - Row :423 - Parsing item.
07-21-2026 @ 00:51:28 - Row :423 - Processing item.
07-21-2026 @ 00:51:29 - Process start..
07-21-2026 @ 00:51:29 - Processing subscriptions...
07-21-2026 @ 00:51:29 - > &#8220;0&#8221;Subscription Imported Successfully.
07-21-2026 @ 00:51:29 - > Finished importing order 0
07-21-2026 @ 00:51:29 - Finished processing orders.
07-21-2026 @ 00:51:29 - Row :423 - Subscription order imported successfully.
07-21-2026 @ 00:51:29 - Row :424 - Parsing item.
07-21-2026 @ 00:51:29 - Row :424 - Processing item.
07-21-2026 @ 00:51:29 - Process start..
07-21-2026 @ 00:51:29 - Processing subscriptions...
07-21-2026 @ 00:51:30 - > &#8220;0&#8221;Subscription Imported Successfully.
07-21-2026 @ 00:51:30 - > Finished importing order 0
07-21-2026 @ 00:51:30 - Finished processing orders.
07-21-2026 @ 00:51:30 - Row :424 - Subscription order imported successfully.
07-21-2026 @ 00:51:30 - Row :425 - Parsing item.
07-21-2026 @ 00:51:30 - Row :425 - Processing item.
07-21-2026 @ 00:51:30 - Process start..
07-21-2026 @ 00:51:30 - Processing subscriptions...
07-21-2026 @ 00:51:31 - > &#8220;0&#8221;Subscription Imported Successfully.
07-21-2026 @ 00:51:31 - > Finished importing order 0
07-21-2026 @ 00:51:31 - Finished processing orders.
07-21-2026 @ 00:51:31 - Row :425 - Subscription order imported successfully.
07-21-2026 @ 00:51:31 - Row :426 - Parsing item.
07-21-2026 @ 00:51:31 - Row :426 - Processing item.
07-21-2026 @ 00:51:31 - Process start..
07-21-2026 @ 00:51:31 - Processing subscriptions...
07-21-2026 @ 00:51:32 - > &#8220;0&#8221;Subscription Imported Successfully.
07-21-2026 @ 00:51:32 - > Finished importing order 0
07-21-2026 @ 00:51:32 - Finished processing orders.
07-21-2026 @ 00:51:32 - Row :426 - Subscription order imported successfully.
07-21-2026 @ 00:51:32 - Row :427 - Parsing item.
07-21-2026 @ 00:51:32 - Row :427 - Processing item.
07-21-2026 @ 00:51:32 - Process start..
07-21-2026 @ 00:51:32 - Processing subscriptions...
07-21-2026 @ 00:51:33 - > &#8220;0&#8221;Subscription Imported Successfully.
07-21-2026 @ 00:51:33 - > Finished importing order 0
07-21-2026 @ 00:51:33 - Finished processing orders.
07-21-2026 @ 00:51:33 - Row :427 - Subscription order imported successfully.
07-21-2026 @ 00:51:33 - Row :428 - Parsing item.
07-21-2026 @ 00:51:33 - Row :428 - Processing item.
07-21-2026 @ 00:51:33 - Process start..
07-21-2026 @ 00:51:33 - Processing subscriptions...
07-21-2026 @ 00:51:33 - > &#8220;0&#8221;Subscription Imported Successfully.
07-21-2026 @ 00:51:33 - > Finished importing order 0
07-21-2026 @ 00:51:33 - Finished processing orders.
07-21-2026 @ 00:51:34 - Row :428 - Subscription order imported successfully.
07-21-2026 @ 00:51:34 - Row :429 - Parsing item.
07-21-2026 @ 00:51:34 - Row :429 - Processing item.
07-21-2026 @ 00:51:34 - Process start..
07-21-2026 @ 00:51:34 - Processing subscriptions...
07-21-2026 @ 00:51:34 - > &#8220;0&#8221;Subscription Imported Successfully.
07-21-2026 @ 00:51:34 - > Finished importing order 0
07-21-2026 @ 00:51:34 - Finished processing orders.
07-21-2026 @ 00:51:35 - Row :429 - Subscription order imported successfully.
07-21-2026 @ 00:51:35 - Row :430 - Parsing item.
07-21-2026 @ 00:51:35 - Row :430 - Processing item.
07-21-2026 @ 00:51:35 - Process start..
07-21-2026 @ 00:51:35 - Processing subscriptions...
07-21-2026 @ 00:51:35 - > &#8220;0&#8221;Subscription Imported Successfully.
07-21-2026 @ 00:51:35 - > Finished importing order 0
07-21-2026 @ 00:51:35 - Finished processing orders.
07-21-2026 @ 00:51:35 - Row :430 - Subscription order imported successfully.
07-21-2026 @ 00:51:36 - Preparing for import.
07-21-2026 @ 00:51:36 - Row :431 - Parsing item.
07-21-2026 @ 00:51:36 - Row :431 - Processing item.
07-21-2026 @ 00:51:36 - Process start..
07-21-2026 @ 00:51:36 - Processing subscriptions...
07-21-2026 @ 00:51:37 - > &#8220;0&#8221;Subscription Imported Successfully.
07-21-2026 @ 00:51:37 - > Finished importing order 0
07-21-2026 @ 00:51:37 - Finished processing orders.
07-21-2026 @ 00:51:37 - Row :431 - Subscription order imported successfully.
07-21-2026 @ 00:51:37 - Row :432 - Parsing item.
07-21-2026 @ 00:51:37 - Row :432 - Processing item.
07-21-2026 @ 00:51:37 - Process start..
07-21-2026 @ 00:51:37 - Processing subscriptions...
07-21-2026 @ 00:51:37 - > &#8220;0&#8221;Subscription Imported Successfully.
07-21-2026 @ 00:51:37 - > Finished importing order 0
07-21-2026 @ 00:51:37 - Finished processing orders.
07-21-2026 @ 00:51:38 - Row :432 - Subscription order imported successfully.
07-21-2026 @ 00:51:38 - Row :433 - Parsing item.
07-21-2026 @ 00:51:38 - Row :433 - Processing item.
07-21-2026 @ 00:51:38 - Process start..
07-21-2026 @ 00:51:38 - Processing subscriptions...
07-21-2026 @ 00:51:38 - > &#8220;0&#8221;Subscription Imported Successfully.
07-21-2026 @ 00:51:38 - > Finished importing order 0
07-21-2026 @ 00:51:38 - Finished processing orders.
07-21-2026 @ 00:51:38 - Row :433 - Subscription order imported successfully.
07-21-2026 @ 00:51:38 - Row :434 - Parsing item.
07-21-2026 @ 00:51:39 - Row :434 - Processing item.
07-21-2026 @ 00:51:39 - Process start..
07-21-2026 @ 00:51:39 - Processing subscriptions...
07-21-2026 @ 00:51:39 - > &#8220;0&#8221;Subscription Imported Successfully.
07-21-2026 @ 00:51:39 - > Finished importing order 0
07-21-2026 @ 00:51:39 - Finished processing orders.
07-21-2026 @ 00:51:39 - Row :434 - Subscription order imported successfully.
07-21-2026 @ 00:51:39 - Row :435 - Parsing item.
07-21-2026 @ 00:51:39 - Row :435 - Processing item.
07-21-2026 @ 00:51:40 - Process start..
07-21-2026 @ 00:51:40 - Processing subscriptions...
07-21-2026 @ 00:51:40 - > &#8220;0&#8221;Subscription Imported Successfully.
07-21-2026 @ 00:51:40 - > Finished importing order 0
07-21-2026 @ 00:51:40 - Finished processing orders.
07-21-2026 @ 00:51:40 - Row :435 - Subscription order imported successfully.
07-21-2026 @ 00:51:40 - Row :436 - Parsing item.
07-21-2026 @ 00:51:40 - Row :436 - Processing item.
07-21-2026 @ 00:51:40 - Process start..
07-21-2026 @ 00:51:40 - Processing subscriptions...
07-21-2026 @ 00:51:41 - > &#8220;0&#8221;Subscription Imported Successfully.
07-21-2026 @ 00:51:41 - > Finished importing order 0
07-21-2026 @ 00:51:41 - Finished processing orders.
07-21-2026 @ 00:51:41 - Row :436 - Subscription order imported successfully.
07-21-2026 @ 00:51:41 - Row :437 - Parsing item.
07-21-2026 @ 00:51:41 - Row :437 - Processing item.
07-21-2026 @ 00:51:41 - Process start..
07-21-2026 @ 00:51:41 - Processing subscriptions...
07-21-2026 @ 00:51:42 - > &#8220;0&#8221;Subscription Imported Successfully.
07-21-2026 @ 00:51:42 - > Finished importing order 0
07-21-2026 @ 00:51:42 - Finished processing orders.
07-21-2026 @ 00:51:42 - Row :437 - Subscription order imported successfully.
07-21-2026 @ 00:51:42 - Row :438 - Parsing item.
07-21-2026 @ 00:51:42 - Row :438 - Processing item.
07-21-2026 @ 00:51:42 - Process start..
07-21-2026 @ 00:51:42 - Processing subscriptions...
07-21-2026 @ 00:51:42 - > &#8220;0&#8221;Subscription Imported Successfully.
07-21-2026 @ 00:51:42 - > Finished importing order 0
07-21-2026 @ 00:51:42 - Finished processing orders.
07-21-2026 @ 00:51:42 - Row :438 - Subscription order imported successfully.
07-21-2026 @ 00:51:42 - Row :439 - Parsing item.
07-21-2026 @ 00:51:43 - Row :439 - Processing item.
07-21-2026 @ 00:51:43 - Process start..
07-21-2026 @ 00:51:43 - Processing subscriptions...
07-21-2026 @ 00:51:43 - > &#8220;0&#8221;Subscription Imported Successfully.
07-21-2026 @ 00:51:43 - > Finished importing order 0
07-21-2026 @ 00:51:43 - Finished processing orders.
07-21-2026 @ 00:51:43 - Row :439 - Subscription order imported successfully.
07-21-2026 @ 00:51:43 - Row :440 - Parsing item.
07-21-2026 @ 00:51:44 - Row :440 - Processing item.
07-21-2026 @ 00:51:44 - Process start..
07-21-2026 @ 00:51:44 - Processing subscriptions...
07-21-2026 @ 00:51:44 - > &#8220;0&#8221;Subscription Imported Successfully.
07-21-2026 @ 00:51:44 - > Finished importing order 0
07-21-2026 @ 00:51:44 - Finished processing orders.
07-21-2026 @ 00:51:44 - Row :440 - Subscription order imported successfully.
07-21-2026 @ 00:51:45 - Preparing for import.
07-21-2026 @ 00:51:45 - Row :441 - Parsing item.
07-21-2026 @ 00:51:45 - Row :441 - Processing item.
07-21-2026 @ 00:51:45 - Process start..
07-21-2026 @ 00:51:45 - Processing subscriptions...
07-21-2026 @ 00:51:45 - > &#8220;0&#8221;Subscription Imported Successfully.
07-21-2026 @ 00:51:45 - > Finished importing order 0
07-21-2026 @ 00:51:45 - Finished processing orders.
07-21-2026 @ 00:51:46 - Row :441 - Subscription order imported successfully.
07-21-2026 @ 00:51:46 - Row :442 - Parsing item.
07-21-2026 @ 00:51:46 - Row :442 - Processing item.
07-21-2026 @ 00:51:46 - Process start..
07-21-2026 @ 00:51:46 - Processing subscriptions...
07-21-2026 @ 00:51:46 - > &#8220;0&#8221;Subscription Imported Successfully.
07-21-2026 @ 00:51:46 - > Finished importing order 0
07-21-2026 @ 00:51:46 - Finished processing orders.
07-21-2026 @ 00:51:46 - Row :442 - Subscription order imported successfully.
07-21-2026 @ 00:51:46 - Row :443 - Parsing item.
07-21-2026 @ 00:51:47 - Row :443 - Processing item.
07-21-2026 @ 00:51:47 - Process start..
07-21-2026 @ 00:51:47 - Processing subscriptions...
07-21-2026 @ 00:51:47 - > &#8220;0&#8221;Subscription Imported Successfully.
07-21-2026 @ 00:51:47 - > Finished importing order 0
07-21-2026 @ 00:51:47 - Finished processing orders.
07-21-2026 @ 00:51:47 - Row :443 - Subscription order imported successfully.
07-21-2026 @ 00:51:47 - Row :444 - Parsing item.
07-21-2026 @ 00:51:48 - Row :444 - Processing item.
07-21-2026 @ 00:51:48 - Process start..
07-21-2026 @ 00:51:48 - Processing subscriptions...
07-21-2026 @ 00:51:48 - > &#8220;0&#8221;Subscription Imported Successfully.
07-21-2026 @ 00:51:48 - > Finished importing order 0
07-21-2026 @ 00:51:48 - Finished processing orders.
07-21-2026 @ 00:51:48 - Row :444 - Subscription order imported successfully.
07-21-2026 @ 00:51:48 - Row :445 - Parsing item.
07-21-2026 @ 00:51:49 - Row :445 - Processing item.
07-21-2026 @ 00:51:49 - Process start..
07-21-2026 @ 00:51:49 - Processing subscriptions...
07-21-2026 @ 00:51:49 - > &#8220;0&#8221;Subscription Imported Successfully.
07-21-2026 @ 00:51:49 - > Finished importing order 0
07-21-2026 @ 00:51:49 - Finished processing orders.
07-21-2026 @ 00:51:49 - Row :445 - Subscription order imported successfully.
07-21-2026 @ 00:51:49 - Row :446 - Parsing item.
07-21-2026 @ 00:51:49 - Row :446 - Processing item.
07-21-2026 @ 00:51:50 - Process start..
07-21-2026 @ 00:51:50 - Processing subscriptions...
07-21-2026 @ 00:51:50 - > &#8220;0&#8221;Subscription Imported Successfully.
07-21-2026 @ 00:51:50 - > Finished importing order 0
07-21-2026 @ 00:51:50 - Finished processing orders.
07-21-2026 @ 00:51:50 - Row :446 - Subscription order imported successfully.
07-21-2026 @ 00:51:50 - Row :447 - Parsing item.
07-21-2026 @ 00:51:50 - Row :447 - Processing item.
07-21-2026 @ 00:51:50 - Process start..
07-21-2026 @ 00:51:50 - Processing subscriptions...
07-21-2026 @ 00:51:51 - > &#8220;0&#8221;Subscription Imported Successfully.
07-21-2026 @ 00:51:51 - > Finished importing order 0
07-21-2026 @ 00:51:51 - Finished processing orders.
07-21-2026 @ 00:51:51 - Row :447 - Subscription order imported successfully.
07-21-2026 @ 00:51:51 - Row :448 - Parsing item.
07-21-2026 @ 00:51:51 - Row :448 - Processing item.
07-21-2026 @ 00:51:51 - Process start..
07-21-2026 @ 00:51:51 - Processing subscriptions...
07-21-2026 @ 00:51:52 - > &#8220;0&#8221;Subscription Imported Successfully.
07-21-2026 @ 00:51:52 - > Finished importing order 0
07-21-2026 @ 00:51:52 - Finished processing orders.
07-21-2026 @ 00:51:52 - Row :448 - Subscription order imported successfully.
07-21-2026 @ 00:51:52 - Row :449 - Parsing item.
07-21-2026 @ 00:51:52 - Row :449 - Processing item.
07-21-2026 @ 00:51:52 - Process start..
07-21-2026 @ 00:51:52 - Processing subscriptions...
07-21-2026 @ 00:51:52 - > &#8220;0&#8221;Subscription Imported Successfully.
07-21-2026 @ 00:51:52 - > Finished importing order 0
07-21-2026 @ 00:51:52 - Finished processing orders.
07-21-2026 @ 00:51:52 - Row :449 - Subscription order imported successfully.
07-21-2026 @ 00:51:52 - Row :450 - Parsing item.
07-21-2026 @ 00:51:53 - Row :450 - Processing item.
07-21-2026 @ 00:51:53 - Process start..
07-21-2026 @ 00:51:53 - Processing subscriptions...
07-21-2026 @ 00:51:53 - > &#8220;0&#8221;Subscription Imported Successfully.
07-21-2026 @ 00:51:53 - > Finished importing order 0
07-21-2026 @ 00:51:53 - Finished processing orders.
07-21-2026 @ 00:51:53 - Row :450 - Subscription order imported successfully.
07-21-2026 @ 00:51:54 - Preparing for import.
07-21-2026 @ 00:51:54 - Row :451 - Parsing item.
07-21-2026 @ 00:51:54 - Row :451 - Processing item.
07-21-2026 @ 00:51:54 - Process start..
07-21-2026 @ 00:51:54 - Processing subscriptions...
07-21-2026 @ 00:51:55 - > &#8220;0&#8221;Subscription Imported Successfully.
07-21-2026 @ 00:51:55 - > Finished importing order 0
07-21-2026 @ 00:51:55 - Finished processing orders.
07-21-2026 @ 00:51:55 - Row :451 - Subscription order imported successfully.
07-21-2026 @ 00:51:55 - Row :452 - Parsing item.
07-21-2026 @ 00:51:55 - Row :452 - Processing item.
07-21-2026 @ 00:51:55 - Process start..
07-21-2026 @ 00:51:55 - Processing subscriptions...
07-21-2026 @ 00:51:55 - > &#8220;0&#8221;Subscription Imported Successfully.
07-21-2026 @ 00:51:55 - > Finished importing order 0
07-21-2026 @ 00:51:55 - Finished processing orders.
07-21-2026 @ 00:51:55 - Row :452 - Subscription order imported successfully.
07-21-2026 @ 00:51:55 - Row :453 - Parsing item.
07-21-2026 @ 00:51:56 - Row :453 - Processing item.
07-21-2026 @ 00:51:56 - Process start..
07-21-2026 @ 00:51:56 - Processing subscriptions...
07-21-2026 @ 00:51:56 - > &#8220;0&#8221;Subscription Imported Successfully.
07-21-2026 @ 00:51:56 - > Finished importing order 0
07-21-2026 @ 00:51:56 - Finished processing orders.
07-21-2026 @ 00:51:56 - Row :453 - Subscription order imported successfully.
07-21-2026 @ 00:51:56 - Row :454 - Parsing item.
07-21-2026 @ 00:51:56 - Row :454 - Processing item.
07-21-2026 @ 00:51:57 - Process start..
07-21-2026 @ 00:51:57 - Processing subscriptions...
07-21-2026 @ 00:51:57 - > &#8220;0&#8221;Subscription Imported Successfully.
07-21-2026 @ 00:51:57 - > Finished importing order 0
07-21-2026 @ 00:51:57 - Finished processing orders.
07-21-2026 @ 00:51:57 - Row :454 - Subscription order imported successfully.
07-21-2026 @ 00:51:57 - Row :455 - Parsing item.
07-21-2026 @ 00:51:57 - Row :455 - Processing item.
07-21-2026 @ 00:51:58 - Process start..
07-21-2026 @ 00:51:58 - Processing subscriptions...
07-21-2026 @ 00:51:58 - > &#8220;0&#8221;Subscription Imported Successfully.
07-21-2026 @ 00:51:58 - > Finished importing order 0
07-21-2026 @ 00:51:58 - Finished processing orders.
07-21-2026 @ 00:51:58 - Row :455 - Subscription order imported successfully.
07-21-2026 @ 00:51:58 - Row :456 - Parsing item.
07-21-2026 @ 00:51:58 - Row :456 - Processing item.
07-21-2026 @ 00:51:59 - Process start..
07-21-2026 @ 00:51:59 - Processing subscriptions...
07-21-2026 @ 00:51:59 - > &#8220;0&#8221;Subscription Imported Successfully.
07-21-2026 @ 00:51:59 - > Finished importing order 0
07-21-2026 @ 00:51:59 - Finished processing orders.
07-21-2026 @ 00:51:59 - Row :456 - Subscription order imported successfully.
07-21-2026 @ 00:51:59 - Row :457 - Parsing item.
07-21-2026 @ 00:51:59 - Row :457 - Processing item.
07-21-2026 @ 00:51:59 - Process start..
07-21-2026 @ 00:51:59 - Processing subscriptions...
07-21-2026 @ 00:52:00 - > &#8220;0&#8221;Subscription Imported Successfully.
07-21-2026 @ 00:52:00 - > Finished importing order 0
07-21-2026 @ 00:52:00 - Finished processing orders.
07-21-2026 @ 00:52:00 - Row :457 - Subscription order imported successfully.
07-21-2026 @ 00:52:00 - Row :458 - Parsing item.
07-21-2026 @ 00:52:00 - Row :458 - Processing item.
07-21-2026 @ 00:52:00 - Process start..
07-21-2026 @ 00:52:00 - Processing subscriptions...
07-21-2026 @ 00:52:01 - > &#8220;0&#8221;Subscription Imported Successfully.
07-21-2026 @ 00:52:01 - > Finished importing order 0
07-21-2026 @ 00:52:01 - Finished processing orders.
07-21-2026 @ 00:52:01 - Row :458 - Subscription order imported successfully.
07-21-2026 @ 00:52:01 - Row :459 - Parsing item.
07-21-2026 @ 00:52:01 - Row :459 - Processing item.
07-21-2026 @ 00:52:01 - Process start..
07-21-2026 @ 00:52:01 - Processing subscriptions...
07-21-2026 @ 00:52:01 - > &#8220;0&#8221;Subscription Imported Successfully.
07-21-2026 @ 00:52:01 - > Finished importing order 0
07-21-2026 @ 00:52:01 - Finished processing orders.
07-21-2026 @ 00:52:01 - Row :459 - Subscription order imported successfully.
07-21-2026 @ 00:52:01 - Row :460 - Parsing item.
07-21-2026 @ 00:52:02 - Row :460 - Processing item.
07-21-2026 @ 00:52:02 - Process start..
07-21-2026 @ 00:52:02 - Processing subscriptions...
07-21-2026 @ 00:52:02 - > &#8220;0&#8221;Subscription Imported Successfully.
07-21-2026 @ 00:52:02 - > Finished importing order 0
07-21-2026 @ 00:52:02 - Finished processing orders.
07-21-2026 @ 00:52:02 - Row :460 - Subscription order imported successfully.
07-21-2026 @ 00:52:03 - Preparing for import.
07-21-2026 @ 00:52:03 - Row :461 - Parsing item.
07-21-2026 @ 00:52:03 - Row :461 - Processing item.
07-21-2026 @ 00:52:03 - Process start..
07-21-2026 @ 00:52:03 - Processing subscriptions...
07-21-2026 @ 00:52:04 - > &#8220;0&#8221;Subscription Imported Successfully.
07-21-2026 @ 00:52:04 - > Finished importing order 0
07-21-2026 @ 00:52:04 - Finished processing orders.
07-21-2026 @ 00:52:04 - Row :461 - Subscription order imported successfully.
07-21-2026 @ 00:52:04 - Row :462 - Parsing item.
07-21-2026 @ 00:52:04 - Row :462 - Processing item.
07-21-2026 @ 00:52:04 - Process start..
07-21-2026 @ 00:52:04 - Processing subscriptions...
07-21-2026 @ 00:52:05 - > &#8220;0&#8221;Subscription Imported Successfully.
07-21-2026 @ 00:52:05 - > Finished importing order 0
07-21-2026 @ 00:52:05 - Finished processing orders.
07-21-2026 @ 00:52:05 - Row :462 - Subscription order imported successfully.
07-21-2026 @ 00:52:05 - Row :463 - Parsing item.
07-21-2026 @ 00:52:05 - Row :463 - Processing item.
07-21-2026 @ 00:52:05 - Process start..
07-21-2026 @ 00:52:05 - Processing subscriptions...
07-21-2026 @ 00:52:05 - > &#8220;0&#8221;Subscription Imported Successfully.
07-21-2026 @ 00:52:05 - > Finished importing order 0
07-21-2026 @ 00:52:05 - Finished processing orders.
07-21-2026 @ 00:52:06 - Row :463 - Subscription order imported successfully.
07-21-2026 @ 00:52:06 - Row :464 - Parsing item.
07-21-2026 @ 00:52:06 - Row :464 - Processing item.
07-21-2026 @ 00:52:06 - Process start..
07-21-2026 @ 00:52:06 - Processing subscriptions...
07-21-2026 @ 00:52:07 - > &#8220;0&#8221;Subscription Imported Successfully.
07-21-2026 @ 00:52:07 - > Finished importing order 0
07-21-2026 @ 00:52:07 - Finished processing orders.
07-21-2026 @ 00:52:07 - Row :464 - Subscription order imported successfully.
07-21-2026 @ 00:52:07 - Row :465 - Parsing item.
07-21-2026 @ 00:52:07 - Row :465 - Processing item.
07-21-2026 @ 00:52:07 - Process start..
07-21-2026 @ 00:52:07 - Processing subscriptions...
07-21-2026 @ 00:52:07 - > &#8220;0&#8221;Subscription Imported Successfully.
07-21-2026 @ 00:52:07 - > Finished importing order 0
07-21-2026 @ 00:52:07 - Finished processing orders.
07-21-2026 @ 00:52:08 - Row :465 - Subscription order imported successfully.
07-21-2026 @ 00:52:08 - Row :466 - Parsing item.
07-21-2026 @ 00:52:08 - Row :466 - Processing item.
07-21-2026 @ 00:52:08 - Process start..
07-21-2026 @ 00:52:08 - Processing subscriptions...
07-21-2026 @ 00:52:08 - > &#8220;0&#8221;Subscription Imported Successfully.
07-21-2026 @ 00:52:08 - > Finished importing order 0
07-21-2026 @ 00:52:08 - Finished processing orders.
07-21-2026 @ 00:52:09 - Row :466 - Subscription order imported successfully.
07-21-2026 @ 00:52:09 - Row :467 - Parsing item.
07-21-2026 @ 00:52:09 - Row :467 - Processing item.
07-21-2026 @ 00:52:09 - Process start..
07-21-2026 @ 00:52:09 - Processing subscriptions...
07-21-2026 @ 00:52:09 - > &#8220;0&#8221;Subscription Imported Successfully.
07-21-2026 @ 00:52:09 - > Finished importing order 0
07-21-2026 @ 00:52:09 - Finished processing orders.
07-21-2026 @ 00:52:09 - Row :467 - Subscription order imported successfully.
07-21-2026 @ 00:52:09 - Row :468 - Parsing item.
07-21-2026 @ 00:52:10 - Row :468 - Processing item.
07-21-2026 @ 00:52:10 - Process start..
07-21-2026 @ 00:52:10 - Processing subscriptions...
07-21-2026 @ 00:52:10 - > &#8220;0&#8221;Subscription Imported Successfully.
07-21-2026 @ 00:52:10 - > Finished importing order 0
07-21-2026 @ 00:52:10 - Finished processing orders.
07-21-2026 @ 00:52:10 - Row :468 - Subscription order imported successfully.
07-21-2026 @ 00:52:10 - Row :469 - Parsing item.
07-21-2026 @ 00:52:11 - Row :469 - Processing item.
07-21-2026 @ 00:52:11 - Process start..
07-21-2026 @ 00:52:11 - Processing subscriptions...
07-21-2026 @ 00:52:11 - > &#8220;0&#8221;Subscription Imported Successfully.
07-21-2026 @ 00:52:11 - > Finished importing order 0
07-21-2026 @ 00:52:11 - Finished processing orders.
07-21-2026 @ 00:52:11 - Row :469 - Subscription order imported successfully.
07-21-2026 @ 00:52:11 - Row :470 - Parsing item.
07-21-2026 @ 00:52:11 - Row :470 - Processing item.
07-21-2026 @ 00:52:12 - Process start..
07-21-2026 @ 00:52:12 - Processing subscriptions...
07-21-2026 @ 00:52:12 - > &#8220;0&#8221;Subscription Imported Successfully.
07-21-2026 @ 00:52:12 - > Finished importing order 0
07-21-2026 @ 00:52:12 - Finished processing orders.
07-21-2026 @ 00:52:12 - Row :470 - Subscription order imported successfully.
07-21-2026 @ 00:52:13 - Preparing for import.
07-21-2026 @ 00:52:13 - Row :471 - Parsing item.
07-21-2026 @ 00:52:13 - Row :471 - Processing item.
07-21-2026 @ 00:52:13 - Process start..
07-21-2026 @ 00:52:13 - Processing subscriptions...
07-21-2026 @ 00:52:13 - > &#8220;0&#8221;Subscription Imported Successfully.
07-21-2026 @ 00:52:13 - > Finished importing order 0
07-21-2026 @ 00:52:13 - Finished processing orders.
07-21-2026 @ 00:52:13 - Row :471 - Subscription order imported successfully.
07-21-2026 @ 00:52:13 - Row :472 - Parsing item.
07-21-2026 @ 00:52:14 - Row :472 - Processing item.
07-21-2026 @ 00:52:14 - Process start..
07-21-2026 @ 00:52:14 - Processing subscriptions...
07-21-2026 @ 00:52:14 - > &#8220;0&#8221;Subscription Imported Successfully.
07-21-2026 @ 00:52:14 - > Finished importing order 0
07-21-2026 @ 00:52:14 - Finished processing orders.
07-21-2026 @ 00:52:14 - Row :472 - Subscription order imported successfully.
07-21-2026 @ 00:52:14 - Row :473 - Parsing item.
07-21-2026 @ 00:52:14 - Row :473 - Processing item.
07-21-2026 @ 00:52:15 - Process start..
07-21-2026 @ 00:52:15 - Processing subscriptions...
07-21-2026 @ 00:52:15 - > &#8220;0&#8221;Subscription Imported Successfully.
07-21-2026 @ 00:52:15 - > Finished importing order 0
07-21-2026 @ 00:52:15 - Finished processing orders.
07-21-2026 @ 00:52:15 - Row :473 - Subscription order imported successfully.
07-21-2026 @ 00:52:15 - Row :474 - Parsing item.
07-21-2026 @ 00:52:15 - Row :474 - Processing item.
07-21-2026 @ 00:52:15 - Process start..
07-21-2026 @ 00:52:15 - Processing subscriptions...
07-21-2026 @ 00:52:16 - > &#8220;0&#8221;Subscription Imported Successfully.
07-21-2026 @ 00:52:16 - > Finished importing order 0
07-21-2026 @ 00:52:16 - Finished processing orders.
07-21-2026 @ 00:52:16 - Row :474 - Subscription order imported successfully.
07-21-2026 @ 00:52:16 - Row :475 - Parsing item.
07-21-2026 @ 00:52:16 - Row :475 - Processing item.
07-21-2026 @ 00:52:16 - Process start..
07-21-2026 @ 00:52:16 - Processing subscriptions...
07-21-2026 @ 00:52:17 - > &#8220;0&#8221;Subscription Imported Successfully.
07-21-2026 @ 00:52:17 - > Finished importing order 0
07-21-2026 @ 00:52:17 - Finished processing orders.
07-21-2026 @ 00:52:17 - Row :475 - Subscription order imported successfully.
07-21-2026 @ 00:52:17 - Row :476 - Parsing item.
07-21-2026 @ 00:52:17 - Row :476 - Processing item.
07-21-2026 @ 00:52:17 - Process start..
07-21-2026 @ 00:52:17 - Processing subscriptions...
07-21-2026 @ 00:52:17 - > &#8220;0&#8221;Subscription Imported Successfully.
07-21-2026 @ 00:52:17 - > Finished importing order 0
07-21-2026 @ 00:52:17 - Finished processing orders.
07-21-2026 @ 00:52:17 - Row :476 - Subscription order imported successfully.
07-21-2026 @ 00:52:17 - Row :477 - Parsing item.
07-21-2026 @ 00:52:18 - Row :477 - Processing item.
07-21-2026 @ 00:52:18 - Process start..
07-21-2026 @ 00:52:18 - Processing subscriptions...
07-21-2026 @ 00:52:18 - > &#8220;0&#8221;Subscription Imported Successfully.
07-21-2026 @ 00:52:18 - > Finished importing order 0
07-21-2026 @ 00:52:18 - Finished processing orders.
07-21-2026 @ 00:52:18 - Row :477 - Subscription order imported successfully.
07-21-2026 @ 00:52:18 - Row :478 - Parsing item.
07-21-2026 @ 00:52:18 - Row :478 - Processing item.
07-21-2026 @ 00:52:19 - Process start..
07-21-2026 @ 00:52:19 - Processing subscriptions...
07-21-2026 @ 00:52:19 - > &#8220;0&#8221;Subscription Imported Successfully.
07-21-2026 @ 00:52:19 - > Finished importing order 0
07-21-2026 @ 00:52:19 - Finished processing orders.
07-21-2026 @ 00:52:19 - Row :478 - Subscription order imported successfully.
07-21-2026 @ 00:52:19 - Row :479 - Parsing item.
07-21-2026 @ 00:52:19 - Row :479 - Processing item.
07-21-2026 @ 00:52:20 - Process start..
07-21-2026 @ 00:52:20 - Processing subscriptions...
07-21-2026 @ 00:52:20 - > &#8220;0&#8221;Subscription Imported Successfully.
07-21-2026 @ 00:52:20 - > Finished importing order 0
07-21-2026 @ 00:52:20 - Finished processing orders.
07-21-2026 @ 00:52:20 - Row :479 - Subscription order imported successfully.
07-21-2026 @ 00:52:20 - Row :480 - Parsing item.
07-21-2026 @ 00:52:20 - Row :480 - Processing item.
07-21-2026 @ 00:52:20 - Process start..
07-21-2026 @ 00:52:20 - Processing subscriptions...
07-21-2026 @ 00:52:21 - > &#8220;0&#8221;Subscription Imported Successfully.
07-21-2026 @ 00:52:21 - > Finished importing order 0
07-21-2026 @ 00:52:21 - Finished processing orders.
07-21-2026 @ 00:52:21 - Row :480 - Subscription order imported successfully.
07-21-2026 @ 00:52:21 - Preparing for import.
07-21-2026 @ 00:52:21 - Row :481 - Parsing item.
07-21-2026 @ 00:52:21 - Row :481 - Processing item.
07-21-2026 @ 00:52:22 - Process start..
07-21-2026 @ 00:52:22 - Processing subscriptions...
07-21-2026 @ 00:52:22 - > &#8220;0&#8221;Subscription Imported Successfully.
07-21-2026 @ 00:52:22 - > Finished importing order 0
07-21-2026 @ 00:52:22 - Finished processing orders.
07-21-2026 @ 00:52:22 - Row :481 - Subscription order imported successfully.
07-21-2026 @ 00:52:22 - Row :482 - Parsing item.
07-21-2026 @ 00:52:22 - Row :482 - Processing item.
07-21-2026 @ 00:52:22 - Process start..
07-21-2026 @ 00:52:22 - Processing subscriptions...
07-21-2026 @ 00:52:23 - > &#8220;0&#8221;Subscription Imported Successfully.
07-21-2026 @ 00:52:23 - > Finished importing order 0
07-21-2026 @ 00:52:23 - Finished processing orders.
07-21-2026 @ 00:52:23 - Row :482 - Subscription order imported successfully.
07-21-2026 @ 00:52:23 - Row :483 - Parsing item.
07-21-2026 @ 00:52:23 - Row :483 - Processing item.
07-21-2026 @ 00:52:23 - Process start..
07-21-2026 @ 00:52:23 - Processing subscriptions...
07-21-2026 @ 00:52:23 - > &#8220;0&#8221;Subscription Imported Successfully.
07-21-2026 @ 00:52:23 - > Finished importing order 0
07-21-2026 @ 00:52:23 - Finished processing orders.
07-21-2026 @ 00:52:23 - Row :483 - Subscription order imported successfully.
07-21-2026 @ 00:52:23 - Row :484 - Parsing item.
07-21-2026 @ 00:52:24 - Row :484 - Processing item.
07-21-2026 @ 00:52:24 - Process start..
07-21-2026 @ 00:52:24 - Processing subscriptions...
07-21-2026 @ 00:52:24 - > &#8220;0&#8221;Subscription Imported Successfully.
07-21-2026 @ 00:52:24 - > Finished importing order 0
07-21-2026 @ 00:52:24 - Finished processing orders.
07-21-2026 @ 00:52:24 - Row :484 - Subscription order imported successfully.
07-21-2026 @ 00:52:24 - Row :485 - Parsing item.
07-21-2026 @ 00:52:25 - Row :485 - Processing item.
07-21-2026 @ 00:52:25 - Process start..
07-21-2026 @ 00:52:25 - Processing subscriptions...
07-21-2026 @ 00:52:25 - > &#8220;0&#8221;Subscription Imported Successfully.
07-21-2026 @ 00:52:25 - > Finished importing order 0
07-21-2026 @ 00:52:25 - Finished processing orders.
07-21-2026 @ 00:52:25 - Row :485 - Subscription order imported successfully.
07-21-2026 @ 00:52:25 - Row :486 - Parsing item.
07-21-2026 @ 00:52:26 - Row :486 - Processing item.
07-21-2026 @ 00:52:26 - Process start..
07-21-2026 @ 00:52:26 - Processing subscriptions...
07-21-2026 @ 00:52:26 - > &#8220;0&#8221;Subscription Imported Successfully.
07-21-2026 @ 00:52:26 - > Finished importing order 0
07-21-2026 @ 00:52:26 - Finished processing orders.
07-21-2026 @ 00:52:26 - Row :486 - Subscription order imported successfully.
07-21-2026 @ 00:52:26 - Row :487 - Parsing item.
07-21-2026 @ 00:52:26 - Row :487 - Processing item.
07-21-2026 @ 00:52:27 - Process start..
07-21-2026 @ 00:52:27 - Processing subscriptions...
07-21-2026 @ 00:52:27 - > &#8220;0&#8221;Subscription Imported Successfully.
07-21-2026 @ 00:52:27 - > Finished importing order 0
07-21-2026 @ 00:52:27 - Finished processing orders.
07-21-2026 @ 00:52:27 - Row :487 - Subscription order imported successfully.
07-21-2026 @ 00:52:27 - Row :488 - Parsing item.
07-21-2026 @ 00:52:27 - Row :488 - Processing item.
07-21-2026 @ 00:52:27 - Process start..
07-21-2026 @ 00:52:27 - Processing subscriptions...
07-21-2026 @ 00:52:28 - > &#8220;0&#8221;Subscription Imported Successfully.
07-21-2026 @ 00:52:28 - > Finished importing order 0
07-21-2026 @ 00:52:28 - Finished processing orders.
07-21-2026 @ 00:52:28 - Row :488 - Subscription order imported successfully.
07-21-2026 @ 00:52:28 - Row :489 - Parsing item.
07-21-2026 @ 00:52:28 - Row :489 - Processing item.
07-21-2026 @ 00:52:28 - Process start..
07-21-2026 @ 00:52:28 - Processing subscriptions...
07-21-2026 @ 00:52:28 - > &#8220;0&#8221;Subscription Imported Successfully.
07-21-2026 @ 00:52:28 - > Finished importing order 0
07-21-2026 @ 00:52:28 - Finished processing orders.
07-21-2026 @ 00:52:29 - Row :489 - Subscription order imported successfully.
07-21-2026 @ 00:52:29 - Row :490 - Parsing item.
07-21-2026 @ 00:52:29 - Row :490 - Processing item.
07-21-2026 @ 00:52:29 - Process start..
07-21-2026 @ 00:52:29 - Processing subscriptions...
07-21-2026 @ 00:52:29 - > &#8220;0&#8221;Subscription Imported Successfully.
07-21-2026 @ 00:52:29 - > Finished importing order 0
07-21-2026 @ 00:52:29 - Finished processing orders.
07-21-2026 @ 00:52:29 - Row :490 - Subscription order imported successfully.
07-21-2026 @ 00:52:31 - Preparing for import.
07-21-2026 @ 00:52:31 - Row :491 - Parsing item.
07-21-2026 @ 00:52:31 - Row :491 - Processing item.
07-21-2026 @ 00:52:31 - Process start..
07-21-2026 @ 00:52:31 - Processing subscriptions...
07-21-2026 @ 00:52:32 - > &#8220;0&#8221;Subscription Imported Successfully.
07-21-2026 @ 00:52:32 - > Finished importing order 0
07-21-2026 @ 00:52:32 - Finished processing orders.
07-21-2026 @ 00:52:32 - Row :491 - Subscription order imported successfully.
07-21-2026 @ 00:52:32 - Row :492 - Parsing item.
07-21-2026 @ 00:52:32 - Row :492 - Processing item.
07-21-2026 @ 00:52:32 - Process start..
07-21-2026 @ 00:52:32 - Processing subscriptions...
07-21-2026 @ 00:52:32 - > &#8220;0&#8221;Subscription Imported Successfully.
07-21-2026 @ 00:52:32 - > Finished importing order 0
07-21-2026 @ 00:52:32 - Finished processing orders.
07-21-2026 @ 00:52:33 - Row :492 - Subscription order imported successfully.
07-21-2026 @ 00:52:33 - Row :493 - Parsing item.
07-21-2026 @ 00:52:33 - Row :493 - Processing item.
07-21-2026 @ 00:52:33 - Process start..
07-21-2026 @ 00:52:33 - Processing subscriptions...
07-21-2026 @ 00:52:33 - > &#8220;0&#8221;Subscription Imported Successfully.
07-21-2026 @ 00:52:33 - > Finished importing order 0
07-21-2026 @ 00:52:33 - Finished processing orders.
07-21-2026 @ 00:52:33 - Row :493 - Subscription order imported successfully.
07-21-2026 @ 00:52:33 - Row :494 - Parsing item.
07-21-2026 @ 00:52:34 - Row :494 - Processing item.
07-21-2026 @ 00:52:34 - Process start..
07-21-2026 @ 00:52:34 - Processing subscriptions...
07-21-2026 @ 00:52:34 - > &#8220;0&#8221;Subscription Imported Successfully.
07-21-2026 @ 00:52:34 - > Finished importing order 0
07-21-2026 @ 00:52:34 - Finished processing orders.
07-21-2026 @ 00:52:34 - Row :494 - Subscription order imported successfully.
07-21-2026 @ 00:52:34 - Row :495 - Parsing item.
07-21-2026 @ 00:52:34 - Row :495 - Processing item.
07-21-2026 @ 00:52:35 - Process start..
07-21-2026 @ 00:52:35 - Processing subscriptions...
07-21-2026 @ 00:52:35 - > &#8220;0&#8221;Subscription Imported Successfully.
07-21-2026 @ 00:52:35 - > Finished importing order 0
07-21-2026 @ 00:52:35 - Finished processing orders.
07-21-2026 @ 00:52:35 - Row :495 - Subscription order imported successfully.
07-21-2026 @ 00:52:35 - Row :496 - Parsing item.
07-21-2026 @ 00:52:35 - Row :496 - Processing item.
07-21-2026 @ 00:52:36 - Process start..
07-21-2026 @ 00:52:36 - Processing subscriptions...
07-21-2026 @ 00:52:36 - > &#8220;0&#8221;Subscription Imported Successfully.
07-21-2026 @ 00:52:36 - > Finished importing order 0
07-21-2026 @ 00:52:36 - Finished processing orders.
07-21-2026 @ 00:52:36 - Row :496 - Subscription order imported successfully.
07-21-2026 @ 00:52:36 - Row :497 - Parsing item.
07-21-2026 @ 00:52:36 - Row :497 - Processing item.
07-21-2026 @ 00:52:36 - Process start..
07-21-2026 @ 00:52:36 - Processing subscriptions...
07-21-2026 @ 00:52:37 - > &#8220;0&#8221;Subscription Imported Successfully.
07-21-2026 @ 00:52:37 - > Finished importing order 0
07-21-2026 @ 00:52:37 - Finished processing orders.
07-21-2026 @ 00:52:37 - Row :497 - Subscription order imported successfully.
07-21-2026 @ 00:52:37 - Row :498 - Parsing item.
07-21-2026 @ 00:52:37 - Row :498 - Processing item.
07-21-2026 @ 00:52:37 - Process start..
07-21-2026 @ 00:52:37 - Processing subscriptions...
07-21-2026 @ 00:52:37 - > &#8220;0&#8221;Subscription Imported Successfully.
07-21-2026 @ 00:52:37 - > Finished importing order 0
07-21-2026 @ 00:52:37 - Finished processing orders.
07-21-2026 @ 00:52:37 - Row :498 - Subscription order imported successfully.
07-21-2026 @ 00:52:37 - Row :499 - Parsing item.
07-21-2026 @ 00:52:38 - Row :499 - Processing item.
07-21-2026 @ 00:52:38 - Process start..
07-21-2026 @ 00:52:38 - Processing subscriptions...
07-21-2026 @ 00:52:38 - > &#8220;0&#8221;Subscription Imported Successfully.
07-21-2026 @ 00:52:38 - > Finished importing order 0
07-21-2026 @ 00:52:38 - Finished processing orders.
07-21-2026 @ 00:52:38 - Row :499 - Subscription order imported successfully.
07-21-2026 @ 00:52:38 - Row :500 - Parsing item.
07-21-2026 @ 00:52:39 - Row :500 - Processing item.
07-21-2026 @ 00:52:39 - Process start..
07-21-2026 @ 00:52:39 - Processing subscriptions...
07-21-2026 @ 00:52:39 - > &#8220;0&#8221;Subscription Imported Successfully.
07-21-2026 @ 00:52:39 - > Finished importing order 0
07-21-2026 @ 00:52:39 - Finished processing orders.
07-21-2026 @ 00:52:39 - Row :500 - Subscription order imported successfully.
07-21-2026 @ 00:52:40 - Preparing for import.
07-21-2026 @ 00:52:40 - Row :501 - Parsing item.
07-21-2026 @ 00:52:40 - Row :501 - Processing item.
07-21-2026 @ 00:52:40 - Process start..
07-21-2026 @ 00:52:40 - Processing subscriptions...
07-21-2026 @ 00:52:41 - > &#8220;0&#8221;Subscription Imported Successfully.
07-21-2026 @ 00:52:41 - > Finished importing order 0
07-21-2026 @ 00:52:41 - Finished processing orders.
07-21-2026 @ 00:52:41 - Row :501 - Subscription order imported successfully.
07-21-2026 @ 00:52:41 - Row :502 - Parsing item.
07-21-2026 @ 00:52:41 - Row :502 - Processing item.
07-21-2026 @ 00:52:41 - Process start..
07-21-2026 @ 00:52:41 - Processing subscriptions...
07-21-2026 @ 00:52:41 - > &#8220;0&#8221;Subscription Imported Successfully.
07-21-2026 @ 00:52:41 - > Finished importing order 0
07-21-2026 @ 00:52:41 - Finished processing orders.
07-21-2026 @ 00:52:42 - Row :502 - Subscription order imported successfully.
07-21-2026 @ 00:52:42 - Row :503 - Parsing item.
07-21-2026 @ 00:52:42 - Row :503 - Processing item.
07-21-2026 @ 00:52:42 - Process start..
07-21-2026 @ 00:52:42 - Processing subscriptions...
07-21-2026 @ 00:52:42 - > &#8220;0&#8221;Subscription Imported Successfully.
07-21-2026 @ 00:52:42 - > Finished importing order 0
07-21-2026 @ 00:52:42 - Finished processing orders.
07-21-2026 @ 00:52:43 - Row :503 - Subscription order imported successfully.
07-21-2026 @ 00:52:43 - Row :504 - Parsing item.
07-21-2026 @ 00:52:43 - Row :504 - Processing item.
07-21-2026 @ 00:52:43 - Process start..
07-21-2026 @ 00:52:43 - Processing subscriptions...
07-21-2026 @ 00:52:43 - > &#8220;0&#8221;Subscription Imported Successfully.
07-21-2026 @ 00:52:43 - > Finished importing order 0
07-21-2026 @ 00:52:43 - Finished processing orders.
07-21-2026 @ 00:52:43 - Row :504 - Subscription order imported successfully.
07-21-2026 @ 00:52:43 - Row :505 - Parsing item.
07-21-2026 @ 00:52:44 - Row :505 - Processing item.
07-21-2026 @ 00:52:44 - Process start..
07-21-2026 @ 00:52:44 - Processing subscriptions...
07-21-2026 @ 00:52:44 - > &#8220;0&#8221;Subscription Imported Successfully.
07-21-2026 @ 00:52:44 - > Finished importing order 0
07-21-2026 @ 00:52:44 - Finished processing orders.
07-21-2026 @ 00:52:44 - Row :505 - Subscription order imported successfully.
07-21-2026 @ 00:52:44 - Row :506 - Parsing item.
07-21-2026 @ 00:52:45 - Row :506 - Processing item.
07-21-2026 @ 00:52:45 - Process start..
07-21-2026 @ 00:52:45 - Processing subscriptions...
07-21-2026 @ 00:52:45 - > &#8220;0&#8221;Subscription Imported Successfully.
07-21-2026 @ 00:52:45 - > Finished importing order 0
07-21-2026 @ 00:52:45 - Finished processing orders.
07-21-2026 @ 00:52:45 - Row :506 - Subscription order imported successfully.
07-21-2026 @ 00:52:45 - Row :507 - Parsing item.
07-21-2026 @ 00:52:46 - Row :507 - Processing item.
07-21-2026 @ 00:52:46 - Process start..
07-21-2026 @ 00:52:46 - Processing subscriptions...
07-21-2026 @ 00:52:46 - > &#8220;0&#8221;Subscription Imported Successfully.
07-21-2026 @ 00:52:46 - > Finished importing order 0
07-21-2026 @ 00:52:46 - Finished processing orders.
07-21-2026 @ 00:52:46 - Row :507 - Subscription order imported successfully.
07-21-2026 @ 00:52:46 - Row :508 - Parsing item.
07-21-2026 @ 00:52:47 - Row :508 - Processing item.
07-21-2026 @ 00:52:47 - Process start..
07-21-2026 @ 00:52:47 - Processing subscriptions...
07-21-2026 @ 00:52:47 - > &#8220;0&#8221;Subscription Imported Successfully.
07-21-2026 @ 00:52:47 - > Finished importing order 0
07-21-2026 @ 00:52:47 - Finished processing orders.
07-21-2026 @ 00:52:47 - Row :508 - Subscription order imported successfully.
07-21-2026 @ 00:52:47 - Row :509 - Parsing item.
07-21-2026 @ 00:52:48 - Row :509 - Processing item.
07-21-2026 @ 00:52:48 - Process start..
07-21-2026 @ 00:52:48 - Processing subscriptions...
07-21-2026 @ 00:52:48 - > &#8220;0&#8221;Subscription Imported Successfully.
07-21-2026 @ 00:52:48 - > Finished importing order 0
07-21-2026 @ 00:52:48 - Finished processing orders.
07-21-2026 @ 00:52:48 - Row :509 - Subscription order imported successfully.
07-21-2026 @ 00:52:48 - Row :510 - Parsing item.
07-21-2026 @ 00:52:49 - Row :510 - Processing item.
07-21-2026 @ 00:52:49 - Process start..
07-21-2026 @ 00:52:49 - Processing subscriptions...
07-21-2026 @ 00:52:49 - > &#8220;0&#8221;Subscription Imported Successfully.
07-21-2026 @ 00:52:49 - > Finished importing order 0
07-21-2026 @ 00:52:49 - Finished processing orders.
07-21-2026 @ 00:52:49 - Row :510 - Subscription order imported successfully.
07-21-2026 @ 00:52:50 - Preparing for import.
07-21-2026 @ 00:52:50 - Row :511 - Parsing item.
07-21-2026 @ 00:52:50 - Row :511 - Processing item.
07-21-2026 @ 00:52:50 - Process start..
07-21-2026 @ 00:52:50 - Processing subscriptions...
07-21-2026 @ 00:52:51 - > &#8220;0&#8221;Subscription Imported Successfully.
07-21-2026 @ 00:52:51 - > Finished importing order 0
07-21-2026 @ 00:52:51 - Finished processing orders.
07-21-2026 @ 00:52:51 - Row :511 - Subscription order imported successfully.
07-21-2026 @ 00:52:51 - Row :512 - Parsing item.
07-21-2026 @ 00:52:51 - Row :512 - Processing item.
07-21-2026 @ 00:52:51 - Process start..
07-21-2026 @ 00:52:51 - Processing subscriptions...
07-21-2026 @ 00:52:51 - > &#8220;0&#8221;Subscription Imported Successfully.
07-21-2026 @ 00:52:51 - > Finished importing order 0
07-21-2026 @ 00:52:51 - Finished processing orders.
07-21-2026 @ 00:52:52 - Row :512 - Subscription order imported successfully.
07-21-2026 @ 00:52:52 - Row :513 - Parsing item.
07-21-2026 @ 00:52:52 - Row :513 - Processing item.
07-21-2026 @ 00:52:52 - Process start..
07-21-2026 @ 00:52:52 - Processing subscriptions...
07-21-2026 @ 00:52:52 - > &#8220;0&#8221;Subscription Imported Successfully.
07-21-2026 @ 00:52:52 - > Finished importing order 0
07-21-2026 @ 00:52:52 - Finished processing orders.
07-21-2026 @ 00:52:52 - Row :513 - Subscription order imported successfully.
07-21-2026 @ 00:52:52 - Row :514 - Parsing item.
07-21-2026 @ 00:52:52 - Row :514 - Processing item.
07-21-2026 @ 00:52:53 - Process start..
07-21-2026 @ 00:52:53 - Processing subscriptions...
07-21-2026 @ 00:52:53 - > &#8220;0&#8221;Subscription Imported Successfully.
07-21-2026 @ 00:52:53 - > Finished importing order 0
07-21-2026 @ 00:52:53 - Finished processing orders.
07-21-2026 @ 00:52:53 - Row :514 - Subscription order imported successfully.
07-21-2026 @ 00:52:53 - Row :515 - Parsing item.
07-21-2026 @ 00:52:53 - Row :515 - Processing item.
07-21-2026 @ 00:52:54 - Process start..
07-21-2026 @ 00:52:54 - Processing subscriptions...
07-21-2026 @ 00:52:54 - > &#8220;0&#8221;Subscription Imported Successfully.
07-21-2026 @ 00:52:54 - > Finished importing order 0
07-21-2026 @ 00:52:54 - Finished processing orders.
07-21-2026 @ 00:52:54 - Row :515 - Subscription order imported successfully.
07-21-2026 @ 00:52:54 - Row :516 - Parsing item.
07-21-2026 @ 00:52:54 - Row :516 - Processing item.
07-21-2026 @ 00:52:55 - Process start..
07-21-2026 @ 00:52:55 - Processing subscriptions...
07-21-2026 @ 00:52:55 - > &#8220;0&#8221;Subscription Imported Successfully.
07-21-2026 @ 00:52:55 - > Finished importing order 0
07-21-2026 @ 00:52:55 - Finished processing orders.
07-21-2026 @ 00:52:55 - Row :516 - Subscription order imported successfully.
07-21-2026 @ 00:52:55 - Row :517 - Parsing item.
07-21-2026 @ 00:52:55 - Row :517 - Processing item.
07-21-2026 @ 00:52:55 - Process start..
07-21-2026 @ 00:52:55 - Processing subscriptions...
07-21-2026 @ 00:52:56 - > &#8220;0&#8221;Subscription Imported Successfully.
07-21-2026 @ 00:52:56 - > Finished importing order 0
07-21-2026 @ 00:52:56 - Finished processing orders.
07-21-2026 @ 00:52:56 - Row :517 - Subscription order imported successfully.
07-21-2026 @ 00:52:56 - Row :518 - Parsing item.
07-21-2026 @ 00:52:56 - Row :518 - Processing item.
07-21-2026 @ 00:52:56 - Process start..
07-21-2026 @ 00:52:56 - Processing subscriptions...
07-21-2026 @ 00:52:56 - > &#8220;0&#8221;Subscription Imported Successfully.
07-21-2026 @ 00:52:56 - > Finished importing order 0
07-21-2026 @ 00:52:56 - Finished processing orders.
07-21-2026 @ 00:52:57 - Row :518 - Subscription order imported successfully.
07-21-2026 @ 00:52:57 - Row :519 - Parsing item.
07-21-2026 @ 00:52:57 - Row :519 - Processing item.
07-21-2026 @ 00:52:57 - Process start..
07-21-2026 @ 00:52:57 - Processing subscriptions...
07-21-2026 @ 00:52:57 - > &#8220;0&#8221;Subscription Imported Successfully.
07-21-2026 @ 00:52:57 - > Finished importing order 0
07-21-2026 @ 00:52:57 - Finished processing orders.
07-21-2026 @ 00:52:57 - Row :519 - Subscription order imported successfully.
07-21-2026 @ 00:52:57 - Row :520 - Parsing item.
07-21-2026 @ 00:52:57 - Row :520 - Processing item.
07-21-2026 @ 00:52:58 - Process start..
07-21-2026 @ 00:52:58 - Processing subscriptions...
07-21-2026 @ 00:52:58 - > &#8220;0&#8221;Subscription Imported Successfully.
07-21-2026 @ 00:52:58 - > Finished importing order 0
07-21-2026 @ 00:52:58 - Finished processing orders.
07-21-2026 @ 00:52:58 - Row :520 - Subscription order imported successfully.
07-21-2026 @ 00:52:58 - Preparing for import.
07-21-2026 @ 00:52:58 - Row :521 - Parsing item.
07-21-2026 @ 00:52:59 - Row :521 - Processing item.
07-21-2026 @ 00:52:59 - Process start..
07-21-2026 @ 00:52:59 - Processing subscriptions...
07-21-2026 @ 00:52:59 - > &#8220;0&#8221;Subscription Imported Successfully.
07-21-2026 @ 00:52:59 - > Finished importing order 0
07-21-2026 @ 00:52:59 - Finished processing orders.
07-21-2026 @ 00:52:59 - Row :521 - Subscription order imported successfully.
07-21-2026 @ 00:52:59 - Row :522 - Parsing item.
07-21-2026 @ 00:52:59 - Row :522 - Processing item.
07-21-2026 @ 00:53:00 - Process start..
07-21-2026 @ 00:53:00 - Processing subscriptions...
07-21-2026 @ 00:53:00 - > &#8220;0&#8221;Subscription Imported Successfully.
07-21-2026 @ 00:53:00 - > Finished importing order 0
07-21-2026 @ 00:53:00 - Finished processing orders.
07-21-2026 @ 00:53:00 - Row :522 - Subscription order imported successfully.
07-21-2026 @ 00:53:00 - Row :523 - Parsing item.
07-21-2026 @ 00:53:00 - Row :523 - Processing item.
07-21-2026 @ 00:53:00 - Process start..
07-21-2026 @ 00:53:00 - Processing subscriptions...
07-21-2026 @ 00:53:01 - > &#8220;0&#8221;Subscription Imported Successfully.
07-21-2026 @ 00:53:01 - > Finished importing order 0
07-21-2026 @ 00:53:01 - Finished processing orders.
07-21-2026 @ 00:53:01 - Row :523 - Subscription order imported successfully.
07-21-2026 @ 00:53:01 - Row :524 - Parsing item.
07-21-2026 @ 00:53:01 - Row :524 - Processing item.
07-21-2026 @ 00:53:01 - Process start..
07-21-2026 @ 00:53:01 - Processing subscriptions...
07-21-2026 @ 00:53:02 - > &#8220;0&#8221;Subscription Imported Successfully.
07-21-2026 @ 00:53:02 - > Finished importing order 0
07-21-2026 @ 00:53:02 - Finished processing orders.
07-21-2026 @ 00:53:02 - Row :524 - Subscription order imported successfully.
07-21-2026 @ 00:53:02 - Row :525 - Parsing item.
07-21-2026 @ 00:53:02 - Row :525 - Processing item.
07-21-2026 @ 00:53:02 - Process start..
07-21-2026 @ 00:53:02 - Processing subscriptions...
07-21-2026 @ 00:53:03 - > &#8220;0&#8221;Subscription Imported Successfully.
07-21-2026 @ 00:53:03 - > Finished importing order 0
07-21-2026 @ 00:53:03 - Finished processing orders.
07-21-2026 @ 00:53:03 - Row :525 - Subscription order imported successfully.
07-21-2026 @ 00:53:03 - Row :526 - Parsing item.
07-21-2026 @ 00:53:03 - Row :526 - Processing item.
07-21-2026 @ 00:53:03 - Process start..
07-21-2026 @ 00:53:03 - Processing subscriptions...
07-21-2026 @ 00:53:04 - > &#8220;0&#8221;Subscription Imported Successfully.
07-21-2026 @ 00:53:04 - > Finished importing order 0
07-21-2026 @ 00:53:04 - Finished processing orders.
07-21-2026 @ 00:53:04 - Row :526 - Subscription order imported successfully.
07-21-2026 @ 00:53:04 - Row :527 - Parsing item.
07-21-2026 @ 00:53:04 - Row :527 - Processing item.
07-21-2026 @ 00:53:04 - Process start..
07-21-2026 @ 00:53:04 - Processing subscriptions...
07-21-2026 @ 00:53:05 - > &#8220;0&#8221;Subscription Imported Successfully.
07-21-2026 @ 00:53:05 - > Finished importing order 0
07-21-2026 @ 00:53:05 - Finished processing orders.
07-21-2026 @ 00:53:05 - Row :527 - Subscription order imported successfully.
07-21-2026 @ 00:53:05 - Row :528 - Parsing item.
07-21-2026 @ 00:53:05 - Row :528 - Processing item.
07-21-2026 @ 00:53:05 - Process start..
07-21-2026 @ 00:53:05 - Processing subscriptions...
07-21-2026 @ 00:53:06 - > &#8220;0&#8221;Subscription Imported Successfully.
07-21-2026 @ 00:53:06 - > Finished importing order 0
07-21-2026 @ 00:53:06 - Finished processing orders.
07-21-2026 @ 00:53:06 - Row :528 - Subscription order imported successfully.
07-21-2026 @ 00:53:06 - Row :529 - Parsing item.
07-21-2026 @ 00:53:06 - Row :529 - Processing item.
07-21-2026 @ 00:53:06 - Process start..
07-21-2026 @ 00:53:06 - Processing subscriptions...
07-21-2026 @ 00:53:07 - > &#8220;0&#8221;Subscription Imported Successfully.
07-21-2026 @ 00:53:07 - > Finished importing order 0
07-21-2026 @ 00:53:07 - Finished processing orders.
07-21-2026 @ 00:53:07 - Row :529 - Subscription order imported successfully.
07-21-2026 @ 00:53:07 - Row :530 - Parsing item.
07-21-2026 @ 00:53:07 - Row :530 - Processing item.
07-21-2026 @ 00:53:07 - Process start..
07-21-2026 @ 00:53:07 - Processing subscriptions...
07-21-2026 @ 00:53:07 - > &#8220;0&#8221;Subscription Imported Successfully.
07-21-2026 @ 00:53:07 - > Finished importing order 0
07-21-2026 @ 00:53:07 - Finished processing orders.
07-21-2026 @ 00:53:08 - Row :530 - Subscription order imported successfully.
07-21-2026 @ 00:53:08 - Preparing for import.
07-21-2026 @ 00:53:08 - Row :531 - Parsing item.
07-21-2026 @ 00:53:08 - Row :531 - Processing item.
07-21-2026 @ 00:53:08 - Process start..
07-21-2026 @ 00:53:08 - Processing subscriptions...
07-21-2026 @ 00:53:09 - > &#8220;0&#8221;Subscription Imported Successfully.
07-21-2026 @ 00:53:09 - > Finished importing order 0
07-21-2026 @ 00:53:09 - Finished processing orders.
07-21-2026 @ 00:53:09 - Row :531 - Subscription order imported successfully.
07-21-2026 @ 00:53:09 - Row :532 - Parsing item.
07-21-2026 @ 00:53:09 - Row :532 - Processing item.
07-21-2026 @ 00:53:09 - Process start..
07-21-2026 @ 00:53:09 - Processing subscriptions...
07-21-2026 @ 00:53:09 - > &#8220;0&#8221;Subscription Imported Successfully.
07-21-2026 @ 00:53:09 - > Finished importing order 0
07-21-2026 @ 00:53:09 - Finished processing orders.
07-21-2026 @ 00:53:10 - Row :532 - Subscription order imported successfully.
07-21-2026 @ 00:53:10 - Row :533 - Parsing item.
07-21-2026 @ 00:53:10 - Row :533 - Processing item.
07-21-2026 @ 00:53:10 - Process start..
07-21-2026 @ 00:53:10 - Processing subscriptions...
07-21-2026 @ 00:53:10 - > &#8220;0&#8221;Subscription Imported Successfully.
07-21-2026 @ 00:53:10 - > Finished importing order 0
07-21-2026 @ 00:53:10 - Finished processing orders.
07-21-2026 @ 00:53:10 - Row :533 - Subscription order imported successfully.
07-21-2026 @ 00:53:10 - Row :534 - Parsing item.
07-21-2026 @ 00:53:11 - Row :534 - Processing item.
07-21-2026 @ 00:53:11 - Process start..
07-21-2026 @ 00:53:11 - Processing subscriptions...
07-21-2026 @ 00:53:11 - > &#8220;0&#8221;Subscription Imported Successfully.
07-21-2026 @ 00:53:11 - > Finished importing order 0
07-21-2026 @ 00:53:11 - Finished processing orders.
07-21-2026 @ 00:53:11 - Row :534 - Subscription order imported successfully.
07-21-2026 @ 00:53:11 - Row :535 - Parsing item.
07-21-2026 @ 00:53:11 - Row :535 - Processing item.
07-21-2026 @ 00:53:12 - Process start..
07-21-2026 @ 00:53:12 - Processing subscriptions...
07-21-2026 @ 00:53:12 - > &#8220;0&#8221;Subscription Imported Successfully.
07-21-2026 @ 00:53:12 - > Finished importing order 0
07-21-2026 @ 00:53:12 - Finished processing orders.
07-21-2026 @ 00:53:12 - Row :535 - Subscription order imported successfully.
07-21-2026 @ 00:53:12 - Row :536 - Parsing item.
07-21-2026 @ 00:53:12 - Row :536 - Processing item.
07-21-2026 @ 00:53:12 - Process start..
07-21-2026 @ 00:53:12 - Processing subscriptions...
07-21-2026 @ 00:53:13 - > &#8220;0&#8221;Subscription Imported Successfully.
07-21-2026 @ 00:53:13 - > Finished importing order 0
07-21-2026 @ 00:53:13 - Finished processing orders.
07-21-2026 @ 00:53:13 - Row :536 - Subscription order imported successfully.
07-21-2026 @ 00:53:13 - Row :537 - Parsing item.
07-21-2026 @ 00:53:13 - Row :537 - Processing item.
07-21-2026 @ 00:53:13 - Process start..
07-21-2026 @ 00:53:13 - Processing subscriptions...
07-21-2026 @ 00:53:14 - > &#8220;0&#8221;Subscription Imported Successfully.
07-21-2026 @ 00:53:14 - > Finished importing order 0
07-21-2026 @ 00:53:14 - Finished processing orders.
07-21-2026 @ 00:53:14 - Row :537 - Subscription order imported successfully.
07-21-2026 @ 00:53:14 - Row :538 - Parsing item.
07-21-2026 @ 00:53:14 - Row :538 - Processing item.
07-21-2026 @ 00:53:14 - Process start..
07-21-2026 @ 00:53:14 - Processing subscriptions...
07-21-2026 @ 00:53:14 - > &#8220;0&#8221;Subscription Imported Successfully.
07-21-2026 @ 00:53:14 - > Finished importing order 0
07-21-2026 @ 00:53:14 - Finished processing orders.
07-21-2026 @ 00:53:15 - Row :538 - Subscription order imported successfully.
07-21-2026 @ 00:53:15 - Row :539 - Parsing item.
07-21-2026 @ 00:53:15 - Row :539 - Processing item.
07-21-2026 @ 00:53:15 - Process start..
07-21-2026 @ 00:53:15 - Processing subscriptions...
07-21-2026 @ 00:53:15 - > &#8220;0&#8221;Subscription Imported Successfully.
07-21-2026 @ 00:53:15 - > Finished importing order 0
07-21-2026 @ 00:53:15 - Finished processing orders.
07-21-2026 @ 00:53:15 - Row :539 - Subscription order imported successfully.
07-21-2026 @ 00:53:15 - Row :540 - Parsing item.
07-21-2026 @ 00:53:16 - Row :540 - Processing item.
07-21-2026 @ 00:53:16 - Process start..
07-21-2026 @ 00:53:16 - Processing subscriptions...
07-21-2026 @ 00:53:16 - > &#8220;0&#8221;Subscription Imported Successfully.
07-21-2026 @ 00:53:16 - > Finished importing order 0
07-21-2026 @ 00:53:16 - Finished processing orders.
07-21-2026 @ 00:53:16 - Row :540 - Subscription order imported successfully.
07-21-2026 @ 00:53:17 - Preparing for import.
07-21-2026 @ 00:53:17 - Row :541 - Parsing item.
07-21-2026 @ 00:53:17 - Row :541 - Processing item.
07-21-2026 @ 00:53:17 - Process start..
07-21-2026 @ 00:53:17 - Processing subscriptions...
07-21-2026 @ 00:53:17 - > &#8220;0&#8221;Subscription Imported Successfully.
07-21-2026 @ 00:53:17 - > Finished importing order 0
07-21-2026 @ 00:53:17 - Finished processing orders.
07-21-2026 @ 00:53:18 - Row :541 - Subscription order imported successfully.
07-21-2026 @ 00:53:18 - Row :542 - Parsing item.
07-21-2026 @ 00:53:18 - Row :542 - Processing item.
07-21-2026 @ 00:53:18 - Process start..
07-21-2026 @ 00:53:18 - Processing subscriptions...
07-21-2026 @ 00:53:18 - > &#8220;0&#8221;Subscription Imported Successfully.
07-21-2026 @ 00:53:18 - > Finished importing order 0
07-21-2026 @ 00:53:18 - Finished processing orders.
07-21-2026 @ 00:53:19 - Row :542 - Subscription order imported successfully.
07-21-2026 @ 00:53:19 - Row :543 - Parsing item.
07-21-2026 @ 00:53:19 - Row :543 - Processing item.
07-21-2026 @ 00:53:19 - Process start..
07-21-2026 @ 00:53:19 - Processing subscriptions...
07-21-2026 @ 00:53:19 - > &#8220;0&#8221;Subscription Imported Successfully.
07-21-2026 @ 00:53:19 - > Finished importing order 0
07-21-2026 @ 00:53:19 - Finished processing orders.
07-21-2026 @ 00:53:19 - Row :543 - Subscription order imported successfully.
07-21-2026 @ 00:53:19 - Row :544 - Parsing item.
07-21-2026 @ 00:53:20 - Row :544 - Processing item.
07-21-2026 @ 00:53:20 - Process start..
07-21-2026 @ 00:53:20 - Processing subscriptions...
07-21-2026 @ 00:53:20 - > &#8220;0&#8221;Subscription Imported Successfully.
07-21-2026 @ 00:53:20 - > Finished importing order 0
07-21-2026 @ 00:53:20 - Finished processing orders.
07-21-2026 @ 00:53:20 - Row :544 - Subscription order imported successfully.
07-21-2026 @ 00:53:20 - Row :545 - Parsing item.
07-21-2026 @ 00:53:21 - Row :545 - Processing item.
07-21-2026 @ 00:53:21 - Process start..
07-21-2026 @ 00:53:21 - Processing subscriptions...
07-21-2026 @ 00:53:21 - > &#8220;0&#8221;Subscription Imported Successfully.
07-21-2026 @ 00:53:21 - > Finished importing order 0
07-21-2026 @ 00:53:21 - Finished processing orders.
07-21-2026 @ 00:53:21 - Row :545 - Subscription order imported successfully.
07-21-2026 @ 00:53:21 - Row :546 - Parsing item.
07-21-2026 @ 00:53:21 - Row :546 - Processing item.
07-21-2026 @ 00:53:22 - Process start..
07-21-2026 @ 00:53:22 - Processing subscriptions...
07-21-2026 @ 00:53:22 - > &#8220;0&#8221;Subscription Imported Successfully.
07-21-2026 @ 00:53:22 - > Finished importing order 0
07-21-2026 @ 00:53:22 - Finished processing orders.
07-21-2026 @ 00:53:22 - Row :546 - Subscription order imported successfully.
07-21-2026 @ 00:53:22 - Row :547 - Parsing item.
07-21-2026 @ 00:53:22 - Row :547 - Processing item.
07-21-2026 @ 00:53:22 - Process start..
07-21-2026 @ 00:53:22 - Processing subscriptions...
07-21-2026 @ 00:53:23 - > &#8220;0&#8221;Subscription Imported Successfully.
07-21-2026 @ 00:53:23 - > Finished importing order 0
07-21-2026 @ 00:53:23 - Finished processing orders.
07-21-2026 @ 00:53:23 - Row :547 - Subscription order imported successfully.
07-21-2026 @ 00:53:23 - Row :548 - Parsing item.
07-21-2026 @ 00:53:23 - Row :548 - Processing item.
07-21-2026 @ 00:53:23 - Process start..
07-21-2026 @ 00:53:23 - Processing subscriptions...
07-21-2026 @ 00:53:24 - > &#8220;0&#8221;Subscription Imported Successfully.
07-21-2026 @ 00:53:24 - > Finished importing order 0
07-21-2026 @ 00:53:24 - Finished processing orders.
07-21-2026 @ 00:53:24 - Row :548 - Subscription order imported successfully.
07-21-2026 @ 00:53:24 - Row :549 - Parsing item.
07-21-2026 @ 00:53:24 - Row :549 - Processing item.
07-21-2026 @ 00:53:24 - Process start..
07-21-2026 @ 00:53:24 - Processing subscriptions...
07-21-2026 @ 00:53:25 - > &#8220;0&#8221;Subscription Imported Successfully.
07-21-2026 @ 00:53:25 - > Finished importing order 0
07-21-2026 @ 00:53:25 - Finished processing orders.
07-21-2026 @ 00:53:25 - Row :549 - Subscription order imported successfully.
07-21-2026 @ 00:53:25 - Row :550 - Parsing item.
07-21-2026 @ 00:53:25 - Row :550 - Processing item.
07-21-2026 @ 00:53:25 - Process start..
07-21-2026 @ 00:53:25 - Processing subscriptions...
07-21-2026 @ 00:53:25 - > &#8220;0&#8221;Subscription Imported Successfully.
07-21-2026 @ 00:53:25 - > Finished importing order 0
07-21-2026 @ 00:53:25 - Finished processing orders.
07-21-2026 @ 00:53:26 - Row :550 - Subscription order imported successfully.
07-21-2026 @ 00:53:26 - Preparing for import.
07-21-2026 @ 00:53:26 - Row :551 - Parsing item.
07-21-2026 @ 00:53:26 - Row :551 - Processing item.
07-21-2026 @ 00:53:27 - Process start..
07-21-2026 @ 00:53:27 - Processing subscriptions...
07-21-2026 @ 00:53:27 - > &#8220;0&#8221;Subscription Imported Successfully.
07-21-2026 @ 00:53:27 - > Finished importing order 0
07-21-2026 @ 00:53:27 - Finished processing orders.
07-21-2026 @ 00:53:27 - Row :551 - Subscription order imported successfully.
07-21-2026 @ 00:53:27 - Row :552 - Parsing item.
07-21-2026 @ 00:53:27 - Row :552 - Processing item.
07-21-2026 @ 00:53:27 - Process start..
07-21-2026 @ 00:53:27 - Processing subscriptions...
07-21-2026 @ 00:53:28 - > &#8220;0&#8221;Subscription Imported Successfully.
07-21-2026 @ 00:53:28 - > Finished importing order 0
07-21-2026 @ 00:53:28 - Finished processing orders.
07-21-2026 @ 00:53:28 - Row :552 - Subscription order imported successfully.
07-21-2026 @ 00:53:28 - Row :553 - Parsing item.
07-21-2026 @ 00:53:28 - Row :553 - Processing item.
07-21-2026 @ 00:53:28 - Process start..
07-21-2026 @ 00:53:28 - Processing subscriptions...
07-21-2026 @ 00:53:29 - > &#8220;0&#8221;Subscription Imported Successfully.
07-21-2026 @ 00:53:29 - > Finished importing order 0
07-21-2026 @ 00:53:29 - Finished processing orders.
07-21-2026 @ 00:53:29 - Row :553 - Subscription order imported successfully.
07-21-2026 @ 00:53:29 - Row :554 - Parsing item.
07-21-2026 @ 00:53:29 - Row :554 - Processing item.
07-21-2026 @ 00:53:29 - Process start..
07-21-2026 @ 00:53:29 - Processing subscriptions...
07-21-2026 @ 00:53:30 - > &#8220;0&#8221;Subscription Imported Successfully.
07-21-2026 @ 00:53:30 - > Finished importing order 0
07-21-2026 @ 00:53:30 - Finished processing orders.
07-21-2026 @ 00:53:30 - Row :554 - Subscription order imported successfully.
07-21-2026 @ 00:53:30 - Row :555 - Parsing item.
07-21-2026 @ 00:53:30 - Row :555 - Processing item.
07-21-2026 @ 00:53:30 - Process start..
07-21-2026 @ 00:53:30 - Processing subscriptions...
07-21-2026 @ 00:53:31 - > &#8220;0&#8221;Subscription Imported Successfully.
07-21-2026 @ 00:53:31 - > Finished importing order 0
07-21-2026 @ 00:53:31 - Finished processing orders.
07-21-2026 @ 00:53:31 - Row :555 - Subscription order imported successfully.
07-21-2026 @ 00:53:31 - Row :556 - Parsing item.
07-21-2026 @ 00:53:31 - Row :556 - Processing item.
07-21-2026 @ 00:53:31 - Process start..
07-21-2026 @ 00:53:31 - Processing subscriptions...
07-21-2026 @ 00:53:31 - > &#8220;0&#8221;Subscription Imported Successfully.
07-21-2026 @ 00:53:31 - > Finished importing order 0
07-21-2026 @ 00:53:31 - Finished processing orders.
07-21-2026 @ 00:53:32 - Row :556 - Subscription order imported successfully.
07-21-2026 @ 00:53:32 - Row :557 - Parsing item.
07-21-2026 @ 00:53:32 - Row :557 - Processing item.
07-21-2026 @ 00:53:32 - Process start..
07-21-2026 @ 00:53:32 - Processing subscriptions...
07-21-2026 @ 00:53:32 - > &#8220;0&#8221;Subscription Imported Successfully.
07-21-2026 @ 00:53:32 - > Finished importing order 0
07-21-2026 @ 00:53:32 - Finished processing orders.
07-21-2026 @ 00:53:32 - Row :557 - Subscription order imported successfully.
07-21-2026 @ 00:53:32 - Row :558 - Parsing item.
07-21-2026 @ 00:53:32 - Row :558 - Processing item.
07-21-2026 @ 00:53:33 - Process start..
07-21-2026 @ 00:53:33 - Processing subscriptions...
07-21-2026 @ 00:53:33 - > &#8220;0&#8221;Subscription Imported Successfully.
07-21-2026 @ 00:53:33 - > Finished importing order 0
07-21-2026 @ 00:53:33 - Finished processing orders.
07-21-2026 @ 00:53:33 - Row :558 - Subscription order imported successfully.
07-21-2026 @ 00:53:33 - Row :559 - Parsing item.
07-21-2026 @ 00:53:33 - Row :559 - Processing item.
07-21-2026 @ 00:53:34 - Process start..
07-21-2026 @ 00:53:34 - Processing subscriptions...
07-21-2026 @ 00:53:34 - > &#8220;0&#8221;Subscription Imported Successfully.
07-21-2026 @ 00:53:34 - > Finished importing order 0
07-21-2026 @ 00:53:34 - Finished processing orders.
07-21-2026 @ 00:53:34 - Row :559 - Subscription order imported successfully.
07-21-2026 @ 00:53:34 - Row :560 - Parsing item.
07-21-2026 @ 00:53:34 - Row :560 - Processing item.
07-21-2026 @ 00:53:34 - Process start..
07-21-2026 @ 00:53:34 - Processing subscriptions...
07-21-2026 @ 00:53:35 - > &#8220;0&#8221;Subscription Imported Successfully.
07-21-2026 @ 00:53:35 - > Finished importing order 0
07-21-2026 @ 00:53:35 - Finished processing orders.
07-21-2026 @ 00:53:35 - Row :560 - Subscription order imported successfully.
07-21-2026 @ 00:53:36 - Preparing for import.
07-21-2026 @ 00:53:36 - Row :561 - Parsing item.
07-21-2026 @ 00:53:36 - Row :561 - Processing item.
07-21-2026 @ 00:53:37 - Process start..
07-21-2026 @ 00:53:37 - Processing subscriptions...
07-21-2026 @ 00:53:37 - > &#8220;0&#8221;Subscription Imported Successfully.
07-21-2026 @ 00:53:37 - > Finished importing order 0
07-21-2026 @ 00:53:37 - Finished processing orders.
07-21-2026 @ 00:53:37 - Row :561 - Subscription order imported successfully.
07-21-2026 @ 00:53:37 - Row :562 - Parsing item.
07-21-2026 @ 00:53:37 - Row :562 - Processing item.
07-21-2026 @ 00:53:38 - Process start..
07-21-2026 @ 00:53:38 - Processing subscriptions...
07-21-2026 @ 00:53:38 - > &#8220;0&#8221;Subscription Imported Successfully.
07-21-2026 @ 00:53:38 - > Finished importing order 0
07-21-2026 @ 00:53:38 - Finished processing orders.
07-21-2026 @ 00:53:38 - Row :562 - Subscription order imported successfully.
07-21-2026 @ 00:53:38 - Row :563 - Parsing item.
07-21-2026 @ 00:53:38 - Row :563 - Processing item.
07-21-2026 @ 00:53:39 - Process start..
07-21-2026 @ 00:53:39 - Processing subscriptions...
07-21-2026 @ 00:53:39 - > &#8220;0&#8221;Subscription Imported Successfully.
07-21-2026 @ 00:53:39 - > Finished importing order 0
07-21-2026 @ 00:53:39 - Finished processing orders.
07-21-2026 @ 00:53:39 - Row :563 - Subscription order imported successfully.
07-21-2026 @ 00:53:39 - Row :564 - Parsing item.
07-21-2026 @ 00:53:39 - Row :564 - Processing item.
07-21-2026 @ 00:53:40 - Process start..
07-21-2026 @ 00:53:40 - Processing subscriptions...
07-21-2026 @ 00:53:40 - > &#8220;0&#8221;Subscription Imported Successfully.
07-21-2026 @ 00:53:40 - > Finished importing order 0
07-21-2026 @ 00:53:40 - Finished processing orders.
07-21-2026 @ 00:53:40 - Row :564 - Subscription order imported successfully.
07-21-2026 @ 00:53:40 - Row :565 - Parsing item.
07-21-2026 @ 00:53:40 - Row :565 - Processing item.
07-21-2026 @ 00:53:41 - Process start..
07-21-2026 @ 00:53:41 - Processing subscriptions...
07-21-2026 @ 00:53:41 - > &#8220;0&#8221;Subscription Imported Successfully.
07-21-2026 @ 00:53:41 - > Finished importing order 0
07-21-2026 @ 00:53:41 - Finished processing orders.
07-21-2026 @ 00:53:41 - Row :565 - Subscription order imported successfully.
07-21-2026 @ 00:53:41 - Row :566 - Parsing item.
07-21-2026 @ 00:53:41 - Row :566 - Processing item.
07-21-2026 @ 00:53:41 - Process start..
07-21-2026 @ 00:53:41 - Processing subscriptions...
07-21-2026 @ 00:53:42 - > &#8220;0&#8221;Subscription Imported Successfully.
07-21-2026 @ 00:53:42 - > Finished importing order 0
07-21-2026 @ 00:53:42 - Finished processing orders.
07-21-2026 @ 00:53:42 - Row :566 - Subscription order imported successfully.
07-21-2026 @ 00:53:42 - Row :567 - Parsing item.
07-21-2026 @ 00:53:42 - Row :567 - Processing item.
07-21-2026 @ 00:53:42 - Process start..
07-21-2026 @ 00:53:42 - Processing subscriptions...
07-21-2026 @ 00:53:43 - > &#8220;0&#8221;Subscription Imported Successfully.
07-21-2026 @ 00:53:43 - > Finished importing order 0
07-21-2026 @ 00:53:43 - Finished processing orders.
07-21-2026 @ 00:53:43 - Row :567 - Subscription order imported successfully.
07-21-2026 @ 00:53:43 - Row :568 - Parsing item.
07-21-2026 @ 00:53:43 - Row :568 - Processing item.
07-21-2026 @ 00:53:43 - Process start..
07-21-2026 @ 00:53:43 - Processing subscriptions...
07-21-2026 @ 00:53:44 - > &#8220;0&#8221;Subscription Imported Successfully.
07-21-2026 @ 00:53:44 - > Finished importing order 0
07-21-2026 @ 00:53:44 - Finished processing orders.
07-21-2026 @ 00:53:44 - Row :568 - Subscription order imported successfully.
07-21-2026 @ 00:53:44 - Row :569 - Parsing item.
07-21-2026 @ 00:53:44 - Row :569 - Processing item.
07-21-2026 @ 00:53:44 - Process start..
07-21-2026 @ 00:53:44 - Processing subscriptions...
07-21-2026 @ 00:53:45 - > &#8220;0&#8221;Subscription Imported Successfully.
07-21-2026 @ 00:53:45 - > Finished importing order 0
07-21-2026 @ 00:53:45 - Finished processing orders.
07-21-2026 @ 00:53:45 - Row :569 - Subscription order imported successfully.
07-21-2026 @ 00:53:45 - Row :570 - Parsing item.
07-21-2026 @ 00:53:45 - Row :570 - Processing item.
07-21-2026 @ 00:53:45 - Process start..
07-21-2026 @ 00:53:45 - Processing subscriptions...
07-21-2026 @ 00:53:46 - > &#8220;0&#8221;Subscription Imported Successfully.
07-21-2026 @ 00:53:46 - > Finished importing order 0
07-21-2026 @ 00:53:46 - Finished processing orders.
07-21-2026 @ 00:53:46 - Row :570 - Subscription order imported successfully.
07-21-2026 @ 00:53:46 - Preparing for import.
07-21-2026 @ 00:53:46 - Row :571 - Parsing item.
07-21-2026 @ 00:53:46 - Row :571 - Processing item.
07-21-2026 @ 00:53:46 - Process start..
07-21-2026 @ 00:53:46 - Processing subscriptions...
07-21-2026 @ 00:53:47 - > &#8220;0&#8221;Subscription Imported Successfully.
07-21-2026 @ 00:53:47 - > Finished importing order 0
07-21-2026 @ 00:53:47 - Finished processing orders.
07-21-2026 @ 00:53:47 - Row :571 - Subscription order imported successfully.
07-21-2026 @ 00:53:47 - Row :572 - Parsing item.
07-21-2026 @ 00:53:47 - Row :572 - Processing item.
07-21-2026 @ 00:53:47 - Process start..
07-21-2026 @ 00:53:47 - Processing subscriptions...
07-21-2026 @ 00:53:48 - > &#8220;0&#8221;Subscription Imported Successfully.
07-21-2026 @ 00:53:48 - > Finished importing order 0
07-21-2026 @ 00:53:48 - Finished processing orders.
07-21-2026 @ 00:53:48 - Row :572 - Subscription order imported successfully.
07-21-2026 @ 00:53:48 - Row :573 - Parsing item.
07-21-2026 @ 00:53:48 - Row :573 - Processing item.
07-21-2026 @ 00:53:48 - Process start..
07-21-2026 @ 00:53:48 - Processing subscriptions...
07-21-2026 @ 00:53:49 - > &#8220;0&#8221;Subscription Imported Successfully.
07-21-2026 @ 00:53:49 - > Finished importing order 0
07-21-2026 @ 00:53:49 - Finished processing orders.
07-21-2026 @ 00:53:49 - Row :573 - Subscription order imported successfully.
07-21-2026 @ 00:53:49 - Row :574 - Parsing item.
07-21-2026 @ 00:53:49 - Row :574 - Processing item.
07-21-2026 @ 00:53:49 - Process start..
07-21-2026 @ 00:53:49 - Processing subscriptions...
07-21-2026 @ 00:53:49 - > &#8220;0&#8221;Subscription Imported Successfully.
07-21-2026 @ 00:53:49 - > Finished importing order 0
07-21-2026 @ 00:53:49 - Finished processing orders.
07-21-2026 @ 00:53:50 - Row :574 - Subscription order imported successfully.
07-21-2026 @ 00:53:50 - Row :575 - Parsing item.
07-21-2026 @ 00:53:50 - Row :575 - Processing item.
07-21-2026 @ 00:53:50 - Process start..
07-21-2026 @ 00:53:50 - Processing subscriptions...
07-21-2026 @ 00:53:50 - > &#8220;0&#8221;Subscription Imported Successfully.
07-21-2026 @ 00:53:50 - > Finished importing order 0
07-21-2026 @ 00:53:50 - Finished processing orders.
07-21-2026 @ 00:53:50 - Row :575 - Subscription order imported successfully.
07-21-2026 @ 00:53:50 - Row :576 - Parsing item.
07-21-2026 @ 00:53:51 - Row :576 - Processing item.
07-21-2026 @ 00:53:51 - Process start..
07-21-2026 @ 00:53:51 - Processing subscriptions...
07-21-2026 @ 00:53:51 - > &#8220;0&#8221;Subscription Imported Successfully.
07-21-2026 @ 00:53:51 - > Finished importing order 0
07-21-2026 @ 00:53:51 - Finished processing orders.
07-21-2026 @ 00:53:51 - Row :576 - Subscription order imported successfully.
07-21-2026 @ 00:53:51 - Row :577 - Parsing item.
07-21-2026 @ 00:53:52 - Row :577 - Processing item.
07-21-2026 @ 00:53:52 - Process start..
07-21-2026 @ 00:53:52 - Processing subscriptions...
07-21-2026 @ 00:53:52 - > &#8220;0&#8221;Subscription Imported Successfully.
07-21-2026 @ 00:53:52 - > Finished importing order 0
07-21-2026 @ 00:53:52 - Finished processing orders.
07-21-2026 @ 00:53:52 - Row :577 - Subscription order imported successfully.
07-21-2026 @ 00:53:52 - Row :578 - Parsing item.
07-21-2026 @ 00:53:52 - Row :578 - Processing item.
07-21-2026 @ 00:53:53 - Process start..
07-21-2026 @ 00:53:53 - Processing subscriptions...
07-21-2026 @ 00:53:53 - > &#8220;0&#8221;Subscription Imported Successfully.
07-21-2026 @ 00:53:53 - > Finished importing order 0
07-21-2026 @ 00:53:53 - Finished processing orders.
07-21-2026 @ 00:53:53 - Row :578 - Subscription order imported successfully.
07-21-2026 @ 00:53:53 - Row :579 - Parsing item.
07-21-2026 @ 00:53:53 - Row :579 - Processing item.
07-21-2026 @ 00:53:54 - Process start..
07-21-2026 @ 00:53:54 - Processing subscriptions...
07-21-2026 @ 00:53:54 - > &#8220;0&#8221;Subscription Imported Successfully.
07-21-2026 @ 00:53:54 - > Finished importing order 0
07-21-2026 @ 00:53:54 - Finished processing orders.
07-21-2026 @ 00:53:54 - Row :579 - Subscription order imported successfully.
07-21-2026 @ 00:53:54 - Row :580 - Parsing item.
07-21-2026 @ 00:53:54 - Row :580 - Processing item.
07-21-2026 @ 00:53:54 - Process start..
07-21-2026 @ 00:53:54 - Processing subscriptions...
07-21-2026 @ 00:53:55 - > &#8220;0&#8221;Subscription Imported Successfully.
07-21-2026 @ 00:53:55 - > Finished importing order 0
07-21-2026 @ 00:53:55 - Finished processing orders.
07-21-2026 @ 00:53:55 - Row :580 - Subscription order imported successfully.
07-21-2026 @ 00:53:55 - Preparing for import.
07-21-2026 @ 00:53:55 - Row :581 - Parsing item.
07-21-2026 @ 00:53:55 - Row :581 - Processing item.
07-21-2026 @ 00:53:56 - Process start..
07-21-2026 @ 00:53:56 - Processing subscriptions...
07-21-2026 @ 00:53:56 - > &#8220;0&#8221;Subscription Imported Successfully.
07-21-2026 @ 00:53:56 - > Finished importing order 0
07-21-2026 @ 00:53:56 - Finished processing orders.
07-21-2026 @ 00:53:56 - Row :581 - Subscription order imported successfully.
07-21-2026 @ 00:53:56 - Row :582 - Parsing item.
07-21-2026 @ 00:53:56 - Row :582 - Processing item.
07-21-2026 @ 00:53:57 - Process start..
07-21-2026 @ 00:53:57 - Processing subscriptions...
07-21-2026 @ 00:53:57 - > &#8220;0&#8221;Subscription Imported Successfully.
07-21-2026 @ 00:53:57 - > Finished importing order 0
07-21-2026 @ 00:53:57 - Finished processing orders.
07-21-2026 @ 00:53:57 - Row :582 - Subscription order imported successfully.
07-21-2026 @ 00:53:57 - Row :583 - Parsing item.
07-21-2026 @ 00:53:57 - Row :583 - Processing item.
07-21-2026 @ 00:53:57 - Process start..
07-21-2026 @ 00:53:57 - Processing subscriptions...
07-21-2026 @ 00:53:58 - > &#8220;0&#8221;Subscription Imported Successfully.
07-21-2026 @ 00:53:58 - > Finished importing order 0
07-21-2026 @ 00:53:58 - Finished processing orders.
07-21-2026 @ 00:53:58 - Row :583 - Subscription order imported successfully.
07-21-2026 @ 00:53:58 - Row :584 - Parsing item.
07-21-2026 @ 00:53:58 - Row :584 - Processing item.
07-21-2026 @ 00:53:58 - Process start..
07-21-2026 @ 00:53:58 - Processing subscriptions...
07-21-2026 @ 00:53:59 - > &#8220;0&#8221;Subscription Imported Successfully.
07-21-2026 @ 00:53:59 - > Finished importing order 0
07-21-2026 @ 00:53:59 - Finished processing orders.
07-21-2026 @ 00:53:59 - Row :584 - Subscription order imported successfully.
07-21-2026 @ 00:53:59 - Row :585 - Parsing item.
07-21-2026 @ 00:53:59 - Row :585 - Processing item.
07-21-2026 @ 00:53:59 - Process start..
07-21-2026 @ 00:53:59 - Processing subscriptions...
07-21-2026 @ 00:54:00 - > &#8220;0&#8221;Subscription Imported Successfully.
07-21-2026 @ 00:54:00 - > Finished importing order 0
07-21-2026 @ 00:54:00 - Finished processing orders.
07-21-2026 @ 00:54:00 - Row :585 - Subscription order imported successfully.
07-21-2026 @ 00:54:00 - Row :586 - Parsing item.
07-21-2026 @ 00:54:00 - Row :586 - Processing item.
07-21-2026 @ 00:54:00 - Process start..
07-21-2026 @ 00:54:00 - Processing subscriptions...
07-21-2026 @ 00:54:00 - > &#8220;0&#8221;Subscription Imported Successfully.
07-21-2026 @ 00:54:00 - > Finished importing order 0
07-21-2026 @ 00:54:00 - Finished processing orders.
07-21-2026 @ 00:54:01 - Row :586 - Subscription order imported successfully.
07-21-2026 @ 00:54:01 - Row :587 - Parsing item.
07-21-2026 @ 00:54:01 - Row :587 - Processing item.
07-21-2026 @ 00:54:01 - Process start..
07-21-2026 @ 00:54:01 - Processing subscriptions...
07-21-2026 @ 00:54:01 - > &#8220;0&#8221;Subscription Imported Successfully.
07-21-2026 @ 00:54:01 - > Finished importing order 0
07-21-2026 @ 00:54:01 - Finished processing orders.
07-21-2026 @ 00:54:02 - Row :587 - Subscription order imported successfully.
07-21-2026 @ 00:54:02 - Row :588 - Parsing item.
07-21-2026 @ 00:54:02 - Row :588 - Processing item.
07-21-2026 @ 00:54:02 - Process start..
07-21-2026 @ 00:54:02 - Processing subscriptions...
07-21-2026 @ 00:54:02 - > &#8220;0&#8221;Subscription Imported Successfully.
07-21-2026 @ 00:54:02 - > Finished importing order 0
07-21-2026 @ 00:54:02 - Finished processing orders.
07-21-2026 @ 00:54:02 - Row :588 - Subscription order imported successfully.
07-21-2026 @ 00:54:02 - Row :589 - Parsing item.
07-21-2026 @ 00:54:03 - Row :589 - Processing item.
07-21-2026 @ 00:54:03 - Process start..
07-21-2026 @ 00:54:03 - Processing subscriptions...
07-21-2026 @ 00:54:03 - > &#8220;0&#8221;Subscription Imported Successfully.
07-21-2026 @ 00:54:03 - > Finished importing order 0
07-21-2026 @ 00:54:03 - Finished processing orders.
07-21-2026 @ 00:54:03 - Row :589 - Subscription order imported successfully.
07-21-2026 @ 00:54:03 - Row :590 - Parsing item.
07-21-2026 @ 00:54:03 - Row :590 - Processing item.
07-21-2026 @ 00:54:04 - Process start..
07-21-2026 @ 00:54:04 - Processing subscriptions...
07-21-2026 @ 00:54:04 - > &#8220;0&#8221;Subscription Imported Successfully.
07-21-2026 @ 00:54:04 - > Finished importing order 0
07-21-2026 @ 00:54:04 - Finished processing orders.
07-21-2026 @ 00:54:04 - Row :590 - Subscription order imported successfully.
07-21-2026 @ 00:54:05 - Preparing for import.
07-21-2026 @ 00:54:05 - Row :591 - Parsing item.
07-21-2026 @ 00:54:05 - Row :591 - Processing item.
07-21-2026 @ 00:54:05 - Process start..
07-21-2026 @ 00:54:05 - Processing subscriptions...
07-21-2026 @ 00:54:06 - > &#8220;0&#8221;Subscription Imported Successfully.
07-21-2026 @ 00:54:06 - > Finished importing order 0
07-21-2026 @ 00:54:06 - Finished processing orders.
07-21-2026 @ 00:54:06 - Row :591 - Subscription order imported successfully.
07-21-2026 @ 00:54:06 - Row :592 - Parsing item.
07-21-2026 @ 00:54:06 - Row :592 - Processing item.
07-21-2026 @ 00:54:07 - Process start..
07-21-2026 @ 00:54:07 - Processing subscriptions...
07-21-2026 @ 00:54:07 - > &#8220;0&#8221;Subscription Imported Successfully.
07-21-2026 @ 00:54:07 - > Finished importing order 0
07-21-2026 @ 00:54:07 - Finished processing orders.
07-21-2026 @ 00:54:07 - Row :592 - Subscription order imported successfully.
07-21-2026 @ 00:54:07 - Row :593 - Parsing item.
07-21-2026 @ 00:54:07 - Row :593 - Processing item.
07-21-2026 @ 00:54:08 - Process start..
07-21-2026 @ 00:54:08 - Processing subscriptions...
07-21-2026 @ 00:54:08 - > &#8220;0&#8221;Subscription Imported Successfully.
07-21-2026 @ 00:54:08 - > Finished importing order 0
07-21-2026 @ 00:54:08 - Finished processing orders.
07-21-2026 @ 00:54:08 - Row :593 - Subscription order imported successfully.
07-21-2026 @ 00:54:08 - Row :594 - Parsing item.
07-21-2026 @ 00:54:08 - Row :594 - Processing item.
07-21-2026 @ 00:54:09 - Process start..
07-21-2026 @ 00:54:09 - Processing subscriptions...
07-21-2026 @ 00:54:09 - > &#8220;0&#8221;Subscription Imported Successfully.
07-21-2026 @ 00:54:09 - > Finished importing order 0
07-21-2026 @ 00:54:09 - Finished processing orders.
07-21-2026 @ 00:54:09 - Row :594 - Subscription order imported successfully.
07-21-2026 @ 00:54:09 - Row :595 - Parsing item.
07-21-2026 @ 00:54:09 - Row :595 - Processing item.
07-21-2026 @ 00:54:10 - Process start..
07-21-2026 @ 00:54:10 - Processing subscriptions...
07-21-2026 @ 00:54:10 - > &#8220;0&#8221;Subscription Imported Successfully.
07-21-2026 @ 00:54:10 - > Finished importing order 0
07-21-2026 @ 00:54:10 - Finished processing orders.
07-21-2026 @ 00:54:10 - Row :595 - Subscription order imported successfully.
07-21-2026 @ 00:54:10 - Row :596 - Parsing item.
07-21-2026 @ 00:54:10 - Row :596 - Processing item.
07-21-2026 @ 00:54:11 - Process start..
07-21-2026 @ 00:54:11 - Processing subscriptions...
07-21-2026 @ 00:54:11 - > &#8220;0&#8221;Subscription Imported Successfully.
07-21-2026 @ 00:54:11 - > Finished importing order 0
07-21-2026 @ 00:54:11 - Finished processing orders.
07-21-2026 @ 00:54:11 - Row :596 - Subscription order imported successfully.
07-21-2026 @ 00:54:11 - Row :597 - Parsing item.
07-21-2026 @ 00:54:11 - Row :597 - Processing item.
07-21-2026 @ 00:54:11 - Process start..
07-21-2026 @ 00:54:11 - Processing subscriptions...
07-21-2026 @ 00:54:12 - > &#8220;0&#8221;Subscription Imported Successfully.
07-21-2026 @ 00:54:12 - > Finished importing order 0
07-21-2026 @ 00:54:12 - Finished processing orders.
07-21-2026 @ 00:54:12 - Row :597 - Subscription order imported successfully.
07-21-2026 @ 00:54:12 - Row :598 - Parsing item.
07-21-2026 @ 00:54:12 - Row :598 - Processing item.
07-21-2026 @ 00:54:12 - Process start..
07-21-2026 @ 00:54:12 - Processing subscriptions...
07-21-2026 @ 00:54:13 - > &#8220;0&#8221;Subscription Imported Successfully.
07-21-2026 @ 00:54:13 - > Finished importing order 0
07-21-2026 @ 00:54:13 - Finished processing orders.
07-21-2026 @ 00:54:13 - Row :598 - Subscription order imported successfully.
07-21-2026 @ 00:54:13 - Row :599 - Parsing item.
07-21-2026 @ 00:54:13 - Row :599 - Processing item.
07-21-2026 @ 00:54:13 - Process start..
07-21-2026 @ 00:54:13 - Processing subscriptions...
07-21-2026 @ 00:54:14 - > &#8220;0&#8221;Subscription Imported Successfully.
07-21-2026 @ 00:54:14 - > Finished importing order 0
07-21-2026 @ 00:54:14 - Finished processing orders.
07-21-2026 @ 00:54:14 - Row :599 - Subscription order imported successfully.
07-21-2026 @ 00:54:14 - Row :600 - Parsing item.
07-21-2026 @ 00:54:14 - Row :600 - Processing item.
07-21-2026 @ 00:54:14 - Process start..
07-21-2026 @ 00:54:14 - Processing subscriptions...
07-21-2026 @ 00:54:15 - > &#8220;0&#8221;Subscription Imported Successfully.
07-21-2026 @ 00:54:15 - > Finished importing order 0
07-21-2026 @ 00:54:15 - Finished processing orders.
07-21-2026 @ 00:54:15 - Row :600 - Subscription order imported successfully.
07-21-2026 @ 00:54:15 - Preparing for import.
07-21-2026 @ 00:54:15 - Row :601 - Parsing item.
07-21-2026 @ 00:54:15 - Row :601 - Processing item.
07-21-2026 @ 00:54:16 - Process start..
07-21-2026 @ 00:54:16 - Processing subscriptions...
07-21-2026 @ 00:54:16 - > &#8220;0&#8221;Subscription Imported Successfully.
07-21-2026 @ 00:54:16 - > Finished importing order 0
07-21-2026 @ 00:54:16 - Finished processing orders.
07-21-2026 @ 00:54:16 - Row :601 - Subscription order imported successfully.
07-21-2026 @ 00:54:16 - Row :602 - Parsing item.
07-21-2026 @ 00:54:16 - Row :602 - Processing item.
07-21-2026 @ 00:54:17 - Process start..
07-21-2026 @ 00:54:17 - Processing subscriptions...
07-21-2026 @ 00:54:17 - > &#8220;0&#8221;Subscription Imported Successfully.
07-21-2026 @ 00:54:17 - > Finished importing order 0
07-21-2026 @ 00:54:17 - Finished processing orders.
07-21-2026 @ 00:54:17 - Row :602 - Subscription order imported successfully.
07-21-2026 @ 00:54:17 - Row :603 - Parsing item.
07-21-2026 @ 00:54:17 - Row :603 - Processing item.
07-21-2026 @ 00:54:17 - Process start..
07-21-2026 @ 00:54:17 - Processing subscriptions...
07-21-2026 @ 00:54:18 - > &#8220;0&#8221;Subscription Imported Successfully.
07-21-2026 @ 00:54:18 - > Finished importing order 0
07-21-2026 @ 00:54:18 - Finished processing orders.
07-21-2026 @ 00:54:18 - Row :603 - Subscription order imported successfully.
07-21-2026 @ 00:54:18 - Row :604 - Parsing item.
07-21-2026 @ 00:54:18 - Row :604 - Processing item.
07-21-2026 @ 00:54:18 - Process start..
07-21-2026 @ 00:54:18 - Processing subscriptions...
07-21-2026 @ 00:54:19 - > &#8220;0&#8221;Subscription Imported Successfully.
07-21-2026 @ 00:54:19 - > Finished importing order 0
07-21-2026 @ 00:54:19 - Finished processing orders.
07-21-2026 @ 00:54:19 - Row :604 - Subscription order imported successfully.
07-21-2026 @ 00:54:19 - Row :605 - Parsing item.
07-21-2026 @ 00:54:19 - Row :605 - Processing item.
07-21-2026 @ 00:54:19 - Process start..
07-21-2026 @ 00:54:19 - Processing subscriptions...
07-21-2026 @ 00:54:20 - > &#8220;0&#8221;Subscription Imported Successfully.
07-21-2026 @ 00:54:20 - > Finished importing order 0
07-21-2026 @ 00:54:20 - Finished processing orders.
07-21-2026 @ 00:54:20 - Row :605 - Subscription order imported successfully.
07-21-2026 @ 00:54:20 - Row :606 - Parsing item.
07-21-2026 @ 00:54:20 - Row :606 - Processing item.
07-21-2026 @ 00:54:20 - Process start..
07-21-2026 @ 00:54:20 - Processing subscriptions...
07-21-2026 @ 00:54:21 - > &#8220;0&#8221;Subscription Imported Successfully.
07-21-2026 @ 00:54:21 - > Finished importing order 0
07-21-2026 @ 00:54:21 - Finished processing orders.
07-21-2026 @ 00:54:21 - Row :606 - Subscription order imported successfully.
07-21-2026 @ 00:54:21 - Row :607 - Parsing item.
07-21-2026 @ 00:54:21 - Row :607 - Processing item.
07-21-2026 @ 00:54:21 - Process start..
07-21-2026 @ 00:54:21 - Processing subscriptions...
07-21-2026 @ 00:54:22 - > &#8220;0&#8221;Subscription Imported Successfully.
07-21-2026 @ 00:54:22 - > Finished importing order 0
07-21-2026 @ 00:54:22 - Finished processing orders.
07-21-2026 @ 00:54:22 - Row :607 - Subscription order imported successfully.
07-21-2026 @ 00:54:22 - Row :608 - Parsing item.
07-21-2026 @ 00:54:22 - Row :608 - Processing item.
07-21-2026 @ 00:54:22 - Process start..
07-21-2026 @ 00:54:22 - Processing subscriptions...
07-21-2026 @ 00:54:23 - > &#8220;0&#8221;Subscription Imported Successfully.
07-21-2026 @ 00:54:23 - > Finished importing order 0
07-21-2026 @ 00:54:23 - Finished processing orders.
07-21-2026 @ 00:54:23 - Row :608 - Subscription order imported successfully.
07-21-2026 @ 00:54:23 - Row :609 - Parsing item.
07-21-2026 @ 00:54:23 - Row :609 - Processing item.
07-21-2026 @ 00:54:23 - Process start..
07-21-2026 @ 00:54:23 - Processing subscriptions...
07-21-2026 @ 00:54:24 - > &#8220;0&#8221;Subscription Imported Successfully.
07-21-2026 @ 00:54:24 - > Finished importing order 0
07-21-2026 @ 00:54:24 - Finished processing orders.
07-21-2026 @ 00:54:24 - Row :609 - Subscription order imported successfully.
07-21-2026 @ 00:54:24 - Row :610 - Parsing item.
07-21-2026 @ 00:54:24 - Row :610 - Processing item.
07-21-2026 @ 00:54:24 - Process start..
07-21-2026 @ 00:54:24 - Processing subscriptions...
07-21-2026 @ 00:54:25 - > &#8220;0&#8221;Subscription Imported Successfully.
07-21-2026 @ 00:54:25 - > Finished importing order 0
07-21-2026 @ 00:54:25 - Finished processing orders.
07-21-2026 @ 00:54:25 - Row :610 - Subscription order imported successfully.
07-21-2026 @ 00:54:25 - Preparing for import.
07-21-2026 @ 00:54:25 - Row :611 - Parsing item.
07-21-2026 @ 00:54:25 - Row :611 - Processing item.
07-21-2026 @ 00:54:26 - Process start..
07-21-2026 @ 00:54:26 - Processing subscriptions...
07-21-2026 @ 00:54:26 - > &#8220;0&#8221;Subscription Imported Successfully.
07-21-2026 @ 00:54:26 - > Finished importing order 0
07-21-2026 @ 00:54:26 - Finished processing orders.
07-21-2026 @ 00:54:26 - Row :611 - Subscription order imported successfully.
07-21-2026 @ 00:54:26 - Row :612 - Parsing item.
07-21-2026 @ 00:54:26 - Row :612 - Processing item.
07-21-2026 @ 00:54:27 - Process start..
07-21-2026 @ 00:54:27 - Processing subscriptions...
07-21-2026 @ 00:54:27 - > &#8220;0&#8221;Subscription Imported Successfully.
07-21-2026 @ 00:54:27 - > Finished importing order 0
07-21-2026 @ 00:54:27 - Finished processing orders.
07-21-2026 @ 00:54:27 - Row :612 - Subscription order imported successfully.
07-21-2026 @ 00:54:27 - Row :613 - Parsing item.
07-21-2026 @ 00:54:27 - Row :613 - Processing item.
07-21-2026 @ 00:54:28 - Process start..
07-21-2026 @ 00:54:28 - Processing subscriptions...
07-21-2026 @ 00:54:28 - > &#8220;0&#8221;Subscription Imported Successfully.
07-21-2026 @ 00:54:28 - > Finished importing order 0
07-21-2026 @ 00:54:28 - Finished processing orders.
07-21-2026 @ 00:54:28 - Row :613 - Subscription order imported successfully.
07-21-2026 @ 00:54:28 - Row :614 - Parsing item.
07-21-2026 @ 00:54:29 - Row :614 - Processing item.
07-21-2026 @ 00:54:29 - Process start..
07-21-2026 @ 00:54:29 - Processing subscriptions...
07-21-2026 @ 00:54:29 - > &#8220;0&#8221;Subscription Imported Successfully.
07-21-2026 @ 00:54:29 - > Finished importing order 0
07-21-2026 @ 00:54:29 - Finished processing orders.
07-21-2026 @ 00:54:29 - Row :614 - Subscription order imported successfully.
07-21-2026 @ 00:54:29 - Row :615 - Parsing item.
07-21-2026 @ 00:54:29 - Row :615 - Processing item.
07-21-2026 @ 00:54:30 - Process start..
07-21-2026 @ 00:54:30 - Processing subscriptions...
07-21-2026 @ 00:54:30 - > &#8220;0&#8221;Subscription Imported Successfully.
07-21-2026 @ 00:54:30 - > Finished importing order 0
07-21-2026 @ 00:54:30 - Finished processing orders.
07-21-2026 @ 00:54:30 - Row :615 - Subscription order imported successfully.
07-21-2026 @ 00:54:30 - Row :616 - Parsing item.
07-21-2026 @ 00:54:30 - Row :616 - Processing item.
07-21-2026 @ 00:54:30 - Process start..
07-21-2026 @ 00:54:30 - Processing subscriptions...
07-21-2026 @ 00:54:31 - > &#8220;0&#8221;Subscription Imported Successfully.
07-21-2026 @ 00:54:31 - > Finished importing order 0
07-21-2026 @ 00:54:31 - Finished processing orders.
07-21-2026 @ 00:54:31 - Row :616 - Subscription order imported successfully.
07-21-2026 @ 00:54:31 - Row :617 - Parsing item.
07-21-2026 @ 00:54:31 - Row :617 - Processing item.
07-21-2026 @ 00:54:31 - Process start..
07-21-2026 @ 00:54:31 - Processing subscriptions...
07-21-2026 @ 00:54:32 - > &#8220;0&#8221;Subscription Imported Successfully.
07-21-2026 @ 00:54:32 - > Finished importing order 0
07-21-2026 @ 00:54:32 - Finished processing orders.
07-21-2026 @ 00:54:32 - Row :617 - Subscription order imported successfully.
07-21-2026 @ 00:54:32 - Row :618 - Parsing item.
07-21-2026 @ 00:54:32 - Row :618 - Processing item.
07-21-2026 @ 00:54:33 - Process start..
07-21-2026 @ 00:54:33 - Processing subscriptions...
07-21-2026 @ 00:54:33 - > &#8220;0&#8221;Subscription Imported Successfully.
07-21-2026 @ 00:54:33 - > Finished importing order 0
07-21-2026 @ 00:54:33 - Finished processing orders.
07-21-2026 @ 00:54:33 - Row :618 - Subscription order imported successfully.
07-21-2026 @ 00:54:33 - Row :619 - Parsing item.
07-21-2026 @ 00:54:33 - Row :619 - Processing item.
07-21-2026 @ 00:54:34 - Process start..
07-21-2026 @ 00:54:34 - Processing subscriptions...
07-21-2026 @ 00:54:34 - > &#8220;0&#8221;Subscription Imported Successfully.
07-21-2026 @ 00:54:34 - > Finished importing order 0
07-21-2026 @ 00:54:34 - Finished processing orders.
07-21-2026 @ 00:54:34 - Row :619 - Subscription order imported successfully.
07-21-2026 @ 00:54:34 - Row :620 - Parsing item.
07-21-2026 @ 00:54:34 - Row :620 - Processing item.
07-21-2026 @ 00:54:35 - Process start..
07-21-2026 @ 00:54:35 - Processing subscriptions...
07-21-2026 @ 00:54:35 - > &#8220;0&#8221;Subscription Imported Successfully.
07-21-2026 @ 00:54:35 - > Finished importing order 0
07-21-2026 @ 00:54:35 - Finished processing orders.
07-21-2026 @ 00:54:35 - Row :620 - Subscription order imported successfully.
07-21-2026 @ 00:54:36 - Preparing for import.
07-21-2026 @ 00:54:36 - Row :621 - Parsing item.
07-21-2026 @ 00:54:36 - Row :621 - Processing item.
07-21-2026 @ 00:54:36 - Process start..
07-21-2026 @ 00:54:36 - Processing subscriptions...
07-21-2026 @ 00:54:37 - > &#8220;0&#8221;Subscription Imported Successfully.
07-21-2026 @ 00:54:37 - > Finished importing order 0
07-21-2026 @ 00:54:37 - Finished processing orders.
07-21-2026 @ 00:54:37 - Row :621 - Subscription order imported successfully.
07-21-2026 @ 00:54:37 - Row :622 - Parsing item.
07-21-2026 @ 00:54:37 - Row :622 - Processing item.
07-21-2026 @ 00:54:37 - Process start..
07-21-2026 @ 00:54:37 - Processing subscriptions...
07-21-2026 @ 00:54:38 - > &#8220;0&#8221;Subscription Imported Successfully.
07-21-2026 @ 00:54:38 - > Finished importing order 0
07-21-2026 @ 00:54:38 - Finished processing orders.
07-21-2026 @ 00:54:38 - Row :622 - Subscription order imported successfully.
07-21-2026 @ 00:54:38 - Row :623 - Parsing item.
07-21-2026 @ 00:54:38 - Row :623 - Processing item.
07-21-2026 @ 00:54:38 - Process start..
07-21-2026 @ 00:54:38 - Processing subscriptions...
07-21-2026 @ 00:54:39 - > &#8220;0&#8221;Subscription Imported Successfully.
07-21-2026 @ 00:54:39 - > Finished importing order 0
07-21-2026 @ 00:54:39 - Finished processing orders.
07-21-2026 @ 00:54:39 - Row :623 - Subscription order imported successfully.
07-21-2026 @ 00:54:39 - Row :624 - Parsing item.
07-21-2026 @ 00:54:39 - Row :624 - Processing item.
07-21-2026 @ 00:54:39 - Process start..
07-21-2026 @ 00:54:39 - Processing subscriptions...
07-21-2026 @ 00:54:40 - > &#8220;0&#8221;Subscription Imported Successfully.
07-21-2026 @ 00:54:40 - > Finished importing order 0
07-21-2026 @ 00:54:40 - Finished processing orders.
07-21-2026 @ 00:54:40 - Row :624 - Subscription order imported successfully.
07-21-2026 @ 00:54:40 - Row :625 - Parsing item.
07-21-2026 @ 00:54:40 - Row :625 - Processing item.
07-21-2026 @ 00:54:40 - Process start..
07-21-2026 @ 00:54:40 - Processing subscriptions...
07-21-2026 @ 00:54:41 - > &#8220;0&#8221;Subscription Imported Successfully.
07-21-2026 @ 00:54:41 - > Finished importing order 0
07-21-2026 @ 00:54:41 - Finished processing orders.
07-21-2026 @ 00:54:41 - Row :625 - Subscription order imported successfully.
07-21-2026 @ 00:54:41 - Row :626 - Parsing item.
07-21-2026 @ 00:54:41 - Row :626 - Processing item.
07-21-2026 @ 00:54:41 - Process start..
07-21-2026 @ 00:54:41 - Processing subscriptions...
07-21-2026 @ 00:54:41 - > &#8220;0&#8221;Subscription Imported Successfully.
07-21-2026 @ 00:54:41 - > Finished importing order 0
07-21-2026 @ 00:54:41 - Finished processing orders.
07-21-2026 @ 00:54:42 - Row :626 - Subscription order imported successfully.
07-21-2026 @ 00:54:42 - Row :627 - Parsing item.
07-21-2026 @ 00:54:42 - Row :627 - Processing item.
07-21-2026 @ 00:54:42 - Process start..
07-21-2026 @ 00:54:42 - Processing subscriptions...
07-21-2026 @ 00:54:42 - > &#8220;0&#8221;Subscription Imported Successfully.
07-21-2026 @ 00:54:42 - > Finished importing order 0
07-21-2026 @ 00:54:42 - Finished processing orders.
07-21-2026 @ 00:54:43 - Row :627 - Subscription order imported successfully.
07-21-2026 @ 00:54:43 - Row :628 - Parsing item.
07-21-2026 @ 00:54:43 - Row :628 - Processing item.
07-21-2026 @ 00:54:43 - Process start..
07-21-2026 @ 00:54:43 - Processing subscriptions...
07-21-2026 @ 00:54:43 - > &#8220;0&#8221;Subscription Imported Successfully.
07-21-2026 @ 00:54:43 - > Finished importing order 0
07-21-2026 @ 00:54:43 - Finished processing orders.
07-21-2026 @ 00:54:43 - Row :628 - Subscription order imported successfully.
07-21-2026 @ 00:54:43 - Row :629 - Parsing item.
07-21-2026 @ 00:54:44 - Row :629 - Processing item.
07-21-2026 @ 00:54:44 - Process start..
07-21-2026 @ 00:54:44 - Processing subscriptions...
07-21-2026 @ 00:54:44 - > &#8220;0&#8221;Subscription Imported Successfully.
07-21-2026 @ 00:54:44 - > Finished importing order 0
07-21-2026 @ 00:54:44 - Finished processing orders.
07-21-2026 @ 00:54:44 - Row :629 - Subscription order imported successfully.
07-21-2026 @ 00:54:44 - Row :630 - Parsing item.
07-21-2026 @ 00:54:45 - Row :630 - Processing item.
07-21-2026 @ 00:54:45 - Process start..
07-21-2026 @ 00:54:45 - Processing subscriptions...
07-21-2026 @ 00:54:45 - > &#8220;0&#8221;Subscription Imported Successfully.
07-21-2026 @ 00:54:45 - > Finished importing order 0
07-21-2026 @ 00:54:45 - Finished processing orders.
07-21-2026 @ 00:54:45 - Row :630 - Subscription order imported successfully.
07-21-2026 @ 00:54:45 - ---[ Import ended at 2026-07-20 19:24:45]---
